date,year,month,quarter,payment_mode,volume_lakh,value_crore,source_resource_id
2020-06-01,2020,6,Q2,IMPS,76.81,9072.55,1f9367ac-01b0-4c82-83a1-4069d4340667
2020-06-01,2020,6,Q2,NFS_ATM_CASH_WITHDRAWAL,105.82,4764.81,1f9367ac-01b0-4c82-83a1-4069d4340667
2020-06-01,2020,6,Q2,UPI,476.97,10413.11,1f9367ac-01b0-4c82-83a1-4069d4340667
2020-06-02,2020,6,Q2,IMPS,72.25,8215.41,1f9367ac-01b0-4c82-83a1-4069d4340667
2020-06-02,2020,6,Q2,NFS_ATM_CASH_WITHDRAWAL,105.13,4781.97,1f9367ac-01b0-4c82-83a1-4069d4340667
2020-06-02,2020,6,Q2,UPI,476.78,9951.3,1f9367ac-01b0-4c82-83a1-4069d4340667
2020-06-03,2020,6,Q2,IMPS,68.15,7653.71,1f9367ac-01b0-4c82-83a1-4069d4340667
2020-06-03,2020,6,Q2,NFS_ATM_CASH_WITHDRAWAL,99.49,4426.92,1f9367ac-01b0-4c82-83a1-4069d4340667
2020-06-03,2020,6,Q2,UPI,456.26,9622.38,1f9367ac-01b0-4c82-83a1-4069d4340667
2020-06-04,2020,6,Q2,IMPS,70.69,7705.89,1f9367ac-01b0-4c82-83a1-4069d4340667
2020-06-04,2020,6,Q2,NFS_ATM_CASH_WITHDRAWAL,101.38,4424.53,1f9367ac-01b0-4c82-83a1-4069d4340667
2020-06-04,2020,6,Q2,UPI,463.05,9639.5,1f9367ac-01b0-4c82-83a1-4069d4340667
2020-06-05,2020,6,Q2,IMPS,73.0,7705.25,1f9367ac-01b0-4c82-83a1-4069d4340667
2020-06-05,2020,6,Q2,NFS_ATM_CASH_WITHDRAWAL,101.19,4321.01,1f9367ac-01b0-4c82-83a1-4069d4340667
2020-06-05,2020,6,Q2,UPI,464.79,9539.52,1f9367ac-01b0-4c82-83a1-4069d4340667
2020-06-06,2020,6,Q2,IMPS,70.35,7076.03,1f9367ac-01b0-4c82-83a1-4069d4340667
2020-06-06,2020,6,Q2,NFS_ATM_CASH_WITHDRAWAL,106.47,4539.73,1f9367ac-01b0-4c82-83a1-4069d4340667
2020-06-06,2020,6,Q2,UPI,458.65,9119.2,1f9367ac-01b0-4c82-83a1-4069d4340667
2020-06-07,2020,6,Q2,IMPS,54.25,4350.25,1f9367ac-01b0-4c82-83a1-4069d4340667
2020-06-07,2020,6,Q2,NFS_ATM_CASH_WITHDRAWAL,88.97,3389.12,1f9367ac-01b0-4c82-83a1-4069d4340667
2020-06-07,2020,6,Q2,UPI,427.26,6875.0,1f9367ac-01b0-4c82-83a1-4069d4340667
2020-06-08,2020,6,Q2,IMPS,71.3,8143.19,1f9367ac-01b0-4c82-83a1-4069d4340667
2020-06-08,2020,6,Q2,NFS_ATM_CASH_WITHDRAWAL,109.96,4663.92,1f9367ac-01b0-4c82-83a1-4069d4340667
2020-06-08,2020,6,Q2,UPI,469.99,10062.17,1f9367ac-01b0-4c82-83a1-4069d4340667
2020-06-09,2020,6,Q2,IMPS,69.55,7725.25,1f9367ac-01b0-4c82-83a1-4069d4340667
2020-06-09,2020,6,Q2,NFS_ATM_CASH_WITHDRAWAL,109.51,4612.79,1f9367ac-01b0-4c82-83a1-4069d4340667
2020-06-09,2020,6,Q2,UPI,466.98,9786.86,1f9367ac-01b0-4c82-83a1-4069d4340667
2020-06-10,2020,6,Q2,IMPS,69.48,7650.2,1f9367ac-01b0-4c82-83a1-4069d4340667
2020-06-10,2020,6,Q2,NFS_ATM_CASH_WITHDRAWAL,109.87,4616.18,1f9367ac-01b0-4c82-83a1-4069d4340667
2020-06-10,2020,6,Q2,UPI,461.58,9839.41,1f9367ac-01b0-4c82-83a1-4069d4340667
2020-06-11,2020,6,Q2,IMPS,68.71,7424.38,1f9367ac-01b0-4c82-83a1-4069d4340667
2020-06-11,2020,6,Q2,NFS_ATM_CASH_WITHDRAWAL,105.44,4425.35,1f9367ac-01b0-4c82-83a1-4069d4340667
2020-06-11,2020,6,Q2,UPI,449.65,9499.97,1f9367ac-01b0-4c82-83a1-4069d4340667
2020-06-12,2020,6,Q2,IMPS,68.24,7365.12,1f9367ac-01b0-4c82-83a1-4069d4340667
2020-06-12,2020,6,Q2,NFS_ATM_CASH_WITHDRAWAL,106.37,4439.67,1f9367ac-01b0-4c82-83a1-4069d4340667
2020-06-12,2020,6,Q2,UPI,453.43,9288.43,1f9367ac-01b0-4c82-83a1-4069d4340667
2020-06-13,2020,6,Q2,IMPS,47.25,4517.0,1f9367ac-01b0-4c82-83a1-4069d4340667
2020-06-13,2020,6,Q2,NFS_ATM_CASH_WITHDRAWAL,100.3,4090.22,1f9367ac-01b0-4c82-83a1-4069d4340667
2020-06-13,2020,6,Q2,UPI,289.0,4333.74,1f9367ac-01b0-4c82-83a1-4069d4340667
2020-06-14,2020,6,Q2,IMPS,57.41,4388.98,1f9367ac-01b0-4c82-83a1-4069d4340667
2020-06-14,2020,6,Q2,NFS_ATM_CASH_WITHDRAWAL,80.5,2920.07,1f9367ac-01b0-4c82-83a1-4069d4340667
2020-06-14,2020,6,Q2,UPI,435.87,7238.23,1f9367ac-01b0-4c82-83a1-4069d4340667
2020-06-15,2020,6,Q2,IMPS,72.58,8165.45,1f9367ac-01b0-4c82-83a1-4069d4340667
2020-06-15,2020,6,Q2,NFS_ATM_CASH_WITHDRAWAL,100.7,4212.04,1f9367ac-01b0-4c82-83a1-4069d4340667
2020-06-15,2020,6,Q2,UPI,463.91,9725.94,1f9367ac-01b0-4c82-83a1-4069d4340667
2020-06-16,2020,6,Q2,IMPS,67.37,7244.15,1f9367ac-01b0-4c82-83a1-4069d4340667
2020-06-16,2020,6,Q2,NFS_ATM_CASH_WITHDRAWAL,97.91,4058.76,1f9367ac-01b0-4c82-83a1-4069d4340667
2020-06-16,2020,6,Q2,UPI,469.24,9361.87,1f9367ac-01b0-4c82-83a1-4069d4340667
2020-06-17,2020,6,Q2,IMPS,68.21,7098.01,1f9367ac-01b0-4c82-83a1-4069d4340667
2020-06-17,2020,6,Q2,NFS_ATM_CASH_WITHDRAWAL,99.15,4018.48,1f9367ac-01b0-4c82-83a1-4069d4340667
2020-06-17,2020,6,Q2,UPI,446.58,9087.24,1f9367ac-01b0-4c82-83a1-4069d4340667
2020-06-18,2020,6,Q2,IMPS,66.09,6929.78,1f9367ac-01b0-4c82-83a1-4069d4340667
2020-06-18,2020,6,Q2,NFS_ATM_CASH_WITHDRAWAL,94.85,3800.05,1f9367ac-01b0-4c82-83a1-4069d4340667
2020-06-18,2020,6,Q2,UPI,433.32,8793.32,1f9367ac-01b0-4c82-83a1-4069d4340667
2020-06-19,2020,6,Q2,IMPS,65.63,6593.33,1f9367ac-01b0-4c82-83a1-4069d4340667
2020-06-19,2020,6,Q2,NFS_ATM_CASH_WITHDRAWAL,93.03,3659.34,1f9367ac-01b0-4c82-83a1-4069d4340667
2020-06-19,2020,6,Q2,UPI,440.29,8512.47,1f9367ac-01b0-4c82-83a1-4069d4340667
2020-06-20,2020,6,Q2,IMPS,64.79,6129.25,1f9367ac-01b0-4c82-83a1-4069d4340667
2020-06-20,2020,6,Q2,NFS_ATM_CASH_WITHDRAWAL,93.75,3684.4,1f9367ac-01b0-4c82-83a1-4069d4340667
2020-06-20,2020,6,Q2,UPI,437.75,8280.13,1f9367ac-01b0-4c82-83a1-4069d4340667
2020-06-21,2020,6,Q2,IMPS,45.95,3314.19,1f9367ac-01b0-4c82-83a1-4069d4340667
2020-06-21,2020,6,Q2,NFS_ATM_CASH_WITHDRAWAL,67.33,2262.91,1f9367ac-01b0-4c82-83a1-4069d4340667
2020-06-21,2020,6,Q2,UPI,356.53,4938.44,1f9367ac-01b0-4c82-83a1-4069d4340667
2020-06-22,2020,6,Q2,IMPS,68.48,7111.42,1f9367ac-01b0-4c82-83a1-4069d4340667
2020-06-22,2020,6,Q2,NFS_ATM_CASH_WITHDRAWAL,97.66,3843.19,1f9367ac-01b0-4c82-83a1-4069d4340667
2020-06-22,2020,6,Q2,UPI,459.55,9375.2,1f9367ac-01b0-4c82-83a1-4069d4340667
2020-06-23,2020,6,Q2,IMPS,66.62,6780.85,1f9367ac-01b0-4c82-83a1-4069d4340667
2020-06-23,2020,6,Q2,NFS_ATM_CASH_WITHDRAWAL,93.53,3651.49,1f9367ac-01b0-4c82-83a1-4069d4340667
2020-06-23,2020,6,Q2,UPI,452.99,8650.02,1f9367ac-01b0-4c82-83a1-4069d4340667
2020-06-24,2020,6,Q2,IMPS,65.81,6840.45,1f9367ac-01b0-4c82-83a1-4069d4340667
2020-06-24,2020,6,Q2,NFS_ATM_CASH_WITHDRAWAL,93.74,3654.83,1f9367ac-01b0-4c82-83a1-4069d4340667
2020-06-24,2020,6,Q2,UPI,477.54,8942.45,1f9367ac-01b0-4c82-83a1-4069d4340667
2020-06-25,2020,6,Q2,IMPS,66.16,6927.48,1f9367ac-01b0-4c82-83a1-4069d4340667
2020-06-25,2020,6,Q2,NFS_ATM_CASH_WITHDRAWAL,88.94,3479.39,1f9367ac-01b0-4c82-83a1-4069d4340667
2020-06-25,2020,6,Q2,UPI,456.49,8531.52,1f9367ac-01b0-4c82-83a1-4069d4340667
2020-06-26,2020,6,Q2,IMPS,66.32,6910.38,1f9367ac-01b0-4c82-83a1-4069d4340667
2020-06-26,2020,6,Q2,NFS_ATM_CASH_WITHDRAWAL,92.29,3618.91,1f9367ac-01b0-4c82-83a1-4069d4340667
2020-06-26,2020,6,Q2,UPI,455.45,8660.95,1f9367ac-01b0-4c82-83a1-4069d4340667
2020-06-27,2020,6,Q2,IMPS,62.86,5836.21,1f9367ac-01b0-4c82-83a1-4069d4340667
2020-06-27,2020,6,Q2,NFS_ATM_CASH_WITHDRAWAL,90.47,3525.75,1f9367ac-01b0-4c82-83a1-4069d4340667
2020-06-27,2020,6,Q2,UPI,436.26,7586.08,1f9367ac-01b0-4c82-83a1-4069d4340667
2020-06-28,2020,6,Q2,IMPS,49.17,3612.89,1f9367ac-01b0-4c82-83a1-4069d4340667
2020-06-28,2020,6,Q2,NFS_ATM_CASH_WITHDRAWAL,73.02,2491.09,1f9367ac-01b0-4c82-83a1-4069d4340667
2020-06-28,2020,6,Q2,UPI,397.91,5544.8,1f9367ac-01b0-4c82-83a1-4069d4340667
2020-06-29,2020,6,Q2,IMPS,72.11,8319.76,1f9367ac-01b0-4c82-83a1-4069d4340667
2020-06-29,2020,6,Q2,NFS_ATM_CASH_WITHDRAWAL,94.89,3877.57,1f9367ac-01b0-4c82-83a1-4069d4340667
2020-06-29,2020,6,Q2,UPI,430.17,8825.17,1f9367ac-01b0-4c82-83a1-4069d4340667
2020-06-30,2020,6,Q2,IMPS,83.56,10144.0,1f9367ac-01b0-4c82-83a1-4069d4340667
2020-06-30,2020,6,Q2,NFS_ATM_CASH_WITHDRAWAL,102.06,4410.74,1f9367ac-01b0-4c82-83a1-4069d4340667
2020-06-30,2020,6,Q2,UPI,505.09,11811.09,1f9367ac-01b0-4c82-83a1-4069d4340667
2020-07-01,2020,7,Q3,IMPS,90.45,10474.88,1f9367ac-01b0-4c82-83a1-4069d4340667
2020-07-01,2020,7,Q3,NFS_ATM_CASH_WITHDRAWAL,111.03,5051.52,1f9367ac-01b0-4c82-83a1-4069d4340667
2020-07-01,2020,7,Q3,UPI,515.18,11611.71,1f9367ac-01b0-4c82-83a1-4069d4340667
2020-07-02,2020,7,Q3,IMPS,83.03,9342.1,1f9367ac-01b0-4c82-83a1-4069d4340667
2020-07-02,2020,7,Q3,NFS_ATM_CASH_WITHDRAWAL,108.64,4917.42,1f9367ac-01b0-4c82-83a1-4069d4340667
2020-07-02,2020,7,Q3,UPI,481.96,10494.44,1f9367ac-01b0-4c82-83a1-4069d4340667
2020-07-03,2020,7,Q3,IMPS,76.91,8293.17,1f9367ac-01b0-4c82-83a1-4069d4340667
2020-07-03,2020,7,Q3,NFS_ATM_CASH_WITHDRAWAL,103.23,4574.7,1f9367ac-01b0-4c82-83a1-4069d4340667
2020-07-03,2020,7,Q3,UPI,507.41,10735.45,1f9367ac-01b0-4c82-83a1-4069d4340667
2020-07-04,2020,7,Q3,IMPS,76.41,7785.95,1f9367ac-01b0-4c82-83a1-4069d4340667
2020-07-04,2020,7,Q3,NFS_ATM_CASH_WITHDRAWAL,105.09,4597.66,1f9367ac-01b0-4c82-83a1-4069d4340667
2020-07-04,2020,7,Q3,UPI,498.77,10114.58,1f9367ac-01b0-4c82-83a1-4069d4340667
2020-07-05,2020,7,Q3,IMPS,55.19,4615.17,1f9367ac-01b0-4c82-83a1-4069d4340667
2020-07-05,2020,7,Q3,NFS_ATM_CASH_WITHDRAWAL,70.98,2790.42,1f9367ac-01b0-4c82-83a1-4069d4340667
2020-07-05,2020,7,Q3,UPI,432.52,7115.05,1f9367ac-01b0-4c82-83a1-4069d4340667
2020-07-06,2020,7,Q3,IMPS,82.24,8622.13,1f9367ac-01b0-4c82-83a1-4069d4340667
2020-07-06,2020,7,Q3,NFS_ATM_CASH_WITHDRAWAL,105.12,4574.37,1f9367ac-01b0-4c82-83a1-4069d4340667
2020-07-06,2020,7,Q3,UPI,503.34,10863.0,1f9367ac-01b0-4c82-83a1-4069d4340667
2020-07-07,2020,7,Q3,IMPS,79.28,8374.16,1f9367ac-01b0-4c82-83a1-4069d4340667
2020-07-07,2020,7,Q3,NFS_ATM_CASH_WITHDRAWAL,102.75,4476.89,1f9367ac-01b0-4c82-83a1-4069d4340667
2020-07-07,2020,7,Q3,UPI,496.02,10438.01,1f9367ac-01b0-4c82-83a1-4069d4340667
2020-07-08,2020,7,Q3,IMPS,77.06,8091.53,1f9367ac-01b0-4c82-83a1-4069d4340667
2020-07-08,2020,7,Q3,NFS_ATM_CASH_WITHDRAWAL,107.32,4702.73,1f9367ac-01b0-4c82-83a1-4069d4340667
2020-07-08,2020,7,Q3,UPI,509.11,10642.44,1f9367ac-01b0-4c82-83a1-4069d4340667
2020-07-09,2020,7,Q3,IMPS,74.58,7859.37,1f9367ac-01b0-4c82-83a1-4069d4340667
2020-07-09,2020,7,Q3,NFS_ATM_CASH_WITHDRAWAL,103.6,4490.87,1f9367ac-01b0-4c82-83a1-4069d4340667
2020-07-09,2020,7,Q3,UPI,485.14,10059.96,1f9367ac-01b0-4c82-83a1-4069d4340667
2020-07-10,2020,7,Q3,IMPS,74.82,8028.18,1f9367ac-01b0-4c82-83a1-4069d4340667
2020-07-10,2020,7,Q3,NFS_ATM_CASH_WITHDRAWAL,106.92,4583.66,1f9367ac-01b0-4c82-83a1-4069d4340667
2020-07-10,2020,7,Q3,UPI,451.5,9324.23,1f9367ac-01b0-4c82-83a1-4069d4340667
2020-07-11,2020,7,Q3,IMPS,68.01,6185.32,1f9367ac-01b0-4c82-83a1-4069d4340667
2020-07-11,2020,7,Q3,NFS_ATM_CASH_WITHDRAWAL,95.77,3972.5,1f9367ac-01b0-4c82-83a1-4069d4340667
2020-07-11,2020,7,Q3,UPI,500.95,9024.34,1f9367ac-01b0-4c82-83a1-4069d4340667
2020-07-12,2020,7,Q3,IMPS,49.4,3658.08,1f9367ac-01b0-4c82-83a1-4069d4340667
2020-07-12,2020,7,Q3,NFS_ATM_CASH_WITHDRAWAL,61.49,2310.0,1f9367ac-01b0-4c82-83a1-4069d4340667
2020-07-12,2020,7,Q3,UPI,434.05,6282.22,1f9367ac-01b0-4c82-83a1-4069d4340667
2020-07-13,2020,7,Q3,IMPS,77.46,8056.36,1f9367ac-01b0-4c82-83a1-4069d4340667
2020-07-13,2020,7,Q3,NFS_ATM_CASH_WITHDRAWAL,99.16,4173.68,1f9367ac-01b0-4c82-83a1-4069d4340667
2020-07-13,2020,7,Q3,UPI,518.52,10469.79,1f9367ac-01b0-4c82-83a1-4069d4340667
2020-07-14,2020,7,Q3,IMPS,74.8,7839.39,1f9367ac-01b0-4c82-83a1-4069d4340667
2020-07-14,2020,7,Q3,NFS_ATM_CASH_WITHDRAWAL,99.31,4188.85,1f9367ac-01b0-4c82-83a1-4069d4340667
2020-07-14,2020,7,Q3,UPI,519.6,10312.04,1f9367ac-01b0-4c82-83a1-4069d4340667
2020-07-15,2020,7,Q3,IMPS,72.43,7711.74,1f9367ac-01b0-4c82-83a1-4069d4340667
2020-07-15,2020,7,Q3,NFS_ATM_CASH_WITHDRAWAL,95.15,3961.97,1f9367ac-01b0-4c82-83a1-4069d4340667
2020-07-15,2020,7,Q3,UPI,499.18,10118.86,1f9367ac-01b0-4c82-83a1-4069d4340667
2020-07-16,2020,7,Q3,IMPS,69.47,7083.76,1f9367ac-01b0-4c82-83a1-4069d4340667
2020-07-16,2020,7,Q3,NFS_ATM_CASH_WITHDRAWAL,88.25,3612.93,1f9367ac-01b0-4c82-83a1-4069d4340667
2020-07-16,2020,7,Q3,UPI,479.81,9451.87,1f9367ac-01b0-4c82-83a1-4069d4340667
2020-07-17,2020,7,Q3,IMPS,68.6,7062.31,1f9367ac-01b0-4c82-83a1-4069d4340667
2020-07-17,2020,7,Q3,NFS_ATM_CASH_WITHDRAWAL,89.38,3589.93,1f9367ac-01b0-4c82-83a1-4069d4340667
2020-07-17,2020,7,Q3,UPI,472.6,9034.77,1f9367ac-01b0-4c82-83a1-4069d4340667
2020-07-18,2020,7,Q3,IMPS,62.86,5988.41,1f9367ac-01b0-4c82-83a1-4069d4340667
2020-07-18,2020,7,Q3,NFS_ATM_CASH_WITHDRAWAL,84.93,3338.88,1f9367ac-01b0-4c82-83a1-4069d4340667
2020-07-18,2020,7,Q3,UPI,462.3,8380.13,1f9367ac-01b0-4c82-83a1-4069d4340667
2020-07-19,2020,7,Q3,IMPS,47.37,3415.28,1f9367ac-01b0-4c82-83a1-4069d4340667
2020-07-19,2020,7,Q3,NFS_ATM_CASH_WITHDRAWAL,59.47,2084.74,1f9367ac-01b0-4c82-83a1-4069d4340667
2020-07-19,2020,7,Q3,UPI,410.87,5766.61,1f9367ac-01b0-4c82-83a1-4069d4340667
2020-07-20,2020,7,Q3,IMPS,72.5,7248.83,1f9367ac-01b0-4c82-83a1-4069d4340667
2020-07-20,2020,7,Q3,NFS_ATM_CASH_WITHDRAWAL,91.46,3617.8,1f9367ac-01b0-4c82-83a1-4069d4340667
2020-07-20,2020,7,Q3,UPI,461.25,8829.0,1f9367ac-01b0-4c82-83a1-4069d4340667
2020-07-21,2020,7,Q3,IMPS,70.65,7070.64,1f9367ac-01b0-4c82-83a1-4069d4340667
2020-07-21,2020,7,Q3,NFS_ATM_CASH_WITHDRAWAL,86.5,3431.82,1f9367ac-01b0-4c82-83a1-4069d4340667
2020-07-21,2020,7,Q3,UPI,437.49,8301.25,1f9367ac-01b0-4c82-83a1-4069d4340667
2020-07-22,2020,7,Q3,IMPS,71.29,7124.26,1f9367ac-01b0-4c82-83a1-4069d4340667
2020-07-22,2020,7,Q3,NFS_ATM_CASH_WITHDRAWAL,89.81,3541.99,1f9367ac-01b0-4c82-83a1-4069d4340667
2020-07-22,2020,7,Q3,UPI,496.81,9735.93,1f9367ac-01b0-4c82-83a1-4069d4340667
2020-07-23,2020,7,Q3,IMPS,69.01,6874.02,1f9367ac-01b0-4c82-83a1-4069d4340667
2020-07-23,2020,7,Q3,NFS_ATM_CASH_WITHDRAWAL,81.02,3184.41,1f9367ac-01b0-4c82-83a1-4069d4340667
2020-07-23,2020,7,Q3,UPI,470.34,8878.82,1f9367ac-01b0-4c82-83a1-4069d4340667
2020-07-24,2020,7,Q3,IMPS,71.25,7238.9,1f9367ac-01b0-4c82-83a1-4069d4340667
2020-07-24,2020,7,Q3,NFS_ATM_CASH_WITHDRAWAL,88.17,3453.29,1f9367ac-01b0-4c82-83a1-4069d4340667
2020-07-24,2020,7,Q3,UPI,483.32,9348.16,1f9367ac-01b0-4c82-83a1-4069d4340667
2020-07-25,2020,7,Q3,IMPS,64.02,5730.15,1f9367ac-01b0-4c82-83a1-4069d4340667
2020-07-25,2020,7,Q3,NFS_ATM_CASH_WITHDRAWAL,75.45,2878.4,1f9367ac-01b0-4c82-83a1-4069d4340667
2020-07-25,2020,7,Q3,UPI,466.6,7787.59,1f9367ac-01b0-4c82-83a1-4069d4340667
2020-07-26,2020,7,Q3,IMPS,47.71,3467.98,1f9367ac-01b0-4c82-83a1-4069d4340667
2020-07-26,2020,7,Q3,NFS_ATM_CASH_WITHDRAWAL,56.61,1990.82,1f9367ac-01b0-4c82-83a1-4069d4340667
2020-07-26,2020,7,Q3,UPI,414.17,5659.17,1f9367ac-01b0-4c82-83a1-4069d4340667
2020-07-27,2020,7,Q3,IMPS,75.23,7929.13,1f9367ac-01b0-4c82-83a1-4069d4340667
2020-07-27,2020,7,Q3,NFS_ATM_CASH_WITHDRAWAL,92.04,3709.19,1f9367ac-01b0-4c82-83a1-4069d4340667
2020-07-27,2020,7,Q3,UPI,501.87,9884.21,1f9367ac-01b0-4c82-83a1-4069d4340667
2020-07-28,2020,7,Q3,IMPS,74.46,7873.17,1f9367ac-01b0-4c82-83a1-4069d4340667
2020-07-28,2020,7,Q3,NFS_ATM_CASH_WITHDRAWAL,86.04,3501.95,1f9367ac-01b0-4c82-83a1-4069d4340667
2020-07-28,2020,7,Q3,UPI,497.54,9580.56,1f9367ac-01b0-4c82-83a1-4069d4340667
2020-07-29,2020,7,Q3,IMPS,72.92,7737.04,1f9367ac-01b0-4c82-83a1-4069d4340667
2020-07-29,2020,7,Q3,NFS_ATM_CASH_WITHDRAWAL,86.11,3482.87,1f9367ac-01b0-4c82-83a1-4069d4340667
2020-07-29,2020,7,Q3,UPI,488.78,9301.61,1f9367ac-01b0-4c82-83a1-4069d4340667
2020-07-30,2020,7,Q3,IMPS,80.96,8745.55,1f9367ac-01b0-4c82-83a1-4069d4340667
2020-07-30,2020,7,Q3,NFS_ATM_CASH_WITHDRAWAL,98.07,4067.45,1f9367ac-01b0-4c82-83a1-4069d4340667
2020-07-30,2020,7,Q3,UPI,525.93,10592.09,1f9367ac-01b0-4c82-83a1-4069d4340667
2020-07-31,2020,7,Q3,IMPS,90.62,10248.32,1f9367ac-01b0-4c82-83a1-4069d4340667
2020-07-31,2020,7,Q3,NFS_ATM_CASH_WITHDRAWAL,110.19,4872.92,1f9367ac-01b0-4c82-83a1-4069d4340667
2020-07-31,2020,7,Q3,UPI,550.61,12399.97,1f9367ac-01b0-4c82-83a1-4069d4340667
2020-08-01,2020,8,Q3,IMPS,84.69,8404.61,1f9367ac-01b0-4c82-83a1-4069d4340667
2020-08-01,2020,8,Q3,NFS_ATM_CASH_WITHDRAWAL,104.29,4612.22,1f9367ac-01b0-4c82-83a1-4069d4340667
2020-08-01,2020,8,Q3,UPI,554.43,10981.35,1f9367ac-01b0-4c82-83a1-4069d4340667
2020-08-02,2020,8,Q3,IMPS,65.67,5347.97,1f9367ac-01b0-4c82-83a1-4069d4340667
2020-08-02,2020,8,Q3,NFS_ATM_CASH_WITHDRAWAL,82.4,3270.73,1f9367ac-01b0-4c82-83a1-4069d4340667
2020-08-02,2020,8,Q3,UPI,501.86,8082.04,1f9367ac-01b0-4c82-83a1-4069d4340667
2020-08-03,2020,8,Q3,IMPS,81.23,8289.47,1f9367ac-01b0-4c82-83a1-4069d4340667
2020-08-03,2020,8,Q3,NFS_ATM_CASH_WITHDRAWAL,104.45,4226.64,1f9367ac-01b0-4c82-83a1-4069d4340667
2020-08-03,2020,8,Q3,UPI,508.98,9804.57,1f9367ac-01b0-4c82-83a1-4069d4340667
2020-08-04,2020,8,Q3,IMPS,84.43,9259.91,1f9367ac-01b0-4c82-83a1-4069d4340667
2020-08-04,2020,8,Q3,NFS_ATM_CASH_WITHDRAWAL,99.15,4526.65,1f9367ac-01b0-4c82-83a1-4069d4340667
2020-08-04,2020,8,Q3,UPI,526.55,11230.53,1f9367ac-01b0-4c82-83a1-4069d4340667
2020-08-05,2020,8,Q3,IMPS,83.36,8887.28,1f9367ac-01b0-4c82-83a1-4069d4340667
2020-08-05,2020,8,Q3,NFS_ATM_CASH_WITHDRAWAL,96.99,4339.99,1f9367ac-01b0-4c82-83a1-4069d4340667
2020-08-05,2020,8,Q3,UPI,492.26,10226.47,1f9367ac-01b0-4c82-83a1-4069d4340667
2020-08-06,2020,8,Q3,IMPS,84.6,8626.75,1f9367ac-01b0-4c82-83a1-4069d4340667
2020-08-06,2020,8,Q3,NFS_ATM_CASH_WITHDRAWAL,104.16,4629.47,1f9367ac-01b0-4c82-83a1-4069d4340667
2020-08-06,2020,8,Q3,UPI,459.74,9517.22,1f9367ac-01b0-4c82-83a1-4069d4340667
2020-08-07,2020,8,Q3,IMPS,86.54,9085.15,1f9367ac-01b0-4c82-83a1-4069d4340667
2020-08-07,2020,8,Q3,NFS_ATM_CASH_WITHDRAWAL,111.16,4913.26,1f9367ac-01b0-4c82-83a1-4069d4340667
2020-08-07,2020,8,Q3,UPI,504.21,10464.83,1f9367ac-01b0-4c82-83a1-4069d4340667
2020-08-08,2020,8,Q3,IMPS,77.43,7139.57,1f9367ac-01b0-4c82-83a1-4069d4340667
2020-08-08,2020,8,Q3,NFS_ATM_CASH_WITHDRAWAL,99.94,4293.32,1f9367ac-01b0-4c82-83a1-4069d4340667
2020-08-08,2020,8,Q3,UPI,538.93,9938.8,1f9367ac-01b0-4c82-83a1-4069d4340667
2020-08-09,2020,8,Q3,IMPS,59.3,4529.82,1f9367ac-01b0-4c82-83a1-4069d4340667
2020-08-09,2020,8,Q3,NFS_ATM_CASH_WITHDRAWAL,73.28,2855.34,1f9367ac-01b0-4c82-83a1-4069d4340667
2020-08-09,2020,8,Q3,UPI,440.12,6578.76,1f9367ac-01b0-4c82-83a1-4069d4340667
2020-08-10,2020,8,Q3,IMPS,93.32,9889.43,1f9367ac-01b0-4c82-83a1-4069d4340667
2020-08-10,2020,8,Q3,NFS_ATM_CASH_WITHDRAWAL,119.98,5165.17,1f9367ac-01b0-4c82-83a1-4069d4340667
2020-08-10,2020,8,Q3,UPI,511.87,10388.9,1f9367ac-01b0-4c82-83a1-4069d4340667
2020-08-11,2020,8,Q3,IMPS,86.35,8468.22,1f9367ac-01b0-4c82-83a1-4069d4340667
2020-08-11,2020,8,Q3,NFS_ATM_CASH_WITHDRAWAL,114.06,4880.5,1f9367ac-01b0-4c82-83a1-4069d4340667
2020-08-11,2020,8,Q3,UPI,578.27,11411.04,1f9367ac-01b0-4c82-83a1-4069d4340667
2020-08-12,2020,8,Q3,IMPS,81.66,7844.86,1f9367ac-01b0-4c82-83a1-4069d4340667
2020-08-12,2020,8,Q3,NFS_ATM_CASH_WITHDRAWAL,102.36,4314.02,1f9367ac-01b0-4c82-83a1-4069d4340667
2020-08-12,2020,8,Q3,UPI,558.47,10962.22,1f9367ac-01b0-4c82-83a1-4069d4340667
2020-08-13,2020,8,Q3,IMPS,81.31,8194.45,1f9367ac-01b0-4c82-83a1-4069d4340667
2020-08-13,2020,8,Q3,NFS_ATM_CASH_WITHDRAWAL,98.22,4138.43,1f9367ac-01b0-4c82-83a1-4069d4340667
2020-08-13,2020,8,Q3,UPI,539.19,10585.91,1f9367ac-01b0-4c82-83a1-4069d4340667
2020-08-14,2020,8,Q3,IMPS,82.18,8104.78,1f9367ac-01b0-4c82-83a1-4069d4340667
2020-08-14,2020,8,Q3,NFS_ATM_CASH_WITHDRAWAL,105.88,4374.93,1f9367ac-01b0-4c82-83a1-4069d4340667
2020-08-14,2020,8,Q3,UPI,539.34,10316.23,1f9367ac-01b0-4c82-83a1-4069d4340667
2020-08-15,2020,8,Q3,IMPS,66.09,5083.94,1f9367ac-01b0-4c82-83a1-4069d4340667
2020-08-15,2020,8,Q3,NFS_ATM_CASH_WITHDRAWAL,87.23,3402.55,1f9367ac-01b0-4c82-83a1-4069d4340667
2020-08-15,2020,8,Q3,UPI,489.26,7615.92,1f9367ac-01b0-4c82-83a1-4069d4340667
2020-08-16,2020,8,Q3,IMPS,55.73,3890.45,1f9367ac-01b0-4c82-83a1-4069d4340667
2020-08-16,2020,8,Q3,NFS_ATM_CASH_WITHDRAWAL,67.45,2474.02,1f9367ac-01b0-4c82-83a1-4069d4340667
2020-08-16,2020,8,Q3,UPI,460.73,6513.29,1f9367ac-01b0-4c82-83a1-4069d4340667
2020-08-17,2020,8,Q3,IMPS,85.45,8575.21,1f9367ac-01b0-4c82-83a1-4069d4340667
2020-08-17,2020,8,Q3,NFS_ATM_CASH_WITHDRAWAL,103.76,4248.95,1f9367ac-01b0-4c82-83a1-4069d4340667
2020-08-17,2020,8,Q3,UPI,491.93,9319.65,1f9367ac-01b0-4c82-83a1-4069d4340667
2020-08-18,2020,8,Q3,IMPS,86.31,8419.76,1f9367ac-01b0-4c82-83a1-4069d4340667
2020-08-18,2020,8,Q3,NFS_ATM_CASH_WITHDRAWAL,101.56,4151.92,1f9367ac-01b0-4c82-83a1-4069d4340667
2020-08-18,2020,8,Q3,UPI,492.12,8825.77,1f9367ac-01b0-4c82-83a1-4069d4340667
2020-08-19,2020,8,Q3,IMPS,84.6,8149.36,1f9367ac-01b0-4c82-83a1-4069d4340667
2020-08-19,2020,8,Q3,NFS_ATM_CASH_WITHDRAWAL,98.57,3950.67,1f9367ac-01b0-4c82-83a1-4069d4340667
2020-08-19,2020,8,Q3,UPI,543.21,10080.86,1f9367ac-01b0-4c82-83a1-4069d4340667
2020-08-20,2020,8,Q3,IMPS,83.15,7885.48,1f9367ac-01b0-4c82-83a1-4069d4340667
2020-08-20,2020,8,Q3,NFS_ATM_CASH_WITHDRAWAL,96.36,3847.42,1f9367ac-01b0-4c82-83a1-4069d4340667
2020-08-20,2020,8,Q3,UPI,556.27,10676.16,1f9367ac-01b0-4c82-83a1-4069d4340667
2020-08-21,2020,8,Q3,IMPS,82.84,7745.89,1f9367ac-01b0-4c82-83a1-4069d4340667
2020-08-21,2020,8,Q3,NFS_ATM_CASH_WITHDRAWAL,99.98,3862.16,1f9367ac-01b0-4c82-83a1-4069d4340667
2020-08-21,2020,8,Q3,UPI,548.43,9893.06,1f9367ac-01b0-4c82-83a1-4069d4340667
2020-08-22,2020,8,Q3,IMPS,67.47,5378.04,1f9367ac-01b0-4c82-83a1-4069d4340667
2020-08-22,2020,8,Q3,NFS_ATM_CASH_WITHDRAWAL,87.03,3192.95,1f9367ac-01b0-4c82-83a1-4069d4340667
2020-08-22,2020,8,Q3,UPI,498.88,7381.02,1f9367ac-01b0-4c82-83a1-4069d4340667
2020-08-23,2020,8,Q3,IMPS,55.33,3644.85,1f9367ac-01b0-4c82-83a1-4069d4340667
2020-08-23,2020,8,Q3,NFS_ATM_CASH_WITHDRAWAL,65.25,2260.14,1f9367ac-01b0-4c82-83a1-4069d4340667
2020-08-23,2020,8,Q3,UPI,468.13,6217.56,1f9367ac-01b0-4c82-83a1-4069d4340667
2020-08-24,2020,8,Q3,IMPS,85.94,8463.53,1f9367ac-01b0-4c82-83a1-4069d4340667
2020-08-24,2020,8,Q3,NFS_ATM_CASH_WITHDRAWAL,101.39,3984.09,1f9367ac-01b0-4c82-83a1-4069d4340667
2020-08-24,2020,8,Q3,UPI,551.02,10572.5,1f9367ac-01b0-4c82-83a1-4069d4340667
2020-08-25,2020,8,Q3,IMPS,84.25,8235.26,1f9367ac-01b0-4c82-83a1-4069d4340667
2020-08-25,2020,8,Q3,NFS_ATM_CASH_WITHDRAWAL,95.73,3779.8,1f9367ac-01b0-4c82-83a1-4069d4340667
2020-08-25,2020,8,Q3,UPI,561.84,10383.43,1f9367ac-01b0-4c82-83a1-4069d4340667
2020-08-26,2020,8,Q3,IMPS,84.69,8089.01,1f9367ac-01b0-4c82-83a1-4069d4340667
2020-08-26,2020,8,Q3,NFS_ATM_CASH_WITHDRAWAL,95.62,3745.77,1f9367ac-01b0-4c82-83a1-4069d4340667
2020-08-26,2020,8,Q3,UPI,552.49,10182.13,1f9367ac-01b0-4c82-83a1-4069d4340667
2020-08-27,2020,8,Q3,IMPS,82.46,7961.93,1f9367ac-01b0-4c82-83a1-4069d4340667
2020-08-27,2020,8,Q3,NFS_ATM_CASH_WITHDRAWAL,91.66,3640.59,1f9367ac-01b0-4c82-83a1-4069d4340667
2020-08-27,2020,8,Q3,UPI,544.74,10028.61,1f9367ac-01b0-4c82-83a1-4069d4340667
2020-08-28,2020,8,Q3,IMPS,84.46,8356.87,1f9367ac-01b0-4c82-83a1-4069d4340667
2020-08-28,2020,8,Q3,NFS_ATM_CASH_WITHDRAWAL,97.05,3876.2,1f9367ac-01b0-4c82-83a1-4069d4340667
2020-08-28,2020,8,Q3,UPI,549.31,10209.71,1f9367ac-01b0-4c82-83a1-4069d4340667
2020-08-29,2020,8,Q3,IMPS,79.38,7460.01,1f9367ac-01b0-4c82-83a1-4069d4340667
2020-08-29,2020,8,Q3,NFS_ATM_CASH_WITHDRAWAL,94.56,3755.03,1f9367ac-01b0-4c82-83a1-4069d4340667
2020-08-29,2020,8,Q3,UPI,545.21,9725.31,1f9367ac-01b0-4c82-83a1-4069d4340667
2020-08-30,2020,8,Q3,IMPS,61.84,4558.37,1f9367ac-01b0-4c82-83a1-4069d4340667
2020-08-30,2020,8,Q3,NFS_ATM_CASH_WITHDRAWAL,73.08,2617.98,1f9367ac-01b0-4c82-83a1-4069d4340667
2020-08-30,2020,8,Q3,UPI,493.79,6981.95,1f9367ac-01b0-4c82-83a1-4069d4340667
2020-08-31,2020,8,Q3,IMPS,99.18,11166.77,1f9367ac-01b0-4c82-83a1-4069d4340667
2020-08-31,2020,8,Q3,NFS_ATM_CASH_WITHDRAWAL,104.09,4380.0,1f9367ac-01b0-4c82-83a1-4069d4340667
2020-08-31,2020,8,Q3,UPI,586.69,13211.82,1f9367ac-01b0-4c82-83a1-4069d4340667
2020-09-01,2020,9,Q3,IMPS,105.8,11202.5,1f9367ac-01b0-4c82-83a1-4069d4340667
2020-09-01,2020,9,Q3,NFS_ATM_CASH_WITHDRAWAL,112.77,5053.66,1f9367ac-01b0-4c82-83a1-4069d4340667
2020-09-01,2020,9,Q3,UPI,651.97,13916.88,1f9367ac-01b0-4c82-83a1-4069d4340667
2020-09-02,2020,9,Q3,IMPS,99.58,9936.08,1f9367ac-01b0-4c82-83a1-4069d4340667
2020-09-02,2020,9,Q3,NFS_ATM_CASH_WITHDRAWAL,114.51,5138.92,1f9367ac-01b0-4c82-83a1-4069d4340667
2020-09-02,2020,9,Q3,UPI,638.42,13151.17,1f9367ac-01b0-4c82-83a1-4069d4340667
2020-09-03,2020,9,Q3,IMPS,97.5,9674.66,1f9367ac-01b0-4c82-83a1-4069d4340667
2020-09-03,2020,9,Q3,NFS_ATM_CASH_WITHDRAWAL,109.81,4875.66,1f9367ac-01b0-4c82-83a1-4069d4340667
2020-09-03,2020,9,Q3,UPI,625.8,12827.3,1f9367ac-01b0-4c82-83a1-4069d4340667
2020-09-04,2020,9,Q3,IMPS,96.34,9454.77,1f9367ac-01b0-4c82-83a1-4069d4340667
2020-09-04,2020,9,Q3,NFS_ATM_CASH_WITHDRAWAL,110.04,4752.13,1f9367ac-01b0-4c82-83a1-4069d4340667
2020-09-04,2020,9,Q3,UPI,621.85,12457.52,1f9367ac-01b0-4c82-83a1-4069d4340667
2020-09-05,2020,9,Q3,IMPS,93.69,8705.94,1f9367ac-01b0-4c82-83a1-4069d4340667
2020-09-05,2020,9,Q3,NFS_ATM_CASH_WITHDRAWAL,111.28,4796.31,1f9367ac-01b0-4c82-83a1-4069d4340667
2020-09-05,2020,9,Q3,UPI,624.89,12215.88,1f9367ac-01b0-4c82-83a1-4069d4340667
2020-09-06,2020,9,Q3,IMPS,73.72,5258.82,1f9367ac-01b0-4c82-83a1-4069d4340667
2020-09-06,2020,9,Q3,NFS_ATM_CASH_WITHDRAWAL,90.49,3438.17,1f9367ac-01b0-4c82-83a1-4069d4340667
2020-09-06,2020,9,Q3,UPI,567.97,8642.76,1f9367ac-01b0-4c82-83a1-4069d4340667
2020-09-07,2020,9,Q3,IMPS,102.45,9747.71,1f9367ac-01b0-4c82-83a1-4069d4340667
2020-09-07,2020,9,Q3,NFS_ATM_CASH_WITHDRAWAL,109.95,4709.72,1f9367ac-01b0-4c82-83a1-4069d4340667
2020-09-07,2020,9,Q3,UPI,634.74,13010.41,1f9367ac-01b0-4c82-83a1-4069d4340667
2020-09-08,2020,9,Q3,IMPS,98.49,9174.53,1f9367ac-01b0-4c82-83a1-4069d4340667
2020-09-08,2020,9,Q3,NFS_ATM_CASH_WITHDRAWAL,115.45,4962.76,1f9367ac-01b0-4c82-83a1-4069d4340667
2020-09-08,2020,9,Q3,UPI,662.23,12601.81,1f9367ac-01b0-4c82-83a1-4069d4340667
2020-09-09,2020,9,Q3,IMPS,99.12,9378.05,1f9367ac-01b0-4c82-83a1-4069d4340667
2020-09-09,2020,9,Q3,NFS_ATM_CASH_WITHDRAWAL,113.04,4763.84,1f9367ac-01b0-4c82-83a1-4069d4340667
2020-09-09,2020,9,Q3,UPI,571.75,11563.73,1f9367ac-01b0-4c82-83a1-4069d4340667
2020-09-10,2020,9,Q3,IMPS,97.39,9062.37,1f9367ac-01b0-4c82-83a1-4069d4340667
2020-09-10,2020,9,Q3,NFS_ATM_CASH_WITHDRAWAL,112.97,4753.31,1f9367ac-01b0-4c82-83a1-4069d4340667
2020-09-10,2020,9,Q3,UPI,646.68,12688.59,1f9367ac-01b0-4c82-83a1-4069d4340667
2020-09-11,2020,9,Q3,IMPS,93.64,8415.24,1f9367ac-01b0-4c82-83a1-4069d4340667
2020-09-11,2020,9,Q3,NFS_ATM_CASH_WITHDRAWAL,103.96,4326.09,1f9367ac-01b0-4c82-83a1-4069d4340667
2020-09-11,2020,9,Q3,UPI,624.04,11651.3,1f9367ac-01b0-4c82-83a1-4069d4340667
2020-09-12,2020,9,Q3,IMPS,89.39,7007.85,1f9367ac-01b0-4c82-83a1-4069d4340667
2020-09-12,2020,9,Q3,NFS_ATM_CASH_WITHDRAWAL,103.87,4230.16,1f9367ac-01b0-4c82-83a1-4069d4340667
2020-09-12,2020,9,Q3,UPI,609.7,10366.6,1f9367ac-01b0-4c82-83a1-4069d4340667
2020-09-13,2020,9,Q3,IMPS,78.39,4565.94,1f9367ac-01b0-4c82-83a1-4069d4340667
2020-09-13,2020,9,Q3,NFS_ATM_CASH_WITHDRAWAL,86.97,3117.23,1f9367ac-01b0-4c82-83a1-4069d4340667
2020-09-13,2020,9,Q3,UPI,474.74,6184.07,1f9367ac-01b0-4c82-83a1-4069d4340667
2020-09-14,2020,9,Q3,IMPS,105.12,9221.01,1f9367ac-01b0-4c82-83a1-4069d4340667
2020-09-14,2020,9,Q3,NFS_ATM_CASH_WITHDRAWAL,105.82,4342.6,1f9367ac-01b0-4c82-83a1-4069d4340667
2020-09-14,2020,9,Q3,UPI,631.44,12516.37,1f9367ac-01b0-4c82-83a1-4069d4340667
2020-09-15,2020,9,Q3,IMPS,102.22,8818.39,1f9367ac-01b0-4c82-83a1-4069d4340667
2020-09-15,2020,9,Q3,NFS_ATM_CASH_WITHDRAWAL,106.66,4375.23,1f9367ac-01b0-4c82-83a1-4069d4340667
2020-09-15,2020,9,Q3,UPI,623.6,11916.68,1f9367ac-01b0-4c82-83a1-4069d4340667
2020-09-16,2020,9,Q3,IMPS,91.44,8276.72,1f9367ac-01b0-4c82-83a1-4069d4340667
2020-09-16,2020,9,Q3,NFS_ATM_CASH_WITHDRAWAL,105.5,4203.8,1f9367ac-01b0-4c82-83a1-4069d4340667
2020-09-16,2020,9,Q3,UPI,628.73,11547.25,1f9367ac-01b0-4c82-83a1-4069d4340667
2020-09-17,2020,9,Q3,IMPS,86.41,7634.38,1f9367ac-01b0-4c82-83a1-4069d4340667
2020-09-17,2020,9,Q3,NFS_ATM_CASH_WITHDRAWAL,97.08,3683.39,1f9367ac-01b0-4c82-83a1-4069d4340667
2020-09-17,2020,9,Q3,UPI,402.75,7127.67,1f9367ac-01b0-4c82-83a1-4069d4340667
2020-09-18,2020,9,Q3,IMPS,90.09,7784.73,1f9367ac-01b0-4c82-83a1-4069d4340667
2020-09-18,2020,9,Q3,NFS_ATM_CASH_WITHDRAWAL,101.23,3986.4,1f9367ac-01b0-4c82-83a1-4069d4340667
2020-09-18,2020,9,Q3,UPI,637.88,11307.57,1f9367ac-01b0-4c82-83a1-4069d4340667
2020-09-19,2020,9,Q3,IMPS,88.28,7319.18,1f9367ac-01b0-4c82-83a1-4069d4340667
2020-09-19,2020,9,Q3,NFS_ATM_CASH_WITHDRAWAL,101.41,4023.72,1f9367ac-01b0-4c82-83a1-4069d4340667
2020-09-19,2020,9,Q3,UPI,614.3,10245.52,1f9367ac-01b0-4c82-83a1-4069d4340667
2020-09-20,2020,9,Q3,IMPS,73.79,4576.15,1f9367ac-01b0-4c82-83a1-4069d4340667
2020-09-20,2020,9,Q3,NFS_ATM_CASH_WITHDRAWAL,89.69,3138.25,1f9367ac-01b0-4c82-83a1-4069d4340667
2020-09-20,2020,9,Q3,UPI,454.37,5724.58,1f9367ac-01b0-4c82-83a1-4069d4340667
2020-09-21,2020,9,Q3,IMPS,96.92,8804.35,1f9367ac-01b0-4c82-83a1-4069d4340667
2020-09-21,2020,9,Q3,NFS_ATM_CASH_WITHDRAWAL,99.26,3907.87,1f9367ac-01b0-4c82-83a1-4069d4340667
2020-09-21,2020,9,Q3,UPI,636.98,11767.97,1f9367ac-01b0-4c82-83a1-4069d4340667
2020-09-22,2020,9,Q3,IMPS,93.6,8471.09,1f9367ac-01b0-4c82-83a1-4069d4340667
2020-09-22,2020,9,Q3,NFS_ATM_CASH_WITHDRAWAL,95.69,3744.94,1f9367ac-01b0-4c82-83a1-4069d4340667
2020-09-22,2020,9,Q3,UPI,622.35,11255.24,1f9367ac-01b0-4c82-83a1-4069d4340667
2020-09-23,2020,9,Q3,IMPS,92.84,8271.95,1f9367ac-01b0-4c82-83a1-4069d4340667
2020-09-23,2020,9,Q3,NFS_ATM_CASH_WITHDRAWAL,94.15,3648.09,1f9367ac-01b0-4c82-83a1-4069d4340667
2020-09-23,2020,9,Q3,UPI,607.23,10715.09,1f9367ac-01b0-4c82-83a1-4069d4340667
2020-09-24,2020,9,Q3,IMPS,95.23,8153.98,1f9367ac-01b0-4c82-83a1-4069d4340667
2020-09-24,2020,9,Q3,NFS_ATM_CASH_WITHDRAWAL,93.96,3620.49,1f9367ac-01b0-4c82-83a1-4069d4340667
2020-09-24,2020,9,Q3,UPI,601.18,10459.95,1f9367ac-01b0-4c82-83a1-4069d4340667
2020-09-25,2020,9,Q3,IMPS,89.54,8193.48,1f9367ac-01b0-4c82-83a1-4069d4340667
2020-09-25,2020,9,Q3,NFS_ATM_CASH_WITHDRAWAL,92.96,3595.76,1f9367ac-01b0-4c82-83a1-4069d4340667
2020-09-25,2020,9,Q3,UPI,604.82,10540.49,1f9367ac-01b0-4c82-83a1-4069d4340667
2020-09-26,2020,9,Q3,IMPS,85.03,6861.94,1f9367ac-01b0-4c82-83a1-4069d4340667
2020-09-26,2020,9,Q3,NFS_ATM_CASH_WITHDRAWAL,97.83,3760.84,1f9367ac-01b0-4c82-83a1-4069d4340667
2020-09-26,2020,9,Q3,UPI,501.38,7561.24,1f9367ac-01b0-4c82-83a1-4069d4340667
2020-09-27,2020,9,Q3,IMPS,73.98,4494.32,1f9367ac-01b0-4c82-83a1-4069d4340667
2020-09-27,2020,9,Q3,NFS_ATM_CASH_WITHDRAWAL,84.81,2878.27,1f9367ac-01b0-4c82-83a1-4069d4340667
2020-09-27,2020,9,Q3,UPI,592.81,7868.89,1f9367ac-01b0-4c82-83a1-4069d4340667
2020-09-28,2020,9,Q3,IMPS,96.98,9205.65,1f9367ac-01b0-4c82-83a1-4069d4340667
2020-09-28,2020,9,Q3,NFS_ATM_CASH_WITHDRAWAL,97.14,3848.13,1f9367ac-01b0-4c82-83a1-4069d4340667
2020-09-28,2020,9,Q3,UPI,631.77,11503.91,1f9367ac-01b0-4c82-83a1-4069d4340667
2020-09-29,2020,9,Q3,IMPS,98.01,9422.63,1f9367ac-01b0-4c82-83a1-4069d4340667
2020-09-29,2020,9,Q3,NFS_ATM_CASH_WITHDRAWAL,97.3,3915.17,1f9367ac-01b0-4c82-83a1-4069d4340667
2020-09-29,2020,9,Q3,UPI,599.96,11212.75,1f9367ac-01b0-4c82-83a1-4069d4340667
2020-09-30,2020,9,Q3,IMPS,111.1,11567.34,1f9367ac-01b0-4c82-83a1-4069d4340667
2020-09-30,2020,9,Q3,NFS_ATM_CASH_WITHDRAWAL,110.16,4742.51,1f9367ac-01b0-4c82-83a1-4069d4340667
2020-09-30,2020,9,Q3,UPI,655.34,14482.65,1f9367ac-01b0-4c82-83a1-4069d4340667
2020-10-01,2020,10,Q4,IMPS,117.41,11846.45,1f9367ac-01b0-4c82-83a1-4069d4340667
2020-10-01,2020,10,Q4,NFS_ATM_CASH_WITHDRAWAL,125.63,5691.57,1f9367ac-01b0-4c82-83a1-4069d4340667
2020-10-01,2020,10,Q4,UPI,690.78,15154.61,1f9367ac-01b0-4c82-83a1-4069d4340667
2020-10-02,2020,10,Q4,IMPS,100.43,8186.54,1f9367ac-01b0-4c82-83a1-4069d4340667
2020-10-02,2020,10,Q4,NFS_ATM_CASH_WITHDRAWAL,113.83,4947.49,1f9367ac-01b0-4c82-83a1-4069d4340667
2020-10-02,2020,10,Q4,UPI,668.2,12182.05,1f9367ac-01b0-4c82-83a1-4069d4340667
2020-10-03,2020,10,Q4,IMPS,106.86,9794.51,1f9367ac-01b0-4c82-83a1-4069d4340667
2020-10-03,2020,10,Q4,NFS_ATM_CASH_WITHDRAWAL,116.8,5209.16,1f9367ac-01b0-4c82-83a1-4069d4340667
2020-10-03,2020,10,Q4,UPI,660.31,12936.91,1f9367ac-01b0-4c82-83a1-4069d4340667
2020-10-04,2020,10,Q4,IMPS,88.23,6323.15,1f9367ac-01b0-4c82-83a1-4069d4340667
2020-10-04,2020,10,Q4,NFS_ATM_CASH_WITHDRAWAL,101.45,4019.32,1f9367ac-01b0-4c82-83a1-4069d4340667
2020-10-04,2020,10,Q4,UPI,621.62,10048.45,1f9367ac-01b0-4c82-83a1-4069d4340667
2020-10-05,2020,10,Q4,IMPS,118.28,11409.38,1f9367ac-01b0-4c82-83a1-4069d4340667
2020-10-05,2020,10,Q4,NFS_ATM_CASH_WITHDRAWAL,117.93,5214.52,1f9367ac-01b0-4c82-83a1-4069d4340667
2020-10-05,2020,10,Q4,UPI,662.0,14138.9,1f9367ac-01b0-4c82-83a1-4069d4340667
2020-10-06,2020,10,Q4,IMPS,109.04,10156.25,1f9367ac-01b0-4c82-83a1-4069d4340667
2020-10-06,2020,10,Q4,NFS_ATM_CASH_WITHDRAWAL,116.17,5107.35,1f9367ac-01b0-4c82-83a1-4069d4340667
2020-10-06,2020,10,Q4,UPI,663.59,13442.54,1f9367ac-01b0-4c82-83a1-4069d4340667
2020-10-07,2020,10,Q4,IMPS,107.93,9860.46,1f9367ac-01b0-4c82-83a1-4069d4340667
2020-10-07,2020,10,Q4,NFS_ATM_CASH_WITHDRAWAL,120.45,5286.6,1f9367ac-01b0-4c82-83a1-4069d4340667
2020-10-07,2020,10,Q4,UPI,707.29,13835.59,1f9367ac-01b0-4c82-83a1-4069d4340667
2020-10-08,2020,10,Q4,IMPS,108.67,9800.6,1f9367ac-01b0-4c82-83a1-4069d4340667
2020-10-08,2020,10,Q4,NFS_ATM_CASH_WITHDRAWAL,122.2,5359.68,1f9367ac-01b0-4c82-83a1-4069d4340667
2020-10-08,2020,10,Q4,UPI,700.44,13802.48,1f9367ac-01b0-4c82-83a1-4069d4340667
2020-10-09,2020,10,Q4,IMPS,105.94,9594.28,1f9367ac-01b0-4c82-83a1-4069d4340667
2020-10-09,2020,10,Q4,NFS_ATM_CASH_WITHDRAWAL,119.85,5204.02,1f9367ac-01b0-4c82-83a1-4069d4340667
2020-10-09,2020,10,Q4,UPI,703.69,13478.59,1f9367ac-01b0-4c82-83a1-4069d4340667
2020-10-10,2020,10,Q4,IMPS,100.6,7998.82,1f9367ac-01b0-4c82-83a1-4069d4340667
2020-10-10,2020,10,Q4,NFS_ATM_CASH_WITHDRAWAL,111.44,4771.49,1f9367ac-01b0-4c82-83a1-4069d4340667
2020-10-10,2020,10,Q4,UPI,679.11,11765.56,1f9367ac-01b0-4c82-83a1-4069d4340667
2020-10-11,2020,10,Q4,IMPS,85.8,5258.54,1f9367ac-01b0-4c82-83a1-4069d4340667
2020-10-11,2020,10,Q4,NFS_ATM_CASH_WITHDRAWAL,98.42,3746.39,1f9367ac-01b0-4c82-83a1-4069d4340667
2020-10-11,2020,10,Q4,UPI,625.09,8802.28,1f9367ac-01b0-4c82-83a1-4069d4340667
2020-10-12,2020,10,Q4,IMPS,110.53,9983.91,1f9367ac-01b0-4c82-83a1-4069d4340667
2020-10-12,2020,10,Q4,NFS_ATM_CASH_WITHDRAWAL,112.08,4818.4,1f9367ac-01b0-4c82-83a1-4069d4340667
2020-10-12,2020,10,Q4,UPI,690.28,13602.65,1f9367ac-01b0-4c82-83a1-4069d4340667
2020-10-13,2020,10,Q4,IMPS,91.01,8047.83,1f9367ac-01b0-4c82-83a1-4069d4340667
2020-10-13,2020,10,Q4,NFS_ATM_CASH_WITHDRAWAL,114.08,4892.98,1f9367ac-01b0-4c82-83a1-4069d4340667
2020-10-13,2020,10,Q4,UPI,659.71,12201.05,1f9367ac-01b0-4c82-83a1-4069d4340667
2020-10-14,2020,10,Q4,IMPS,109.52,9209.7,1f9367ac-01b0-4c82-83a1-4069d4340667
2020-10-14,2020,10,Q4,NFS_ATM_CASH_WITHDRAWAL,111.88,4717.79,1f9367ac-01b0-4c82-83a1-4069d4340667
2020-10-14,2020,10,Q4,UPI,685.48,12826.95,1f9367ac-01b0-4c82-83a1-4069d4340667
2020-10-15,2020,10,Q4,IMPS,105.73,9368.42,1f9367ac-01b0-4c82-83a1-4069d4340667
2020-10-15,2020,10,Q4,NFS_ATM_CASH_WITHDRAWAL,112.05,4692.96,1f9367ac-01b0-4c82-83a1-4069d4340667
2020-10-15,2020,10,Q4,UPI,716.06,13768.29,1f9367ac-01b0-4c82-83a1-4069d4340667
2020-10-16,2020,10,Q4,IMPS,104.89,8830.0,1f9367ac-01b0-4c82-83a1-4069d4340667
2020-10-16,2020,10,Q4,NFS_ATM_CASH_WITHDRAWAL,113.41,4593.07,1f9367ac-01b0-4c82-83a1-4069d4340667
2020-10-16,2020,10,Q4,UPI,676.8,12787.33,1f9367ac-01b0-4c82-83a1-4069d4340667
2020-10-17,2020,10,Q4,IMPS,102.3,8493.54,1f9367ac-01b0-4c82-83a1-4069d4340667
2020-10-17,2020,10,Q4,NFS_ATM_CASH_WITHDRAWAL,112.05,4655.19,1f9367ac-01b0-4c82-83a1-4069d4340667
2020-10-17,2020,10,Q4,UPI,697.41,12953.33,1f9367ac-01b0-4c82-83a1-4069d4340667
2020-10-18,2020,10,Q4,IMPS,86.78,5338.86,1f9367ac-01b0-4c82-83a1-4069d4340667
2020-10-18,2020,10,Q4,NFS_ATM_CASH_WITHDRAWAL,98.56,3681.76,1f9367ac-01b0-4c82-83a1-4069d4340667
2020-10-18,2020,10,Q4,UPI,641.64,9860.13,1f9367ac-01b0-4c82-83a1-4069d4340667
2020-10-19,2020,10,Q4,IMPS,106.43,9547.04,1f9367ac-01b0-4c82-83a1-4069d4340667
2020-10-19,2020,10,Q4,NFS_ATM_CASH_WITHDRAWAL,107.81,4431.49,1f9367ac-01b0-4c82-83a1-4069d4340667
2020-10-19,2020,10,Q4,UPI,686.15,13562.8,1f9367ac-01b0-4c82-83a1-4069d4340667
2020-10-20,2020,10,Q4,IMPS,105.56,9231.26,1f9367ac-01b0-4c82-83a1-4069d4340667
2020-10-20,2020,10,Q4,NFS_ATM_CASH_WITHDRAWAL,105.5,4340.43,1f9367ac-01b0-4c82-83a1-4069d4340667
2020-10-20,2020,10,Q4,UPI,676.48,13103.34,1f9367ac-01b0-4c82-83a1-4069d4340667
2020-10-21,2020,10,Q4,IMPS,103.81,9056.48,1f9367ac-01b0-4c82-83a1-4069d4340667
2020-10-21,2020,10,Q4,NFS_ATM_CASH_WITHDRAWAL,106.75,4353.04,1f9367ac-01b0-4c82-83a1-4069d4340667
2020-10-21,2020,10,Q4,UPI,688.79,13438.16,1f9367ac-01b0-4c82-83a1-4069d4340667
2020-10-22,2020,10,Q4,IMPS,103.17,9107.09,1f9367ac-01b0-4c82-83a1-4069d4340667
2020-10-22,2020,10,Q4,NFS_ATM_CASH_WITHDRAWAL,105.37,4276.9,1f9367ac-01b0-4c82-83a1-4069d4340667
2020-10-22,2020,10,Q4,UPI,657.31,12591.02,1f9367ac-01b0-4c82-83a1-4069d4340667
2020-10-23,2020,10,Q4,IMPS,104.51,9216.89,1f9367ac-01b0-4c82-83a1-4069d4340667
2020-10-23,2020,10,Q4,NFS_ATM_CASH_WITHDRAWAL,110.04,4422.01,1f9367ac-01b0-4c82-83a1-4069d4340667
2020-10-23,2020,10,Q4,UPI,665.35,12525.03,1f9367ac-01b0-4c82-83a1-4069d4340667
2020-10-24,2020,10,Q4,IMPS,96.98,7551.62,1f9367ac-01b0-4c82-83a1-4069d4340667
2020-10-24,2020,10,Q4,NFS_ATM_CASH_WITHDRAWAL,108.4,4236.33,1f9367ac-01b0-4c82-83a1-4069d4340667
2020-10-24,2020,10,Q4,UPI,638.52,10719.74,1f9367ac-01b0-4c82-83a1-4069d4340667
2020-10-25,2020,10,Q4,IMPS,77.17,4469.52,1f9367ac-01b0-4c82-83a1-4069d4340667
2020-10-25,2020,10,Q4,NFS_ATM_CASH_WITHDRAWAL,90.19,3044.46,1f9367ac-01b0-4c82-83a1-4069d4340667
2020-10-25,2020,10,Q4,UPI,566.26,7661.96,1f9367ac-01b0-4c82-83a1-4069d4340667
2020-10-26,2020,10,Q4,IMPS,96.48,7915.29,1f9367ac-01b0-4c82-83a1-4069d4340667
2020-10-26,2020,10,Q4,NFS_ATM_CASH_WITHDRAWAL,94.05,3540.23,1f9367ac-01b0-4c82-83a1-4069d4340667
2020-10-26,2020,10,Q4,UPI,633.45,11007.26,1f9367ac-01b0-4c82-83a1-4069d4340667
2020-10-27,2020,10,Q4,IMPS,104.09,9205.72,1f9367ac-01b0-4c82-83a1-4069d4340667
2020-10-27,2020,10,Q4,NFS_ATM_CASH_WITHDRAWAL,101.48,4054.03,1f9367ac-01b0-4c82-83a1-4069d4340667
2020-10-27,2020,10,Q4,UPI,648.1,11851.51,1f9367ac-01b0-4c82-83a1-4069d4340667
2020-10-28,2020,10,Q4,IMPS,102.74,9341.63,1f9367ac-01b0-4c82-83a1-4069d4340667
2020-10-28,2020,10,Q4,NFS_ATM_CASH_WITHDRAWAL,105.33,4212.13,1f9367ac-01b0-4c82-83a1-4069d4340667
2020-10-28,2020,10,Q4,UPI,645.16,12124.43,1f9367ac-01b0-4c82-83a1-4069d4340667
2020-10-29,2020,10,Q4,IMPS,107.25,10468.61,1f9367ac-01b0-4c82-83a1-4069d4340667
2020-10-29,2020,10,Q4,NFS_ATM_CASH_WITHDRAWAL,105.97,4342.35,1f9367ac-01b0-4c82-83a1-4069d4340667
2020-10-29,2020,10,Q4,UPI,664.37,13283.1,1f9367ac-01b0-4c82-83a1-4069d4340667
2020-10-30,2020,10,Q4,IMPS,105.78,9568.04,1f9367ac-01b0-4c82-83a1-4069d4340667
2020-10-30,2020,10,Q4,NFS_ATM_CASH_WITHDRAWAL,106.22,4353.94,1f9367ac-01b0-4c82-83a1-4069d4340667
2020-10-30,2020,10,Q4,UPI,671.68,12259.09,1f9367ac-01b0-4c82-83a1-4069d4340667
2020-10-31,2020,10,Q4,IMPS,115.8,10464.29,1f9367ac-01b0-4c82-83a1-4069d4340667
2020-10-31,2020,10,Q4,NFS_ATM_CASH_WITHDRAWAL,113.95,4943.52,1f9367ac-01b0-4c82-83a1-4069d4340667
2020-10-31,2020,10,Q4,UPI,725.07,14391.61,1f9367ac-01b0-4c82-83a1-4069d4340667
2020-11-01,2020,11,Q4,IMPS,106.31,7578.92,1f9367ac-01b0-4c82-83a1-4069d4340667
2020-11-01,2020,11,Q4,NFS_ATM_CASH_WITHDRAWAL,110.58,4451.27,1f9367ac-01b0-4c82-83a1-4069d4340667
2020-11-01,2020,11,Q4,UPI,719.36,11976.23,1f9367ac-01b0-4c82-83a1-4069d4340667
2020-11-02,2020,11,Q4,IMPS,130.14,12651.91,1f9367ac-01b0-4c82-83a1-4069d4340667
2020-11-02,2020,11,Q4,NFS_ATM_CASH_WITHDRAWAL,124.71,5659.75,1f9367ac-01b0-4c82-83a1-4069d4340667
2020-11-02,2020,11,Q4,UPI,772.71,16403.19,1f9367ac-01b0-4c82-83a1-4069d4340667
2020-11-03,2020,11,Q4,IMPS,123.76,11428.34,1f9367ac-01b0-4c82-83a1-4069d4340667
2020-11-03,2020,11,Q4,NFS_ATM_CASH_WITHDRAWAL,125.7,5667.5,1f9367ac-01b0-4c82-83a1-4069d4340667
2020-11-03,2020,11,Q4,UPI,765.2,15169.76,1f9367ac-01b0-4c82-83a1-4069d4340667
2020-11-04,2020,11,Q4,IMPS,122.85,11182.2,1f9367ac-01b0-4c82-83a1-4069d4340667
2020-11-04,2020,11,Q4,NFS_ATM_CASH_WITHDRAWAL,124.04,5455.96,1f9367ac-01b0-4c82-83a1-4069d4340667
2020-11-04,2020,11,Q4,UPI,762.26,15271.56,1f9367ac-01b0-4c82-83a1-4069d4340667
2020-11-05,2020,11,Q4,IMPS,122.55,11031.72,1f9367ac-01b0-4c82-83a1-4069d4340667
2020-11-05,2020,11,Q4,NFS_ATM_CASH_WITHDRAWAL,118.39,5233.8,1f9367ac-01b0-4c82-83a1-4069d4340667
2020-11-05,2020,11,Q4,UPI,726.68,13736.53,1f9367ac-01b0-4c82-83a1-4069d4340667
2020-11-06,2020,11,Q4,IMPS,120.62,10467.96,1f9367ac-01b0-4c82-83a1-4069d4340667
2020-11-06,2020,11,Q4,NFS_ATM_CASH_WITHDRAWAL,120.88,5315.65,1f9367ac-01b0-4c82-83a1-4069d4340667
2020-11-06,2020,11,Q4,UPI,775.2,14875.48,1f9367ac-01b0-4c82-83a1-4069d4340667
2020-11-07,2020,11,Q4,IMPS,121.28,10130.79,1f9367ac-01b0-4c82-83a1-4069d4340667
2020-11-07,2020,11,Q4,NFS_ATM_CASH_WITHDRAWAL,130.51,5841.9,1f9367ac-01b0-4c82-83a1-4069d4340667
2020-11-07,2020,11,Q4,UPI,780.74,14334.9,1f9367ac-01b0-4c82-83a1-4069d4340667
2020-11-08,2020,11,Q4,IMPS,101.93,5940.04,1f9367ac-01b0-4c82-83a1-4069d4340667
2020-11-08,2020,11,Q4,NFS_ATM_CASH_WITHDRAWAL,118.56,4856.69,1f9367ac-01b0-4c82-83a1-4069d4340667
2020-11-08,2020,11,Q4,UPI,772.49,11178.77,1f9367ac-01b0-4c82-83a1-4069d4340667
2020-11-09,2020,11,Q4,IMPS,130.04,11757.3,1f9367ac-01b0-4c82-83a1-4069d4340667
2020-11-09,2020,11,Q4,NFS_ATM_CASH_WITHDRAWAL,127.68,5679.52,1f9367ac-01b0-4c82-83a1-4069d4340667
2020-11-09,2020,11,Q4,UPI,748.79,14434.11,1f9367ac-01b0-4c82-83a1-4069d4340667
2020-11-10,2020,11,Q4,IMPS,128.18,11399.98,1f9367ac-01b0-4c82-83a1-4069d4340667
2020-11-10,2020,11,Q4,NFS_ATM_CASH_WITHDRAWAL,132.62,6002.44,1f9367ac-01b0-4c82-83a1-4069d4340667
2020-11-10,2020,11,Q4,UPI,837.68,15796.87,1f9367ac-01b0-4c82-83a1-4069d4340667
2020-11-11,2020,11,Q4,IMPS,134.25,11537.88,1f9367ac-01b0-4c82-83a1-4069d4340667
2020-11-11,2020,11,Q4,NFS_ATM_CASH_WITHDRAWAL,138.54,6310.75,1f9367ac-01b0-4c82-83a1-4069d4340667
2020-11-11,2020,11,Q4,UPI,809.79,16033.53,1f9367ac-01b0-4c82-83a1-4069d4340667
2020-11-12,2020,11,Q4,IMPS,137.83,11762.48,1f9367ac-01b0-4c82-83a1-4069d4340667
2020-11-12,2020,11,Q4,NFS_ATM_CASH_WITHDRAWAL,146.22,6697.88,1f9367ac-01b0-4c82-83a1-4069d4340667
2020-11-12,2020,11,Q4,UPI,818.7,16137.97,1f9367ac-01b0-4c82-83a1-4069d4340667
2020-11-13,2020,11,Q4,IMPS,135.73,11329.65,1f9367ac-01b0-4c82-83a1-4069d4340667
2020-11-13,2020,11,Q4,NFS_ATM_CASH_WITHDRAWAL,159.49,7105.41,1f9367ac-01b0-4c82-83a1-4069d4340667
2020-11-13,2020,11,Q4,UPI,793.01,15237.8,1f9367ac-01b0-4c82-83a1-4069d4340667
2020-11-14,2020,11,Q4,IMPS,103.86,6309.12,1f9367ac-01b0-4c82-83a1-4069d4340667
2020-11-14,2020,11,Q4,NFS_ATM_CASH_WITHDRAWAL,129.31,5034.75,1f9367ac-01b0-4c82-83a1-4069d4340667
2020-11-14,2020,11,Q4,UPI,739.7,10494.83,1f9367ac-01b0-4c82-83a1-4069d4340667
2020-11-15,2020,11,Q4,IMPS,83.66,4720.71,1f9367ac-01b0-4c82-83a1-4069d4340667
2020-11-15,2020,11,Q4,NFS_ATM_CASH_WITHDRAWAL,85.65,3108.98,1f9367ac-01b0-4c82-83a1-4069d4340667
2020-11-15,2020,11,Q4,UPI,663.59,8643.49,1f9367ac-01b0-4c82-83a1-4069d4340667
2020-11-16,2020,11,Q4,IMPS,102.85,7520.79,1f9367ac-01b0-4c82-83a1-4069d4340667
2020-11-16,2020,11,Q4,NFS_ATM_CASH_WITHDRAWAL,100.82,3966.85,1f9367ac-01b0-4c82-83a1-4069d4340667
2020-11-16,2020,11,Q4,UPI,725.27,11787.88,1f9367ac-01b0-4c82-83a1-4069d4340667
2020-11-17,2020,11,Q4,IMPS,110.24,9056.24,1f9367ac-01b0-4c82-83a1-4069d4340667
2020-11-17,2020,11,Q4,NFS_ATM_CASH_WITHDRAWAL,106.58,4439.05,1f9367ac-01b0-4c82-83a1-4069d4340667
2020-11-17,2020,11,Q4,UPI,762.78,13038.57,1f9367ac-01b0-4c82-83a1-4069d4340667
2020-11-18,2020,11,Q4,IMPS,109.41,9044.24,1f9367ac-01b0-4c82-83a1-4069d4340667
2020-11-18,2020,11,Q4,NFS_ATM_CASH_WITHDRAWAL,108.67,4476.57,1f9367ac-01b0-4c82-83a1-4069d4340667
2020-11-18,2020,11,Q4,UPI,768.4,13252.11,1f9367ac-01b0-4c82-83a1-4069d4340667
2020-11-19,2020,11,Q4,IMPS,109.29,8942.99,1f9367ac-01b0-4c82-83a1-4069d4340667
2020-11-19,2020,11,Q4,NFS_ATM_CASH_WITHDRAWAL,105.37,4272.66,1f9367ac-01b0-4c82-83a1-4069d4340667
2020-11-19,2020,11,Q4,UPI,751.04,12885.59,1f9367ac-01b0-4c82-83a1-4069d4340667
2020-11-20,2020,11,Q4,IMPS,105.36,8476.38,1f9367ac-01b0-4c82-83a1-4069d4340667
2020-11-20,2020,11,Q4,NFS_ATM_CASH_WITHDRAWAL,101.88,4056.93,1f9367ac-01b0-4c82-83a1-4069d4340667
2020-11-20,2020,11,Q4,UPI,754.39,12391.65,1f9367ac-01b0-4c82-83a1-4069d4340667
2020-11-21,2020,11,Q4,IMPS,98.47,7406.16,1f9367ac-01b0-4c82-83a1-4069d4340667
2020-11-21,2020,11,Q4,NFS_ATM_CASH_WITHDRAWAL,102.1,4085.1,1f9367ac-01b0-4c82-83a1-4069d4340667
2020-11-21,2020,11,Q4,UPI,725.53,11426.85,1f9367ac-01b0-4c82-83a1-4069d4340667
2020-11-22,2020,11,Q4,IMPS,88.28,5201.39,1f9367ac-01b0-4c82-83a1-4069d4340667
2020-11-22,2020,11,Q4,NFS_ATM_CASH_WITHDRAWAL,94.19,3371.4,1f9367ac-01b0-4c82-83a1-4069d4340667
2020-11-22,2020,11,Q4,UPI,680.9,9239.93,1f9367ac-01b0-4c82-83a1-4069d4340667
2020-11-23,2020,11,Q4,IMPS,113.54,9456.66,1f9367ac-01b0-4c82-83a1-4069d4340667
2020-11-23,2020,11,Q4,NFS_ATM_CASH_WITHDRAWAL,103.05,4152.79,1f9367ac-01b0-4c82-83a1-4069d4340667
2020-11-23,2020,11,Q4,UPI,725.32,13061.32,1f9367ac-01b0-4c82-83a1-4069d4340667
2020-11-24,2020,11,Q4,IMPS,109.16,9228.09,1f9367ac-01b0-4c82-83a1-4069d4340667
2020-11-24,2020,11,Q4,NFS_ATM_CASH_WITHDRAWAL,102.57,4129.73,1f9367ac-01b0-4c82-83a1-4069d4340667
2020-11-24,2020,11,Q4,UPI,663.52,11841.29,1f9367ac-01b0-4c82-83a1-4069d4340667
2020-11-25,2020,11,Q4,IMPS,104.57,9033.99,1f9367ac-01b0-4c82-83a1-4069d4340667
2020-11-25,2020,11,Q4,NFS_ATM_CASH_WITHDRAWAL,101.75,4061.21,1f9367ac-01b0-4c82-83a1-4069d4340667
2020-11-25,2020,11,Q4,UPI,648.03,11564.67,1f9367ac-01b0-4c82-83a1-4069d4340667
2020-11-26,2020,11,Q4,IMPS,102.0,8376.49,1f9367ac-01b0-4c82-83a1-4069d4340667
2020-11-26,2020,11,Q4,NFS_ATM_CASH_WITHDRAWAL,90.07,3590.24,1f9367ac-01b0-4c82-83a1-4069d4340667
2020-11-26,2020,11,Q4,UPI,669.09,11676.5,1f9367ac-01b0-4c82-83a1-4069d4340667
2020-11-27,2020,11,Q4,IMPS,114.19,10292.88,1f9367ac-01b0-4c82-83a1-4069d4340667
2020-11-27,2020,11,Q4,NFS_ATM_CASH_WITHDRAWAL,103.84,4252.21,1f9367ac-01b0-4c82-83a1-4069d4340667
2020-11-27,2020,11,Q4,UPI,729.96,13687.62,1f9367ac-01b0-4c82-83a1-4069d4340667
2020-11-28,2020,11,Q4,IMPS,107.75,8537.81,1f9367ac-01b0-4c82-83a1-4069d4340667
2020-11-28,2020,11,Q4,NFS_ATM_CASH_WITHDRAWAL,108.29,4515.37,1f9367ac-01b0-4c82-83a1-4069d4340667
2020-11-28,2020,11,Q4,UPI,679.99,11982.57,1f9367ac-01b0-4c82-83a1-4069d4340667
2020-11-29,2020,11,Q4,IMPS,94.46,5863.94,1f9367ac-01b0-4c82-83a1-4069d4340667
2020-11-29,2020,11,Q4,NFS_ATM_CASH_WITHDRAWAL,91.82,3414.56,1f9367ac-01b0-4c82-83a1-4069d4340667
2020-11-29,2020,11,Q4,UPI,641.01,9651.97,1f9367ac-01b0-4c82-83a1-4069d4340667
2020-11-30,2020,11,Q4,IMPS,118.6,10792.05,1f9367ac-01b0-4c82-83a1-4069d4340667
2020-11-30,2020,11,Q4,NFS_ATM_CASH_WITHDRAWAL,101.31,4216.56,1f9367ac-01b0-4c82-83a1-4069d4340667
2020-11-30,2020,11,Q4,UPI,691.16,13785.63,1f9367ac-01b0-4c82-83a1-4069d4340667
2020-12-01,2020,12,Q4,IMPS,127.95,12382.15,1f9367ac-01b0-4c82-83a1-4069d4340667
2020-12-01,2020,12,Q4,NFS_ATM_CASH_WITHDRAWAL,119.44,5452.13,1f9367ac-01b0-4c82-83a1-4069d4340667
2020-12-01,2020,12,Q4,UPI,716.24,15048.41,1f9367ac-01b0-4c82-83a1-4069d4340667
2020-12-02,2020,12,Q4,IMPS,116.74,10736.98,1f9367ac-01b0-4c82-83a1-4069d4340667
2020-12-02,2020,12,Q4,NFS_ATM_CASH_WITHDRAWAL,126.72,5837.07,1f9367ac-01b0-4c82-83a1-4069d4340667
2020-12-02,2020,12,Q4,UPI,692.08,14400.62,1f9367ac-01b0-4c82-83a1-4069d4340667
2020-12-03,2020,12,Q4,IMPS,135.97,11832.86,1f9367ac-01b0-4c82-83a1-4069d4340667
2020-12-03,2020,12,Q4,NFS_ATM_CASH_WITHDRAWAL,118.66,5368.45,1f9367ac-01b0-4c82-83a1-4069d4340667
2020-12-03,2020,12,Q4,UPI,634.55,12916.16,1f9367ac-01b0-4c82-83a1-4069d4340667
2020-12-04,2020,12,Q4,IMPS,120.63,10990.5,1f9367ac-01b0-4c82-83a1-4069d4340667
2020-12-04,2020,12,Q4,NFS_ATM_CASH_WITHDRAWAL,118.3,5274.7,1f9367ac-01b0-4c82-83a1-4069d4340667
2020-12-04,2020,12,Q4,UPI,761.09,16061.54,1f9367ac-01b0-4c82-83a1-4069d4340667
2020-12-05,2020,12,Q4,IMPS,125.96,10573.95,1f9367ac-01b0-4c82-83a1-4069d4340667
2020-12-05,2020,12,Q4,NFS_ATM_CASH_WITHDRAWAL,126.57,5662.25,1f9367ac-01b0-4c82-83a1-4069d4340667
2020-12-05,2020,12,Q4,UPI,776.24,16093.79,1f9367ac-01b0-4c82-83a1-4069d4340667
2020-12-06,2020,12,Q4,IMPS,106.56,6580.43,1f9367ac-01b0-4c82-83a1-4069d4340667
2020-12-06,2020,12,Q4,NFS_ATM_CASH_WITHDRAWAL,109.08,4344.85,1f9367ac-01b0-4c82-83a1-4069d4340667
2020-12-06,2020,12,Q4,UPI,706.27,11486.81,1f9367ac-01b0-4c82-83a1-4069d4340667
2020-12-07,2020,12,Q4,IMPS,122.81,10842.58,1f9367ac-01b0-4c82-83a1-4069d4340667
2020-12-07,2020,12,Q4,NFS_ATM_CASH_WITHDRAWAL,119.29,5209.91,1f9367ac-01b0-4c82-83a1-4069d4340667
2020-12-07,2020,12,Q4,UPI,755.12,15716.32,1f9367ac-01b0-4c82-83a1-4069d4340667
2020-12-08,2020,12,Q4,IMPS,118.53,10021.78,1f9367ac-01b0-4c82-83a1-4069d4340667
2020-12-08,2020,12,Q4,NFS_ATM_CASH_WITHDRAWAL,111.45,4818.42,1f9367ac-01b0-4c82-83a1-4069d4340667
2020-12-08,2020,12,Q4,UPI,574.97,9967.03,1f9367ac-01b0-4c82-83a1-4069d4340667
2020-12-09,2020,12,Q4,IMPS,125.07,10353.7,1f9367ac-01b0-4c82-83a1-4069d4340667
2020-12-09,2020,12,Q4,NFS_ATM_CASH_WITHDRAWAL,127.78,5531.91,1f9367ac-01b0-4c82-83a1-4069d4340667
2020-12-09,2020,12,Q4,UPI,791.01,16560.21,1f9367ac-01b0-4c82-83a1-4069d4340667
2020-12-10,2020,12,Q4,IMPS,120.39,10212.12,1f9367ac-01b0-4c82-83a1-4069d4340667
2020-12-10,2020,12,Q4,NFS_ATM_CASH_WITHDRAWAL,121.98,5253.87,1f9367ac-01b0-4c82-83a1-4069d4340667
2020-12-10,2020,12,Q4,UPI,763.53,15404.8,1f9367ac-01b0-4c82-83a1-4069d4340667
2020-12-11,2020,12,Q4,IMPS,111.85,9374.22,1f9367ac-01b0-4c82-83a1-4069d4340667
2020-12-11,2020,12,Q4,NFS_ATM_CASH_WITHDRAWAL,117.54,4992.88,1f9367ac-01b0-4c82-83a1-4069d4340667
2020-12-11,2020,12,Q4,UPI,750.49,14329.14,1f9367ac-01b0-4c82-83a1-4069d4340667
2020-12-12,2020,12,Q4,IMPS,102.65,7551.56,1f9367ac-01b0-4c82-83a1-4069d4340667
2020-12-12,2020,12,Q4,NFS_ATM_CASH_WITHDRAWAL,113.52,4750.92,1f9367ac-01b0-4c82-83a1-4069d4340667
2020-12-12,2020,12,Q4,UPI,711.02,12251.73,1f9367ac-01b0-4c82-83a1-4069d4340667
2020-12-13,2020,12,Q4,IMPS,96.95,5617.56,1f9367ac-01b0-4c82-83a1-4069d4340667
2020-12-13,2020,12,Q4,NFS_ATM_CASH_WITHDRAWAL,98.34,3653.03,1f9367ac-01b0-4c82-83a1-4069d4340667
2020-12-13,2020,12,Q4,UPI,684.78,10004.15,1f9367ac-01b0-4c82-83a1-4069d4340667
2020-12-14,2020,12,Q4,IMPS,121.79,10478.33,1f9367ac-01b0-4c82-83a1-4069d4340667
2020-12-14,2020,12,Q4,NFS_ATM_CASH_WITHDRAWAL,109.92,4566.5,1f9367ac-01b0-4c82-83a1-4069d4340667
2020-12-14,2020,12,Q4,UPI,724.92,14107.85,1f9367ac-01b0-4c82-83a1-4069d4340667
2020-12-15,2020,12,Q4,IMPS,125.29,10278.35,1f9367ac-01b0-4c82-83a1-4069d4340667
2020-12-15,2020,12,Q4,NFS_ATM_CASH_WITHDRAWAL,115.0,4803.51,1f9367ac-01b0-4c82-83a1-4069d4340667
2020-12-15,2020,12,Q4,UPI,744.48,14510.2,1f9367ac-01b0-4c82-83a1-4069d4340667
2020-12-16,2020,12,Q4,IMPS,122.34,9724.48,1f9367ac-01b0-4c82-83a1-4069d4340667
2020-12-16,2020,12,Q4,NFS_ATM_CASH_WITHDRAWAL,110.54,4517.5,1f9367ac-01b0-4c82-83a1-4069d4340667
2020-12-16,2020,12,Q4,UPI,700.36,12973.1,1f9367ac-01b0-4c82-83a1-4069d4340667
2020-12-17,2020,12,Q4,IMPS,112.84,9252.25,1f9367ac-01b0-4c82-83a1-4069d4340667
2020-12-17,2020,12,Q4,NFS_ATM_CASH_WITHDRAWAL,103.45,4196.55,1f9367ac-01b0-4c82-83a1-4069d4340667
2020-12-17,2020,12,Q4,UPI,737.96,14062.04,1f9367ac-01b0-4c82-83a1-4069d4340667
2020-12-18,2020,12,Q4,IMPS,116.65,8991.78,1f9367ac-01b0-4c82-83a1-4069d4340667
2020-12-18,2020,12,Q4,NFS_ATM_CASH_WITHDRAWAL,105.33,4204.8,1f9367ac-01b0-4c82-83a1-4069d4340667
2020-12-18,2020,12,Q4,UPI,731.5,13170.33,1f9367ac-01b0-4c82-83a1-4069d4340667
2020-12-19,2020,12,Q4,IMPS,111.18,8460.5,1f9367ac-01b0-4c82-83a1-4069d4340667
2020-12-19,2020,12,Q4,NFS_ATM_CASH_WITHDRAWAL,109.1,4377.19,1f9367ac-01b0-4c82-83a1-4069d4340667
2020-12-19,2020,12,Q4,UPI,738.81,12971.61,1f9367ac-01b0-4c82-83a1-4069d4340667
2020-12-20,2020,12,Q4,IMPS,96.87,5397.43,1f9367ac-01b0-4c82-83a1-4069d4340667
2020-12-20,2020,12,Q4,NFS_ATM_CASH_WITHDRAWAL,98.18,3511.29,1f9367ac-01b0-4c82-83a1-4069d4340667
2020-12-20,2020,12,Q4,UPI,694.92,10002.15,1f9367ac-01b0-4c82-83a1-4069d4340667
2020-12-21,2020,12,Q4,IMPS,116.35,9896.44,1f9367ac-01b0-4c82-83a1-4069d4340667
2020-12-21,2020,12,Q4,NFS_ATM_CASH_WITHDRAWAL,105.33,4210.3,1f9367ac-01b0-4c82-83a1-4069d4340667
2020-12-21,2020,12,Q4,UPI,740.09,14261.92,1f9367ac-01b0-4c82-83a1-4069d4340667
2020-12-22,2020,12,Q4,IMPS,113.06,9606.83,1f9367ac-01b0-4c82-83a1-4069d4340667
2020-12-22,2020,12,Q4,NFS_ATM_CASH_WITHDRAWAL,102.23,4057.45,1f9367ac-01b0-4c82-83a1-4069d4340667
2020-12-22,2020,12,Q4,UPI,735.6,13675.52,1f9367ac-01b0-4c82-83a1-4069d4340667
2020-12-23,2020,12,Q4,IMPS,112.53,9271.94,1f9367ac-01b0-4c82-83a1-4069d4340667
2020-12-23,2020,12,Q4,NFS_ATM_CASH_WITHDRAWAL,106.01,4191.47,1f9367ac-01b0-4c82-83a1-4069d4340667
2020-12-23,2020,12,Q4,UPI,739.01,13802.86,1f9367ac-01b0-4c82-83a1-4069d4340667
2020-12-24,2020,12,Q4,IMPS,113.41,10019.54,1f9367ac-01b0-4c82-83a1-4069d4340667
2020-12-24,2020,12,Q4,NFS_ATM_CASH_WITHDRAWAL,108.35,4269.05,1f9367ac-01b0-4c82-83a1-4069d4340667
2020-12-24,2020,12,Q4,UPI,739.72,13897.71,1f9367ac-01b0-4c82-83a1-4069d4340667
2020-12-25,2020,12,Q4,IMPS,102.95,7021.65,1f9367ac-01b0-4c82-83a1-4069d4340667
2020-12-25,2020,12,Q4,NFS_ATM_CASH_WITHDRAWAL,100.54,3716.74,1f9367ac-01b0-4c82-83a1-4069d4340667
2020-12-25,2020,12,Q4,UPI,702.45,11018.98,1f9367ac-01b0-4c82-83a1-4069d4340667
2020-12-26,2020,12,Q4,IMPS,99.38,7165.57,1f9367ac-01b0-4c82-83a1-4069d4340667
2020-12-26,2020,12,Q4,NFS_ATM_CASH_WITHDRAWAL,103.37,3872.55,1f9367ac-01b0-4c82-83a1-4069d4340667
2020-12-26,2020,12,Q4,UPI,706.67,11261.78,1f9367ac-01b0-4c82-83a1-4069d4340667
2020-12-27,2020,12,Q4,IMPS,87.29,4918.98,1f9367ac-01b0-4c82-83a1-4069d4340667
2020-12-27,2020,12,Q4,NFS_ATM_CASH_WITHDRAWAL,89.0,296.83,1f9367ac-01b0-4c82-83a1-4069d4340667
2020-12-27,2020,12,Q4,UPI,647.92,8703.11,1f9367ac-01b0-4c82-83a1-4069d4340667
2020-12-28,2020,12,Q4,IMPS,118.51,10785.37,1f9367ac-01b0-4c82-83a1-4069d4340667
2020-12-28,2020,12,Q4,NFS_ATM_CASH_WITHDRAWAL,107.51,4279.26,1f9367ac-01b0-4c82-83a1-4069d4340667
2020-12-28,2020,12,Q4,UPI,734.21,14095.93,1f9367ac-01b0-4c82-83a1-4069d4340667
2020-12-29,2020,12,Q4,IMPS,112.08,10393.08,1f9367ac-01b0-4c82-83a1-4069d4340667
2020-12-29,2020,12,Q4,NFS_ATM_CASH_WITHDRAWAL,108.19,4355.31,1f9367ac-01b0-4c82-83a1-4069d4340667
2020-12-29,2020,12,Q4,UPI,712.67,13676.88,1f9367ac-01b0-4c82-83a1-4069d4340667
2020-12-30,2020,12,Q4,IMPS,113.39,10915.73,1f9367ac-01b0-4c82-83a1-4069d4340667
2020-12-30,2020,12,Q4,NFS_ATM_CASH_WITHDRAWAL,111.72,4511.2,1f9367ac-01b0-4c82-83a1-4069d4340667
2020-12-30,2020,12,Q4,UPI,724.92,14315.01,1f9367ac-01b0-4c82-83a1-4069d4340667
2020-12-31,2020,12,Q4,IMPS,128.96,12676.07,1f9367ac-01b0-4c82-83a1-4069d4340667
2020-12-31,2020,12,Q4,NFS_ATM_CASH_WITHDRAWAL,123.62,5021.71,1f9367ac-01b0-4c82-83a1-4069d4340667
2020-12-31,2020,12,Q4,UPI,767.98,15428.54,1f9367ac-01b0-4c82-83a1-4069d4340667
2021-01-01,2021,1,Q1,IMPS,115.56,9706.83,1f9367ac-01b0-4c82-83a1-4069d4340667
2021-01-01,2021,1,Q1,NFS_ATM_CASH_WITHDRAWAL,120.04,4841.55,1f9367ac-01b0-4c82-83a1-4069d4340667
2021-01-01,2021,1,Q1,UPI,767.15,14291.54,1f9367ac-01b0-4c82-83a1-4069d4340667
2021-01-02,2021,1,Q1,IMPS,121.68,10670.38,1f9367ac-01b0-4c82-83a1-4069d4340667
2021-01-02,2021,1,Q1,NFS_ATM_CASH_WITHDRAWAL,129.06,5784.65,1f9367ac-01b0-4c82-83a1-4069d4340667
2021-01-02,2021,1,Q1,UPI,792.19,16441.23,1f9367ac-01b0-4c82-83a1-4069d4340667
2021-01-03,2021,1,Q1,IMPS,100.87,6925.4,1f9367ac-01b0-4c82-83a1-4069d4340667
2021-01-03,2021,1,Q1,NFS_ATM_CASH_WITHDRAWAL,107.43,4265.5,1f9367ac-01b0-4c82-83a1-4069d4340667
2021-01-03,2021,1,Q1,UPI,712.39,11999.27,1f9367ac-01b0-4c82-83a1-4069d4340667
2021-01-04,2021,1,Q1,IMPS,125.94,12061.39,1f9367ac-01b0-4c82-83a1-4069d4340667
2021-01-04,2021,1,Q1,NFS_ATM_CASH_WITHDRAWAL,119.69,5284.18,1f9367ac-01b0-4c82-83a1-4069d4340667
2021-01-04,2021,1,Q1,UPI,797.78,17216.59,1f9367ac-01b0-4c82-83a1-4069d4340667
2021-01-05,2021,1,Q1,IMPS,124.11,11556.74,1f9367ac-01b0-4c82-83a1-4069d4340667
2021-01-05,2021,1,Q1,NFS_ATM_CASH_WITHDRAWAL,117.9,5191.22,1f9367ac-01b0-4c82-83a1-4069d4340667
2021-01-05,2021,1,Q1,UPI,782.2,16391.11,1f9367ac-01b0-4c82-83a1-4069d4340667
2021-01-06,2021,1,Q1,IMPS,121.71,10857.3,1f9367ac-01b0-4c82-83a1-4069d4340667
2021-01-06,2021,1,Q1,NFS_ATM_CASH_WITHDRAWAL,116.84,5072.33,1f9367ac-01b0-4c82-83a1-4069d4340667
2021-01-06,2021,1,Q1,UPI,795.3,16315.32,1f9367ac-01b0-4c82-83a1-4069d4340667
2021-01-07,2021,1,Q1,IMPS,120.31,10822.03,1f9367ac-01b0-4c82-83a1-4069d4340667
2021-01-07,2021,1,Q1,NFS_ATM_CASH_WITHDRAWAL,121.9,5318.28,1f9367ac-01b0-4c82-83a1-4069d4340667
2021-01-07,2021,1,Q1,UPI,786.63,15903.99,1f9367ac-01b0-4c82-83a1-4069d4340667
2021-01-08,2021,1,Q1,IMPS,116.93,10622.63,1f9367ac-01b0-4c82-83a1-4069d4340667
2021-01-08,2021,1,Q1,NFS_ATM_CASH_WITHDRAWAL,125.61,5456.31,1f9367ac-01b0-4c82-83a1-4069d4340667
2021-01-08,2021,1,Q1,UPI,765.97,15067.11,1f9367ac-01b0-4c82-83a1-4069d4340667
2021-01-09,2021,1,Q1,IMPS,113.0,9006.03,1f9367ac-01b0-4c82-83a1-4069d4340667
2021-01-09,2021,1,Q1,NFS_ATM_CASH_WITHDRAWAL,124.34,5332.39,1f9367ac-01b0-4c82-83a1-4069d4340667
2021-01-09,2021,1,Q1,UPI,755.92,13575.18,1f9367ac-01b0-4c82-83a1-4069d4340667
2021-01-10,2021,1,Q1,IMPS,98.89,6124.66,1f9367ac-01b0-4c82-83a1-4069d4340667
2021-01-10,2021,1,Q1,NFS_ATM_CASH_WITHDRAWAL,104.06,4018.98,1f9367ac-01b0-4c82-83a1-4069d4340667
2021-01-10,2021,1,Q1,UPI,730.55,11442.15,1f9367ac-01b0-4c82-83a1-4069d4340667
2021-01-11,2021,1,Q1,IMPS,129.59,11567.12,1f9367ac-01b0-4c82-83a1-4069d4340667
2021-01-11,2021,1,Q1,NFS_ATM_CASH_WITHDRAWAL,121.41,5276.54,1f9367ac-01b0-4c82-83a1-4069d4340667
2021-01-11,2021,1,Q1,UPI,790.01,16385.67,1f9367ac-01b0-4c82-83a1-4069d4340667
2021-01-12,2021,1,Q1,IMPS,125.62,11060.55,1f9367ac-01b0-4c82-83a1-4069d4340667
2021-01-12,2021,1,Q1,NFS_ATM_CASH_WITHDRAWAL,131.02,5741.31,1f9367ac-01b0-4c82-83a1-4069d4340667
2021-01-12,2021,1,Q1,UPI,796.26,16106.04,1f9367ac-01b0-4c82-83a1-4069d4340667
2021-01-13,2021,1,Q1,IMPS,117.3,9951.27,1f9367ac-01b0-4c82-83a1-4069d4340667
2021-01-13,2021,1,Q1,NFS_ATM_CASH_WITHDRAWAL,130.65,5428.69,1f9367ac-01b0-4c82-83a1-4069d4340667
2021-01-13,2021,1,Q1,UPI,799.33,15247.81,1f9367ac-01b0-4c82-83a1-4069d4340667
2021-01-14,2021,1,Q1,IMPS,105.3,7871.07,1f9367ac-01b0-4c82-83a1-4069d4340667
2021-01-14,2021,1,Q1,NFS_ATM_CASH_WITHDRAWAL,104.65,4089.24,1f9367ac-01b0-4c82-83a1-4069d4340667
2021-01-14,2021,1,Q1,UPI,709.06,12055.99,1f9367ac-01b0-4c82-83a1-4069d4340667
2021-01-15,2021,1,Q1,IMPS,103.3,8433.01,1f9367ac-01b0-4c82-83a1-4069d4340667
2021-01-15,2021,1,Q1,NFS_ATM_CASH_WITHDRAWAL,105.76,4242.85,1f9367ac-01b0-4c82-83a1-4069d4340667
2021-01-15,2021,1,Q1,UPI,716.84,12896.46,1f9367ac-01b0-4c82-83a1-4069d4340667
2021-01-16,2021,1,Q1,IMPS,102.34,7951.18,1f9367ac-01b0-4c82-83a1-4069d4340667
2021-01-16,2021,1,Q1,NFS_ATM_CASH_WITHDRAWAL,110.68,4428.69,1f9367ac-01b0-4c82-83a1-4069d4340667
2021-01-16,2021,1,Q1,UPI,736.58,13098.51,1f9367ac-01b0-4c82-83a1-4069d4340667
2021-01-17,2021,1,Q1,IMPS,92.32,5163.63,1f9367ac-01b0-4c82-83a1-4069d4340667
2021-01-17,2021,1,Q1,NFS_ATM_CASH_WITHDRAWAL,97.92,3528.38,1f9367ac-01b0-4c82-83a1-4069d4340667
2021-01-17,2021,1,Q1,UPI,693.63,10040.86,1f9367ac-01b0-4c82-83a1-4069d4340667
2021-01-18,2021,1,Q1,IMPS,113.21,9934.98,1f9367ac-01b0-4c82-83a1-4069d4340667
2021-01-18,2021,1,Q1,NFS_ATM_CASH_WITHDRAWAL,108.9,4371.84,1f9367ac-01b0-4c82-83a1-4069d4340667
2021-01-18,2021,1,Q1,UPI,742.75,14349.75,1f9367ac-01b0-4c82-83a1-4069d4340667
2021-01-19,2021,1,Q1,IMPS,110.88,9538.96,1f9367ac-01b0-4c82-83a1-4069d4340667
2021-01-19,2021,1,Q1,NFS_ATM_CASH_WITHDRAWAL,106.66,4249.85,1f9367ac-01b0-4c82-83a1-4069d4340667
2021-01-19,2021,1,Q1,UPI,726.82,13969.89,1f9367ac-01b0-4c82-83a1-4069d4340667
2021-01-20,2021,1,Q1,IMPS,113.67,9776.08,1f9367ac-01b0-4c82-83a1-4069d4340667
2021-01-20,2021,1,Q1,NFS_ATM_CASH_WITHDRAWAL,107.63,4279.53,1f9367ac-01b0-4c82-83a1-4069d4340667
2021-01-20,2021,1,Q1,UPI,768.51,15105.77,1f9367ac-01b0-4c82-83a1-4069d4340667
2021-01-21,2021,1,Q1,IMPS,112.56,9770.02,1f9367ac-01b0-4c82-83a1-4069d4340667
2021-01-21,2021,1,Q1,NFS_ATM_CASH_WITHDRAWAL,102.41,4046.42,1f9367ac-01b0-4c82-83a1-4069d4340667
2021-01-21,2021,1,Q1,UPI,759.64,14635.65,1f9367ac-01b0-4c82-83a1-4069d4340667
2021-01-22,2021,1,Q1,IMPS,111.2,9680.66,1f9367ac-01b0-4c82-83a1-4069d4340667
2021-01-22,2021,1,Q1,NFS_ATM_CASH_WITHDRAWAL,103.67,4078.62,1f9367ac-01b0-4c82-83a1-4069d4340667
2021-01-22,2021,1,Q1,UPI,751.68,14181.12,1f9367ac-01b0-4c82-83a1-4069d4340667
2021-01-23,2021,1,Q1,IMPS,103.96,7659.04,1f9367ac-01b0-4c82-83a1-4069d4340667
2021-01-23,2021,1,Q1,NFS_ATM_CASH_WITHDRAWAL,102.86,4020.06,1f9367ac-01b0-4c82-83a1-4069d4340667
2021-01-23,2021,1,Q1,UPI,713.0,11968.34,1f9367ac-01b0-4c82-83a1-4069d4340667
2021-01-24,2021,1,Q1,IMPS,89.54,4933.85,1f9367ac-01b0-4c82-83a1-4069d4340667
2021-01-24,2021,1,Q1,NFS_ATM_CASH_WITHDRAWAL,92.93,3195.36,1f9367ac-01b0-4c82-83a1-4069d4340667
2021-01-24,2021,1,Q1,UPI,589.58,8051.95,1f9367ac-01b0-4c82-83a1-4069d4340667
2021-01-25,2021,1,Q1,IMPS,113.1,10204.44,1f9367ac-01b0-4c82-83a1-4069d4340667
2021-01-25,2021,1,Q1,NFS_ATM_CASH_WITHDRAWAL,107.9,4243.13,1f9367ac-01b0-4c82-83a1-4069d4340667
2021-01-25,2021,1,Q1,UPI,724.19,14185.07,1f9367ac-01b0-4c82-83a1-4069d4340667
2021-01-26,2021,1,Q1,IMPS,90.3,6222.34,1f9367ac-01b0-4c82-83a1-4069d4340667
2021-01-26,2021,1,Q1,NFS_ATM_CASH_WITHDRAWAL,92.84,3362.23,1f9367ac-01b0-4c82-83a1-4069d4340667
2021-01-26,2021,1,Q1,UPI,682.29,10407.76,1f9367ac-01b0-4c82-83a1-4069d4340667
2021-01-27,2021,1,Q1,IMPS,108.53,10179.98,1f9367ac-01b0-4c82-83a1-4069d4340667
2021-01-27,2021,1,Q1,NFS_ATM_CASH_WITHDRAWAL,104.75,4141.5,1f9367ac-01b0-4c82-83a1-4069d4340667
2021-01-27,2021,1,Q1,UPI,705.02,13936.0,1f9367ac-01b0-4c82-83a1-4069d4340667
2021-01-28,2021,1,Q1,IMPS,111.32,10203.63,1f9367ac-01b0-4c82-83a1-4069d4340667
2021-01-28,2021,1,Q1,NFS_ATM_CASH_WITHDRAWAL,101.17,4018.4,1f9367ac-01b0-4c82-83a1-4069d4340667
2021-01-28,2021,1,Q1,UPI,691.55,13304.92,1f9367ac-01b0-4c82-83a1-4069d4340667
2021-01-29,2021,1,Q1,IMPS,122.41,11531.54,1f9367ac-01b0-4c82-83a1-4069d4340667
2021-01-29,2021,1,Q1,NFS_ATM_CASH_WITHDRAWAL,106.19,4331.57,1f9367ac-01b0-4c82-83a1-4069d4340667
2021-01-29,2021,1,Q1,UPI,758.33,15526.32,1f9367ac-01b0-4c82-83a1-4069d4340667
2021-01-30,2021,1,Q1,IMPS,125.05,11291.88,1f9367ac-01b0-4c82-83a1-4069d4340667
2021-01-30,2021,1,Q1,NFS_ATM_CASH_WITHDRAWAL,118.74,5063.38,1f9367ac-01b0-4c82-83a1-4069d4340667
2021-01-30,2021,1,Q1,UPI,778.35,15636.1,1f9367ac-01b0-4c82-83a1-4069d4340667
2021-01-31,2021,1,Q1,IMPS,105.02,7258.9,1f9367ac-01b0-4c82-83a1-4069d4340667
2021-01-31,2021,1,Q1,NFS_ATM_CASH_WITHDRAWAL,107.06,4112.3,1f9367ac-01b0-4c82-83a1-4069d4340667
2021-01-31,2021,1,Q1,UPI,707.78,11448.43,1f9367ac-01b0-4c82-83a1-4069d4340667
2021-02-01,2021,2,Q1,IMPS,133.17,12923.83,1f9367ac-01b0-4c82-83a1-4069d4340667
2021-02-01,2021,2,Q1,NFS_ATM_CASH_WITHDRAWAL,124.12,5520.94,1f9367ac-01b0-4c82-83a1-4069d4340667
2021-02-01,2021,2,Q1,UPI,835.85,18468.88,1f9367ac-01b0-4c82-83a1-4069d4340667
2021-02-02,2021,2,Q1,IMPS,132.75,11881.6,1f9367ac-01b0-4c82-83a1-4069d4340667
2021-02-02,2021,2,Q1,NFS_ATM_CASH_WITHDRAWAL,124.07,5516.58,1f9367ac-01b0-4c82-83a1-4069d4340667
2021-02-02,2021,2,Q1,UPI,817.28,17017.33,1f9367ac-01b0-4c82-83a1-4069d4340667
2021-02-03,2021,2,Q1,IMPS,125.37,11167.91,1f9367ac-01b0-4c82-83a1-4069d4340667
2021-02-03,2021,2,Q1,NFS_ATM_CASH_WITHDRAWAL,123.01,5373.16,1f9367ac-01b0-4c82-83a1-4069d4340667
2021-02-03,2021,2,Q1,UPI,809.71,16419.83,1f9367ac-01b0-4c82-83a1-4069d4340667
2021-02-04,2021,2,Q1,IMPS,127.56,11476.32,1f9367ac-01b0-4c82-83a1-4069d4340667
2021-02-04,2021,2,Q1,NFS_ATM_CASH_WITHDRAWAL,116.54,5032.2,1f9367ac-01b0-4c82-83a1-4069d4340667
2021-02-04,2021,2,Q1,UPI,813.15,16525.55,1f9367ac-01b0-4c82-83a1-4069d4340667
2021-02-05,2021,2,Q1,IMPS,123.8,10960.66,1f9367ac-01b0-4c82-83a1-4069d4340667
2021-02-05,2021,2,Q1,NFS_ATM_CASH_WITHDRAWAL,119.66,5125.99,1f9367ac-01b0-4c82-83a1-4069d4340667
2021-02-05,2021,2,Q1,UPI,846.0,16576.05,1f9367ac-01b0-4c82-83a1-4069d4340667
2021-02-06,2021,2,Q1,IMPS,119.5,10332.56,1f9367ac-01b0-4c82-83a1-4069d4340667
2021-02-06,2021,2,Q1,NFS_ATM_CASH_WITHDRAWAL,127.79,5536.21,1f9367ac-01b0-4c82-83a1-4069d4340667
2021-02-06,2021,2,Q1,UPI,859.11,16381.84,1f9367ac-01b0-4c82-83a1-4069d4340667
2021-02-07,2021,2,Q1,IMPS,103.58,6516.55,1f9367ac-01b0-4c82-83a1-4069d4340667
2021-02-07,2021,2,Q1,NFS_ATM_CASH_WITHDRAWAL,116.64,4565.37,1f9367ac-01b0-4c82-83a1-4069d4340667
2021-02-07,2021,2,Q1,UPI,812.38,12158.01,1f9367ac-01b0-4c82-83a1-4069d4340667
2021-02-08,2021,2,Q1,IMPS,126.56,11361.57,1f9367ac-01b0-4c82-83a1-4069d4340667
2021-02-08,2021,2,Q1,NFS_ATM_CASH_WITHDRAWAL,123.28,5279.17,1f9367ac-01b0-4c82-83a1-4069d4340667
2021-02-08,2021,2,Q1,UPI,830.29,16526.49,1f9367ac-01b0-4c82-83a1-4069d4340667
2021-02-09,2021,2,Q1,IMPS,123.07,11013.37,1f9367ac-01b0-4c82-83a1-4069d4340667
2021-02-09,2021,2,Q1,NFS_ATM_CASH_WITHDRAWAL,124.51,5337.15,1f9367ac-01b0-4c82-83a1-4069d4340667
2021-02-09,2021,2,Q1,UPI,851.58,16665.88,1f9367ac-01b0-4c82-83a1-4069d4340667
2021-02-10,2021,2,Q1,IMPS,123.95,10964.25,1f9367ac-01b0-4c82-83a1-4069d4340667
2021-02-10,2021,2,Q1,NFS_ATM_CASH_WITHDRAWAL,128.6,5508.88,1f9367ac-01b0-4c82-83a1-4069d4340667
2021-02-10,2021,2,Q1,UPI,863.77,17089.0,1f9367ac-01b0-4c82-83a1-4069d4340667
2021-02-11,2021,2,Q1,IMPS,124.1,10597.96,1f9367ac-01b0-4c82-83a1-4069d4340667
2021-02-11,2021,2,Q1,NFS_ATM_CASH_WITHDRAWAL,122.03,5158.68,1f9367ac-01b0-4c82-83a1-4069d4340667
2021-02-11,2021,2,Q1,UPI,847.77,16136.53,1f9367ac-01b0-4c82-83a1-4069d4340667
2021-02-12,2021,2,Q1,IMPS,120.93,10378.63,1f9367ac-01b0-4c82-83a1-4069d4340667
2021-02-12,2021,2,Q1,NFS_ATM_CASH_WITHDRAWAL,121.72,5089.52,1f9367ac-01b0-4c82-83a1-4069d4340667
2021-02-12,2021,2,Q1,UPI,836.08,15632.23,1f9367ac-01b0-4c82-83a1-4069d4340667
2021-02-13,2021,2,Q1,IMPS,107.66,8078.61,1f9367ac-01b0-4c82-83a1-4069d4340667
2021-02-13,2021,2,Q1,NFS_ATM_CASH_WITHDRAWAL,117.05,4874.36,1f9367ac-01b0-4c82-83a1-4069d4340667
2021-02-13,2021,2,Q1,UPI,797.38,13406.04,1f9367ac-01b0-4c82-83a1-4069d4340667
2021-02-14,2021,2,Q1,IMPS,94.26,5416.61,1f9367ac-01b0-4c82-83a1-4069d4340667
2021-02-14,2021,2,Q1,NFS_ATM_CASH_WITHDRAWAL,102.66,3760.83,1f9367ac-01b0-4c82-83a1-4069d4340667
2021-02-14,2021,2,Q1,UPI,760.56,10714.19,1f9367ac-01b0-4c82-83a1-4069d4340667
2021-02-15,2021,2,Q1,IMPS,118.89,10559.07,1f9367ac-01b0-4c82-83a1-4069d4340667
2021-02-15,2021,2,Q1,NFS_ATM_CASH_WITHDRAWAL,118.05,4850.96,1f9367ac-01b0-4c82-83a1-4069d4340667
2021-02-15,2021,2,Q1,UPI,810.95,15853.05,1f9367ac-01b0-4c82-83a1-4069d4340667
2021-02-16,2021,2,Q1,IMPS,110.77,9567.47,1f9367ac-01b0-4c82-83a1-4069d4340667
2021-02-16,2021,2,Q1,NFS_ATM_CASH_WITHDRAWAL,111.88,4520.51,1f9367ac-01b0-4c82-83a1-4069d4340667
2021-02-16,2021,2,Q1,UPI,803.9,15074.43,1f9367ac-01b0-4c82-83a1-4069d4340667
2021-02-17,2021,2,Q1,IMPS,109.43,9842.89,1f9367ac-01b0-4c82-83a1-4069d4340667
2021-02-17,2021,2,Q1,NFS_ATM_CASH_WITHDRAWAL,111.5,4501.75,1f9367ac-01b0-4c82-83a1-4069d4340667
2021-02-17,2021,2,Q1,UPI,814.96,14883.53,1f9367ac-01b0-4c82-83a1-4069d4340667
2021-02-18,2021,2,Q1,IMPS,107.72,9563.46,1f9367ac-01b0-4c82-83a1-4069d4340667
2021-02-18,2021,2,Q1,NFS_ATM_CASH_WITHDRAWAL,107.13,4305.85,1f9367ac-01b0-4c82-83a1-4069d4340667
2021-02-18,2021,2,Q1,UPI,809.37,15014.25,1f9367ac-01b0-4c82-83a1-4069d4340667
2021-02-19,2021,2,Q1,IMPS,102.44,8996.59,1f9367ac-01b0-4c82-83a1-4069d4340667
2021-02-19,2021,2,Q1,NFS_ATM_CASH_WITHDRAWAL,106.01,4177.14,1f9367ac-01b0-4c82-83a1-4069d4340667
2021-02-19,2021,2,Q1,UPI,788.06,13981.94,1f9367ac-01b0-4c82-83a1-4069d4340667
2021-02-20,2021,2,Q1,IMPS,106.15,8775.78,1f9367ac-01b0-4c82-83a1-4069d4340667
2021-02-20,2021,2,Q1,NFS_ATM_CASH_WITHDRAWAL,114.85,4574.2,1f9367ac-01b0-4c82-83a1-4069d4340667
2021-02-20,2021,2,Q1,UPI,811.43,14406.39,1f9367ac-01b0-4c82-83a1-4069d4340667
2021-02-21,2021,2,Q1,IMPS,87.9,5223.28,1f9367ac-01b0-4c82-83a1-4069d4340667
2021-02-21,2021,2,Q1,NFS_ATM_CASH_WITHDRAWAL,101.13,3550.55,1f9367ac-01b0-4c82-83a1-4069d4340667
2021-02-21,2021,2,Q1,UPI,753.9,10512.08,1f9367ac-01b0-4c82-83a1-4069d4340667
2021-02-22,2021,2,Q1,IMPS,109.26,10041.8,1f9367ac-01b0-4c82-83a1-4069d4340667
2021-02-22,2021,2,Q1,NFS_ATM_CASH_WITHDRAWAL,107.33,4225.35,1f9367ac-01b0-4c82-83a1-4069d4340667
2021-02-22,2021,2,Q1,UPI,815.81,15458.36,1f9367ac-01b0-4c82-83a1-4069d4340667
2021-02-23,2021,2,Q1,IMPS,108.54,9865.76,1f9367ac-01b0-4c82-83a1-4069d4340667
2021-02-23,2021,2,Q1,NFS_ATM_CASH_WITHDRAWAL,104.53,4129.21,1f9367ac-01b0-4c82-83a1-4069d4340667
2021-02-23,2021,2,Q1,UPI,810.66,14883.16,1f9367ac-01b0-4c82-83a1-4069d4340667
2021-02-24,2021,2,Q1,IMPS,105.89,9727.19,1f9367ac-01b0-4c82-83a1-4069d4340667
2021-02-24,2021,2,Q1,NFS_ATM_CASH_WITHDRAWAL,106.25,4166.0,1f9367ac-01b0-4c82-83a1-4069d4340667
2021-02-24,2021,2,Q1,UPI,818.77,15108.13,1f9367ac-01b0-4c82-83a1-4069d4340667
2021-02-25,2021,2,Q1,IMPS,107.89,10258.55,1f9367ac-01b0-4c82-83a1-4069d4340667
2021-02-25,2021,2,Q1,NFS_ATM_CASH_WITHDRAWAL,105.62,4172.12,1f9367ac-01b0-4c82-83a1-4069d4340667
2021-02-25,2021,2,Q1,UPI,810.92,15282.2,1f9367ac-01b0-4c82-83a1-4069d4340667
2021-02-26,2021,2,Q1,IMPS,118.51,12419.67,1f9367ac-01b0-4c82-83a1-4069d4340667
2021-02-26,2021,2,Q1,NFS_ATM_CASH_WITHDRAWAL,110.26,4483.35,1f9367ac-01b0-4c82-83a1-4069d4340667
2021-02-26,2021,2,Q1,UPI,835.39,16838.18,1f9367ac-01b0-4c82-83a1-4069d4340667
2021-02-27,2021,2,Q1,IMPS,112.24,10162.68,1f9367ac-01b0-4c82-83a1-4069d4340667
2021-02-27,2021,2,Q1,NFS_ATM_CASH_WITHDRAWAL,117.8,4889.16,1f9367ac-01b0-4c82-83a1-4069d4340667
2021-02-27,2021,2,Q1,UPI,848.63,15541.31,1f9367ac-01b0-4c82-83a1-4069d4340667
2021-02-28,2021,2,Q1,IMPS,97.84,7155.75,1f9367ac-01b0-4c82-83a1-4069d4340667
2021-02-28,2021,2,Q1,NFS_ATM_CASH_WITHDRAWAL,104.51,3915.26,1f9367ac-01b0-4c82-83a1-4069d4340667
2021-02-28,2021,2,Q1,UPI,815.28,12507.9,1f9367ac-01b0-4c82-83a1-4069d4340667
2021-03-01,2021,3,Q1,IMPS,131.34,13199.46,1f9367ac-01b0-4c82-83a1-4069d4340667
2021-03-01,2021,3,Q1,NFS_ATM_CASH_WITHDRAWAL,122.04,5404.69,1f9367ac-01b0-4c82-83a1-4069d4340667
2021-03-01,2021,3,Q1,UPI,931.35,20137.82,1f9367ac-01b0-4c82-83a1-4069d4340667
2021-03-02,2021,3,Q1,IMPS,130.66,13410.64,1f9367ac-01b0-4c82-83a1-4069d4340667
2021-03-02,2021,3,Q1,NFS_ATM_CASH_WITHDRAWAL,127.27,5733.41,1f9367ac-01b0-4c82-83a1-4069d4340667
2021-03-02,2021,3,Q1,UPI,923.65,19359.29,1f9367ac-01b0-4c82-83a1-4069d4340667
2021-03-03,2021,3,Q1,IMPS,124.42,12433.85,1f9367ac-01b0-4c82-83a1-4069d4340667
2021-03-03,2021,3,Q1,NFS_ATM_CASH_WITHDRAWAL,126.06,5535.62,1f9367ac-01b0-4c82-83a1-4069d4340667
2021-03-03,2021,3,Q1,UPI,887.95,18133.93,1f9367ac-01b0-4c82-83a1-4069d4340667
2021-03-04,2021,3,Q1,IMPS,123.92,12242.41,1f9367ac-01b0-4c82-83a1-4069d4340667
2021-03-04,2021,3,Q1,NFS_ATM_CASH_WITHDRAWAL,120.97,5239.99,1f9367ac-01b0-4c82-83a1-4069d4340667
2021-03-04,2021,3,Q1,UPI,918.98,18836.35,1f9367ac-01b0-4c82-83a1-4069d4340667
2021-03-05,2021,3,Q1,IMPS,122.88,11775.11,1f9367ac-01b0-4c82-83a1-4069d4340667
2021-03-05,2021,3,Q1,NFS_ATM_CASH_WITHDRAWAL,121.59,5205.43,1f9367ac-01b0-4c82-83a1-4069d4340667
2021-03-05,2021,3,Q1,UPI,921.15,18226.84,1f9367ac-01b0-4c82-83a1-4069d4340667
2021-03-06,2021,3,Q1,IMPS,114.27,10809.35,1f9367ac-01b0-4c82-83a1-4069d4340667
2021-03-06,2021,3,Q1,NFS_ATM_CASH_WITHDRAWAL,130.43,5649.22,1f9367ac-01b0-4c82-83a1-4069d4340667
2021-03-06,2021,3,Q1,UPI,897.01,17171.99,1f9367ac-01b0-4c82-83a1-4069d4340667
2021-03-07,2021,3,Q1,IMPS,100.07,6727.74,1f9367ac-01b0-4c82-83a1-4069d4340667
2021-03-07,2021,3,Q1,NFS_ATM_CASH_WITHDRAWAL,117.65,4592.17,1f9367ac-01b0-4c82-83a1-4069d4340667
2021-03-07,2021,3,Q1,UPI,870.99,13251.52,1f9367ac-01b0-4c82-83a1-4069d4340667
2021-03-08,2021,3,Q1,IMPS,118.23,10442.51,1f9367ac-01b0-4c82-83a1-4069d4340667
2021-03-08,2021,3,Q1,NFS_ATM_CASH_WITHDRAWAL,122.27,5251.78,1f9367ac-01b0-4c82-83a1-4069d4340667
2021-03-08,2021,3,Q1,UPI,924.45,18178.63,1f9367ac-01b0-4c82-83a1-4069d4340667
2021-03-09,2021,3,Q1,IMPS,126.85,11949.67,1f9367ac-01b0-4c82-83a1-4069d4340667
2021-03-09,2021,3,Q1,NFS_ATM_CASH_WITHDRAWAL,126.55,5446.43,1f9367ac-01b0-4c82-83a1-4069d4340667
2021-03-09,2021,3,Q1,UPI,929.41,18159.23,1f9367ac-01b0-4c82-83a1-4069d4340667
2021-03-10,2021,3,Q1,IMPS,132.35,12171.25,1f9367ac-01b0-4c82-83a1-4069d4340667
2021-03-10,2021,3,Q1,NFS_ATM_CASH_WITHDRAWAL,133.92,5743.5,1f9367ac-01b0-4c82-83a1-4069d4340667
2021-03-10,2021,3,Q1,UPI,959.21,19087.27,1f9367ac-01b0-4c82-83a1-4069d4340667
2021-03-11,2021,3,Q1,IMPS,115.32,9224.48,1f9367ac-01b0-4c82-83a1-4069d4340667
2021-03-11,2021,3,Q1,NFS_ATM_CASH_WITHDRAWAL,116.2,4711.51,1f9367ac-01b0-4c82-83a1-4069d4340667
2021-03-11,2021,3,Q1,UPI,866.3,14920.18,1f9367ac-01b0-4c82-83a1-4069d4340667
2021-03-12,2021,3,Q1,IMPS,126.05,11221.19,1f9367ac-01b0-4c82-83a1-4069d4340667
2021-03-12,2021,3,Q1,NFS_ATM_CASH_WITHDRAWAL,120.12,5115.11,1f9367ac-01b0-4c82-83a1-4069d4340667
2021-03-12,2021,3,Q1,UPI,892.83,16750.51,1f9367ac-01b0-4c82-83a1-4069d4340667
2021-03-13,2021,3,Q1,IMPS,116.28,9176.48,1f9367ac-01b0-4c82-83a1-4069d4340667
2021-03-13,2021,3,Q1,NFS_ATM_CASH_WITHDRAWAL,121.3,5099.79,1f9367ac-01b0-4c82-83a1-4069d4340667
2021-03-13,2021,3,Q1,UPI,881.74,15106.81,1f9367ac-01b0-4c82-83a1-4069d4340667
2021-03-14,2021,3,Q1,IMPS,99.34,6270.46,1f9367ac-01b0-4c82-83a1-4069d4340667
2021-03-14,2021,3,Q1,NFS_ATM_CASH_WITHDRAWAL,105.34,3925.13,1f9367ac-01b0-4c82-83a1-4069d4340667
2021-03-14,2021,3,Q1,UPI,778.18,10795.13,1f9367ac-01b0-4c82-83a1-4069d4340667
2021-03-15,2021,3,Q1,IMPS,127.07,11035.34,1f9367ac-01b0-4c82-83a1-4069d4340667
2021-03-15,2021,3,Q1,NFS_ATM_CASH_WITHDRAWAL,110.93,4568.01,1f9367ac-01b0-4c82-83a1-4069d4340667
2021-03-15,2021,3,Q1,UPI,888.65,17078.68,1f9367ac-01b0-4c82-83a1-4069d4340667
2021-03-16,2021,3,Q1,IMPS,116.02,9520.45,1f9367ac-01b0-4c82-83a1-4069d4340667
2021-03-16,2021,3,Q1,NFS_ATM_CASH_WITHDRAWAL,99.38,3983.03,1f9367ac-01b0-4c82-83a1-4069d4340667
2021-03-16,2021,3,Q1,UPI,879.7,15014.8,1f9367ac-01b0-4c82-83a1-4069d4340667
2021-03-17,2021,3,Q1,IMPS,121.5,11279.16,1f9367ac-01b0-4c82-83a1-4069d4340667
2021-03-17,2021,3,Q1,NFS_ATM_CASH_WITHDRAWAL,113.31,4733.21,1f9367ac-01b0-4c82-83a1-4069d4340667
2021-03-17,2021,3,Q1,UPI,889.05,17307.19,1f9367ac-01b0-4c82-83a1-4069d4340667
2021-03-18,2021,3,Q1,IMPS,120.28,10998.05,1f9367ac-01b0-4c82-83a1-4069d4340667
2021-03-18,2021,3,Q1,NFS_ATM_CASH_WITHDRAWAL,112.33,4693.35,1f9367ac-01b0-4c82-83a1-4069d4340667
2021-03-18,2021,3,Q1,UPI,887.01,16791.68,1f9367ac-01b0-4c82-83a1-4069d4340667
2021-03-19,2021,3,Q1,IMPS,120.82,10756.53,1f9367ac-01b0-4c82-83a1-4069d4340667
2021-03-19,2021,3,Q1,NFS_ATM_CASH_WITHDRAWAL,112.66,4628.49,1f9367ac-01b0-4c82-83a1-4069d4340667
2021-03-19,2021,3,Q1,UPI,881.98,16549.78,1f9367ac-01b0-4c82-83a1-4069d4340667
2021-03-20,2021,3,Q1,IMPS,115.59,10061.08,1f9367ac-01b0-4c82-83a1-4069d4340667
2021-03-20,2021,3,Q1,NFS_ATM_CASH_WITHDRAWAL,117.04,4821.63,1f9367ac-01b0-4c82-83a1-4069d4340667
2021-03-20,2021,3,Q1,UPI,893.8,16114.6,1f9367ac-01b0-4c82-83a1-4069d4340667
2021-03-21,2021,3,Q1,IMPS,97.09,5942.4,1f9367ac-01b0-4c82-83a1-4069d4340667
2021-03-21,2021,3,Q1,NFS_ATM_CASH_WITHDRAWAL,101.43,3674.47,1f9367ac-01b0-4c82-83a1-4069d4340667
2021-03-21,2021,3,Q1,UPI,813.0,11625.59,1f9367ac-01b0-4c82-83a1-4069d4340667
2021-03-22,2021,3,Q1,IMPS,120.84,10978.54,1f9367ac-01b0-4c82-83a1-4069d4340667
2021-03-22,2021,3,Q1,NFS_ATM_CASH_WITHDRAWAL,109.96,4475.15,1f9367ac-01b0-4c82-83a1-4069d4340667
2021-03-22,2021,3,Q1,UPI,873.17,16846.96,1f9367ac-01b0-4c82-83a1-4069d4340667
2021-03-23,2021,3,Q1,IMPS,117.79,10811.55,1f9367ac-01b0-4c82-83a1-4069d4340667
2021-03-23,2021,3,Q1,NFS_ATM_CASH_WITHDRAWAL,107.15,4351.53,1f9367ac-01b0-4c82-83a1-4069d4340667
2021-03-23,2021,3,Q1,UPI,873.33,16338.27,1f9367ac-01b0-4c82-83a1-4069d4340667
2021-03-24,2021,3,Q1,IMPS,118.75,11021.39,1f9367ac-01b0-4c82-83a1-4069d4340667
2021-03-24,2021,3,Q1,NFS_ATM_CASH_WITHDRAWAL,111.41,4515.56,1f9367ac-01b0-4c82-83a1-4069d4340667
2021-03-24,2021,3,Q1,UPI,880.58,16911.96,1f9367ac-01b0-4c82-83a1-4069d4340667
2021-03-25,2021,3,Q1,IMPS,122.95,11869.6,1f9367ac-01b0-4c82-83a1-4069d4340667
2021-03-25,2021,3,Q1,NFS_ATM_CASH_WITHDRAWAL,112.69,4632.11,1f9367ac-01b0-4c82-83a1-4069d4340667
2021-03-25,2021,3,Q1,UPI,888.41,17301.18,1f9367ac-01b0-4c82-83a1-4069d4340667
2021-03-26,2021,3,Q1,IMPS,123.44,12111.47,1f9367ac-01b0-4c82-83a1-4069d4340667
2021-03-26,2021,3,Q1,NFS_ATM_CASH_WITHDRAWAL,114.77,4741.59,1f9367ac-01b0-4c82-83a1-4069d4340667
2021-03-26,2021,3,Q1,UPI,905.65,16867.73,1f9367ac-01b0-4c82-83a1-4069d4340667
2021-03-27,2021,3,Q1,IMPS,115.17,10017.64,1f9367ac-01b0-4c82-83a1-4069d4340667
2021-03-27,2021,3,Q1,NFS_ATM_CASH_WITHDRAWAL,123.19,4990.28,1f9367ac-01b0-4c82-83a1-4069d4340667
2021-03-27,2021,3,Q1,UPI,883.98,15316.88,1f9367ac-01b0-4c82-83a1-4069d4340667
2021-03-28,2021,3,Q1,IMPS,93.85,5927.21,1f9367ac-01b0-4c82-83a1-4069d4340667
2021-03-28,2021,3,Q1,NFS_ATM_CASH_WITHDRAWAL,97.19,3324.02,1f9367ac-01b0-4c82-83a1-4069d4340667
2021-03-28,2021,3,Q1,UPI,820.79,10761.31,1f9367ac-01b0-4c82-83a1-4069d4340667
2021-03-29,2021,3,Q1,IMPS,76.74,6064.63,1f9367ac-01b0-4c82-83a1-4069d4340667
2021-03-29,2021,3,Q1,NFS_ATM_CASH_WITHDRAWAL,69.34,2413.21,1f9367ac-01b0-4c82-83a1-4069d4340667
2021-03-29,2021,3,Q1,UPI,689.6,9607.64,1f9367ac-01b0-4c82-83a1-4069d4340667
2021-03-30,2021,3,Q1,IMPS,110.75,11787.65,1f9367ac-01b0-4c82-83a1-4069d4340667
2021-03-30,2021,3,Q1,NFS_ATM_CASH_WITHDRAWAL,102.32,4090.18,1f9367ac-01b0-4c82-83a1-4069d4340667
2021-03-30,2021,3,Q1,UPI,856.44,16167.59,1f9367ac-01b0-4c82-83a1-4069d4340667
2021-03-31,2021,3,Q1,IMPS,130.81,15998.78,1f9367ac-01b0-4c82-83a1-4069d4340667
2021-03-31,2021,3,Q1,NFS_ATM_CASH_WITHDRAWAL,116.5,4917.42,1f9367ac-01b0-4c82-83a1-4069d4340667
2021-03-31,2021,3,Q1,UPI,928.51,20169.11,1f9367ac-01b0-4c82-83a1-4069d4340667
2021-04-01,2021,4,Q2,IMPS,102.39,10151.27,1f9367ac-01b0-4c82-83a1-4069d4340667
2021-04-01,2021,4,Q2,NFS_ATM_CASH_WITHDRAWAL,107.23,4462.04,1f9367ac-01b0-4c82-83a1-4069d4340667
2021-04-01,2021,4,Q2,UPI,769.5,14169.04,1f9367ac-01b0-4c82-83a1-4069d4340667
2021-04-02,2021,4,Q2,IMPS,124.09,11200.42,1f9367ac-01b0-4c82-83a1-4069d4340667
2021-04-02,2021,4,Q2,NFS_ATM_CASH_WITHDRAWAL,110.16,4624.34,1f9367ac-01b0-4c82-83a1-4069d4340667
2021-04-02,2021,4,Q2,UPI,898.85,16537.44,1f9367ac-01b0-4c82-83a1-4069d4340667
2021-04-03,2021,4,Q2,IMPS,129.49,13089.15,1f9367ac-01b0-4c82-83a1-4069d4340667
2021-04-03,2021,4,Q2,NFS_ATM_CASH_WITHDRAWAL,130.01,5915.34,1f9367ac-01b0-4c82-83a1-4069d4340667
2021-04-03,2021,4,Q2,UPI,963.87,19547.72,1f9367ac-01b0-4c82-83a1-4069d4340667
2021-04-04,2021,4,Q2,IMPS,104.41,7879.35,1f9367ac-01b0-4c82-83a1-4069d4340667
2021-04-04,2021,4,Q2,NFS_ATM_CASH_WITHDRAWAL,108.25,4460.89,1f9367ac-01b0-4c82-83a1-4069d4340667
2021-04-04,2021,4,Q2,UPI,883.7,14296.25,1f9367ac-01b0-4c82-83a1-4069d4340667
2021-04-05,2021,4,Q2,IMPS,131.99,13685.68,1f9367ac-01b0-4c82-83a1-4069d4340667
2021-04-05,2021,4,Q2,NFS_ATM_CASH_WITHDRAWAL,123.75,5614.37,1f9367ac-01b0-4c82-83a1-4069d4340667
2021-04-05,2021,4,Q2,UPI,949.94,20006.52,1f9367ac-01b0-4c82-83a1-4069d4340667
2021-04-06,2021,4,Q2,IMPS,120.82,11934.6,1f9367ac-01b0-4c82-83a1-4069d4340667
2021-04-06,2021,4,Q2,NFS_ATM_CASH_WITHDRAWAL,112.49,5047.92,1f9367ac-01b0-4c82-83a1-4069d4340667
2021-04-06,2021,4,Q2,UPI,924.3,18445.55,1f9367ac-01b0-4c82-83a1-4069d4340667
2021-04-07,2021,4,Q2,IMPS,125.09,12561.93,1f9367ac-01b0-4c82-83a1-4069d4340667
2021-04-07,2021,4,Q2,NFS_ATM_CASH_WITHDRAWAL,123.68,5609.55,1f9367ac-01b0-4c82-83a1-4069d4340667
2021-04-07,2021,4,Q2,UPI,956.92,19190.78,1f9367ac-01b0-4c82-83a1-4069d4340667
2021-04-08,2021,4,Q2,IMPS,122.31,11803.57,1f9367ac-01b0-4c82-83a1-4069d4340667
2021-04-08,2021,4,Q2,NFS_ATM_CASH_WITHDRAWAL,127.13,5731.49,1f9367ac-01b0-4c82-83a1-4069d4340667
2021-04-08,2021,4,Q2,UPI,960.63,18638.51,1f9367ac-01b0-4c82-83a1-4069d4340667
2021-04-09,2021,4,Q2,IMPS,123.27,11825.28,1f9367ac-01b0-4c82-83a1-4069d4340667
2021-04-09,2021,4,Q2,NFS_ATM_CASH_WITHDRAWAL,128.78,5715.98,1f9367ac-01b0-4c82-83a1-4069d4340667
2021-04-09,2021,4,Q2,UPI,1004.67,18858.61,1f9367ac-01b0-4c82-83a1-4069d4340667
2021-04-10,2021,4,Q2,IMPS,109.72,9573.76,1f9367ac-01b0-4c82-83a1-4069d4340667
2021-04-10,2021,4,Q2,NFS_ATM_CASH_WITHDRAWAL,115.24,5121.97,1f9367ac-01b0-4c82-83a1-4069d4340667
2021-04-10,2021,4,Q2,UPI,930.11,16956.53,1f9367ac-01b0-4c82-83a1-4069d4340667
2021-04-11,2021,4,Q2,IMPS,94.54,6464.15,1f9367ac-01b0-4c82-83a1-4069d4340667
2021-04-11,2021,4,Q2,NFS_ATM_CASH_WITHDRAWAL,94.2,3726.2,1f9367ac-01b0-4c82-83a1-4069d4340667
2021-04-11,2021,4,Q2,UPI,855.49,12806.86,1f9367ac-01b0-4c82-83a1-4069d4340667
2021-04-12,2021,4,Q2,IMPS,132.41,12773.08,1f9367ac-01b0-4c82-83a1-4069d4340667
2021-04-12,2021,4,Q2,NFS_ATM_CASH_WITHDRAWAL,124.42,5448.04,1f9367ac-01b0-4c82-83a1-4069d4340667
2021-04-12,2021,4,Q2,UPI,1004.36,20461.95,1f9367ac-01b0-4c82-83a1-4069d4340667
2021-04-13,2021,4,Q2,IMPS,118.62,10289.53,1f9367ac-01b0-4c82-83a1-4069d4340667
2021-04-13,2021,4,Q2,NFS_ATM_CASH_WITHDRAWAL,120.17,5105.44,1f9367ac-01b0-4c82-83a1-4069d4340667
2021-04-13,2021,4,Q2,UPI,927.55,16563.22,1f9367ac-01b0-4c82-83a1-4069d4340667
2021-04-14,2021,4,Q2,IMPS,110.79,8866.7,1f9367ac-01b0-4c82-83a1-4069d4340667
2021-04-14,2021,4,Q2,NFS_ATM_CASH_WITHDRAWAL,101.33,4172.12,1f9367ac-01b0-4c82-83a1-4069d4340667
2021-04-14,2021,4,Q2,UPI,896.17,15217.21,1f9367ac-01b0-4c82-83a1-4069d4340667
2021-04-15,2021,4,Q2,IMPS,114.5,10943.63,1f9367ac-01b0-4c82-83a1-4069d4340667
2021-04-15,2021,4,Q2,NFS_ATM_CASH_WITHDRAWAL,101.85,4355.59,1f9367ac-01b0-4c82-83a1-4069d4340667
2021-04-15,2021,4,Q2,UPI,901.22,17662.85,1f9367ac-01b0-4c82-83a1-4069d4340667
2021-04-16,2021,4,Q2,IMPS,116.53,10608.11,1f9367ac-01b0-4c82-83a1-4069d4340667
2021-04-16,2021,4,Q2,NFS_ATM_CASH_WITHDRAWAL,105.03,4474.78,1f9367ac-01b0-4c82-83a1-4069d4340667
2021-04-16,2021,4,Q2,UPI,909.1,17173.74,1f9367ac-01b0-4c82-83a1-4069d4340667
2021-04-17,2021,4,Q2,IMPS,103.0,9074.59,1f9367ac-01b0-4c82-83a1-4069d4340667
2021-04-17,2021,4,Q2,NFS_ATM_CASH_WITHDRAWAL,98.52,4175.69,1f9367ac-01b0-4c82-83a1-4069d4340667
2021-04-17,2021,4,Q2,UPI,864.75,15764.69,1f9367ac-01b0-4c82-83a1-4069d4340667
2021-04-18,2021,4,Q2,IMPS,83.88,5636.82,1f9367ac-01b0-4c82-83a1-4069d4340667
2021-04-18,2021,4,Q2,NFS_ATM_CASH_WITHDRAWAL,76.97,2864.82,1f9367ac-01b0-4c82-83a1-4069d4340667
2021-04-18,2021,4,Q2,UPI,809.01,11456.18,1f9367ac-01b0-4c82-83a1-4069d4340667
2021-04-19,2021,4,Q2,IMPS,108.61,10128.24,1f9367ac-01b0-4c82-83a1-4069d4340667
2021-04-19,2021,4,Q2,NFS_ATM_CASH_WITHDRAWAL,105.72,4441.58,1f9367ac-01b0-4c82-83a1-4069d4340667
2021-04-19,2021,4,Q2,UPI,920.28,17808.09,1f9367ac-01b0-4c82-83a1-4069d4340667
2021-04-20,2021,4,Q2,IMPS,109.18,10209.3,1f9367ac-01b0-4c82-83a1-4069d4340667
2021-04-20,2021,4,Q2,NFS_ATM_CASH_WITHDRAWAL,97.67,4072.32,1f9367ac-01b0-4c82-83a1-4069d4340667
2021-04-20,2021,4,Q2,UPI,902.51,17153.95,1f9367ac-01b0-4c82-83a1-4069d4340667
2021-04-21,2021,4,Q2,IMPS,97.72,8675.78,1f9367ac-01b0-4c82-83a1-4069d4340667
2021-04-21,2021,4,Q2,NFS_ATM_CASH_WITHDRAWAL,91.13,3731.38,1f9367ac-01b0-4c82-83a1-4069d4340667
2021-04-21,2021,4,Q2,UPI,864.43,15185.21,1f9367ac-01b0-4c82-83a1-4069d4340667
2021-04-22,2021,4,Q2,IMPS,100.98,9557.17,1f9367ac-01b0-4c82-83a1-4069d4340667
2021-04-22,2021,4,Q2,NFS_ATM_CASH_WITHDRAWAL,91.43,3781.82,1f9367ac-01b0-4c82-83a1-4069d4340667
2021-04-22,2021,4,Q2,UPI,848.75,16262.77,1f9367ac-01b0-4c82-83a1-4069d4340667
2021-04-23,2021,4,Q2,IMPS,99.14,9640.3,1f9367ac-01b0-4c82-83a1-4069d4340667
2021-04-23,2021,4,Q2,NFS_ATM_CASH_WITHDRAWAL,93.59,3872.03,1f9367ac-01b0-4c82-83a1-4069d4340667
2021-04-23,2021,4,Q2,UPI,845.72,15809.46,1f9367ac-01b0-4c82-83a1-4069d4340667
2021-04-24,2021,4,Q2,IMPS,80.45,6963.52,1f9367ac-01b0-4c82-83a1-4069d4340667
2021-04-24,2021,4,Q2,NFS_ATM_CASH_WITHDRAWAL,77.52,3109.0,1f9367ac-01b0-4c82-83a1-4069d4340667
2021-04-24,2021,4,Q2,UPI,765.01,13210.5,1f9367ac-01b0-4c82-83a1-4069d4340667
2021-04-25,2021,4,Q2,IMPS,64.24,4729.37,1f9367ac-01b0-4c82-83a1-4069d4340667
2021-04-25,2021,4,Q2,NFS_ATM_CASH_WITHDRAWAL,53.78,2015.41,1f9367ac-01b0-4c82-83a1-4069d4340667
2021-04-25,2021,4,Q2,UPI,705.54,10166.47,1f9367ac-01b0-4c82-83a1-4069d4340667
2021-04-26,2021,4,Q2,IMPS,100.6,9710.9,1f9367ac-01b0-4c82-83a1-4069d4340667
2021-04-26,2021,4,Q2,NFS_ATM_CASH_WITHDRAWAL,95.7,3927.31,1f9367ac-01b0-4c82-83a1-4069d4340667
2021-04-26,2021,4,Q2,UPI,838.52,16495.37,1f9367ac-01b0-4c82-83a1-4069d4340667
2021-04-27,2021,4,Q2,IMPS,98.74,9658.21,1f9367ac-01b0-4c82-83a1-4069d4340667
2021-04-27,2021,4,Q2,NFS_ATM_CASH_WITHDRAWAL,90.6,3809.73,1f9367ac-01b0-4c82-83a1-4069d4340667
2021-04-27,2021,4,Q2,UPI,803.07,15635.89,1f9367ac-01b0-4c82-83a1-4069d4340667
2021-04-28,2021,4,Q2,IMPS,94.76,9458.31,1f9367ac-01b0-4c82-83a1-4069d4340667
2021-04-28,2021,4,Q2,NFS_ATM_CASH_WITHDRAWAL,87.21,3672.34,1f9367ac-01b0-4c82-83a1-4069d4340667
2021-04-28,2021,4,Q2,UPI,806.7,15920.58,1f9367ac-01b0-4c82-83a1-4069d4340667
2021-04-29,2021,4,Q2,IMPS,94.67,9745.75,1f9367ac-01b0-4c82-83a1-4069d4340667
2021-04-29,2021,4,Q2,NFS_ATM_CASH_WITHDRAWAL,85.11,3622.11,1f9367ac-01b0-4c82-83a1-4069d4340667
2021-04-29,2021,4,Q2,UPI,823.09,16046.25,1f9367ac-01b0-4c82-83a1-4069d4340667
2021-04-30,2021,4,Q2,IMPS,112.74,12703.87,1f9367ac-01b0-4c82-83a1-4069d4340667
2021-04-30,2021,4,Q2,NFS_ATM_CASH_WITHDRAWAL,103.73,4664.84,1f9367ac-01b0-4c82-83a1-4069d4340667
2021-04-30,2021,4,Q2,UPI,876.85,20215.49,1f9367ac-01b0-4c82-83a1-4069d4340667
2021-05-01,2021,5,Q2,IMPS,104.8,10646.35,1f9367ac-01b0-4c82-83a1-4069d4340667
2021-05-01,2021,5,Q2,NFS_ATM_CASH_WITHDRAWAL,89.03,4106.42,1f9367ac-01b0-4c82-83a1-4069d4340667
2021-05-01,2021,5,Q2,UPI,862.39,18140.21,1f9367ac-01b0-4c82-83a1-4069d4340667
2021-05-02,2021,5,Q2,IMPS,78.41,6749.53,1f9367ac-01b0-4c82-83a1-4069d4340667
2021-05-02,2021,5,Q2,NFS_ATM_CASH_WITHDRAWAL,61.7,2619.78,1f9367ac-01b0-4c82-83a1-4069d4340667
2021-05-02,2021,5,Q2,UPI,793.73,13692.47,1f9367ac-01b0-4c82-83a1-4069d4340667
2021-05-03,2021,5,Q2,IMPS,116.63,12312.89,1f9367ac-01b0-4c82-83a1-4069d4340667
2021-05-03,2021,5,Q2,NFS_ATM_CASH_WITHDRAWAL,104.16,4880.49,1f9367ac-01b0-4c82-83a1-4069d4340667
2021-05-03,2021,5,Q2,UPI,877.17,20191.07,1f9367ac-01b0-4c82-83a1-4069d4340667
2021-05-04,2021,5,Q2,IMPS,114.35,11591.18,1f9367ac-01b0-4c82-83a1-4069d4340667
2021-05-04,2021,5,Q2,NFS_ATM_CASH_WITHDRAWAL,101.84,4779.31,1f9367ac-01b0-4c82-83a1-4069d4340667
2021-05-04,2021,5,Q2,UPI,893.11,20005.02,1f9367ac-01b0-4c82-83a1-4069d4340667
2021-05-05,2021,5,Q2,IMPS,110.74,11266.32,1f9367ac-01b0-4c82-83a1-4069d4340667
2021-05-05,2021,5,Q2,NFS_ATM_CASH_WITHDRAWAL,97.78,4523.52,1f9367ac-01b0-4c82-83a1-4069d4340667
2021-05-05,2021,5,Q2,UPI,877.04,19438.15,1f9367ac-01b0-4c82-83a1-4069d4340667
2021-05-06,2021,5,Q2,IMPS,103.69,10467.42,1f9367ac-01b0-4c82-83a1-4069d4340667
2021-05-06,2021,5,Q2,NFS_ATM_CASH_WITHDRAWAL,92.86,4322.57,1f9367ac-01b0-4c82-83a1-4069d4340667
2021-05-06,2021,5,Q2,UPI,853.5,18425.68,1f9367ac-01b0-4c82-83a1-4069d4340667
2021-05-07,2021,5,Q2,IMPS,105.68,10408.47,1f9367ac-01b0-4c82-83a1-4069d4340667
2021-05-07,2021,5,Q2,NFS_ATM_CASH_WITHDRAWAL,100.96,4668.8,1f9367ac-01b0-4c82-83a1-4069d4340667
2021-05-07,2021,5,Q2,UPI,863.12,18247.77,1f9367ac-01b0-4c82-83a1-4069d4340667
2021-05-08,2021,5,Q2,IMPS,92.99,8612.39,1f9367ac-01b0-4c82-83a1-4069d4340667
2021-05-08,2021,5,Q2,NFS_ATM_CASH_WITHDRAWAL,98.15,4458.74,1f9367ac-01b0-4c82-83a1-4069d4340667
2021-05-08,2021,5,Q2,UPI,834.5,16365.41,1f9367ac-01b0-4c82-83a1-4069d4340667
2021-05-09,2021,5,Q2,IMPS,80.24,6277.19,1f9367ac-01b0-4c82-83a1-4069d4340667
2021-05-09,2021,5,Q2,NFS_ATM_CASH_WITHDRAWAL,77.87,3191.78,1f9367ac-01b0-4c82-83a1-4069d4340667
2021-05-09,2021,5,Q2,UPI,794.03,13425.59,1f9367ac-01b0-4c82-83a1-4069d4340667
2021-05-10,2021,5,Q2,IMPS,99.05,10295.57,1f9367ac-01b0-4c82-83a1-4069d4340667
2021-05-10,2021,5,Q2,NFS_ATM_CASH_WITHDRAWAL,84.57,3901.71,1f9367ac-01b0-4c82-83a1-4069d4340667
2021-05-10,2021,5,Q2,UPI,849.17,18772.21,1f9367ac-01b0-4c82-83a1-4069d4340667
2021-05-11,2021,5,Q2,IMPS,100.11,9957.27,1f9367ac-01b0-4c82-83a1-4069d4340667
2021-05-11,2021,5,Q2,NFS_ATM_CASH_WITHDRAWAL,92.55,4243.12,1f9367ac-01b0-4c82-83a1-4069d4340667
2021-05-11,2021,5,Q2,UPI,900.09,18267.37,1f9367ac-01b0-4c82-83a1-4069d4340667
2021-05-12,2021,5,Q2,IMPS,94.56,9296.18,1f9367ac-01b0-4c82-83a1-4069d4340667
2021-05-12,2021,5,Q2,NFS_ATM_CASH_WITHDRAWAL,90.14,4036.02,1f9367ac-01b0-4c82-83a1-4069d4340667
2021-05-12,2021,5,Q2,UPI,857.68,17402.93,1f9367ac-01b0-4c82-83a1-4069d4340667
2021-05-13,2021,5,Q2,IMPS,92.0,8511.6,1f9367ac-01b0-4c82-83a1-4069d4340667
2021-05-13,2021,5,Q2,NFS_ATM_CASH_WITHDRAWAL,87.02,3764.57,1f9367ac-01b0-4c82-83a1-4069d4340667
2021-05-13,2021,5,Q2,UPI,851.7,16038.79,1f9367ac-01b0-4c82-83a1-4069d4340667
2021-05-14,2021,5,Q2,IMPS,83.66,7189.25,1f9367ac-01b0-4c82-83a1-4069d4340667
2021-05-14,2021,5,Q2,NFS_ATM_CASH_WITHDRAWAL,75.96,3080.42,1f9367ac-01b0-4c82-83a1-4069d4340667
2021-05-14,2021,5,Q2,UPI,811.67,14038.22,1f9367ac-01b0-4c82-83a1-4069d4340667
2021-05-15,2021,5,Q2,IMPS,82.41,7528.11,1f9367ac-01b0-4c82-83a1-4069d4340667
2021-05-15,2021,5,Q2,NFS_ATM_CASH_WITHDRAWAL,80.52,3322.12,1f9367ac-01b0-4c82-83a1-4069d4340667
2021-05-15,2021,5,Q2,UPI,805.25,14824.99,1f9367ac-01b0-4c82-83a1-4069d4340667
2021-05-16,2021,5,Q2,IMPS,68.94,5139.88,1f9367ac-01b0-4c82-83a1-4069d4340667
2021-05-16,2021,5,Q2,NFS_ATM_CASH_WITHDRAWAL,62.6,2400.89,1f9367ac-01b0-4c82-83a1-4069d4340667
2021-05-16,2021,5,Q2,UPI,712.83,10804.95,1f9367ac-01b0-4c82-83a1-4069d4340667
2021-05-17,2021,5,Q2,IMPS,87.67,8757.45,1f9367ac-01b0-4c82-83a1-4069d4340667
2021-05-17,2021,5,Q2,NFS_ATM_CASH_WITHDRAWAL,77.66,3289.21,1f9367ac-01b0-4c82-83a1-4069d4340667
2021-05-17,2021,5,Q2,UPI,800.15,15977.6,1f9367ac-01b0-4c82-83a1-4069d4340667
2021-05-18,2021,5,Q2,IMPS,84.06,8218.29,1f9367ac-01b0-4c82-83a1-4069d4340667
2021-05-18,2021,5,Q2,NFS_ATM_CASH_WITHDRAWAL,74.06,3123.62,1f9367ac-01b0-4c82-83a1-4069d4340667
2021-05-18,2021,5,Q2,UPI,803.01,15314.82,1f9367ac-01b0-4c82-83a1-4069d4340667
2021-05-19,2021,5,Q2,IMPS,89.09,8487.11,1f9367ac-01b0-4c82-83a1-4069d4340667
2021-05-19,2021,5,Q2,NFS_ATM_CASH_WITHDRAWAL,74.37,3079.43,1f9367ac-01b0-4c82-83a1-4069d4340667
2021-05-19,2021,5,Q2,UPI,803.03,15542.35,1f9367ac-01b0-4c82-83a1-4069d4340667
2021-05-20,2021,5,Q2,IMPS,88.67,8488.18,1f9367ac-01b0-4c82-83a1-4069d4340667
2021-05-20,2021,5,Q2,NFS_ATM_CASH_WITHDRAWAL,73.04,3014.53,1f9367ac-01b0-4c82-83a1-4069d4340667
2021-05-20,2021,5,Q2,UPI,793.42,15265.44,1f9367ac-01b0-4c82-83a1-4069d4340667
2021-05-21,2021,5,Q2,IMPS,85.19,7973.03,1f9367ac-01b0-4c82-83a1-4069d4340667
2021-05-21,2021,5,Q2,NFS_ATM_CASH_WITHDRAWAL,77.15,3152.25,1f9367ac-01b0-4c82-83a1-4069d4340667
2021-05-21,2021,5,Q2,UPI,797.68,14967.99,1f9367ac-01b0-4c82-83a1-4069d4340667
2021-05-22,2021,5,Q2,IMPS,78.93,6801.02,1f9367ac-01b0-4c82-83a1-4069d4340667
2021-05-22,2021,5,Q2,NFS_ATM_CASH_WITHDRAWAL,74.81,2987.81,1f9367ac-01b0-4c82-83a1-4069d4340667
2021-05-22,2021,5,Q2,UPI,772.38,13312.11,1f9367ac-01b0-4c82-83a1-4069d4340667
2021-05-23,2021,5,Q2,IMPS,72.32,5154.26,1f9367ac-01b0-4c82-83a1-4069d4340667
2021-05-23,2021,5,Q2,NFS_ATM_CASH_WITHDRAWAL,73.89,2614.35,1f9367ac-01b0-4c82-83a1-4069d4340667
2021-05-23,2021,5,Q2,UPI,756.08,11237.42,1f9367ac-01b0-4c82-83a1-4069d4340667
2021-05-24,2021,5,Q2,IMPS,87.26,8863.4,1f9367ac-01b0-4c82-83a1-4069d4340667
2021-05-24,2021,5,Q2,NFS_ATM_CASH_WITHDRAWAL,73.76,3037.15,1f9367ac-01b0-4c82-83a1-4069d4340667
2021-05-24,2021,5,Q2,UPI,800.3,15851.67,1f9367ac-01b0-4c82-83a1-4069d4340667
2021-05-25,2021,5,Q2,IMPS,86.7,8442.06,1f9367ac-01b0-4c82-83a1-4069d4340667
2021-05-25,2021,5,Q2,NFS_ATM_CASH_WITHDRAWAL,70.89,2905.28,1f9367ac-01b0-4c82-83a1-4069d4340667
2021-05-25,2021,5,Q2,UPI,799.33,15027.36,1f9367ac-01b0-4c82-83a1-4069d4340667
2021-05-26,2021,5,Q2,IMPS,82.9,7449.62,1f9367ac-01b0-4c82-83a1-4069d4340667
2021-05-26,2021,5,Q2,NFS_ATM_CASH_WITHDRAWAL,67.42,2702.61,1f9367ac-01b0-4c82-83a1-4069d4340667
2021-05-26,2021,5,Q2,UPI,682.56,12817.62,1f9367ac-01b0-4c82-83a1-4069d4340667
2021-05-27,2021,5,Q2,IMPS,84.49,8020.21,1f9367ac-01b0-4c82-83a1-4069d4340667
2021-05-27,2021,5,Q2,NFS_ATM_CASH_WITHDRAWAL,68.0,2765.48,1f9367ac-01b0-4c82-83a1-4069d4340667
2021-05-27,2021,5,Q2,UPI,775.33,14644.79,1f9367ac-01b0-4c82-83a1-4069d4340667
2021-05-28,2021,5,Q2,IMPS,84.13,8340.1,1f9367ac-01b0-4c82-83a1-4069d4340667
2021-05-28,2021,5,Q2,NFS_ATM_CASH_WITHDRAWAL,72.11,2929.12,1f9367ac-01b0-4c82-83a1-4069d4340667
2021-05-28,2021,5,Q2,UPI,802.27,14803.08,1f9367ac-01b0-4c82-83a1-4069d4340667
2021-05-29,2021,5,Q2,IMPS,81.45,7589.33,1f9367ac-01b0-4c82-83a1-4069d4340667
2021-05-29,2021,5,Q2,NFS_ATM_CASH_WITHDRAWAL,72.33,2940.47,1f9367ac-01b0-4c82-83a1-4069d4340667
2021-05-29,2021,5,Q2,UPI,793.03,14114.81,1f9367ac-01b0-4c82-83a1-4069d4340667
2021-05-30,2021,5,Q2,IMPS,71.38,5342.91,1f9367ac-01b0-4c82-83a1-4069d4340667
2021-05-30,2021,5,Q2,NFS_ATM_CASH_WITHDRAWAL,65.79,2439.34,1f9367ac-01b0-4c82-83a1-4069d4340667
2021-05-30,2021,5,Q2,UPI,769.66,11414.94,1f9367ac-01b0-4c82-83a1-4069d4340667
2021-05-31,2021,5,Q2,IMPS,106.11,12112.87,1f9367ac-01b0-4c82-83a1-4069d4340667
2021-05-31,2021,5,Q2,NFS_ATM_CASH_WITHDRAWAL,88.8,3979.47,1f9367ac-01b0-4c82-83a1-4069d4340667
2021-05-31,2021,5,Q2,UPI,906.61,20732.78,1f9367ac-01b0-4c82-83a1-4069d4340667
2021-06-01,2021,6,Q2,IMPS,117.92,12615.42,1f9367ac-01b0-4c82-83a1-4069d4340667
2021-06-01,2021,6,Q2,NFS_ATM_CASH_WITHDRAWAL,97.97,4620.35,1f9367ac-01b0-4c82-83a1-4069d4340667
2021-06-01,2021,6,Q2,UPI,978.07,21837.51,1f9367ac-01b0-4c82-83a1-4069d4340667
2021-06-02,2021,6,Q2,IMPS,110.79,11264.75,1f9367ac-01b0-4c82-83a1-4069d4340667
2021-06-02,2021,6,Q2,NFS_ATM_CASH_WITHDRAWAL,100.7,4708.97,1f9367ac-01b0-4c82-83a1-4069d4340667
2021-06-02,2021,6,Q2,UPI,981.37,20668.35,1f9367ac-01b0-4c82-83a1-4069d4340667
2021-06-03,2021,6,Q2,IMPS,105.12,10689.35,1f9367ac-01b0-4c82-83a1-4069d4340667
2021-06-03,2021,6,Q2,NFS_ATM_CASH_WITHDRAWAL,93.66,4290.72,1f9367ac-01b0-4c82-83a1-4069d4340667
2021-06-03,2021,6,Q2,UPI,928.0,19629.84,1f9367ac-01b0-4c82-83a1-4069d4340667
2021-06-04,2021,6,Q2,IMPS,104.49,10414.92,1f9367ac-01b0-4c82-83a1-4069d4340667
2021-06-04,2021,6,Q2,NFS_ATM_CASH_WITHDRAWAL,93.12,4196.54,1f9367ac-01b0-4c82-83a1-4069d4340667
2021-06-04,2021,6,Q2,UPI,908.24,18987.07,1f9367ac-01b0-4c82-83a1-4069d4340667
2021-06-05,2021,6,Q2,IMPS,98.88,9299.53,1f9367ac-01b0-4c82-83a1-4069d4340667
2021-06-05,2021,6,Q2,NFS_ATM_CASH_WITHDRAWAL,88.39,3944.91,1f9367ac-01b0-4c82-83a1-4069d4340667
2021-06-05,2021,6,Q2,UPI,921.2,18465.68,1f9367ac-01b0-4c82-83a1-4069d4340667
2021-06-06,2021,6,Q2,IMPS,82.44,6182.58,1f9367ac-01b0-4c82-83a1-4069d4340667
2021-06-06,2021,6,Q2,NFS_ATM_CASH_WITHDRAWAL,77.65,3126.25,1f9367ac-01b0-4c82-83a1-4069d4340667
2021-06-06,2021,6,Q2,UPI,850.62,13881.64,1f9367ac-01b0-4c82-83a1-4069d4340667
2021-06-07,2021,6,Q2,IMPS,111.15,10926.89,1f9367ac-01b0-4c82-83a1-4069d4340667
2021-06-07,2021,6,Q2,NFS_ATM_CASH_WITHDRAWAL,102.0,4555.51,1f9367ac-01b0-4c82-83a1-4069d4340667
2021-06-07,2021,6,Q2,UPI,958.53,20566.61,1f9367ac-01b0-4c82-83a1-4069d4340667
2021-06-08,2021,6,Q2,IMPS,106.48,10269.49,1f9367ac-01b0-4c82-83a1-4069d4340667
2021-06-08,2021,6,Q2,NFS_ATM_CASH_WITHDRAWAL,102.44,4576.58,1f9367ac-01b0-4c82-83a1-4069d4340667
2021-06-08,2021,6,Q2,UPI,959.49,19555.25,1f9367ac-01b0-4c82-83a1-4069d4340667
2021-06-09,2021,6,Q2,IMPS,104.08,10165.87,1f9367ac-01b0-4c82-83a1-4069d4340667
2021-06-09,2021,6,Q2,NFS_ATM_CASH_WITHDRAWAL,100.75,4435.68,1f9367ac-01b0-4c82-83a1-4069d4340667
2021-06-09,2021,6,Q2,UPI,959.32,19616.4,1f9367ac-01b0-4c82-83a1-4069d4340667
2021-06-10,2021,6,Q2,IMPS,105.65,10082.94,1f9367ac-01b0-4c82-83a1-4069d4340667
2021-06-10,2021,6,Q2,NFS_ATM_CASH_WITHDRAWAL,99.62,4367.54,1f9367ac-01b0-4c82-83a1-4069d4340667
2021-06-10,2021,6,Q2,UPI,960.68,19826.78,1f9367ac-01b0-4c82-83a1-4069d4340667
2021-06-11,2021,6,Q2,IMPS,102.01,9796.61,1f9367ac-01b0-4c82-83a1-4069d4340667
2021-06-11,2021,6,Q2,NFS_ATM_CASH_WITHDRAWAL,103.42,4519.66,1f9367ac-01b0-4c82-83a1-4069d4340667
2021-06-11,2021,6,Q2,UPI,948.41,19013.39,1f9367ac-01b0-4c82-83a1-4069d4340667
2021-06-12,2021,6,Q2,IMPS,94.05,7817.94,1f9367ac-01b0-4c82-83a1-4069d4340667
2021-06-12,2021,6,Q2,NFS_ATM_CASH_WITHDRAWAL,89.17,3816.79,1f9367ac-01b0-4c82-83a1-4069d4340667
2021-06-12,2021,6,Q2,UPI,914.84,16646.22,1f9367ac-01b0-4c82-83a1-4069d4340667
2021-06-13,2021,6,Q2,IMPS,79.31,5269.94,1f9367ac-01b0-4c82-83a1-4069d4340667
2021-06-13,2021,6,Q2,NFS_ATM_CASH_WITHDRAWAL,76.02,2911.34,1f9367ac-01b0-4c82-83a1-4069d4340667
2021-06-13,2021,6,Q2,UPI,851.65,12899.97,1f9367ac-01b0-4c82-83a1-4069d4340667
2021-06-14,2021,6,Q2,IMPS,106.61,10510.13,1f9367ac-01b0-4c82-83a1-4069d4340667
2021-06-14,2021,6,Q2,NFS_ATM_CASH_WITHDRAWAL,98.03,4189.45,1f9367ac-01b0-4c82-83a1-4069d4340667
2021-06-14,2021,6,Q2,UPI,973.72,20359.99,1f9367ac-01b0-4c82-83a1-4069d4340667
2021-06-15,2021,6,Q2,IMPS,105.41,10154.54,1f9367ac-01b0-4c82-83a1-4069d4340667
2021-06-15,2021,6,Q2,NFS_ATM_CASH_WITHDRAWAL,97.62,4143.44,1f9367ac-01b0-4c82-83a1-4069d4340667
2021-06-15,2021,6,Q2,UPI,968.59,19631.73,1f9367ac-01b0-4c82-83a1-4069d4340667
2021-06-16,2021,6,Q2,IMPS,103.78,9849.48,1f9367ac-01b0-4c82-83a1-4069d4340667
2021-06-16,2021,6,Q2,NFS_ATM_CASH_WITHDRAWAL,95.75,4004.14,1f9367ac-01b0-4c82-83a1-4069d4340667
2021-06-16,2021,6,Q2,UPI,958.88,19341.99,1f9367ac-01b0-4c82-83a1-4069d4340667
2021-06-17,2021,6,Q2,IMPS,98.45,9155.56,1f9367ac-01b0-4c82-83a1-4069d4340667
2021-06-17,2021,6,Q2,NFS_ATM_CASH_WITHDRAWAL,90.64,3766.81,1f9367ac-01b0-4c82-83a1-4069d4340667
2021-06-17,2021,6,Q2,UPI,914.54,17975.02,1f9367ac-01b0-4c82-83a1-4069d4340667
2021-06-18,2021,6,Q2,IMPS,101.08,9378.02,1f9367ac-01b0-4c82-83a1-4069d4340667
2021-06-18,2021,6,Q2,NFS_ATM_CASH_WITHDRAWAL,93.75,3849.41,1f9367ac-01b0-4c82-83a1-4069d4340667
2021-06-18,2021,6,Q2,UPI,968.15,18847.37,1f9367ac-01b0-4c82-83a1-4069d4340667
2021-06-19,2021,6,Q2,IMPS,92.46,8076.8,1f9367ac-01b0-4c82-83a1-4069d4340667
2021-06-19,2021,6,Q2,NFS_ATM_CASH_WITHDRAWAL,86.39,3523.4,1f9367ac-01b0-4c82-83a1-4069d4340667
2021-06-19,2021,6,Q2,UPI,923.37,16946.72,1f9367ac-01b0-4c82-83a1-4069d4340667
2021-06-20,2021,6,Q2,IMPS,77.76,5128.47,1f9367ac-01b0-4c82-83a1-4069d4340667
2021-06-20,2021,6,Q2,NFS_ATM_CASH_WITHDRAWAL,78.6,2866.11,1f9367ac-01b0-4c82-83a1-4069d4340667
2021-06-20,2021,6,Q2,UPI,861.58,12949.17,1f9367ac-01b0-4c82-83a1-4069d4340667
2021-06-21,2021,6,Q2,IMPS,104.23,9869.31,1f9367ac-01b0-4c82-83a1-4069d4340667
2021-06-21,2021,6,Q2,NFS_ATM_CASH_WITHDRAWAL,99.35,4049.25,1f9367ac-01b0-4c82-83a1-4069d4340667
2021-06-21,2021,6,Q2,UPI,967.74,19694.06,1f9367ac-01b0-4c82-83a1-4069d4340667
2021-06-22,2021,6,Q2,IMPS,104.03,9575.71,1f9367ac-01b0-4c82-83a1-4069d4340667
2021-06-22,2021,6,Q2,NFS_ATM_CASH_WITHDRAWAL,92.21,3729.22,1f9367ac-01b0-4c82-83a1-4069d4340667
2021-06-22,2021,6,Q2,UPI,937.82,18529.74,1f9367ac-01b0-4c82-83a1-4069d4340667
2021-06-23,2021,6,Q2,IMPS,104.12,9646.56,1f9367ac-01b0-4c82-83a1-4069d4340667
2021-06-23,2021,6,Q2,NFS_ATM_CASH_WITHDRAWAL,94.55,3794.24,1f9367ac-01b0-4c82-83a1-4069d4340667
2021-06-23,2021,6,Q2,UPI,886.08,16920.82,1f9367ac-01b0-4c82-83a1-4069d4340667
2021-06-24,2021,6,Q2,IMPS,106.47,9472.38,1f9367ac-01b0-4c82-83a1-4069d4340667
2021-06-24,2021,6,Q2,NFS_ATM_CASH_WITHDRAWAL,89.73,3599.23,1f9367ac-01b0-4c82-83a1-4069d4340667
2021-06-24,2021,6,Q2,UPI,901.21,17171.85,1f9367ac-01b0-4c82-83a1-4069d4340667
2021-06-25,2021,6,Q2,IMPS,104.51,9874.01,1f9367ac-01b0-4c82-83a1-4069d4340667
2021-06-25,2021,6,Q2,NFS_ATM_CASH_WITHDRAWAL,95.03,3825.51,1f9367ac-01b0-4c82-83a1-4069d4340667
2021-06-25,2021,6,Q2,UPI,935.25,17648.46,1f9367ac-01b0-4c82-83a1-4069d4340667
2021-06-26,2021,6,Q2,IMPS,93.34,7912.01,1f9367ac-01b0-4c82-83a1-4069d4340667
2021-06-26,2021,6,Q2,NFS_ATM_CASH_WITHDRAWAL,87.41,3478.4,1f9367ac-01b0-4c82-83a1-4069d4340667
2021-06-26,2021,6,Q2,UPI,923.18,15638.86,1f9367ac-01b0-4c82-83a1-4069d4340667
2021-06-27,2021,6,Q2,IMPS,77.88,5223.36,1f9367ac-01b0-4c82-83a1-4069d4340667
2021-06-27,2021,6,Q2,NFS_ATM_CASH_WITHDRAWAL,74.78,2641.67,1f9367ac-01b0-4c82-83a1-4069d4340667
2021-06-27,2021,6,Q2,UPI,853.53,11945.99,1f9367ac-01b0-4c82-83a1-4069d4340667
2021-06-28,2021,6,Q2,IMPS,107.11,10813.07,1f9367ac-01b0-4c82-83a1-4069d4340667
2021-06-28,2021,6,Q2,NFS_ATM_CASH_WITHDRAWAL,99.48,4113.08,1f9367ac-01b0-4c82-83a1-4069d4340667
2021-06-28,2021,6,Q2,UPI,957.51,19199.12,1f9367ac-01b0-4c82-83a1-4069d4340667
2021-06-29,2021,6,Q2,IMPS,105.77,10839.96,1f9367ac-01b0-4c82-83a1-4069d4340667
2021-06-29,2021,6,Q2,NFS_ATM_CASH_WITHDRAWAL,94.38,3919.21,1f9367ac-01b0-4c82-83a1-4069d4340667
2021-06-29,2021,6,Q2,UPI,971.64,19122.24,1f9367ac-01b0-4c82-83a1-4069d4340667
2021-06-30,2021,6,Q2,IMPS,123.07,13835.19,1f9367ac-01b0-4c82-83a1-4069d4340667
2021-06-30,2021,6,Q2,NFS_ATM_CASH_WITHDRAWAL,106.94,4695.89,1f9367ac-01b0-4c82-83a1-4069d4340667
2021-06-30,2021,6,Q2,UPI,1051.95,23855.32,1f9367ac-01b0-4c82-83a1-4069d4340667
2021-07-01,2021,7,Q3,IMPS,134.92,13674.25,1f9367ac-01b0-4c82-83a1-4069d4340667
2021-07-01,2021,7,Q3,NFS_ATM_CASH_WITHDRAWAL,111.74,5117.95,1f9367ac-01b0-4c82-83a1-4069d4340667
2021-07-01,2021,7,Q3,UPI,1052.35,23416.77,1f9367ac-01b0-4c82-83a1-4069d4340667
2021-07-02,2021,7,Q3,IMPS,127.9,11463.14,1f9367ac-01b0-4c82-83a1-4069d4340667
2021-07-02,2021,7,Q3,NFS_ATM_CASH_WITHDRAWAL,115.19,5236.17,1f9367ac-01b0-4c82-83a1-4069d4340667
2021-07-02,2021,7,Q3,UPI,1081.5,22773.32,1f9367ac-01b0-4c82-83a1-4069d4340667
2021-07-03,2021,7,Q3,IMPS,114.77,10568.05,1f9367ac-01b0-4c82-83a1-4069d4340667
2021-07-03,2021,7,Q3,NFS_ATM_CASH_WITHDRAWAL,108.64,4865.15,1f9367ac-01b0-4c82-83a1-4069d4340667
2021-07-03,2021,7,Q3,UPI,1044.52,20784.0,1f9367ac-01b0-4c82-83a1-4069d4340667
2021-07-04,2021,7,Q3,IMPS,101.82,7683.55,1f9367ac-01b0-4c82-83a1-4069d4340667
2021-07-04,2021,7,Q3,NFS_ATM_CASH_WITHDRAWAL,92.56,3699.46,1f9367ac-01b0-4c82-83a1-4069d4340667
2021-07-04,2021,7,Q3,UPI,979.48,16400.08,1f9367ac-01b0-4c82-83a1-4069d4340667
2021-07-05,2021,7,Q3,IMPS,135.37,12691.55,1f9367ac-01b0-4c82-83a1-4069d4340667
2021-07-05,2021,7,Q3,NFS_ATM_CASH_WITHDRAWAL,115.9,5117.4,1f9367ac-01b0-4c82-83a1-4069d4340667
2021-07-05,2021,7,Q3,UPI,1092.2,23601.76,1f9367ac-01b0-4c82-83a1-4069d4340667
2021-07-06,2021,7,Q3,IMPS,124.26,11839.15,1f9367ac-01b0-4c82-83a1-4069d4340667
2021-07-06,2021,7,Q3,NFS_ATM_CASH_WITHDRAWAL,108.17,4728.95,1f9367ac-01b0-4c82-83a1-4069d4340667
2021-07-06,2021,7,Q3,UPI,1027.63,21426.67,1f9367ac-01b0-4c82-83a1-4069d4340667
2021-07-07,2021,7,Q3,IMPS,126.81,11742.71,1f9367ac-01b0-4c82-83a1-4069d4340667
2021-07-07,2021,7,Q3,NFS_ATM_CASH_WITHDRAWAL,111.71,4879.95,1f9367ac-01b0-4c82-83a1-4069d4340667
2021-07-07,2021,7,Q3,UPI,1150.0,23158.49,1f9367ac-01b0-4c82-83a1-4069d4340667
2021-07-08,2021,7,Q3,IMPS,119.22,11425.05,1f9367ac-01b0-4c82-83a1-4069d4340667
2021-07-08,2021,7,Q3,NFS_ATM_CASH_WITHDRAWAL,110.51,4841.02,1f9367ac-01b0-4c82-83a1-4069d4340667
2021-07-08,2021,7,Q3,UPI,953.67,19593.6,1f9367ac-01b0-4c82-83a1-4069d4340667
2021-07-09,2021,7,Q3,IMPS,121.14,11332.29,1f9367ac-01b0-4c82-83a1-4069d4340667
2021-07-09,2021,7,Q3,NFS_ATM_CASH_WITHDRAWAL,115.58,5005.27,1f9367ac-01b0-4c82-83a1-4069d4340667
2021-07-09,2021,7,Q3,UPI,1151.69,22376.23,1f9367ac-01b0-4c82-83a1-4069d4340667
2021-07-10,2021,7,Q3,IMPS,112.28,9463.02,1f9367ac-01b0-4c82-83a1-4069d4340667
2021-07-10,2021,7,Q3,NFS_ATM_CASH_WITHDRAWAL,110.39,4749.47,1f9367ac-01b0-4c82-83a1-4069d4340667
2021-07-10,2021,7,Q3,UPI,922.13,17381.76,1f9367ac-01b0-4c82-83a1-4069d4340667
2021-07-11,2021,7,Q3,IMPS,93.83,6168.12,1f9367ac-01b0-4c82-83a1-4069d4340667
2021-07-11,2021,7,Q3,NFS_ATM_CASH_WITHDRAWAL,91.74,3517.1,1f9367ac-01b0-4c82-83a1-4069d4340667
2021-07-11,2021,7,Q3,UPI,935.44,14528.9,1f9367ac-01b0-4c82-83a1-4069d4340667
2021-07-12,2021,7,Q3,IMPS,119.24,11509.15,1f9367ac-01b0-4c82-83a1-4069d4340667
2021-07-12,2021,7,Q3,NFS_ATM_CASH_WITHDRAWAL,109.7,4678.85,1f9367ac-01b0-4c82-83a1-4069d4340667
2021-07-12,2021,7,Q3,UPI,924.29,17865.05,1f9367ac-01b0-4c82-83a1-4069d4340667
2021-07-13,2021,7,Q3,IMPS,114.2,10801.89,1f9367ac-01b0-4c82-83a1-4069d4340667
2021-07-13,2021,7,Q3,NFS_ATM_CASH_WITHDRAWAL,105.48,4469.86,1f9367ac-01b0-4c82-83a1-4069d4340667
2021-07-13,2021,7,Q3,UPI,1419.22,26954.63,1f9367ac-01b0-4c82-83a1-4069d4340667
2021-07-14,2021,7,Q3,IMPS,113.07,10640.17,1f9367ac-01b0-4c82-83a1-4069d4340667
2021-07-14,2021,7,Q3,NFS_ATM_CASH_WITHDRAWAL,105.75,4435.8,1f9367ac-01b0-4c82-83a1-4069d4340667
2021-07-14,2021,7,Q3,UPI,1009.17,19870.94,1f9367ac-01b0-4c82-83a1-4069d4340667
2021-07-15,2021,7,Q3,IMPS,113.43,10673.83,1f9367ac-01b0-4c82-83a1-4069d4340667
2021-07-15,2021,7,Q3,NFS_ATM_CASH_WITHDRAWAL,105.08,4378.25,1f9367ac-01b0-4c82-83a1-4069d4340667
2021-07-15,2021,7,Q3,UPI,1063.64,21013.1,1f9367ac-01b0-4c82-83a1-4069d4340667
2021-07-16,2021,7,Q3,IMPS,110.09,10122.53,1f9367ac-01b0-4c82-83a1-4069d4340667
2021-07-16,2021,7,Q3,NFS_ATM_CASH_WITHDRAWAL,102.26,4169.78,1f9367ac-01b0-4c82-83a1-4069d4340667
2021-07-16,2021,7,Q3,UPI,1159.32,21440.28,1f9367ac-01b0-4c82-83a1-4069d4340667
2021-07-17,2021,7,Q3,IMPS,106.41,8978.69,1f9367ac-01b0-4c82-83a1-4069d4340667
2021-07-17,2021,7,Q3,NFS_ATM_CASH_WITHDRAWAL,98.58,4003.91,1f9367ac-01b0-4c82-83a1-4069d4340667
2021-07-17,2021,7,Q3,UPI,1030.17,18400.77,1f9367ac-01b0-4c82-83a1-4069d4340667
2021-07-18,2021,7,Q3,IMPS,89.72,5698.98,1f9367ac-01b0-4c82-83a1-4069d4340667
2021-07-18,2021,7,Q3,NFS_ATM_CASH_WITHDRAWAL,87.19,3163.39,1f9367ac-01b0-4c82-83a1-4069d4340667
2021-07-18,2021,7,Q3,UPI,915.12,12743.31,1f9367ac-01b0-4c82-83a1-4069d4340667
2021-07-19,2021,7,Q3,IMPS,113.47,10461.61,1f9367ac-01b0-4c82-83a1-4069d4340667
2021-07-19,2021,7,Q3,NFS_ATM_CASH_WITHDRAWAL,100.82,4088.11,1f9367ac-01b0-4c82-83a1-4069d4340667
2021-07-19,2021,7,Q3,UPI,1049.52,20635.1,1f9367ac-01b0-4c82-83a1-4069d4340667
2021-07-20,2021,7,Q3,IMPS,112.81,10319.91,1f9367ac-01b0-4c82-83a1-4069d4340667
2021-07-20,2021,7,Q3,NFS_ATM_CASH_WITHDRAWAL,103.52,4166.93,1f9367ac-01b0-4c82-83a1-4069d4340667
2021-07-20,2021,7,Q3,UPI,1078.12,20476.24,1f9367ac-01b0-4c82-83a1-4069d4340667
2021-07-21,2021,7,Q3,IMPS,95.73,7481.88,1f9367ac-01b0-4c82-83a1-4069d4340667
2021-07-21,2021,7,Q3,NFS_ATM_CASH_WITHDRAWAL,84.05,3129.75,1f9367ac-01b0-4c82-83a1-4069d4340667
2021-07-21,2021,7,Q3,UPI,954.91,15421.19,1f9367ac-01b0-4c82-83a1-4069d4340667
2021-07-22,2021,7,Q3,IMPS,100.12,9241.05,1f9367ac-01b0-4c82-83a1-4069d4340667
2021-07-22,2021,7,Q3,NFS_ATM_CASH_WITHDRAWAL,89.39,3423.57,1f9367ac-01b0-4c82-83a1-4069d4340667
2021-07-22,2021,7,Q3,UPI,822.07,15711.85,1f9367ac-01b0-4c82-83a1-4069d4340667
2021-07-23,2021,7,Q3,IMPS,112.68,9525.44,1f9367ac-01b0-4c82-83a1-4069d4340667
2021-07-23,2021,7,Q3,NFS_ATM_CASH_WITHDRAWAL,92.96,3557.74,1f9367ac-01b0-4c82-83a1-4069d4340667
2021-07-23,2021,7,Q3,UPI,1172.6,19889.5,1f9367ac-01b0-4c82-83a1-4069d4340667
2021-07-24,2021,7,Q3,IMPS,97.27,7484.52,1f9367ac-01b0-4c82-83a1-4069d4340667
2021-07-24,2021,7,Q3,NFS_ATM_CASH_WITHDRAWAL,92.04,3502.18,1f9367ac-01b0-4c82-83a1-4069d4340667
2021-07-24,2021,7,Q3,UPI,978.07,15607.17,1f9367ac-01b0-4c82-83a1-4069d4340667
2021-07-25,2021,7,Q3,IMPS,91.07,5485.46,1f9367ac-01b0-4c82-83a1-4069d4340667
2021-07-25,2021,7,Q3,NFS_ATM_CASH_WITHDRAWAL,80.83,2750.98,1f9367ac-01b0-4c82-83a1-4069d4340667
2021-07-25,2021,7,Q3,UPI,967.95,12927.13,1f9367ac-01b0-4c82-83a1-4069d4340667
2021-07-26,2021,7,Q3,IMPS,116.94,10479.67,1f9367ac-01b0-4c82-83a1-4069d4340667
2021-07-26,2021,7,Q3,NFS_ATM_CASH_WITHDRAWAL,96.2,3735.09,1f9367ac-01b0-4c82-83a1-4069d4340667
2021-07-26,2021,7,Q3,UPI,1051.06,19885.25,1f9367ac-01b0-4c82-83a1-4069d4340667
2021-07-27,2021,7,Q3,IMPS,113.1,10151.44,1f9367ac-01b0-4c82-83a1-4069d4340667
2021-07-27,2021,7,Q3,NFS_ATM_CASH_WITHDRAWAL,90.38,3497.33,1f9367ac-01b0-4c82-83a1-4069d4340667
2021-07-27,2021,7,Q3,UPI,1040.66,19262.96,1f9367ac-01b0-4c82-83a1-4069d4340667
2021-07-28,2021,7,Q3,IMPS,110.36,10137.18,1f9367ac-01b0-4c82-83a1-4069d4340667
2021-07-28,2021,7,Q3,NFS_ATM_CASH_WITHDRAWAL,91.22,3563.74,1f9367ac-01b0-4c82-83a1-4069d4340667
2021-07-28,2021,7,Q3,UPI,1056.26,19325.52,1f9367ac-01b0-4c82-83a1-4069d4340667
2021-07-29,2021,7,Q3,IMPS,116.54,10372.47,1f9367ac-01b0-4c82-83a1-4069d4340667
2021-07-29,2021,7,Q3,NFS_ATM_CASH_WITHDRAWAL,90.07,3535.92,1f9367ac-01b0-4c82-83a1-4069d4340667
2021-07-29,2021,7,Q3,UPI,1044.44,19154.18,1f9367ac-01b0-4c82-83a1-4069d4340667
2021-07-30,2021,7,Q3,IMPS,130.41,11999.04,1f9367ac-01b0-4c82-83a1-4069d4340667
2021-07-30,2021,7,Q3,NFS_ATM_CASH_WITHDRAWAL,98.13,3981.07,1f9367ac-01b0-4c82-83a1-4069d4340667
2021-07-30,2021,7,Q3,UPI,1117.52,21272.89,1f9367ac-01b0-4c82-83a1-4069d4340667
2021-07-31,2021,7,Q3,IMPS,135.66,11694.59,1f9367ac-01b0-4c82-83a1-4069d4340667
2021-07-31,2021,7,Q3,NFS_ATM_CASH_WITHDRAWAL,107.96,4636.18,1f9367ac-01b0-4c82-83a1-4069d4340667
2021-07-31,2021,7,Q3,UPI,1210.3,22584.56,1f9367ac-01b0-4c82-83a1-4069d4340667
2021-08-01,2021,8,Q3,IMPS,124.69,8832.34,1f9367ac-01b0-4c82-83a1-4069d4340667
2021-08-01,2021,8,Q3,NFS_ATM_CASH_WITHDRAWAL,101.81,4024.36,1f9367ac-01b0-4c82-83a1-4069d4340667
2021-08-01,2021,8,Q3,UPI,1139.83,17991.95,1f9367ac-01b0-4c82-83a1-4069d4340667
2021-08-02,2021,8,Q3,IMPS,142.11,13465.84,1f9367ac-01b0-4c82-83a1-4069d4340667
2021-08-02,2021,8,Q3,NFS_ATM_CASH_WITHDRAWAL,117.49,5198.25,1f9367ac-01b0-4c82-83a1-4069d4340667
2021-08-02,2021,8,Q3,UPI,1202.32,25029.23,1f9367ac-01b0-4c82-83a1-4069d4340667
2021-08-03,2021,8,Q3,IMPS,136.24,12359.77,1f9367ac-01b0-4c82-83a1-4069d4340667
2021-08-03,2021,8,Q3,NFS_ATM_CASH_WITHDRAWAL,112.81,4928.23,1f9367ac-01b0-4c82-83a1-4069d4340667
2021-08-03,2021,8,Q3,UPI,1200.77,23649.82,1f9367ac-01b0-4c82-83a1-4069d4340667
2021-08-04,2021,8,Q3,IMPS,138.62,12673.49,1f9367ac-01b0-4c82-83a1-4069d4340667
2021-08-04,2021,8,Q3,NFS_ATM_CASH_WITHDRAWAL,111.14,4799.05,1f9367ac-01b0-4c82-83a1-4069d4340667
2021-08-04,2021,8,Q3,UPI,1191.28,24030.66,1f9367ac-01b0-4c82-83a1-4069d4340667
2021-08-05,2021,8,Q3,IMPS,135.53,12335.83,1f9367ac-01b0-4c82-83a1-4069d4340667
2021-08-05,2021,8,Q3,NFS_ATM_CASH_WITHDRAWAL,111.16,4750.21,1f9367ac-01b0-4c82-83a1-4069d4340667
2021-08-05,2021,8,Q3,UPI,1183.4,23718.76,1f9367ac-01b0-4c82-83a1-4069d4340667
2021-08-06,2021,8,Q3,IMPS,125.58,11408.22,1f9367ac-01b0-4c82-83a1-4069d4340667
2021-08-06,2021,8,Q3,NFS_ATM_CASH_WITHDRAWAL,110.88,4643.27,1f9367ac-01b0-4c82-83a1-4069d4340667
2021-08-06,2021,8,Q3,UPI,1105.22,21095.72,1f9367ac-01b0-4c82-83a1-4069d4340667
2021-08-07,2021,8,Q3,IMPS,118.87,10106.14,1f9367ac-01b0-4c82-83a1-4069d4340667
2021-08-07,2021,8,Q3,NFS_ATM_CASH_WITHDRAWAL,117.58,5056.27,1f9367ac-01b0-4c82-83a1-4069d4340667
2021-08-07,2021,8,Q3,UPI,1222.45,22910.2,1f9367ac-01b0-4c82-83a1-4069d4340667
2021-08-08,2021,8,Q3,IMPS,109.12,7042.32,1f9367ac-01b0-4c82-83a1-4069d4340667
2021-08-08,2021,8,Q3,NFS_ATM_CASH_WITHDRAWAL,103.36,4035.22,1f9367ac-01b0-4c82-83a1-4069d4340667
2021-08-08,2021,8,Q3,UPI,1127.74,16658.61,1f9367ac-01b0-4c82-83a1-4069d4340667
2021-08-09,2021,8,Q3,IMPS,135.07,12132.82,1f9367ac-01b0-4c82-83a1-4069d4340667
2021-08-09,2021,8,Q3,NFS_ATM_CASH_WITHDRAWAL,119.73,5045.89,1f9367ac-01b0-4c82-83a1-4069d4340667
2021-08-09,2021,8,Q3,UPI,1235.1,24086.79,1f9367ac-01b0-4c82-83a1-4069d4340667
2021-08-10,2021,8,Q3,IMPS,135.77,12232.89,1f9367ac-01b0-4c82-83a1-4069d4340667
2021-08-10,2021,8,Q3,NFS_ATM_CASH_WITHDRAWAL,126.86,5289.58,1f9367ac-01b0-4c82-83a1-4069d4340667
2021-08-10,2021,8,Q3,UPI,1247.03,24240.48,1f9367ac-01b0-4c82-83a1-4069d4340667
2021-08-11,2021,8,Q3,IMPS,133.85,11955.11,1f9367ac-01b0-4c82-83a1-4069d4340667
2021-08-11,2021,8,Q3,NFS_ATM_CASH_WITHDRAWAL,121.72,5080.68,1f9367ac-01b0-4c82-83a1-4069d4340667
2021-08-11,2021,8,Q3,UPI,1218.33,23627.85,1f9367ac-01b0-4c82-83a1-4069d4340667
2021-08-12,2021,8,Q3,IMPS,126.2,11126.2,1f9367ac-01b0-4c82-83a1-4069d4340667
2021-08-12,2021,8,Q3,NFS_ATM_CASH_WITHDRAWAL,112.49,4631.38,1f9367ac-01b0-4c82-83a1-4069d4340667
2021-08-12,2021,8,Q3,UPI,1187.33,22704.03,1f9367ac-01b0-4c82-83a1-4069d4340667
2021-08-13,2021,8,Q3,IMPS,122.33,10652.83,1f9367ac-01b0-4c82-83a1-4069d4340667
2021-08-13,2021,8,Q3,NFS_ATM_CASH_WITHDRAWAL,111.44,4516.95,1f9367ac-01b0-4c82-83a1-4069d4340667
2021-08-13,2021,8,Q3,UPI,1152.84,20953.57,1f9367ac-01b0-4c82-83a1-4069d4340667
2021-08-14,2021,8,Q3,IMPS,115.59,9348.34,1f9367ac-01b0-4c82-83a1-4069d4340667
2021-08-14,2021,8,Q3,NFS_ATM_CASH_WITHDRAWAL,112.49,4531.36,1f9367ac-01b0-4c82-83a1-4069d4340667
2021-08-14,2021,8,Q3,UPI,1147.81,19317.55,1f9367ac-01b0-4c82-83a1-4069d4340667
2021-08-15,2021,8,Q3,IMPS,97.38,6216.67,1f9367ac-01b0-4c82-83a1-4069d4340667
2021-08-15,2021,8,Q3,NFS_ATM_CASH_WITHDRAWAL,90.79,3281.12,1f9367ac-01b0-4c82-83a1-4069d4340667
2021-08-15,2021,8,Q3,UPI,1062.92,14679.03,1f9367ac-01b0-4c82-83a1-4069d4340667
2021-08-16,2021,8,Q3,IMPS,125.16,10937.6,1f9367ac-01b0-4c82-83a1-4069d4340667
2021-08-16,2021,8,Q3,NFS_ATM_CASH_WITHDRAWAL,107.35,4322.2,1f9367ac-01b0-4c82-83a1-4069d4340667
2021-08-16,2021,8,Q3,UPI,1137.05,21637.92,1f9367ac-01b0-4c82-83a1-4069d4340667
2021-08-17,2021,8,Q3,IMPS,123.0,10914.18,1f9367ac-01b0-4c82-83a1-4069d4340667
2021-08-17,2021,8,Q3,NFS_ATM_CASH_WITHDRAWAL,105.08,4244.14,1f9367ac-01b0-4c82-83a1-4069d4340667
2021-08-17,2021,8,Q3,UPI,1145.32,21311.21,1f9367ac-01b0-4c82-83a1-4069d4340667
2021-08-18,2021,8,Q3,IMPS,122.0,10764.7,1f9367ac-01b0-4c82-83a1-4069d4340667
2021-08-18,2021,8,Q3,NFS_ATM_CASH_WITHDRAWAL,107.92,4349.41,1f9367ac-01b0-4c82-83a1-4069d4340667
2021-08-18,2021,8,Q3,UPI,1141.79,21660.34,1f9367ac-01b0-4c82-83a1-4069d4340667
2021-08-19,2021,8,Q3,IMPS,121.75,10104.67,1f9367ac-01b0-4c82-83a1-4069d4340667
2021-08-19,2021,8,Q3,NFS_ATM_CASH_WITHDRAWAL,108.73,4326.43,1f9367ac-01b0-4c82-83a1-4069d4340667
2021-08-19,2021,8,Q3,UPI,1148.7,20696.02,1f9367ac-01b0-4c82-83a1-4069d4340667
2021-08-20,2021,8,Q3,IMPS,121.12,9382.72,1f9367ac-01b0-4c82-83a1-4069d4340667
2021-08-20,2021,8,Q3,NFS_ATM_CASH_WITHDRAWAL,106.09,4072.64,1f9367ac-01b0-4c82-83a1-4069d4340667
2021-08-20,2021,8,Q3,UPI,1115.08,18706.14,1f9367ac-01b0-4c82-83a1-4069d4340667
2021-08-21,2021,8,Q3,IMPS,123.34,9518.31,1f9367ac-01b0-4c82-83a1-4069d4340667
2021-08-21,2021,8,Q3,NFS_ATM_CASH_WITHDRAWAL,119.62,4584.69,1f9367ac-01b0-4c82-83a1-4069d4340667
2021-08-21,2021,8,Q3,UPI,1173.5,19530.45,1f9367ac-01b0-4c82-83a1-4069d4340667
2021-08-22,2021,8,Q3,IMPS,94.05,5428.0,1f9367ac-01b0-4c82-83a1-4069d4340667
2021-08-22,2021,8,Q3,NFS_ATM_CASH_WITHDRAWAL,106.53,3375.96,1f9367ac-01b0-4c82-83a1-4069d4340667
2021-08-22,2021,8,Q3,UPI,1060.53,13242.53,1f9367ac-01b0-4c82-83a1-4069d4340667
2021-08-23,2021,8,Q3,IMPS,115.34,10134.66,1f9367ac-01b0-4c82-83a1-4069d4340667
2021-08-23,2021,8,Q3,NFS_ATM_CASH_WITHDRAWAL,93.36,3583.88,1f9367ac-01b0-4c82-83a1-4069d4340667
2021-08-23,2021,8,Q3,UPI,1085.96,19805.16,1f9367ac-01b0-4c82-83a1-4069d4340667
2021-08-24,2021,8,Q3,IMPS,114.94,10338.54,1f9367ac-01b0-4c82-83a1-4069d4340667
2021-08-24,2021,8,Q3,NFS_ATM_CASH_WITHDRAWAL,94.57,3676.13,1f9367ac-01b0-4c82-83a1-4069d4340667
2021-08-24,2021,8,Q3,UPI,1097.23,19853.25,1f9367ac-01b0-4c82-83a1-4069d4340667
2021-08-25,2021,8,Q3,IMPS,118.71,10575.76,1f9367ac-01b0-4c82-83a1-4069d4340667
2021-08-25,2021,8,Q3,NFS_ATM_CASH_WITHDRAWAL,98.45,3811.02,1f9367ac-01b0-4c82-83a1-4069d4340667
2021-08-25,2021,8,Q3,UPI,1139.74,20927.52,1f9367ac-01b0-4c82-83a1-4069d4340667
2021-08-26,2021,8,Q3,IMPS,119.01,10287.39,1f9367ac-01b0-4c82-83a1-4069d4340667
2021-08-26,2021,8,Q3,NFS_ATM_CASH_WITHDRAWAL,93.39,3591.88,1f9367ac-01b0-4c82-83a1-4069d4340667
2021-08-26,2021,8,Q3,UPI,1113.96,19824.58,1f9367ac-01b0-4c82-83a1-4069d4340667
2021-08-27,2021,8,Q3,IMPS,122.4,10499.6,1f9367ac-01b0-4c82-83a1-4069d4340667
2021-08-27,2021,8,Q3,NFS_ATM_CASH_WITHDRAWAL,97.45,3794.88,1f9367ac-01b0-4c82-83a1-4069d4340667
2021-08-27,2021,8,Q3,UPI,1106.01,19367.36,1f9367ac-01b0-4c82-83a1-4069d4340667
2021-08-28,2021,8,Q3,IMPS,116.72,9057.68,1f9367ac-01b0-4c82-83a1-4069d4340667
2021-08-28,2021,8,Q3,NFS_ATM_CASH_WITHDRAWAL,100.1,3953.91,1f9367ac-01b0-4c82-83a1-4069d4340667
2021-08-28,2021,8,Q3,UPI,1108.1,18119.46,1f9367ac-01b0-4c82-83a1-4069d4340667
2021-08-29,2021,8,Q3,IMPS,102.24,6006.93,1f9367ac-01b0-4c82-83a1-4069d4340667
2021-08-29,2021,8,Q3,NFS_ATM_CASH_WITHDRAWAL,88.05,3079.8,1f9367ac-01b0-4c82-83a1-4069d4340667
2021-08-29,2021,8,Q3,UPI,1067.33,14334.35,1f9367ac-01b0-4c82-83a1-4069d4340667
2021-08-30,2021,8,Q3,IMPS,124.28,10069.37,1f9367ac-01b0-4c82-83a1-4069d4340667
2021-08-30,2021,8,Q3,NFS_ATM_CASH_WITHDRAWAL,95.37,3613.57,1f9367ac-01b0-4c82-83a1-4069d4340667
2021-08-30,2021,8,Q3,UPI,1091.65,19281.64,1f9367ac-01b0-4c82-83a1-4069d4340667
2021-08-31,2021,8,Q3,IMPS,136.11,14294.12,1f9367ac-01b0-4c82-83a1-4069d4340667
2021-08-31,2021,8,Q3,NFS_ATM_CASH_WITHDRAWAL,103.99,4446.14,1f9367ac-01b0-4c82-83a1-4069d4340667
2021-08-31,2021,8,Q3,UPI,1199.13,26124.77,1f9367ac-01b0-4c82-83a1-4069d4340667
2021-09-01,2021,9,Q3,IMPS,142.31,13785.59,1f9367ac-01b0-4c82-83a1-4069d4340667
2021-09-01,2021,9,Q3,NFS_ATM_CASH_WITHDRAWAL,120.28,5421.79,1f9367ac-01b0-4c82-83a1-4069d4340667
2021-09-01,2021,9,Q3,UPI,1261.06,27148.4,1f9367ac-01b0-4c82-83a1-4069d4340667
2021-09-02,2021,9,Q3,IMPS,145.68,13600.34,1f9367ac-01b0-4c82-83a1-4069d4340667
2021-09-02,2021,9,Q3,NFS_ATM_CASH_WITHDRAWAL,117.3,5247.4,1f9367ac-01b0-4c82-83a1-4069d4340667
2021-09-02,2021,9,Q3,UPI,1276.66,26154.15,1f9367ac-01b0-4c82-83a1-4069d4340667
2021-09-03,2021,9,Q3,IMPS,138.05,12442.5,1f9367ac-01b0-4c82-83a1-4069d4340667
2021-09-03,2021,9,Q3,NFS_ATM_CASH_WITHDRAWAL,113.33,4931.95,1f9367ac-01b0-4c82-83a1-4069d4340667
2021-09-03,2021,9,Q3,UPI,1245.0,23910.41,1f9367ac-01b0-4c82-83a1-4069d4340667
2021-09-04,2021,9,Q3,IMPS,133.08,11888.4,1f9367ac-01b0-4c82-83a1-4069d4340667
2021-09-04,2021,9,Q3,NFS_ATM_CASH_WITHDRAWAL,115.61,5052.28,1f9367ac-01b0-4c82-83a1-4069d4340667
2021-09-04,2021,9,Q3,UPI,1237.38,23834.31,1f9367ac-01b0-4c82-83a1-4069d4340667
2021-09-05,2021,9,Q3,IMPS,118.18,8116.53,1f9367ac-01b0-4c82-83a1-4069d4340667
2021-09-05,2021,9,Q3,NFS_ATM_CASH_WITHDRAWAL,106.4,4188.08,1f9367ac-01b0-4c82-83a1-4069d4340667
2021-09-05,2021,9,Q3,UPI,1088.95,16861.66,1f9367ac-01b0-4c82-83a1-4069d4340667
2021-09-06,2021,9,Q3,IMPS,136.85,12590.17,1f9367ac-01b0-4c82-83a1-4069d4340667
2021-09-06,2021,9,Q3,NFS_ATM_CASH_WITHDRAWAL,112.32,4798.48,1f9367ac-01b0-4c82-83a1-4069d4340667
2021-09-06,2021,9,Q3,UPI,1221.17,24922.42,1f9367ac-01b0-4c82-83a1-4069d4340667
2021-09-07,2021,9,Q3,IMPS,141.79,12627.87,1f9367ac-01b0-4c82-83a1-4069d4340667
2021-09-07,2021,9,Q3,NFS_ATM_CASH_WITHDRAWAL,117.95,5067.76,1f9367ac-01b0-4c82-83a1-4069d4340667
2021-09-07,2021,9,Q3,UPI,1139.79,21864.83,1f9367ac-01b0-4c82-83a1-4069d4340667
2021-09-08,2021,9,Q3,IMPS,138.87,12076.84,1f9367ac-01b0-4c82-83a1-4069d4340667
2021-09-08,2021,9,Q3,NFS_ATM_CASH_WITHDRAWAL,131.61,5652.27,1f9367ac-01b0-4c82-83a1-4069d4340667
2021-09-08,2021,9,Q3,UPI,1264.05,24634.77,1f9367ac-01b0-4c82-83a1-4069d4340667
2021-09-09,2021,9,Q3,IMPS,138.49,12151.4,1f9367ac-01b0-4c82-83a1-4069d4340667
2021-09-09,2021,9,Q3,NFS_ATM_CASH_WITHDRAWAL,129.87,5448.09,1f9367ac-01b0-4c82-83a1-4069d4340667
2021-09-09,2021,9,Q3,UPI,1284.19,24770.65,1f9367ac-01b0-4c82-83a1-4069d4340667
2021-09-10,2021,9,Q3,IMPS,127.72,9711.99,1f9367ac-01b0-4c82-83a1-4069d4340667
2021-09-10,2021,9,Q3,NFS_ATM_CASH_WITHDRAWAL,116.02,4720.2,1f9367ac-01b0-4c82-83a1-4069d4340667
2021-09-10,2021,9,Q3,UPI,1209.37,21030.37,1f9367ac-01b0-4c82-83a1-4069d4340667
2021-09-11,2021,9,Q3,IMPS,116.24,8944.78,1f9367ac-01b0-4c82-83a1-4069d4340667
2021-09-11,2021,9,Q3,NFS_ATM_CASH_WITHDRAWAL,108.16,4439.54,1f9367ac-01b0-4c82-83a1-4069d4340667
2021-09-11,2021,9,Q3,UPI,1178.8,20129.85,1f9367ac-01b0-4c82-83a1-4069d4340667
2021-09-12,2021,9,Q3,IMPS,106.85,6363.31,1f9367ac-01b0-4c82-83a1-4069d4340667
2021-09-12,2021,9,Q3,NFS_ATM_CASH_WITHDRAWAL,96.4,3588.25,1f9367ac-01b0-4c82-83a1-4069d4340667
2021-09-12,2021,9,Q3,UPI,1136.16,15950.87,1f9367ac-01b0-4c82-83a1-4069d4340667
2021-09-13,2021,9,Q3,IMPS,132.42,11667.11,1f9367ac-01b0-4c82-83a1-4069d4340667
2021-09-13,2021,9,Q3,NFS_ATM_CASH_WITHDRAWAL,107.76,4440.92,1f9367ac-01b0-4c82-83a1-4069d4340667
2021-09-13,2021,9,Q3,UPI,1205.56,23212.04,1f9367ac-01b0-4c82-83a1-4069d4340667
2021-09-14,2021,9,Q3,IMPS,127.55,11105.87,1f9367ac-01b0-4c82-83a1-4069d4340667
2021-09-14,2021,9,Q3,NFS_ATM_CASH_WITHDRAWAL,107.97,4420.46,1f9367ac-01b0-4c82-83a1-4069d4340667
2021-09-14,2021,9,Q3,UPI,1214.27,22629.21,1f9367ac-01b0-4c82-83a1-4069d4340667
2021-09-15,2021,9,Q3,IMPS,131.28,11394.29,1f9367ac-01b0-4c82-83a1-4069d4340667
2021-09-15,2021,9,Q3,NFS_ATM_CASH_WITHDRAWAL,111.44,4543.84,1f9367ac-01b0-4c82-83a1-4069d4340667
2021-09-15,2021,9,Q3,UPI,1239.98,23442.74,1f9367ac-01b0-4c82-83a1-4069d4340667
2021-09-16,2021,9,Q3,IMPS,126.56,10897.37,1f9367ac-01b0-4c82-83a1-4069d4340667
2021-09-16,2021,9,Q3,NFS_ATM_CASH_WITHDRAWAL,103.95,4131.56,1f9367ac-01b0-4c82-83a1-4069d4340667
2021-09-16,2021,9,Q3,UPI,1201.65,22094.58,1f9367ac-01b0-4c82-83a1-4069d4340667
2021-09-17,2021,9,Q3,IMPS,122.39,9947.01,1f9367ac-01b0-4c82-83a1-4069d4340667
2021-09-17,2021,9,Q3,NFS_ATM_CASH_WITHDRAWAL,102.47,3934.65,1f9367ac-01b0-4c82-83a1-4069d4340667
2021-09-17,2021,9,Q3,UPI,1172.23,19888.28,1f9367ac-01b0-4c82-83a1-4069d4340667
2021-09-18,2021,9,Q3,IMPS,122.36,9792.33,1f9367ac-01b0-4c82-83a1-4069d4340667
2021-09-18,2021,9,Q3,NFS_ATM_CASH_WITHDRAWAL,104.5,4143.33,1f9367ac-01b0-4c82-83a1-4069d4340667
2021-09-18,2021,9,Q3,UPI,1238.49,20854.06,1f9367ac-01b0-4c82-83a1-4069d4340667
2021-09-19,2021,9,Q3,IMPS,105.28,6292.65,1f9367ac-01b0-4c82-83a1-4069d4340667
2021-09-19,2021,9,Q3,NFS_ATM_CASH_WITHDRAWAL,94.15,3337.56,1f9367ac-01b0-4c82-83a1-4069d4340667
2021-09-19,2021,9,Q3,UPI,1181.92,15698.53,1f9367ac-01b0-4c82-83a1-4069d4340667
2021-09-20,2021,9,Q3,IMPS,131.81,11443.78,1f9367ac-01b0-4c82-83a1-4069d4340667
2021-09-20,2021,9,Q3,NFS_ATM_CASH_WITHDRAWAL,101.41,3981.19,1f9367ac-01b0-4c82-83a1-4069d4340667
2021-09-20,2021,9,Q3,UPI,1252.69,23232.53,1f9367ac-01b0-4c82-83a1-4069d4340667
2021-09-21,2021,9,Q3,IMPS,124.68,10621.95,1f9367ac-01b0-4c82-83a1-4069d4340667
2021-09-21,2021,9,Q3,NFS_ATM_CASH_WITHDRAWAL,96.12,3739.0,1f9367ac-01b0-4c82-83a1-4069d4340667
2021-09-21,2021,9,Q3,UPI,1230.81,22157.2,1f9367ac-01b0-4c82-83a1-4069d4340667
2021-09-22,2021,9,Q3,IMPS,127.17,10793.62,1f9367ac-01b0-4c82-83a1-4069d4340667
2021-09-22,2021,9,Q3,NFS_ATM_CASH_WITHDRAWAL,98.52,3791.57,1f9367ac-01b0-4c82-83a1-4069d4340667
2021-09-22,2021,9,Q3,UPI,1237.91,21821.81,1f9367ac-01b0-4c82-83a1-4069d4340667
2021-09-23,2021,9,Q3,IMPS,124.77,10549.64,1f9367ac-01b0-4c82-83a1-4069d4340667
2021-09-23,2021,9,Q3,NFS_ATM_CASH_WITHDRAWAL,95.09,3634.86,1f9367ac-01b0-4c82-83a1-4069d4340667
2021-09-23,2021,9,Q3,UPI,1232.23,21377.26,1f9367ac-01b0-4c82-83a1-4069d4340667
2021-09-24,2021,9,Q3,IMPS,133.2,10794.21,1f9367ac-01b0-4c82-83a1-4069d4340667
2021-09-24,2021,9,Q3,NFS_ATM_CASH_WITHDRAWAL,98.48,3759.72,1f9367ac-01b0-4c82-83a1-4069d4340667
2021-09-24,2021,9,Q3,UPI,1236.65,20872.26,1f9367ac-01b0-4c82-83a1-4069d4340667
2021-09-25,2021,9,Q3,IMPS,72.94,5764.96,1f9367ac-01b0-4c82-83a1-4069d4340667
2021-09-25,2021,9,Q3,NFS_ATM_CASH_WITHDRAWAL,101.63,3912.07,1f9367ac-01b0-4c82-83a1-4069d4340667
2021-09-25,2021,9,Q3,UPI,1220.15,19085.04,1f9367ac-01b0-4c82-83a1-4069d4340667
2021-09-26,2021,9,Q3,IMPS,144.74,9027.57,1f9367ac-01b0-4c82-83a1-4069d4340667
2021-09-26,2021,9,Q3,NFS_ATM_CASH_WITHDRAWAL,90.69,3086.65,1f9367ac-01b0-4c82-83a1-4069d4340667
2021-09-26,2021,9,Q3,UPI,1168.2,14906.16,1f9367ac-01b0-4c82-83a1-4069d4340667
2021-09-27,2021,9,Q3,IMPS,126.15,10863.43,1f9367ac-01b0-4c82-83a1-4069d4340667
2021-09-27,2021,9,Q3,NFS_ATM_CASH_WITHDRAWAL,88.27,3360.71,1f9367ac-01b0-4c82-83a1-4069d4340667
2021-09-27,2021,9,Q3,UPI,1199.04,20756.07,1f9367ac-01b0-4c82-83a1-4069d4340667
2021-09-28,2021,9,Q3,IMPS,129.21,11460.25,1f9367ac-01b0-4c82-83a1-4069d4340667
2021-09-28,2021,9,Q3,NFS_ATM_CASH_WITHDRAWAL,98.75,3892.35,1f9367ac-01b0-4c82-83a1-4069d4340667
2021-09-28,2021,9,Q3,UPI,1208.82,21099.09,1f9367ac-01b0-4c82-83a1-4069d4340667
2021-09-29,2021,9,Q3,IMPS,132.17,12027.95,1f9367ac-01b0-4c82-83a1-4069d4340667
2021-09-29,2021,9,Q3,NFS_ATM_CASH_WITHDRAWAL,99.81,3933.97,1f9367ac-01b0-4c82-83a1-4069d4340667
2021-09-29,2021,9,Q3,UPI,1223.77,21981.12,1f9367ac-01b0-4c82-83a1-4069d4340667
2021-09-30,2021,9,Q3,IMPS,150.05,15352.26,1f9367ac-01b0-4c82-83a1-4069d4340667
2021-09-30,2021,9,Q3,NFS_ATM_CASH_WITHDRAWAL,110.72,4699.06,1f9367ac-01b0-4c82-83a1-4069d4340667
2021-09-30,2021,9,Q3,UPI,1351.22,28327.61,1f9367ac-01b0-4c82-83a1-4069d4340667
2021-10-01,2021,10,Q4,IMPS,154.92,15076.9,1f9367ac-01b0-4c82-83a1-4069d4340667
2021-10-01,2021,10,Q4,NFS_ATM_CASH_WITHDRAWAL,124.76,5554.77,1f9367ac-01b0-4c82-83a1-4069d4340667
2021-10-01,2021,10,Q4,UPI,1377.7,28370.06,1f9367ac-01b0-4c82-83a1-4069d4340667
2021-10-02,2021,10,Q4,IMPS,140.93,11426.17,1f9367ac-01b0-4c82-83a1-4069d4340667
2021-10-02,2021,10,Q4,NFS_ATM_CASH_WITHDRAWAL,121.79,5394.17,1f9367ac-01b0-4c82-83a1-4069d4340667
2021-10-02,2021,10,Q4,UPI,1391.13,25337.11,1f9367ac-01b0-4c82-83a1-4069d4340667
2021-10-03,2021,10,Q4,IMPS,129.97,8899.04,1f9367ac-01b0-4c82-83a1-4069d4340667
2021-10-03,2021,10,Q4,NFS_ATM_CASH_WITHDRAWAL,106.28,4245.59,1f9367ac-01b0-4c82-83a1-4069d4340667
2021-10-03,2021,10,Q4,UPI,1372.67,21845.73,1f9367ac-01b0-4c82-83a1-4069d4340667
2021-10-04,2021,10,Q4,IMPS,156.09,14911.69,1f9367ac-01b0-4c82-83a1-4069d4340667
2021-10-04,2021,10,Q4,NFS_ATM_CASH_WITHDRAWAL,121.13,5366.71,1f9367ac-01b0-4c82-83a1-4069d4340667
2021-10-04,2021,10,Q4,UPI,1393.85,29292.41,1f9367ac-01b0-4c82-83a1-4069d4340667
2021-10-05,2021,10,Q4,IMPS,154.99,14322.51,1f9367ac-01b0-4c82-83a1-4069d4340667
2021-10-05,2021,10,Q4,NFS_ATM_CASH_WITHDRAWAL,120.75,5320.38,1f9367ac-01b0-4c82-83a1-4069d4340667
2021-10-05,2021,10,Q4,UPI,1429.94,29189.41,1f9367ac-01b0-4c82-83a1-4069d4340667
2021-10-06,2021,10,Q4,IMPS,142.0,13117.56,1f9367ac-01b0-4c82-83a1-4069d4340667
2021-10-06,2021,10,Q4,NFS_ATM_CASH_WITHDRAWAL,121.4,5191.76,1f9367ac-01b0-4c82-83a1-4069d4340667
2021-10-06,2021,10,Q4,UPI,1371.62,26288.98,1f9367ac-01b0-4c82-83a1-4069d4340667
2021-10-07,2021,10,Q4,IMPS,149.48,13418.08,1f9367ac-01b0-4c82-83a1-4069d4340667
2021-10-07,2021,10,Q4,NFS_ATM_CASH_WITHDRAWAL,123.64,5418.87,1f9367ac-01b0-4c82-83a1-4069d4340667
2021-10-07,2021,10,Q4,UPI,1444.68,28676.31,1f9367ac-01b0-4c82-83a1-4069d4340667
2021-10-08,2021,10,Q4,IMPS,149.41,13552.98,1f9367ac-01b0-4c82-83a1-4069d4340667
2021-10-08,2021,10,Q4,NFS_ATM_CASH_WITHDRAWAL,127.29,5678.06,1f9367ac-01b0-4c82-83a1-4069d4340667
2021-10-08,2021,10,Q4,UPI,1421.83,27623.49,1f9367ac-01b0-4c82-83a1-4069d4340667
2021-10-09,2021,10,Q4,IMPS,144.54,11793.58,1f9367ac-01b0-4c82-83a1-4069d4340667
2021-10-09,2021,10,Q4,NFS_ATM_CASH_WITHDRAWAL,126.27,5578.78,1f9367ac-01b0-4c82-83a1-4069d4340667
2021-10-09,2021,10,Q4,UPI,1346.3,24747.41,1f9367ac-01b0-4c82-83a1-4069d4340667
2021-10-10,2021,10,Q4,IMPS,130.53,8527.19,1f9367ac-01b0-4c82-83a1-4069d4340667
2021-10-10,2021,10,Q4,NFS_ATM_CASH_WITHDRAWAL,113.88,4613.71,1f9367ac-01b0-4c82-83a1-4069d4340667
2021-10-10,2021,10,Q4,UPI,1359.89,21201.45,1f9367ac-01b0-4c82-83a1-4069d4340667
2021-10-11,2021,10,Q4,IMPS,147.87,14160.16,1f9367ac-01b0-4c82-83a1-4069d4340667
2021-10-11,2021,10,Q4,NFS_ATM_CASH_WITHDRAWAL,122.15,5348.07,1f9367ac-01b0-4c82-83a1-4069d4340667
2021-10-11,2021,10,Q4,UPI,1378.29,28260.91,1f9367ac-01b0-4c82-83a1-4069d4340667
2021-10-12,2021,10,Q4,IMPS,151.2,13209.52,1f9367ac-01b0-4c82-83a1-4069d4340667
2021-10-12,2021,10,Q4,NFS_ATM_CASH_WITHDRAWAL,125.19,5415.62,1f9367ac-01b0-4c82-83a1-4069d4340667
2021-10-12,2021,10,Q4,UPI,1388.67,27223.76,1f9367ac-01b0-4c82-83a1-4069d4340667
2021-10-13,2021,10,Q4,IMPS,144.22,12582.68,1f9367ac-01b0-4c82-83a1-4069d4340667
2021-10-13,2021,10,Q4,NFS_ATM_CASH_WITHDRAWAL,123.9,5197.53,1f9367ac-01b0-4c82-83a1-4069d4340667
2021-10-13,2021,10,Q4,UPI,1376.47,26037.62,1f9367ac-01b0-4c82-83a1-4069d4340667
2021-10-14,2021,10,Q4,IMPS,136.26,10998.41,1f9367ac-01b0-4c82-83a1-4069d4340667
2021-10-14,2021,10,Q4,NFS_ATM_CASH_WITHDRAWAL,115.23,4643.37,1f9367ac-01b0-4c82-83a1-4069d4340667
2021-10-14,2021,10,Q4,UPI,1334.18,24029.6,1f9367ac-01b0-4c82-83a1-4069d4340667
2021-10-15,2021,10,Q4,IMPS,116.59,7790.85,1f9367ac-01b0-4c82-83a1-4069d4340667
2021-10-15,2021,10,Q4,NFS_ATM_CASH_WITHDRAWAL,102.48,3865.15,1f9367ac-01b0-4c82-83a1-4069d4340667
2021-10-15,2021,10,Q4,UPI,1268.71,18158.34,1f9367ac-01b0-4c82-83a1-4069d4340667
2021-10-16,2021,10,Q4,IMPS,128.96,10122.04,1f9367ac-01b0-4c82-83a1-4069d4340667
2021-10-16,2021,10,Q4,NFS_ATM_CASH_WITHDRAWAL,102.28,4079.45,1f9367ac-01b0-4c82-83a1-4069d4340667
2021-10-16,2021,10,Q4,UPI,1285.28,22054.06,1f9367ac-01b0-4c82-83a1-4069d4340667
2021-10-17,2021,10,Q4,IMPS,104.8,6429.55,1f9367ac-01b0-4c82-83a1-4069d4340667
2021-10-17,2021,10,Q4,NFS_ATM_CASH_WITHDRAWAL,94.81,3475.41,1f9367ac-01b0-4c82-83a1-4069d4340667
2021-10-17,2021,10,Q4,UPI,1185.11,16615.55,1f9367ac-01b0-4c82-83a1-4069d4340667
2021-10-18,2021,10,Q4,IMPS,138.69,12411.34,1f9367ac-01b0-4c82-83a1-4069d4340667
2021-10-18,2021,10,Q4,NFS_ATM_CASH_WITHDRAWAL,106.34,4318.08,1f9367ac-01b0-4c82-83a1-4069d4340667
2021-10-18,2021,10,Q4,UPI,1347.86,25795.4,1f9367ac-01b0-4c82-83a1-4069d4340667
2021-10-19,2021,10,Q4,IMPS,131.44,10634.83,1f9367ac-01b0-4c82-83a1-4069d4340667
2021-10-19,2021,10,Q4,NFS_ATM_CASH_WITHDRAWAL,101.43,4051.29,1f9367ac-01b0-4c82-83a1-4069d4340667
2021-10-19,2021,10,Q4,UPI,1309.54,23136.67,1f9367ac-01b0-4c82-83a1-4069d4340667
2021-10-20,2021,10,Q4,IMPS,134.82,11773.9,1f9367ac-01b0-4c82-83a1-4069d4340667
2021-10-20,2021,10,Q4,NFS_ATM_CASH_WITHDRAWAL,104.35,4196.82,1f9367ac-01b0-4c82-83a1-4069d4340667
2021-10-20,2021,10,Q4,UPI,1348.32,24614.57,1f9367ac-01b0-4c82-83a1-4069d4340667
2021-10-21,2021,10,Q4,IMPS,135.53,12255.87,1f9367ac-01b0-4c82-83a1-4069d4340667
2021-10-21,2021,10,Q4,NFS_ATM_CASH_WITHDRAWAL,105.43,4264.59,1f9367ac-01b0-4c82-83a1-4069d4340667
2021-10-21,2021,10,Q4,UPI,1330.33,24809.26,1f9367ac-01b0-4c82-83a1-4069d4340667
2021-10-22,2021,10,Q4,IMPS,135.19,12030.25,1f9367ac-01b0-4c82-83a1-4069d4340667
2021-10-22,2021,10,Q4,NFS_ATM_CASH_WITHDRAWAL,107.37,4307.98,1f9367ac-01b0-4c82-83a1-4069d4340667
2021-10-22,2021,10,Q4,UPI,1360.7,24402.71,1f9367ac-01b0-4c82-83a1-4069d4340667
2021-10-23,2021,10,Q4,IMPS,132.68,10237.1,1f9367ac-01b0-4c82-83a1-4069d4340667
2021-10-23,2021,10,Q4,NFS_ATM_CASH_WITHDRAWAL,109.6,4367.29,1f9367ac-01b0-4c82-83a1-4069d4340667
2021-10-23,2021,10,Q4,UPI,1343.99,21969.69,1f9367ac-01b0-4c82-83a1-4069d4340667
2021-10-24,2021,10,Q4,IMPS,115.87,6933.59,1f9367ac-01b0-4c82-83a1-4069d4340667
2021-10-24,2021,10,Q4,NFS_ATM_CASH_WITHDRAWAL,97.51,3446.51,1f9367ac-01b0-4c82-83a1-4069d4340667
2021-10-24,2021,10,Q4,UPI,1294.21,16990.59,1f9367ac-01b0-4c82-83a1-4069d4340667
2021-10-25,2021,10,Q4,IMPS,141.88,13483.05,1f9367ac-01b0-4c82-83a1-4069d4340667
2021-10-25,2021,10,Q4,NFS_ATM_CASH_WITHDRAWAL,104.1,4190.38,1f9367ac-01b0-4c82-83a1-4069d4340667
2021-10-25,2021,10,Q4,UPI,1331.98,25923.01,1f9367ac-01b0-4c82-83a1-4069d4340667
2021-10-26,2021,10,Q4,IMPS,138.54,12886.95,1f9367ac-01b0-4c82-83a1-4069d4340667
2021-10-26,2021,10,Q4,NFS_ATM_CASH_WITHDRAWAL,103.55,4196.88,1f9367ac-01b0-4c82-83a1-4069d4340667
2021-10-26,2021,10,Q4,UPI,1350.28,25081.49,1f9367ac-01b0-4c82-83a1-4069d4340667
2021-10-27,2021,10,Q4,IMPS,138.24,12837.21,1f9367ac-01b0-4c82-83a1-4069d4340667
2021-10-27,2021,10,Q4,NFS_ATM_CASH_WITHDRAWAL,107.33,4376.2,1f9367ac-01b0-4c82-83a1-4069d4340667
2021-10-27,2021,10,Q4,UPI,1341.27,25168.12,1f9367ac-01b0-4c82-83a1-4069d4340667
2021-10-28,2021,10,Q4,IMPS,140.57,13588.04,1f9367ac-01b0-4c82-83a1-4069d4340667
2021-10-28,2021,10,Q4,NFS_ATM_CASH_WITHDRAWAL,105.97,4375.85,1f9367ac-01b0-4c82-83a1-4069d4340667
2021-10-28,2021,10,Q4,UPI,1361.27,26359.34,1f9367ac-01b0-4c82-83a1-4069d4340667
2021-10-29,2021,10,Q4,IMPS,147.57,15285.69,1f9367ac-01b0-4c82-83a1-4069d4340667
2021-10-29,2021,10,Q4,NFS_ATM_CASH_WITHDRAWAL,111.17,4766.27,1f9367ac-01b0-4c82-83a1-4069d4340667
2021-10-29,2021,10,Q4,UPI,1391.84,27747.43,1f9367ac-01b0-4c82-83a1-4069d4340667
2021-10-30,2021,10,Q4,IMPS,154.19,15376.28,1f9367ac-01b0-4c82-83a1-4069d4340667
2021-10-30,2021,10,Q4,NFS_ATM_CASH_WITHDRAWAL,127.55,5774.3,1f9367ac-01b0-4c82-83a1-4069d4340667
2021-10-30,2021,10,Q4,UPI,1477.09,29919.39,1f9367ac-01b0-4c82-83a1-4069d4340667
2021-10-31,2021,10,Q4,IMPS,138.74,10639.47,1f9367ac-01b0-4c82-83a1-4069d4340667
2021-10-31,2021,10,Q4,NFS_ATM_CASH_WITHDRAWAL,120.82,5139.83,1f9367ac-01b0-4c82-83a1-4069d4340667
2021-10-31,2021,10,Q4,UPI,1469.32,24537.12,1f9367ac-01b0-4c82-83a1-4069d4340667
2021-11-01,2021,11,Q4,IMPS,183.7,18902.73,1f9367ac-01b0-4c82-83a1-4069d4340667
2021-11-01,2021,11,Q4,NFS_ATM_CASH_WITHDRAWAL,140.96,6821.7,1f9367ac-01b0-4c82-83a1-4069d4340667
2021-11-01,2021,11,Q4,UPI,1587.65,36035.24,1f9367ac-01b0-4c82-83a1-4069d4340667
2021-11-02,2021,11,Q4,IMPS,183.29,17680.03,1f9367ac-01b0-4c82-83a1-4069d4340667
2021-11-02,2021,11,Q4,NFS_ATM_CASH_WITHDRAWAL,161.43,7836.13,1f9367ac-01b0-4c82-83a1-4069d4340667
2021-11-02,2021,11,Q4,UPI,1643.75,34915.78,1f9367ac-01b0-4c82-83a1-4069d4340667
2021-11-03,2021,11,Q4,IMPS,187.85,17665.73,1f9367ac-01b0-4c82-83a1-4069d4340667
2021-11-03,2021,11,Q4,NFS_ATM_CASH_WITHDRAWAL,168.78,7953.9,1f9367ac-01b0-4c82-83a1-4069d4340667
2021-11-03,2021,11,Q4,UPI,1647.69,34613.47,1f9367ac-01b0-4c82-83a1-4069d4340667
2021-11-04,2021,11,Q4,IMPS,142.56,10181.32,1f9367ac-01b0-4c82-83a1-4069d4340667
2021-11-04,2021,11,Q4,NFS_ATM_CASH_WITHDRAWAL,136.62,5619.9,1f9367ac-01b0-4c82-83a1-4069d4340667
2021-11-04,2021,11,Q4,UPI,1434.81,23307.44,1f9367ac-01b0-4c82-83a1-4069d4340667
2021-11-05,2021,11,Q4,IMPS,126.62,10094.35,1f9367ac-01b0-4c82-83a1-4069d4340667
2021-11-05,2021,11,Q4,NFS_ATM_CASH_WITHDRAWAL,103.29,4279.3,1f9367ac-01b0-4c82-83a1-4069d4340667
2021-11-05,2021,11,Q4,UPI,1326.01,22719.01,1f9367ac-01b0-4c82-83a1-4069d4340667
2021-11-06,2021,11,Q4,IMPS,131.11,10703.26,1f9367ac-01b0-4c82-83a1-4069d4340667
2021-11-06,2021,11,Q4,NFS_ATM_CASH_WITHDRAWAL,118.61,4966.83,1f9367ac-01b0-4c82-83a1-4069d4340667
2021-11-06,2021,11,Q4,UPI,1362.53,24416.19,1f9367ac-01b0-4c82-83a1-4069d4340667
2021-11-07,2021,11,Q4,IMPS,116.73,8165.94,1f9367ac-01b0-4c82-83a1-4069d4340667
2021-11-07,2021,11,Q4,NFS_ATM_CASH_WITHDRAWAL,102.53,4077.01,1f9367ac-01b0-4c82-83a1-4069d4340667
2021-11-07,2021,11,Q4,UPI,1309.27,20543.84,1f9367ac-01b0-4c82-83a1-4069d4340667
2021-11-08,2021,11,Q4,IMPS,142.74,13689.26,1f9367ac-01b0-4c82-83a1-4069d4340667
2021-11-08,2021,11,Q4,NFS_ATM_CASH_WITHDRAWAL,114.25,4997.98,1f9367ac-01b0-4c82-83a1-4069d4340667
2021-11-08,2021,11,Q4,UPI,1423.44,28222.58,1f9367ac-01b0-4c82-83a1-4069d4340667
2021-11-09,2021,11,Q4,IMPS,141.37,13280.92,1f9367ac-01b0-4c82-83a1-4069d4340667
2021-11-09,2021,11,Q4,NFS_ATM_CASH_WITHDRAWAL,116.53,5047.06,1f9367ac-01b0-4c82-83a1-4069d4340667
2021-11-09,2021,11,Q4,UPI,1379.06,27462.69,1f9367ac-01b0-4c82-83a1-4069d4340667
2021-11-10,2021,11,Q4,IMPS,136.96,12894.96,1f9367ac-01b0-4c82-83a1-4069d4340667
2021-11-10,2021,11,Q4,NFS_ATM_CASH_WITHDRAWAL,114.38,4869.64,1f9367ac-01b0-4c82-83a1-4069d4340667
2021-11-10,2021,11,Q4,UPI,1403.76,27572.23,1f9367ac-01b0-4c82-83a1-4069d4340667
2021-11-11,2021,11,Q4,IMPS,130.21,12090.55,1f9367ac-01b0-4c82-83a1-4069d4340667
2021-11-11,2021,11,Q4,NFS_ATM_CASH_WITHDRAWAL,103.56,4392.25,1f9367ac-01b0-4c82-83a1-4069d4340667
2021-11-11,2021,11,Q4,UPI,1369.69,26145.08,1f9367ac-01b0-4c82-83a1-4069d4340667
2021-11-12,2021,11,Q4,IMPS,134.2,12183.92,1f9367ac-01b0-4c82-83a1-4069d4340667
2021-11-12,2021,11,Q4,NFS_ATM_CASH_WITHDRAWAL,109.05,4598.53,1f9367ac-01b0-4c82-83a1-4069d4340667
2021-11-12,2021,11,Q4,UPI,1363.32,25519.53,1f9367ac-01b0-4c82-83a1-4069d4340667
2021-11-13,2021,11,Q4,IMPS,127.02,10085.83,1f9367ac-01b0-4c82-83a1-4069d4340667
2021-11-13,2021,11,Q4,NFS_ATM_CASH_WITHDRAWAL,109.77,4616.75,1f9367ac-01b0-4c82-83a1-4069d4340667
2021-11-13,2021,11,Q4,UPI,1377.09,23325.29,1f9367ac-01b0-4c82-83a1-4069d4340667
2021-11-14,2021,11,Q4,IMPS,116.05,7406.04,1f9367ac-01b0-4c82-83a1-4069d4340667
2021-11-14,2021,11,Q4,NFS_ATM_CASH_WITHDRAWAL,101.05,3831.07,1f9367ac-01b0-4c82-83a1-4069d4340667
2021-11-14,2021,11,Q4,UPI,1344.94,18867.22,1f9367ac-01b0-4c82-83a1-4069d4340667
2021-11-15,2021,11,Q4,IMPS,139.71,13079.54,1f9367ac-01b0-4c82-83a1-4069d4340667
2021-11-15,2021,11,Q4,NFS_ATM_CASH_WITHDRAWAL,108.81,4517.17,1f9367ac-01b0-4c82-83a1-4069d4340667
2021-11-15,2021,11,Q4,UPI,1373.07,27088.45,1f9367ac-01b0-4c82-83a1-4069d4340667
2021-11-16,2021,11,Q4,IMPS,135.31,12486.58,1f9367ac-01b0-4c82-83a1-4069d4340667
2021-11-16,2021,11,Q4,NFS_ATM_CASH_WITHDRAWAL,106.28,4408.88,1f9367ac-01b0-4c82-83a1-4069d4340667
2021-11-16,2021,11,Q4,UPI,1381.59,27011.12,1f9367ac-01b0-4c82-83a1-4069d4340667
2021-11-17,2021,11,Q4,IMPS,133.87,12232.85,1f9367ac-01b0-4c82-83a1-4069d4340667
2021-11-17,2021,11,Q4,NFS_ATM_CASH_WITHDRAWAL,105.22,4334.31,1f9367ac-01b0-4c82-83a1-4069d4340667
2021-11-17,2021,11,Q4,UPI,1393.78,25755.18,1f9367ac-01b0-4c82-83a1-4069d4340667
2021-11-18,2021,11,Q4,IMPS,133.28,12026.31,1f9367ac-01b0-4c82-83a1-4069d4340667
2021-11-18,2021,11,Q4,NFS_ATM_CASH_WITHDRAWAL,100.21,4082.7,1f9367ac-01b0-4c82-83a1-4069d4340667
2021-11-18,2021,11,Q4,UPI,1348.21,25291.94,1f9367ac-01b0-4c82-83a1-4069d4340667
2021-11-19,2021,11,Q4,IMPS,121.71,9813.66,1f9367ac-01b0-4c82-83a1-4069d4340667
2021-11-19,2021,11,Q4,NFS_ATM_CASH_WITHDRAWAL,98.7,3910.28,1f9367ac-01b0-4c82-83a1-4069d4340667
2021-11-19,2021,11,Q4,UPI,1339.07,21545.81,1f9367ac-01b0-4c82-83a1-4069d4340667
2021-11-20,2021,11,Q4,IMPS,131.89,11076.12,1f9367ac-01b0-4c82-83a1-4069d4340667
2021-11-20,2021,11,Q4,NFS_ATM_CASH_WITHDRAWAL,106.96,4329.01,1f9367ac-01b0-4c82-83a1-4069d4340667
2021-11-20,2021,11,Q4,UPI,1387.15,24225.89,1f9367ac-01b0-4c82-83a1-4069d4340667
2021-11-21,2021,11,Q4,IMPS,111.92,6930.82,1f9367ac-01b0-4c82-83a1-4069d4340667
2021-11-21,2021,11,Q4,NFS_ATM_CASH_WITHDRAWAL,98.04,3527.78,1f9367ac-01b0-4c82-83a1-4069d4340667
2021-11-21,2021,11,Q4,UPI,1313.9,18070.98,1f9367ac-01b0-4c82-83a1-4069d4340667
2021-11-22,2021,11,Q4,IMPS,134.15,12348.96,1f9367ac-01b0-4c82-83a1-4069d4340667
2021-11-22,2021,11,Q4,NFS_ATM_CASH_WITHDRAWAL,99.82,3959.51,1f9367ac-01b0-4c82-83a1-4069d4340667
2021-11-22,2021,11,Q4,UPI,1338.5,25248.75,1f9367ac-01b0-4c82-83a1-4069d4340667
2021-11-23,2021,11,Q4,IMPS,135.87,12576.97,1f9367ac-01b0-4c82-83a1-4069d4340667
2021-11-23,2021,11,Q4,NFS_ATM_CASH_WITHDRAWAL,99.55,3971.36,1f9367ac-01b0-4c82-83a1-4069d4340667
2021-11-23,2021,11,Q4,UPI,1388.53,25616.77,1f9367ac-01b0-4c82-83a1-4069d4340667
2021-11-24,2021,11,Q4,IMPS,137.56,12737.77,1f9367ac-01b0-4c82-83a1-4069d4340667
2021-11-24,2021,11,Q4,NFS_ATM_CASH_WITHDRAWAL,100.54,3966.38,1f9367ac-01b0-4c82-83a1-4069d4340667
2021-11-24,2021,11,Q4,UPI,1374.03,25221.2,1f9367ac-01b0-4c82-83a1-4069d4340667
2021-11-25,2021,11,Q4,IMPS,133.68,12487.65,1f9367ac-01b0-4c82-83a1-4069d4340667
2021-11-25,2021,11,Q4,NFS_ATM_CASH_WITHDRAWAL,97.92,3922.18,1f9367ac-01b0-4c82-83a1-4069d4340667
2021-11-25,2021,11,Q4,UPI,1392.49,25459.92,1f9367ac-01b0-4c82-83a1-4069d4340667
2021-11-26,2021,11,Q4,IMPS,134.1,12739.29,1f9367ac-01b0-4c82-83a1-4069d4340667
2021-11-26,2021,11,Q4,NFS_ATM_CASH_WITHDRAWAL,100.12,3987.32,1f9367ac-01b0-4c82-83a1-4069d4340667
2021-11-26,2021,11,Q4,UPI,1375.68,25509.28,1f9367ac-01b0-4c82-83a1-4069d4340667
2021-11-27,2021,11,Q4,IMPS,126.17,10147.34,1f9367ac-01b0-4c82-83a1-4069d4340667
2021-11-27,2021,11,Q4,NFS_ATM_CASH_WITHDRAWAL,102.09,4091.3,1f9367ac-01b0-4c82-83a1-4069d4340667
2021-11-27,2021,11,Q4,UPI,1342.41,22251.27,1f9367ac-01b0-4c82-83a1-4069d4340667
2021-11-28,2021,11,Q4,IMPS,115.36,7251.47,1f9367ac-01b0-4c82-83a1-4069d4340667
2021-11-28,2021,11,Q4,NFS_ATM_CASH_WITHDRAWAL,92.97,3335.5,1f9367ac-01b0-4c82-83a1-4069d4340667
2021-11-28,2021,11,Q4,UPI,1296.28,17817.14,1f9367ac-01b0-4c82-83a1-4069d4340667
2021-11-29,2021,11,Q4,IMPS,137.35,14000.18,1f9367ac-01b0-4c82-83a1-4069d4340667
2021-11-29,2021,11,Q4,NFS_ATM_CASH_WITHDRAWAL,98.22,4001.16,1f9367ac-01b0-4c82-83a1-4069d4340667
2021-11-29,2021,11,Q4,UPI,1369.41,26386.44,1f9367ac-01b0-4c82-83a1-4069d4340667
2021-11-30,2021,11,Q4,IMPS,157.95,17712.13,1f9367ac-01b0-4c82-83a1-4069d4340667
2021-11-30,2021,11,Q4,NFS_ATM_CASH_WITHDRAWAL,110.63,4818.38,1f9367ac-01b0-4c82-83a1-4069d4340667
2021-11-30,2021,11,Q4,UPI,1477.69,32270.36,1f9367ac-01b0-4c82-83a1-4069d4340667
2021-12-01,2021,12,Q4,IMPS,166.66,17732.59,1f9367ac-01b0-4c82-83a1-4069d4340667
2021-12-01,2021,12,Q4,NFS_ATM_CASH_WITHDRAWAL,119.65,5486.06,1f9367ac-01b0-4c82-83a1-4069d4340667
2021-12-01,2021,12,Q4,UPI,1531.04,33487.99,1f9367ac-01b0-4c82-83a1-4069d4340667
2021-12-02,2021,12,Q4,IMPS,155.11,15497.2,1f9367ac-01b0-4c82-83a1-4069d4340667
2021-12-02,2021,12,Q4,NFS_ATM_CASH_WITHDRAWAL,117.51,5337.89,1f9367ac-01b0-4c82-83a1-4069d4340667
2021-12-02,2021,12,Q4,UPI,1524.3,31446.32,1f9367ac-01b0-4c82-83a1-4069d4340667
2021-12-03,2021,12,Q4,IMPS,151.76,14716.03,1f9367ac-01b0-4c82-83a1-4069d4340667
2021-12-03,2021,12,Q4,NFS_ATM_CASH_WITHDRAWAL,118.43,5230.73,1f9367ac-01b0-4c82-83a1-4069d4340667
2021-12-03,2021,12,Q4,UPI,1480.12,28800.98,1f9367ac-01b0-4c82-83a1-4069d4340667
2021-12-04,2021,12,Q4,IMPS,151.06,14073.24,1f9367ac-01b0-4c82-83a1-4069d4340667
2021-12-04,2021,12,Q4,NFS_ATM_CASH_WITHDRAWAL,120.64,5318.7,1f9367ac-01b0-4c82-83a1-4069d4340667
2021-12-04,2021,12,Q4,UPI,1542.54,29534.27,1f9367ac-01b0-4c82-83a1-4069d4340667
2021-12-05,2021,12,Q4,IMPS,132.73,9465.51,1f9367ac-01b0-4c82-83a1-4069d4340667
2021-12-05,2021,12,Q4,NFS_ATM_CASH_WITHDRAWAL,111.25,4443.42,1f9367ac-01b0-4c82-83a1-4069d4340667
2021-12-05,2021,12,Q4,UPI,1478.36,23634.62,1f9367ac-01b0-4c82-83a1-4069d4340667
2021-12-06,2021,12,Q4,IMPS,153.37,15209.9,1f9367ac-01b0-4c82-83a1-4069d4340667
2021-12-06,2021,12,Q4,NFS_ATM_CASH_WITHDRAWAL,116.52,5039.88,1f9367ac-01b0-4c82-83a1-4069d4340667
2021-12-06,2021,12,Q4,UPI,1488.74,30143.74,1f9367ac-01b0-4c82-83a1-4069d4340667
2021-12-07,2021,12,Q4,IMPS,151.08,14537.51,1f9367ac-01b0-4c82-83a1-4069d4340667
2021-12-07,2021,12,Q4,NFS_ATM_CASH_WITHDRAWAL,120.74,5263.44,1f9367ac-01b0-4c82-83a1-4069d4340667
2021-12-07,2021,12,Q4,UPI,1535.97,30111.47,1f9367ac-01b0-4c82-83a1-4069d4340667
2021-12-08,2021,12,Q4,IMPS,149.91,13887.96,1f9367ac-01b0-4c82-83a1-4069d4340667
2021-12-08,2021,12,Q4,NFS_ATM_CASH_WITHDRAWAL,123.43,5331.34,1f9367ac-01b0-4c82-83a1-4069d4340667
2021-12-08,2021,12,Q4,UPI,1510.03,28889.73,1f9367ac-01b0-4c82-83a1-4069d4340667
2021-12-09,2021,12,Q4,IMPS,146.65,13712.88,1f9367ac-01b0-4c82-83a1-4069d4340667
2021-12-09,2021,12,Q4,NFS_ATM_CASH_WITHDRAWAL,116.99,5016.72,1f9367ac-01b0-4c82-83a1-4069d4340667
2021-12-09,2021,12,Q4,UPI,1452.73,27977.02,1f9367ac-01b0-4c82-83a1-4069d4340667
2021-12-10,2021,12,Q4,IMPS,148.15,13717.39,1f9367ac-01b0-4c82-83a1-4069d4340667
2021-12-10,2021,12,Q4,NFS_ATM_CASH_WITHDRAWAL,123.05,5260.76,1f9367ac-01b0-4c82-83a1-4069d4340667
2021-12-10,2021,12,Q4,UPI,1382.76,25540.08,1f9367ac-01b0-4c82-83a1-4069d4340667
2021-12-11,2021,12,Q4,IMPS,136.82,10951.15,1f9367ac-01b0-4c82-83a1-4069d4340667
2021-12-11,2021,12,Q4,NFS_ATM_CASH_WITHDRAWAL,123.68,5251.71,1f9367ac-01b0-4c82-83a1-4069d4340667
2021-12-11,2021,12,Q4,UPI,1450.98,25827.58,1f9367ac-01b0-4c82-83a1-4069d4340667
2021-12-12,2021,12,Q4,IMPS,121.91,7657.16,1f9367ac-01b0-4c82-83a1-4069d4340667
2021-12-12,2021,12,Q4,NFS_ATM_CASH_WITHDRAWAL,107.02,4105.07,1f9367ac-01b0-4c82-83a1-4069d4340667
2021-12-12,2021,12,Q4,UPI,1392.11,20023.23,1f9367ac-01b0-4c82-83a1-4069d4340667
2021-12-13,2021,12,Q4,IMPS,142.62,13918.0,1f9367ac-01b0-4c82-83a1-4069d4340667
2021-12-13,2021,12,Q4,NFS_ATM_CASH_WITHDRAWAL,112.04,4665.29,1f9367ac-01b0-4c82-83a1-4069d4340667
2021-12-13,2021,12,Q4,UPI,1407.12,26943.56,1f9367ac-01b0-4c82-83a1-4069d4340667
2021-12-14,2021,12,Q4,IMPS,140.52,13409.54,1f9367ac-01b0-4c82-83a1-4069d4340667
2021-12-14,2021,12,Q4,NFS_ATM_CASH_WITHDRAWAL,110.12,4621.53,1f9367ac-01b0-4c82-83a1-4069d4340667
2021-12-14,2021,12,Q4,UPI,1484.81,28016.55,1f9367ac-01b0-4c82-83a1-4069d4340667
2021-12-15,2021,12,Q4,IMPS,143.32,13556.82,1f9367ac-01b0-4c82-83a1-4069d4340667
2021-12-15,2021,12,Q4,NFS_ATM_CASH_WITHDRAWAL,111.86,4663.93,1f9367ac-01b0-4c82-83a1-4069d4340667
2021-12-15,2021,12,Q4,UPI,1512.54,28838.73,1f9367ac-01b0-4c82-83a1-4069d4340667
2021-12-16,2021,12,Q4,IMPS,146.91,12445.24,1f9367ac-01b0-4c82-83a1-4069d4340667
2021-12-16,2021,12,Q4,NFS_ATM_CASH_WITHDRAWAL,103.2,4263.42,1f9367ac-01b0-4c82-83a1-4069d4340667
2021-12-16,2021,12,Q4,UPI,1456.96,26447.76,1f9367ac-01b0-4c82-83a1-4069d4340667
2021-12-17,2021,12,Q4,IMPS,131.7,11365.73,1f9367ac-01b0-4c82-83a1-4069d4340667
2021-12-17,2021,12,Q4,NFS_ATM_CASH_WITHDRAWAL,99.67,3992.58,1f9367ac-01b0-4c82-83a1-4069d4340667
2021-12-17,2021,12,Q4,UPI,1461.15,24999.17,1f9367ac-01b0-4c82-83a1-4069d4340667
2021-12-18,2021,12,Q4,IMPS,131.1,11197.18,1f9367ac-01b0-4c82-83a1-4069d4340667
2021-12-18,2021,12,Q4,NFS_ATM_CASH_WITHDRAWAL,108.03,4367.02,1f9367ac-01b0-4c82-83a1-4069d4340667
2021-12-18,2021,12,Q4,UPI,1451.23,24668.99,1f9367ac-01b0-4c82-83a1-4069d4340667
2021-12-19,2021,12,Q4,IMPS,115.82,6990.68,1f9367ac-01b0-4c82-83a1-4069d4340667
2021-12-19,2021,12,Q4,NFS_ATM_CASH_WITHDRAWAL,99.5,3591.6,1f9367ac-01b0-4c82-83a1-4069d4340667
2021-12-19,2021,12,Q4,UPI,1402.14,19087.16,1f9367ac-01b0-4c82-83a1-4069d4340667
2021-12-20,2021,12,Q4,IMPS,141.56,14056.0,1f9367ac-01b0-4c82-83a1-4069d4340667
2021-12-20,2021,12,Q4,NFS_ATM_CASH_WITHDRAWAL,106.2,4316.68,1f9367ac-01b0-4c82-83a1-4069d4340667
2021-12-20,2021,12,Q4,UPI,1489.36,29184.65,1f9367ac-01b0-4c82-83a1-4069d4340667
2021-12-21,2021,12,Q4,IMPS,138.59,12916.5,1f9367ac-01b0-4c82-83a1-4069d4340667
2021-12-21,2021,12,Q4,NFS_ATM_CASH_WITHDRAWAL,102.69,4134.8,1f9367ac-01b0-4c82-83a1-4069d4340667
2021-12-21,2021,12,Q4,UPI,1467.81,27086.37,1f9367ac-01b0-4c82-83a1-4069d4340667
2021-12-22,2021,12,Q4,IMPS,141.44,12829.46,1f9367ac-01b0-4c82-83a1-4069d4340667
2021-12-22,2021,12,Q4,NFS_ATM_CASH_WITHDRAWAL,104.22,4153.29,1f9367ac-01b0-4c82-83a1-4069d4340667
2021-12-22,2021,12,Q4,UPI,1489.94,26892.86,1f9367ac-01b0-4c82-83a1-4069d4340667
2021-12-23,2021,12,Q4,IMPS,141.42,12749.34,1f9367ac-01b0-4c82-83a1-4069d4340667
2021-12-23,2021,12,Q4,NFS_ATM_CASH_WITHDRAWAL,103.11,4094.84,1f9367ac-01b0-4c82-83a1-4069d4340667
2021-12-23,2021,12,Q4,UPI,1494.64,26454.72,1f9367ac-01b0-4c82-83a1-4069d4340667
2021-12-24,2021,12,Q4,IMPS,146.76,12950.79,1f9367ac-01b0-4c82-83a1-4069d4340667
2021-12-24,2021,12,Q4,NFS_ATM_CASH_WITHDRAWAL,108.02,4227.41,1f9367ac-01b0-4c82-83a1-4069d4340667
2021-12-24,2021,12,Q4,UPI,1491.2,25817.61,1f9367ac-01b0-4c82-83a1-4069d4340667
2021-12-25,2021,12,Q4,IMPS,132.69,9373.8,1f9367ac-01b0-4c82-83a1-4069d4340667
2021-12-25,2021,12,Q4,NFS_ATM_CASH_WITHDRAWAL,100.8,3849.95,1f9367ac-01b0-4c82-83a1-4069d4340667
2021-12-25,2021,12,Q4,UPI,1448.92,22122.87,1f9367ac-01b0-4c82-83a1-4069d4340667
2021-12-26,2021,12,Q4,IMPS,122.91,6909.57,1f9367ac-01b0-4c82-83a1-4069d4340667
2021-12-26,2021,12,Q4,NFS_ATM_CASH_WITHDRAWAL,91.23,3185.38,1f9367ac-01b0-4c82-83a1-4069d4340667
2021-12-26,2021,12,Q4,UPI,1357.26,17623.74,1f9367ac-01b0-4c82-83a1-4069d4340667
2021-12-27,2021,12,Q4,IMPS,148.1,13560.56,1f9367ac-01b0-4c82-83a1-4069d4340667
2021-12-27,2021,12,Q4,NFS_ATM_CASH_WITHDRAWAL,100.72,3976.09,1f9367ac-01b0-4c82-83a1-4069d4340667
2021-12-27,2021,12,Q4,UPI,1436.37,26037.07,1f9367ac-01b0-4c82-83a1-4069d4340667
2021-12-28,2021,12,Q4,IMPS,143.04,13058.13,1f9367ac-01b0-4c82-83a1-4069d4340667
2021-12-28,2021,12,Q4,NFS_ATM_CASH_WITHDRAWAL,97.23,3900.18,1f9367ac-01b0-4c82-83a1-4069d4340667
2021-12-28,2021,12,Q4,UPI,1445.59,26113.2,1f9367ac-01b0-4c82-83a1-4069d4340667
2021-12-29,2021,12,Q4,IMPS,142.73,13172.43,1f9367ac-01b0-4c82-83a1-4069d4340667
2021-12-29,2021,12,Q4,NFS_ATM_CASH_WITHDRAWAL,99.89,3982.18,1f9367ac-01b0-4c82-83a1-4069d4340667
2021-12-29,2021,12,Q4,UPI,1420.78,25271.47,1f9367ac-01b0-4c82-83a1-4069d4340667
2021-12-30,2021,12,Q4,IMPS,146.54,13985.71,1f9367ac-01b0-4c82-83a1-4069d4340667
2021-12-30,2021,12,Q4,NFS_ATM_CASH_WITHDRAWAL,102.81,4208.07,1f9367ac-01b0-4c82-83a1-4069d4340667
2021-12-30,2021,12,Q4,UPI,1491.52,27540.86,1f9367ac-01b0-4c82-83a1-4069d4340667
2021-12-31,2021,12,Q4,IMPS,166.88,16807.43,1f9367ac-01b0-4c82-83a1-4069d4340667
2021-12-31,2021,12,Q4,NFS_ATM_CASH_WITHDRAWAL,129.66,5329.68,1f9367ac-01b0-4c82-83a1-4069d4340667
2021-12-31,2021,12,Q4,UPI,1683.97,32283.86,1f9367ac-01b0-4c82-83a1-4069d4340667
2022-01-01,2022,1,Q1,IMPS,149.03,12307.74,1f9367ac-01b0-4c82-83a1-4069d4340667
2022-01-01,2022,1,Q1,NFS_ATM_CASH_WITHDRAWAL,116.3,4771.05,1f9367ac-01b0-4c82-83a1-4069d4340667
2022-01-01,2022,1,Q1,UPI,1585.27,27278.48,1f9367ac-01b0-4c82-83a1-4069d4340667
2022-01-02,2022,1,Q1,IMPS,143.16,10121.7,1f9367ac-01b0-4c82-83a1-4069d4340667
2022-01-02,2022,1,Q1,NFS_ATM_CASH_WITHDRAWAL,117.87,4722.08,1f9367ac-01b0-4c82-83a1-4069d4340667
2022-01-02,2022,1,Q1,UPI,1531.66,24750.74,1f9367ac-01b0-4c82-83a1-4069d4340667
2022-01-03,2022,1,Q1,IMPS,158.52,15630.76,1f9367ac-01b0-4c82-83a1-4069d4340667
2022-01-03,2022,1,Q1,NFS_ATM_CASH_WITHDRAWAL,121.36,5325.26,1f9367ac-01b0-4c82-83a1-4069d4340667
2022-01-03,2022,1,Q1,UPI,1614.87,32979.67,1f9367ac-01b0-4c82-83a1-4069d4340667
2022-01-04,2022,1,Q1,IMPS,157.25,15279.56,1f9367ac-01b0-4c82-83a1-4069d4340667
2022-01-04,2022,1,Q1,NFS_ATM_CASH_WITHDRAWAL,117.78,5145.17,1f9367ac-01b0-4c82-83a1-4069d4340667
2022-01-04,2022,1,Q1,UPI,1595.01,32214.37,1f9367ac-01b0-4c82-83a1-4069d4340667
2022-01-05,2022,1,Q1,IMPS,155.68,15165.83,1f9367ac-01b0-4c82-83a1-4069d4340667
2022-01-05,2022,1,Q1,NFS_ATM_CASH_WITHDRAWAL,112.98,4877.22,1f9367ac-01b0-4c82-83a1-4069d4340667
2022-01-05,2022,1,Q1,UPI,1591.71,31730.45,1f9367ac-01b0-4c82-83a1-4069d4340667
2022-01-06,2022,1,Q1,IMPS,150.84,14303.39,1f9367ac-01b0-4c82-83a1-4069d4340667
2022-01-06,2022,1,Q1,NFS_ATM_CASH_WITHDRAWAL,113.35,4891.71,1f9367ac-01b0-4c82-83a1-4069d4340667
2022-01-06,2022,1,Q1,UPI,1589.44,30771.67,1f9367ac-01b0-4c82-83a1-4069d4340667
2022-01-07,2022,1,Q1,IMPS,156.43,14567.87,1f9367ac-01b0-4c82-83a1-4069d4340667
2022-01-07,2022,1,Q1,NFS_ATM_CASH_WITHDRAWAL,118.93,5167.85,1f9367ac-01b0-4c82-83a1-4069d4340667
2022-01-07,2022,1,Q1,UPI,1621.33,30569.5,1f9367ac-01b0-4c82-83a1-4069d4340667
2022-01-08,2022,1,Q1,IMPS,144.25,11449.65,1f9367ac-01b0-4c82-83a1-4069d4340667
2022-01-08,2022,1,Q1,NFS_ATM_CASH_WITHDRAWAL,113.28,4881.01,1f9367ac-01b0-4c82-83a1-4069d4340667
2022-01-08,2022,1,Q1,UPI,1547.07,26520.13,1f9367ac-01b0-4c82-83a1-4069d4340667
2022-01-09,2022,1,Q1,IMPS,121.56,8049.53,1f9367ac-01b0-4c82-83a1-4069d4340667
2022-01-09,2022,1,Q1,NFS_ATM_CASH_WITHDRAWAL,93.24,3627.11,1f9367ac-01b0-4c82-83a1-4069d4340667
2022-01-09,2022,1,Q1,UPI,1212.96,18265.68,1f9367ac-01b0-4c82-83a1-4069d4340667
2022-01-10,2022,1,Q1,IMPS,158.64,15123.92,1f9367ac-01b0-4c82-83a1-4069d4340667
2022-01-10,2022,1,Q1,NFS_ATM_CASH_WITHDRAWAL,123.08,5370.77,1f9367ac-01b0-4c82-83a1-4069d4340667
2022-01-10,2022,1,Q1,UPI,1650.53,33273.67,1f9367ac-01b0-4c82-83a1-4069d4340667
2022-01-11,2022,1,Q1,IMPS,155.9,13763.92,1f9367ac-01b0-4c82-83a1-4069d4340667
2022-01-11,2022,1,Q1,NFS_ATM_CASH_WITHDRAWAL,118.56,5142.86,1f9367ac-01b0-4c82-83a1-4069d4340667
2022-01-11,2022,1,Q1,UPI,1563.23,30052.59,1f9367ac-01b0-4c82-83a1-4069d4340667
2022-01-12,2022,1,Q1,IMPS,161.56,14189.86,1f9367ac-01b0-4c82-83a1-4069d4340667
2022-01-12,2022,1,Q1,NFS_ATM_CASH_WITHDRAWAL,120.25,5157.74,1f9367ac-01b0-4c82-83a1-4069d4340667
2022-01-12,2022,1,Q1,UPI,1590.55,30181.55,1f9367ac-01b0-4c82-83a1-4069d4340667
2022-01-13,2022,1,Q1,IMPS,155.66,13415.42,1f9367ac-01b0-4c82-83a1-4069d4340667
2022-01-13,2022,1,Q1,NFS_ATM_CASH_WITHDRAWAL,122.02,5048.06,1f9367ac-01b0-4c82-83a1-4069d4340667
2022-01-13,2022,1,Q1,UPI,1565.06,28747.57,1f9367ac-01b0-4c82-83a1-4069d4340667
2022-01-14,2022,1,Q1,IMPS,135.34,10575.12,1f9367ac-01b0-4c82-83a1-4069d4340667
2022-01-14,2022,1,Q1,NFS_ATM_CASH_WITHDRAWAL,100.92,3960.13,1f9367ac-01b0-4c82-83a1-4069d4340667
2022-01-14,2022,1,Q1,UPI,1445.09,23852.4,1f9367ac-01b0-4c82-83a1-4069d4340667
2022-01-15,2022,1,Q1,IMPS,126.99,9354.3,1f9367ac-01b0-4c82-83a1-4069d4340667
2022-01-15,2022,1,Q1,NFS_ATM_CASH_WITHDRAWAL,97.0,3854.5,1f9367ac-01b0-4c82-83a1-4069d4340667
2022-01-15,2022,1,Q1,UPI,1378.0,21970.51,1f9367ac-01b0-4c82-83a1-4069d4340667
2022-01-16,2022,1,Q1,IMPS,113.13,6568.23,1f9367ac-01b0-4c82-83a1-4069d4340667
2022-01-16,2022,1,Q1,NFS_ATM_CASH_WITHDRAWAL,81.35,3025.64,1f9367ac-01b0-4c82-83a1-4069d4340667
2022-01-16,2022,1,Q1,UPI,1311.22,18000.91,1f9367ac-01b0-4c82-83a1-4069d4340667
2022-01-17,2022,1,Q1,IMPS,144.44,12957.5,1f9367ac-01b0-4c82-83a1-4069d4340667
2022-01-17,2022,1,Q1,NFS_ATM_CASH_WITHDRAWAL,103.05,4156.33,1f9367ac-01b0-4c82-83a1-4069d4340667
2022-01-17,2022,1,Q1,UPI,1487.62,27641.24,1f9367ac-01b0-4c82-83a1-4069d4340667
2022-01-18,2022,1,Q1,IMPS,140.75,13406.27,1f9367ac-01b0-4c82-83a1-4069d4340667
2022-01-18,2022,1,Q1,NFS_ATM_CASH_WITHDRAWAL,96.84,3917.89,1f9367ac-01b0-4c82-83a1-4069d4340667
2022-01-18,2022,1,Q1,UPI,1465.03,26732.97,1f9367ac-01b0-4c82-83a1-4069d4340667
2022-01-19,2022,1,Q1,IMPS,141.9,13320.48,1f9367ac-01b0-4c82-83a1-4069d4340667
2022-01-19,2022,1,Q1,NFS_ATM_CASH_WITHDRAWAL,98.64,3957.93,1f9367ac-01b0-4c82-83a1-4069d4340667
2022-01-19,2022,1,Q1,UPI,1501.62,27400.76,1f9367ac-01b0-4c82-83a1-4069d4340667
2022-01-20,2022,1,Q1,IMPS,141.9,13090.65,1f9367ac-01b0-4c82-83a1-4069d4340667
2022-01-20,2022,1,Q1,NFS_ATM_CASH_WITHDRAWAL,97.29,3895.39,1f9367ac-01b0-4c82-83a1-4069d4340667
2022-01-20,2022,1,Q1,UPI,1459.3,27092.83,1f9367ac-01b0-4c82-83a1-4069d4340667
2022-01-21,2022,1,Q1,IMPS,139.22,12839.56,1f9367ac-01b0-4c82-83a1-4069d4340667
2022-01-21,2022,1,Q1,NFS_ATM_CASH_WITHDRAWAL,96.91,3841.89,1f9367ac-01b0-4c82-83a1-4069d4340667
2022-01-21,2022,1,Q1,UPI,1477.4,26652.65,1f9367ac-01b0-4c82-83a1-4069d4340667
2022-01-22,2022,1,Q1,IMPS,130.02,10107.84,1f9367ac-01b0-4c82-83a1-4069d4340667
2022-01-22,2022,1,Q1,NFS_ATM_CASH_WITHDRAWAL,94.52,3656.19,1f9367ac-01b0-4c82-83a1-4069d4340667
2022-01-22,2022,1,Q1,UPI,1422.39,23272.13,1f9367ac-01b0-4c82-83a1-4069d4340667
2022-01-23,2022,1,Q1,IMPS,110.47,6576.66,1f9367ac-01b0-4c82-83a1-4069d4340667
2022-01-23,2022,1,Q1,NFS_ATM_CASH_WITHDRAWAL,72.26,2575.14,1f9367ac-01b0-4c82-83a1-4069d4340667
2022-01-23,2022,1,Q1,UPI,1317.35,17525.56,1f9367ac-01b0-4c82-83a1-4069d4340667
2022-01-24,2022,1,Q1,IMPS,143.05,13943.49,1f9367ac-01b0-4c82-83a1-4069d4340667
2022-01-24,2022,1,Q1,NFS_ATM_CASH_WITHDRAWAL,93.72,3744.28,1f9367ac-01b0-4c82-83a1-4069d4340667
2022-01-24,2022,1,Q1,UPI,1450.3,28414.48,1f9367ac-01b0-4c82-83a1-4069d4340667
2022-01-25,2022,1,Q1,IMPS,142.26,14202.99,1f9367ac-01b0-4c82-83a1-4069d4340667
2022-01-25,2022,1,Q1,NFS_ATM_CASH_WITHDRAWAL,97.56,3869.86,1f9367ac-01b0-4c82-83a1-4069d4340667
2022-01-25,2022,1,Q1,UPI,1460.12,27920.07,1f9367ac-01b0-4c82-83a1-4069d4340667
2022-01-26,2022,1,Q1,IMPS,125.59,8902.79,1f9367ac-01b0-4c82-83a1-4069d4340667
2022-01-26,2022,1,Q1,NFS_ATM_CASH_WITHDRAWAL,87.35,3246.03,1f9367ac-01b0-4c82-83a1-4069d4340667
2022-01-26,2022,1,Q1,UPI,1404.28,21232.52,1f9367ac-01b0-4c82-83a1-4069d4340667
2022-01-27,2022,1,Q1,IMPS,136.4,13688.2,1f9367ac-01b0-4c82-83a1-4069d4340667
2022-01-27,2022,1,Q1,NFS_ATM_CASH_WITHDRAWAL,92.53,3708.91,1f9367ac-01b0-4c82-83a1-4069d4340667
2022-01-27,2022,1,Q1,UPI,1437.6,27360.06,1f9367ac-01b0-4c82-83a1-4069d4340667
2022-01-28,2022,1,Q1,IMPS,141.3,14242.94,1f9367ac-01b0-4c82-83a1-4069d4340667
2022-01-28,2022,1,Q1,NFS_ATM_CASH_WITHDRAWAL,90.43,3694.46,1f9367ac-01b0-4c82-83a1-4069d4340667
2022-01-28,2022,1,Q1,UPI,1454.86,26942.28,1f9367ac-01b0-4c82-83a1-4069d4340667
2022-01-29,2022,1,Q1,IMPS,132.01,12531.03,1f9367ac-01b0-4c82-83a1-4069d4340667
2022-01-29,2022,1,Q1,NFS_ATM_CASH_WITHDRAWAL,99.64,4062.26,1f9367ac-01b0-4c82-83a1-4069d4340667
2022-01-29,2022,1,Q1,UPI,1390.55,24872.5,1f9367ac-01b0-4c82-83a1-4069d4340667
2022-01-30,2022,1,Q1,IMPS,122.53,8141.01,1f9367ac-01b0-4c82-83a1-4069d4340667
2022-01-30,2022,1,Q1,NFS_ATM_CASH_WITHDRAWAL,89.08,3312.78,1f9367ac-01b0-4c82-83a1-4069d4340667
2022-01-30,2022,1,Q1,UPI,1437.84,21176.51,1f9367ac-01b0-4c82-83a1-4069d4340667
2022-01-31,2022,1,Q1,IMPS,165.95,19188.54,1f9367ac-01b0-4c82-83a1-4069d4340667
2022-01-31,2022,1,Q1,NFS_ATM_CASH_WITHDRAWAL,109.93,4870.8,1f9367ac-01b0-4c82-83a1-4069d4340667
2022-01-31,2022,1,Q1,UPI,1612.3,36596.64,1f9367ac-01b0-4c82-83a1-4069d4340667
2022-02-01,2022,2,Q1,IMPS,178.82,19369.97,1f9367ac-01b0-4c82-83a1-4069d4340667
2022-02-01,2022,2,Q1,NFS_ATM_CASH_WITHDRAWAL,119.99,5626.66,1f9367ac-01b0-4c82-83a1-4069d4340667
2022-02-01,2022,2,Q1,UPI,1727.27,38167.32,1f9367ac-01b0-4c82-83a1-4069d4340667
2022-02-02,2022,2,Q1,IMPS,166.35,17019.23,1f9367ac-01b0-4c82-83a1-4069d4340667
2022-02-02,2022,2,Q1,NFS_ATM_CASH_WITHDRAWAL,121.67,5636.13,1f9367ac-01b0-4c82-83a1-4069d4340667
2022-02-02,2022,2,Q1,UPI,1666.46,34757.09,1f9367ac-01b0-4c82-83a1-4069d4340667
2022-02-03,2022,2,Q1,IMPS,158.45,15962.18,1f9367ac-01b0-4c82-83a1-4069d4340667
2022-02-03,2022,2,Q1,NFS_ATM_CASH_WITHDRAWAL,110.46,4974.08,1f9367ac-01b0-4c82-83a1-4069d4340667
2022-02-03,2022,2,Q1,UPI,1646.71,33265.3,1f9367ac-01b0-4c82-83a1-4069d4340667
2022-02-04,2022,2,Q1,IMPS,154.44,15223.57,1f9367ac-01b0-4c82-83a1-4069d4340667
2022-02-04,2022,2,Q1,NFS_ATM_CASH_WITHDRAWAL,109.9,4854.08,1f9367ac-01b0-4c82-83a1-4069d4340667
2022-02-04,2022,2,Q1,UPI,1622.84,32036.03,1f9367ac-01b0-4c82-83a1-4069d4340667
2022-02-05,2022,2,Q1,IMPS,152.01,13673.29,1f9367ac-01b0-4c82-83a1-4069d4340667
2022-02-05,2022,2,Q1,NFS_ATM_CASH_WITHDRAWAL,118.69,5216.64,1f9367ac-01b0-4c82-83a1-4069d4340667
2022-02-05,2022,2,Q1,UPI,1655.22,31339.7,1f9367ac-01b0-4c82-83a1-4069d4340667
2022-02-06,2022,2,Q1,IMPS,132.87,8996.76,1f9367ac-01b0-4c82-83a1-4069d4340667
2022-02-06,2022,2,Q1,NFS_ATM_CASH_WITHDRAWAL,103.81,4158.0,1f9367ac-01b0-4c82-83a1-4069d4340667
2022-02-06,2022,2,Q1,UPI,1549.3,23445.48,1f9367ac-01b0-4c82-83a1-4069d4340667
2022-02-07,2022,2,Q1,IMPS,161.31,15636.93,1f9367ac-01b0-4c82-83a1-4069d4340667
2022-02-07,2022,2,Q1,NFS_ATM_CASH_WITHDRAWAL,115.85,5105.49,1f9367ac-01b0-4c82-83a1-4069d4340667
2022-02-07,2022,2,Q1,UPI,1664.91,33670.85,1f9367ac-01b0-4c82-83a1-4069d4340667
2022-02-08,2022,2,Q1,IMPS,160.62,15334.79,1f9367ac-01b0-4c82-83a1-4069d4340667
2022-02-08,2022,2,Q1,NFS_ATM_CASH_WITHDRAWAL,118.81,5279.82,1f9367ac-01b0-4c82-83a1-4069d4340667
2022-02-08,2022,2,Q1,UPI,1667.98,32682.18,1f9367ac-01b0-4c82-83a1-4069d4340667
2022-02-09,2022,2,Q1,IMPS,157.92,14759.67,1f9367ac-01b0-4c82-83a1-4069d4340667
2022-02-09,2022,2,Q1,NFS_ATM_CASH_WITHDRAWAL,117.92,5158.16,1f9367ac-01b0-4c82-83a1-4069d4340667
2022-02-09,2022,2,Q1,UPI,1718.83,32468.47,1f9367ac-01b0-4c82-83a1-4069d4340667
2022-02-10,2022,2,Q1,IMPS,156.63,14727.25,1f9367ac-01b0-4c82-83a1-4069d4340667
2022-02-10,2022,2,Q1,NFS_ATM_CASH_WITHDRAWAL,118.19,5141.42,1f9367ac-01b0-4c82-83a1-4069d4340667
2022-02-10,2022,2,Q1,UPI,1646.32,31703.55,1f9367ac-01b0-4c82-83a1-4069d4340667
2022-02-11,2022,2,Q1,IMPS,153.54,14181.86,1f9367ac-01b0-4c82-83a1-4069d4340667
2022-02-11,2022,2,Q1,NFS_ATM_CASH_WITHDRAWAL,115.36,4966.37,1f9367ac-01b0-4c82-83a1-4069d4340667
2022-02-11,2022,2,Q1,UPI,1665.02,30697.0,1f9367ac-01b0-4c82-83a1-4069d4340667
2022-02-12,2022,2,Q1,IMPS,142.97,11509.32,1f9367ac-01b0-4c82-83a1-4069d4340667
2022-02-12,2022,2,Q1,NFS_ATM_CASH_WITHDRAWAL,112.67,4862.58,1f9367ac-01b0-4c82-83a1-4069d4340667
2022-02-12,2022,2,Q1,UPI,1632.81,27942.54,1f9367ac-01b0-4c82-83a1-4069d4340667
2022-02-13,2022,2,Q1,IMPS,134.11,8176.36,1f9367ac-01b0-4c82-83a1-4069d4340667
2022-02-13,2022,2,Q1,NFS_ATM_CASH_WITHDRAWAL,102.74,3977.54,1f9367ac-01b0-4c82-83a1-4069d4340667
2022-02-13,2022,2,Q1,UPI,1588.4,22271.87,1f9367ac-01b0-4c82-83a1-4069d4340667
2022-02-14,2022,2,Q1,IMPS,158.89,15458.98,1f9367ac-01b0-4c82-83a1-4069d4340667
2022-02-14,2022,2,Q1,NFS_ATM_CASH_WITHDRAWAL,110.21,4658.95,1f9367ac-01b0-4c82-83a1-4069d4340667
2022-02-14,2022,2,Q1,UPI,1675.9,32609.4,1f9367ac-01b0-4c82-83a1-4069d4340667
2022-02-15,2022,2,Q1,IMPS,156.09,15215.25,1f9367ac-01b0-4c82-83a1-4069d4340667
2022-02-15,2022,2,Q1,NFS_ATM_CASH_WITHDRAWAL,111.6,4762.01,1f9367ac-01b0-4c82-83a1-4069d4340667
2022-02-15,2022,2,Q1,UPI,1649.61,31888.77,1f9367ac-01b0-4c82-83a1-4069d4340667
2022-02-16,2022,2,Q1,IMPS,144.11,13404.45,1f9367ac-01b0-4c82-83a1-4069d4340667
2022-02-16,2022,2,Q1,NFS_ATM_CASH_WITHDRAWAL,107.98,4511.49,1f9367ac-01b0-4c82-83a1-4069d4340667
2022-02-16,2022,2,Q1,UPI,1653.18,30212.49,1f9367ac-01b0-4c82-83a1-4069d4340667
2022-02-17,2022,2,Q1,IMPS,152.32,13756.7,1f9367ac-01b0-4c82-83a1-4069d4340667
2022-02-17,2022,2,Q1,NFS_ATM_CASH_WITHDRAWAL,102.91,4275.36,1f9367ac-01b0-4c82-83a1-4069d4340667
2022-02-17,2022,2,Q1,UPI,1599.93,29053.85,1f9367ac-01b0-4c82-83a1-4069d4340667
2022-02-18,2022,2,Q1,IMPS,148.34,13036.44,1f9367ac-01b0-4c82-83a1-4069d4340667
2022-02-18,2022,2,Q1,NFS_ATM_CASH_WITHDRAWAL,101.78,4146.06,1f9367ac-01b0-4c82-83a1-4069d4340667
2022-02-18,2022,2,Q1,UPI,1610.88,27226.8,1f9367ac-01b0-4c82-83a1-4069d4340667
2022-02-19,2022,2,Q1,IMPS,142.31,11451.13,1f9367ac-01b0-4c82-83a1-4069d4340667
2022-02-19,2022,2,Q1,NFS_ATM_CASH_WITHDRAWAL,102.46,4154.98,1f9367ac-01b0-4c82-83a1-4069d4340667
2022-02-19,2022,2,Q1,UPI,1558.32,25778.25,1f9367ac-01b0-4c82-83a1-4069d4340667
2022-02-20,2022,2,Q1,IMPS,128.67,7588.32,1f9367ac-01b0-4c82-83a1-4069d4340667
2022-02-20,2022,2,Q1,NFS_ATM_CASH_WITHDRAWAL,95.55,3499.64,1f9367ac-01b0-4c82-83a1-4069d4340667
2022-02-20,2022,2,Q1,UPI,1549.44,21128.33,1f9367ac-01b0-4c82-83a1-4069d4340667
2022-02-21,2022,2,Q1,IMPS,152.87,14201.65,1f9367ac-01b0-4c82-83a1-4069d4340667
2022-02-21,2022,2,Q1,NFS_ATM_CASH_WITHDRAWAL,100.6,4070.35,1f9367ac-01b0-4c82-83a1-4069d4340667
2022-02-21,2022,2,Q1,UPI,1578.14,29480.41,1f9367ac-01b0-4c82-83a1-4069d4340667
2022-02-22,2022,2,Q1,IMPS,137.32,13512.18,1f9367ac-01b0-4c82-83a1-4069d4340667
2022-02-22,2022,2,Q1,NFS_ATM_CASH_WITHDRAWAL,96.71,3877.9,1f9367ac-01b0-4c82-83a1-4069d4340667
2022-02-22,2022,2,Q1,UPI,1474.01,27023.99,1f9367ac-01b0-4c82-83a1-4069d4340667
2022-02-23,2022,2,Q1,IMPS,135.56,12789.1,1f9367ac-01b0-4c82-83a1-4069d4340667
2022-02-23,2022,2,Q1,NFS_ATM_CASH_WITHDRAWAL,101.04,4001.72,1f9367ac-01b0-4c82-83a1-4069d4340667
2022-02-23,2022,2,Q1,UPI,1421.16,24444.21,1f9367ac-01b0-4c82-83a1-4069d4340667
2022-02-24,2022,2,Q1,IMPS,150.2,14883.76,1f9367ac-01b0-4c82-83a1-4069d4340667
2022-02-24,2022,2,Q1,NFS_ATM_CASH_WITHDRAWAL,98.4,3946.83,1f9367ac-01b0-4c82-83a1-4069d4340667
2022-02-24,2022,2,Q1,UPI,1679.23,32003.16,1f9367ac-01b0-4c82-83a1-4069d4340667
2022-02-25,2022,2,Q1,IMPS,151.48,15010.1,1f9367ac-01b0-4c82-83a1-4069d4340667
2022-02-25,2022,2,Q1,NFS_ATM_CASH_WITHDRAWAL,102.01,4113.95,1f9367ac-01b0-4c82-83a1-4069d4340667
2022-02-25,2022,2,Q1,UPI,1599.27,29271.51,1f9367ac-01b0-4c82-83a1-4069d4340667
2022-02-26,2022,2,Q1,IMPS,144.19,12022.18,1f9367ac-01b0-4c82-83a1-4069d4340667
2022-02-26,2022,2,Q1,NFS_ATM_CASH_WITHDRAWAL,103.94,4221.78,1f9367ac-01b0-4c82-83a1-4069d4340667
2022-02-26,2022,2,Q1,UPI,1606.8,26149.22,1f9367ac-01b0-4c82-83a1-4069d4340667
2022-02-27,2022,2,Q1,IMPS,130.64,8409.5,1f9367ac-01b0-4c82-83a1-4069d4340667
2022-02-27,2022,2,Q1,NFS_ATM_CASH_WITHDRAWAL,95.4,3470.26,1f9367ac-01b0-4c82-83a1-4069d4340667
2022-02-27,2022,2,Q1,UPI,1572.88,21228.83,1f9367ac-01b0-4c82-83a1-4069d4340667
2022-02-28,2022,2,Q1,IMPS,166.28,19093.12,1f9367ac-01b0-4c82-83a1-4069d4340667
2022-02-28,2022,2,Q1,NFS_ATM_CASH_WITHDRAWAL,119.1,5131.6,1f9367ac-01b0-4c82-83a1-4069d4340667
2022-02-28,2022,2,Q1,UPI,1594.07,34896.42,1f9367ac-01b0-4c82-83a1-4069d4340667
2022-03-01,2022,3,Q1,IMPS,169.68,16344.07,1f9367ac-01b0-4c82-83a1-4069d4340667
2022-03-01,2022,3,Q1,NFS_ATM_CASH_WITHDRAWAL,116.79,5002.19,1f9367ac-01b0-4c82-83a1-4069d4340667
2022-03-01,2022,3,Q1,UPI,1711.64,33758.22,1f9367ac-01b0-4c82-83a1-4069d4340667
2022-03-02,2022,3,Q1,IMPS,176.66,18754.02,1f9367ac-01b0-4c82-83a1-4069d4340667
2022-03-02,2022,3,Q1,NFS_ATM_CASH_WITHDRAWAL,122.83,5611.37,1f9367ac-01b0-4c82-83a1-4069d4340667
2022-03-02,2022,3,Q1,UPI,1794.57,37033.35,1f9367ac-01b0-4c82-83a1-4069d4340667
2022-03-03,2022,3,Q1,IMPS,168.11,17976.05,1f9367ac-01b0-4c82-83a1-4069d4340667
2022-03-03,2022,3,Q1,NFS_ATM_CASH_WITHDRAWAL,120.26,5442.34,1f9367ac-01b0-4c82-83a1-4069d4340667
2022-03-03,2022,3,Q1,UPI,1794.51,36252.3,1f9367ac-01b0-4c82-83a1-4069d4340667
2022-03-04,2022,3,Q1,IMPS,167.14,17345.13,1f9367ac-01b0-4c82-83a1-4069d4340667
2022-03-04,2022,3,Q1,NFS_ATM_CASH_WITHDRAWAL,118.21,5223.85,1f9367ac-01b0-4c82-83a1-4069d4340667
2022-03-04,2022,3,Q1,UPI,1779.04,35210.29,1f9367ac-01b0-4c82-83a1-4069d4340667
2022-03-05,2022,3,Q1,IMPS,166.2,16004.65,1f9367ac-01b0-4c82-83a1-4069d4340667
2022-03-05,2022,3,Q1,NFS_ATM_CASH_WITHDRAWAL,124.02,5518.12,1f9367ac-01b0-4c82-83a1-4069d4340667
2022-03-05,2022,3,Q1,UPI,1840.21,35370.65,1f9367ac-01b0-4c82-83a1-4069d4340667
2022-03-06,2022,3,Q1,IMPS,144.1,10319.81,1f9367ac-01b0-4c82-83a1-4069d4340667
2022-03-06,2022,3,Q1,NFS_ATM_CASH_WITHDRAWAL,111.04,4427.42,1f9367ac-01b0-4c82-83a1-4069d4340667
2022-03-06,2022,3,Q1,UPI,1725.69,26113.76,1f9367ac-01b0-4c82-83a1-4069d4340667
2022-03-07,2022,3,Q1,IMPS,172.24,18699.64,1f9367ac-01b0-4c82-83a1-4069d4340667
2022-03-07,2022,3,Q1,NFS_ATM_CASH_WITHDRAWAL,119.26,5262.24,1f9367ac-01b0-4c82-83a1-4069d4340667
2022-03-07,2022,3,Q1,UPI,1817.79,37285.22,1f9367ac-01b0-4c82-83a1-4069d4340667
2022-03-08,2022,3,Q1,IMPS,167.14,17029.9,1f9367ac-01b0-4c82-83a1-4069d4340667
2022-03-08,2022,3,Q1,NFS_ATM_CASH_WITHDRAWAL,121.93,5370.42,1f9367ac-01b0-4c82-83a1-4069d4340667
2022-03-08,2022,3,Q1,UPI,1793.65,34545.89,1f9367ac-01b0-4c82-83a1-4069d4340667
2022-03-09,2022,3,Q1,IMPS,168.25,17061.34,1f9367ac-01b0-4c82-83a1-4069d4340667
2022-03-09,2022,3,Q1,NFS_ATM_CASH_WITHDRAWAL,121.31,5286.27,1f9367ac-01b0-4c82-83a1-4069d4340667
2022-03-09,2022,3,Q1,UPI,1808.25,34882.05,1f9367ac-01b0-4c82-83a1-4069d4340667
2022-03-10,2022,3,Q1,IMPS,165.7,16653.29,1f9367ac-01b0-4c82-83a1-4069d4340667
2022-03-10,2022,3,Q1,NFS_ATM_CASH_WITHDRAWAL,119.33,5169.62,1f9367ac-01b0-4c82-83a1-4069d4340667
2022-03-10,2022,3,Q1,UPI,1815.4,34890.75,1f9367ac-01b0-4c82-83a1-4069d4340667
2022-03-11,2022,3,Q1,IMPS,164.15,15892.36,1f9367ac-01b0-4c82-83a1-4069d4340667
2022-03-11,2022,3,Q1,NFS_ATM_CASH_WITHDRAWAL,119.68,5150.57,1f9367ac-01b0-4c82-83a1-4069d4340667
2022-03-11,2022,3,Q1,UPI,1783.45,32377.05,1f9367ac-01b0-4c82-83a1-4069d4340667
2022-03-12,2022,3,Q1,IMPS,154.5,12790.74,1f9367ac-01b0-4c82-83a1-4069d4340667
2022-03-12,2022,3,Q1,NFS_ATM_CASH_WITHDRAWAL,120.29,5145.03,1f9367ac-01b0-4c82-83a1-4069d4340667
2022-03-12,2022,3,Q1,UPI,1765.19,29318.33,1f9367ac-01b0-4c82-83a1-4069d4340667
2022-03-13,2022,3,Q1,IMPS,136.8,8639.46,1f9367ac-01b0-4c82-83a1-4069d4340667
2022-03-13,2022,3,Q1,NFS_ATM_CASH_WITHDRAWAL,106.35,4057.92,1f9367ac-01b0-4c82-83a1-4069d4340667
2022-03-13,2022,3,Q1,UPI,1704.03,23152.81,1f9367ac-01b0-4c82-83a1-4069d4340667
2022-03-14,2022,3,Q1,IMPS,167.44,16877.23,1f9367ac-01b0-4c82-83a1-4069d4340667
2022-03-14,2022,3,Q1,NFS_ATM_CASH_WITHDRAWAL,114.64,4881.74,1f9367ac-01b0-4c82-83a1-4069d4340667
2022-03-14,2022,3,Q1,UPI,1774.35,33957.67,1f9367ac-01b0-4c82-83a1-4069d4340667
2022-03-15,2022,3,Q1,IMPS,161.86,16888.16,1f9367ac-01b0-4c82-83a1-4069d4340667
2022-03-15,2022,3,Q1,NFS_ATM_CASH_WITHDRAWAL,115.92,4973.96,1f9367ac-01b0-4c82-83a1-4069d4340667
2022-03-15,2022,3,Q1,UPI,1766.92,33340.64,1f9367ac-01b0-4c82-83a1-4069d4340667
2022-03-16,2022,3,Q1,IMPS,164.19,15823.38,1f9367ac-01b0-4c82-83a1-4069d4340667
2022-03-16,2022,3,Q1,NFS_ATM_CASH_WITHDRAWAL,122.34,5202.69,1f9367ac-01b0-4c82-83a1-4069d4340667
2022-03-16,2022,3,Q1,UPI,1804.56,33221.88,1f9367ac-01b0-4c82-83a1-4069d4340667
2022-03-17,2022,3,Q1,IMPS,164.97,14806.91,1f9367ac-01b0-4c82-83a1-4069d4340667
2022-03-17,2022,3,Q1,NFS_ATM_CASH_WITHDRAWAL,125.19,5018.68,1f9367ac-01b0-4c82-83a1-4069d4340667
2022-03-17,2022,3,Q1,UPI,1807.54,31166.73,1f9367ac-01b0-4c82-83a1-4069d4340667
2022-03-18,2022,3,Q1,IMPS,109.2,7777.11,1f9367ac-01b0-4c82-83a1-4069d4340667
2022-03-18,2022,3,Q1,NFS_ATM_CASH_WITHDRAWAL,76.54,2679.4,1f9367ac-01b0-4c82-83a1-4069d4340667
2022-03-18,2022,3,Q1,UPI,1489.27,18869.04,1f9367ac-01b0-4c82-83a1-4069d4340667
2022-03-19,2022,3,Q1,IMPS,133.28,11049.95,1f9367ac-01b0-4c82-83a1-4069d4340667
2022-03-19,2022,3,Q1,NFS_ATM_CASH_WITHDRAWAL,97.69,3809.86,1f9367ac-01b0-4c82-83a1-4069d4340667
2022-03-19,2022,3,Q1,UPI,1644.78,25247.27,1f9367ac-01b0-4c82-83a1-4069d4340667
2022-03-20,2022,3,Q1,IMPS,126.84,7751.55,1f9367ac-01b0-4c82-83a1-4069d4340667
2022-03-20,2022,3,Q1,NFS_ATM_CASH_WITHDRAWAL,98.4,3544.59,1f9367ac-01b0-4c82-83a1-4069d4340667
2022-03-20,2022,3,Q1,UPI,1588.62,21237.31,1f9367ac-01b0-4c82-83a1-4069d4340667
2022-03-21,2022,3,Q1,IMPS,151.98,15295.33,1f9367ac-01b0-4c82-83a1-4069d4340667
2022-03-21,2022,3,Q1,NFS_ATM_CASH_WITHDRAWAL,106.74,4377.08,1f9367ac-01b0-4c82-83a1-4069d4340667
2022-03-21,2022,3,Q1,UPI,1722.99,31841.8,1f9367ac-01b0-4c82-83a1-4069d4340667
2022-03-22,2022,3,Q1,IMPS,149.37,14339.26,1f9367ac-01b0-4c82-83a1-4069d4340667
2022-03-22,2022,3,Q1,NFS_ATM_CASH_WITHDRAWAL,100.87,4098.66,1f9367ac-01b0-4c82-83a1-4069d4340667
2022-03-22,2022,3,Q1,UPI,1673.03,29566.9,1f9367ac-01b0-4c82-83a1-4069d4340667
2022-03-23,2022,3,Q1,IMPS,153.78,14710.78,1f9367ac-01b0-4c82-83a1-4069d4340667
2022-03-23,2022,3,Q1,NFS_ATM_CASH_WITHDRAWAL,102.38,4140.54,1f9367ac-01b0-4c82-83a1-4069d4340667
2022-03-23,2022,3,Q1,UPI,1698.64,29859.79,1f9367ac-01b0-4c82-83a1-4069d4340667
2022-03-24,2022,3,Q1,IMPS,151.91,14673.37,1f9367ac-01b0-4c82-83a1-4069d4340667
2022-03-24,2022,3,Q1,NFS_ATM_CASH_WITHDRAWAL,99.8,4045.23,1f9367ac-01b0-4c82-83a1-4069d4340667
2022-03-24,2022,3,Q1,UPI,1695.82,29588.27,1f9367ac-01b0-4c82-83a1-4069d4340667
2022-03-25,2022,3,Q1,IMPS,152.02,14748.39,1f9367ac-01b0-4c82-83a1-4069d4340667
2022-03-25,2022,3,Q1,NFS_ATM_CASH_WITHDRAWAL,103.42,4217.6,1f9367ac-01b0-4c82-83a1-4069d4340667
2022-03-25,2022,3,Q1,UPI,1709.3,29741.97,1f9367ac-01b0-4c82-83a1-4069d4340667
2022-03-26,2022,3,Q1,IMPS,161.67,12952.75,1f9367ac-01b0-4c82-83a1-4069d4340667
2022-03-26,2022,3,Q1,NFS_ATM_CASH_WITHDRAWAL,105.5,4305.43,1f9367ac-01b0-4c82-83a1-4069d4340667
2022-03-26,2022,3,Q1,UPI,1760.5,27909.08,1f9367ac-01b0-4c82-83a1-4069d4340667
2022-03-27,2022,3,Q1,IMPS,147.22,8583.0,1f9367ac-01b0-4c82-83a1-4069d4340667
2022-03-27,2022,3,Q1,NFS_ATM_CASH_WITHDRAWAL,96.46,3479.11,1f9367ac-01b0-4c82-83a1-4069d4340667
2022-03-27,2022,3,Q1,UPI,1708.97,21937.12,1f9367ac-01b0-4c82-83a1-4069d4340667
2022-03-28,2022,3,Q1,IMPS,166.02,16003.54,1f9367ac-01b0-4c82-83a1-4069d4340667
2022-03-28,2022,3,Q1,NFS_ATM_CASH_WITHDRAWAL,96.25,3961.04,1f9367ac-01b0-4c82-83a1-4069d4340667
2022-03-28,2022,3,Q1,UPI,1713.71,30755.25,1f9367ac-01b0-4c82-83a1-4069d4340667
2022-03-29,2022,3,Q1,IMPS,172.75,15638.14,1f9367ac-01b0-4c82-83a1-4069d4340667
2022-03-29,2022,3,Q1,NFS_ATM_CASH_WITHDRAWAL,94.49,3870.77,1f9367ac-01b0-4c82-83a1-4069d4340667
2022-03-29,2022,3,Q1,UPI,1716.2,29737.75,1f9367ac-01b0-4c82-83a1-4069d4340667
2022-03-30,2022,3,Q1,IMPS,175.06,18028.03,1f9367ac-01b0-4c82-83a1-4069d4340667
2022-03-30,2022,3,Q1,NFS_ATM_CASH_WITHDRAWAL,105.93,4455.2,1f9367ac-01b0-4c82-83a1-4069d4340667
2022-03-30,2022,3,Q1,UPI,1771.98,33222.54,1f9367ac-01b0-4c82-83a1-4069d4340667
2022-03-31,2022,3,Q1,IMPS,189.78,22821.47,1f9367ac-01b0-4c82-83a1-4069d4340667
2022-03-31,2022,3,Q1,NFS_ATM_CASH_WITHDRAWAL,114.64,4980.08,1f9367ac-01b0-4c82-83a1-4069d4340667
2022-03-31,2022,3,Q1,UPI,1875.91,39189.99,1f9367ac-01b0-4c82-83a1-4069d4340667
2022-04-01,2022,4,Q2,IMPS,167.83,15563.18,1f9367ac-01b0-4c82-83a1-4069d4340667
2022-04-01,2022,4,Q2,NFS_ATM_CASH_WITHDRAWAL,118.73,5005.23,1f9367ac-01b0-4c82-83a1-4069d4340667
2022-04-01,2022,4,Q2,UPI,1759.96,31501.34,1f9367ac-01b0-4c82-83a1-4069d4340667
2022-04-02,2022,4,Q2,IMPS,161.16,15625.53,1f9367ac-01b0-4c82-83a1-4069d4340667
2022-04-02,2022,4,Q2,NFS_ATM_CASH_WITHDRAWAL,124.15,5483.24,1f9367ac-01b0-4c82-83a1-4069d4340667
2022-04-02,2022,4,Q2,UPI,1904.37,34305.57,1f9367ac-01b0-4c82-83a1-4069d4340667
2022-04-03,2022,4,Q2,IMPS,157.35,12065.23,1f9367ac-01b0-4c82-83a1-4069d4340667
2022-04-03,2022,4,Q2,NFS_ATM_CASH_WITHDRAWAL,113.13,4779.66,1f9367ac-01b0-4c82-83a1-4069d4340667
2022-04-03,2022,4,Q2,UPI,1816.66,28996.32,1f9367ac-01b0-4c82-83a1-4069d4340667
2022-04-04,2022,4,Q2,IMPS,181.1,20233.82,1f9367ac-01b0-4c82-83a1-4069d4340667
2022-04-04,2022,4,Q2,NFS_ATM_CASH_WITHDRAWAL,124.54,5868.63,1f9367ac-01b0-4c82-83a1-4069d4340667
2022-04-04,2022,4,Q2,UPI,1932.97,41530.22,1f9367ac-01b0-4c82-83a1-4069d4340667
2022-04-05,2022,4,Q2,IMPS,175.89,18865.01,1f9367ac-01b0-4c82-83a1-4069d4340667
2022-04-05,2022,4,Q2,NFS_ATM_CASH_WITHDRAWAL,123.88,5736.23,1f9367ac-01b0-4c82-83a1-4069d4340667
2022-04-05,2022,4,Q2,UPI,1934.18,39370.19,1f9367ac-01b0-4c82-83a1-4069d4340667
2022-04-06,2022,4,Q2,IMPS,166.57,17620.58,1f9367ac-01b0-4c82-83a1-4069d4340667
2022-04-06,2022,4,Q2,NFS_ATM_CASH_WITHDRAWAL,120.04,5412.12,1f9367ac-01b0-4c82-83a1-4069d4340667
2022-04-06,2022,4,Q2,UPI,1892.45,37401.11,1f9367ac-01b0-4c82-83a1-4069d4340667
2022-04-07,2022,4,Q2,IMPS,165.42,17187.21,1f9367ac-01b0-4c82-83a1-4069d4340667
2022-04-07,2022,4,Q2,NFS_ATM_CASH_WITHDRAWAL,119.75,5394.92,1f9367ac-01b0-4c82-83a1-4069d4340667
2022-04-07,2022,4,Q2,UPI,1924.91,37184.6,1f9367ac-01b0-4c82-83a1-4069d4340667
2022-04-08,2022,4,Q2,IMPS,161.05,16035.15,1f9367ac-01b0-4c82-83a1-4069d4340667
2022-04-08,2022,4,Q2,NFS_ATM_CASH_WITHDRAWAL,124.71,5598.19,1f9367ac-01b0-4c82-83a1-4069d4340667
2022-04-08,2022,4,Q2,UPI,1915.95,35133.63,1f9367ac-01b0-4c82-83a1-4069d4340667
2022-04-09,2022,4,Q2,IMPS,158.53,13540.64,1f9367ac-01b0-4c82-83a1-4069d4340667
2022-04-09,2022,4,Q2,NFS_ATM_CASH_WITHDRAWAL,124.16,5511.92,1f9367ac-01b0-4c82-83a1-4069d4340667
2022-04-09,2022,4,Q2,UPI,1963.77,33429.07,1f9367ac-01b0-4c82-83a1-4069d4340667
2022-04-10,2022,4,Q2,IMPS,141.46,9360.26,1f9367ac-01b0-4c82-83a1-4069d4340667
2022-04-10,2022,4,Q2,NFS_ATM_CASH_WITHDRAWAL,106.98,4306.2,1f9367ac-01b0-4c82-83a1-4069d4340667
2022-04-10,2022,4,Q2,UPI,1829.57,26380.29,1f9367ac-01b0-4c82-83a1-4069d4340667
2022-04-11,2022,4,Q2,IMPS,169.77,17005.59,1f9367ac-01b0-4c82-83a1-4069d4340667
2022-04-11,2022,4,Q2,NFS_ATM_CASH_WITHDRAWAL,119.02,5266.87,1f9367ac-01b0-4c82-83a1-4069d4340667
2022-04-11,2022,4,Q2,UPI,1920.92,37147.71,1f9367ac-01b0-4c82-83a1-4069d4340667
2022-04-12,2022,4,Q2,IMPS,165.47,16331.24,1f9367ac-01b0-4c82-83a1-4069d4340667
2022-04-12,2022,4,Q2,NFS_ATM_CASH_WITHDRAWAL,123.1,5437.99,1f9367ac-01b0-4c82-83a1-4069d4340667
2022-04-12,2022,4,Q2,UPI,1934.32,36141.16,1f9367ac-01b0-4c82-83a1-4069d4340667
2022-04-13,2022,4,Q2,IMPS,161.51,15860.94,1f9367ac-01b0-4c82-83a1-4069d4340667
2022-04-13,2022,4,Q2,NFS_ATM_CASH_WITHDRAWAL,125.39,5451.7,1f9367ac-01b0-4c82-83a1-4069d4340667
2022-04-13,2022,4,Q2,UPI,1959.35,35735.22,1f9367ac-01b0-4c82-83a1-4069d4340667
2022-04-14,2022,4,Q2,IMPS,149.41,12183.24,1f9367ac-01b0-4c82-83a1-4069d4340667
2022-04-14,2022,4,Q2,NFS_ATM_CASH_WITHDRAWAL,111.93,4697.49,1f9367ac-01b0-4c82-83a1-4069d4340667
2022-04-14,2022,4,Q2,UPI,1854.34,30183.26,1f9367ac-01b0-4c82-83a1-4069d4340667
2022-04-15,2022,4,Q2,IMPS,142.48,11059.19,1f9367ac-01b0-4c82-83a1-4069d4340667
2022-04-15,2022,4,Q2,NFS_ATM_CASH_WITHDRAWAL,105.61,4306.98,1f9367ac-01b0-4c82-83a1-4069d4340667
2022-04-15,2022,4,Q2,UPI,1807.44,28138.64,1f9367ac-01b0-4c82-83a1-4069d4340667
2022-04-16,2022,4,Q2,IMPS,146.96,12899.87,1f9367ac-01b0-4c82-83a1-4069d4340667
2022-04-16,2022,4,Q2,NFS_ATM_CASH_WITHDRAWAL,108.8,4551.68,1f9367ac-01b0-4c82-83a1-4069d4340667
2022-04-16,2022,4,Q2,UPI,1847.21,30322.18,1f9367ac-01b0-4c82-83a1-4069d4340667
2022-04-17,2022,4,Q2,IMPS,133.35,8399.45,1f9367ac-01b0-4c82-83a1-4069d4340667
2022-04-17,2022,4,Q2,NFS_ATM_CASH_WITHDRAWAL,100.54,3819.65,1f9367ac-01b0-4c82-83a1-4069d4340667
2022-04-17,2022,4,Q2,UPI,1776.11,23899.87,1f9367ac-01b0-4c82-83a1-4069d4340667
2022-04-18,2022,4,Q2,IMPS,158.26,15858.38,1f9367ac-01b0-4c82-83a1-4069d4340667
2022-04-18,2022,4,Q2,NFS_ATM_CASH_WITHDRAWAL,109.18,4602.46,1f9367ac-01b0-4c82-83a1-4069d4340667
2022-04-18,2022,4,Q2,UPI,1847.09,34476.4,1f9367ac-01b0-4c82-83a1-4069d4340667
2022-04-19,2022,4,Q2,IMPS,155.54,15475.27,1f9367ac-01b0-4c82-83a1-4069d4340667
2022-04-19,2022,4,Q2,NFS_ATM_CASH_WITHDRAWAL,105.57,4431.87,1f9367ac-01b0-4c82-83a1-4069d4340667
2022-04-19,2022,4,Q2,UPI,1848.4,33348.27,1f9367ac-01b0-4c82-83a1-4069d4340667
2022-04-20,2022,4,Q2,IMPS,156.88,15382.12,1f9367ac-01b0-4c82-83a1-4069d4340667
2022-04-20,2022,4,Q2,NFS_ATM_CASH_WITHDRAWAL,107.09,4468.8,1f9367ac-01b0-4c82-83a1-4069d4340667
2022-04-20,2022,4,Q2,UPI,1863.96,33512.38,1f9367ac-01b0-4c82-83a1-4069d4340667
2022-04-21,2022,4,Q2,IMPS,148.29,14405.0,1f9367ac-01b0-4c82-83a1-4069d4340667
2022-04-21,2022,4,Q2,NFS_ATM_CASH_WITHDRAWAL,101.68,4173.12,1f9367ac-01b0-4c82-83a1-4069d4340667
2022-04-21,2022,4,Q2,UPI,1833.63,31649.72,1f9367ac-01b0-4c82-83a1-4069d4340667
2022-04-22,2022,4,Q2,IMPS,149.83,14092.2,1f9367ac-01b0-4c82-83a1-4069d4340667
2022-04-22,2022,4,Q2,NFS_ATM_CASH_WITHDRAWAL,101.39,4118.64,1f9367ac-01b0-4c82-83a1-4069d4340667
2022-04-22,2022,4,Q2,UPI,1841.32,30687.21,1f9367ac-01b0-4c82-83a1-4069d4340667
2022-04-23,2022,4,Q2,IMPS,150.61,12225.16,1f9367ac-01b0-4c82-83a1-4069d4340667
2022-04-23,2022,4,Q2,NFS_ATM_CASH_WITHDRAWAL,103.54,4219.09,1f9367ac-01b0-4c82-83a1-4069d4340667
2022-04-23,2022,4,Q2,UPI,1830.43,28361.39,1f9367ac-01b0-4c82-83a1-4069d4340667
2022-04-24,2022,4,Q2,IMPS,132.29,8420.43,1f9367ac-01b0-4c82-83a1-4069d4340667
2022-04-24,2022,4,Q2,NFS_ATM_CASH_WITHDRAWAL,96.95,3507.04,1f9367ac-01b0-4c82-83a1-4069d4340667
2022-04-24,2022,4,Q2,UPI,1679.09,22341.42,1f9367ac-01b0-4c82-83a1-4069d4340667
2022-04-25,2022,4,Q2,IMPS,156.49,15902.42,1f9367ac-01b0-4c82-83a1-4069d4340667
2022-04-25,2022,4,Q2,NFS_ATM_CASH_WITHDRAWAL,103.08,4232.25,1f9367ac-01b0-4c82-83a1-4069d4340667
2022-04-25,2022,4,Q2,UPI,1821.6,33631.18,1f9367ac-01b0-4c82-83a1-4069d4340667
2022-04-26,2022,4,Q2,IMPS,153.2,15379.11,1f9367ac-01b0-4c82-83a1-4069d4340667
2022-04-26,2022,4,Q2,NFS_ATM_CASH_WITHDRAWAL,101.13,4143.59,1f9367ac-01b0-4c82-83a1-4069d4340667
2022-04-26,2022,4,Q2,UPI,1820.41,32293.94,1f9367ac-01b0-4c82-83a1-4069d4340667
2022-04-27,2022,4,Q2,IMPS,157.38,15841.26,1f9367ac-01b0-4c82-83a1-4069d4340667
2022-04-27,2022,4,Q2,NFS_ATM_CASH_WITHDRAWAL,102.11,4197.85,1f9367ac-01b0-4c82-83a1-4069d4340667
2022-04-27,2022,4,Q2,UPI,1832.81,32147.43,1f9367ac-01b0-4c82-83a1-4069d4340667
2022-04-28,2022,4,Q2,IMPS,152.75,15614.75,1f9367ac-01b0-4c82-83a1-4069d4340667
2022-04-28,2022,4,Q2,NFS_ATM_CASH_WITHDRAWAL,99.61,4110.79,1f9367ac-01b0-4c82-83a1-4069d4340667
2022-04-28,2022,4,Q2,UPI,1814.81,31645.31,1f9367ac-01b0-4c82-83a1-4069d4340667
2022-04-29,2022,4,Q2,IMPS,162.51,17462.32,1f9367ac-01b0-4c82-83a1-4069d4340667
2022-04-29,2022,4,Q2,NFS_ATM_CASH_WITHDRAWAL,107.13,4542.77,1f9367ac-01b0-4c82-83a1-4069d4340667
2022-04-29,2022,4,Q2,UPI,1849.56,34089.13,1f9367ac-01b0-4c82-83a1-4069d4340667
2022-04-30,2022,4,Q2,IMPS,176.92,18775.35,1f9367ac-01b0-4c82-83a1-4069d4340667
2022-04-30,2022,4,Q2,NFS_ATM_CASH_WITHDRAWAL,124.91,5649.01,1f9367ac-01b0-4c82-83a1-4069d4340667
2022-04-30,2022,4,Q2,UPI,1986.29,38589.29,1f9367ac-01b0-4c82-83a1-4069d4340667
2022-05-01,2022,5,Q2,IMPS,171.66,14317.19,1f9367ac-01b0-4c82-83a1-4069d4340667
2022-05-01,2022,5,Q2,NFS_ATM_CASH_WITHDRAWAL,121.42,5224.39,1f9367ac-01b0-4c82-83a1-4069d4340667
2022-05-01,2022,5,Q2,UPI,2053.98,35380.47,1f9367ac-01b0-4c82-83a1-4069d4340667
2022-05-02,2022,5,Q2,IMPS,193.31,20060.1,1f9367ac-01b0-4c82-83a1-4069d4340667
2022-05-02,2022,5,Q2,NFS_ATM_CASH_WITHDRAWAL,134.62,6226.45,1f9367ac-01b0-4c82-83a1-4069d4340667
2022-05-02,2022,5,Q2,UPI,2082.15,43127.73,1f9367ac-01b0-4c82-83a1-4069d4340667
2022-05-03,2022,5,Q2,IMPS,154.42,14017.09,1f9367ac-01b0-4c82-83a1-4069d4340667
2022-05-03,2022,5,Q2,NFS_ATM_CASH_WITHDRAWAL,109.52,4755.79,1f9367ac-01b0-4c82-83a1-4069d4340667
2022-05-03,2022,5,Q2,UPI,1861.51,32528.65,1f9367ac-01b0-4c82-83a1-4069d4340667
2022-05-04,2022,5,Q2,IMPS,167.72,18445.18,1f9367ac-01b0-4c82-83a1-4069d4340667
2022-05-04,2022,5,Q2,NFS_ATM_CASH_WITHDRAWAL,114.86,5144.46,1f9367ac-01b0-4c82-83a1-4069d4340667
2022-05-04,2022,5,Q2,UPI,1944.96,39142.74,1f9367ac-01b0-4c82-83a1-4069d4340667
2022-05-05,2022,5,Q2,IMPS,170.4,18241.82,1f9367ac-01b0-4c82-83a1-4069d4340667
2022-05-05,2022,5,Q2,NFS_ATM_CASH_WITHDRAWAL,118.81,5323.66,1f9367ac-01b0-4c82-83a1-4069d4340667
2022-05-05,2022,5,Q2,UPI,1995.45,40116.7,1f9367ac-01b0-4c82-83a1-4069d4340667
2022-05-06,2022,5,Q2,IMPS,166.66,17603.61,1f9367ac-01b0-4c82-83a1-4069d4340667
2022-05-06,2022,5,Q2,NFS_ATM_CASH_WITHDRAWAL,118.61,5241.5,1f9367ac-01b0-4c82-83a1-4069d4340667
2022-05-06,2022,5,Q2,UPI,1972.09,38218.9,1f9367ac-01b0-4c82-83a1-4069d4340667
2022-05-07,2022,5,Q2,IMPS,168.34,16128.6,1f9367ac-01b0-4c82-83a1-4069d4340667
2022-05-07,2022,5,Q2,NFS_ATM_CASH_WITHDRAWAL,128.62,5745.53,1f9367ac-01b0-4c82-83a1-4069d4340667
2022-05-07,2022,5,Q2,UPI,2060.59,37753.22,1f9367ac-01b0-4c82-83a1-4069d4340667
2022-05-08,2022,5,Q2,IMPS,147.38,10505.04,1f9367ac-01b0-4c82-83a1-4069d4340667
2022-05-08,2022,5,Q2,NFS_ATM_CASH_WITHDRAWAL,117.55,4779.22,1f9367ac-01b0-4c82-83a1-4069d4340667
2022-05-08,2022,5,Q2,UPI,1954.13,28907.36,1f9367ac-01b0-4c82-83a1-4069d4340667
2022-05-09,2022,5,Q2,IMPS,174.94,18394.28,1f9367ac-01b0-4c82-83a1-4069d4340667
2022-05-09,2022,5,Q2,NFS_ATM_CASH_WITHDRAWAL,121.52,5342.83,1f9367ac-01b0-4c82-83a1-4069d4340667
2022-05-09,2022,5,Q2,UPI,1994.1,39710.68,1f9367ac-01b0-4c82-83a1-4069d4340667
2022-05-10,2022,5,Q2,IMPS,165.39,16787.53,1f9367ac-01b0-4c82-83a1-4069d4340667
2022-05-10,2022,5,Q2,NFS_ATM_CASH_WITHDRAWAL,120.77,5283.63,1f9367ac-01b0-4c82-83a1-4069d4340667
2022-05-10,2022,5,Q2,UPI,1942.99,37570.27,1f9367ac-01b0-4c82-83a1-4069d4340667
2022-05-11,2022,5,Q2,IMPS,162.84,16203.63,1f9367ac-01b0-4c82-83a1-4069d4340667
2022-05-11,2022,5,Q2,NFS_ATM_CASH_WITHDRAWAL,121.48,5272.37,1f9367ac-01b0-4c82-83a1-4069d4340667
2022-05-11,2022,5,Q2,UPI,1974.23,36863.35,1f9367ac-01b0-4c82-83a1-4069d4340667
2022-05-12,2022,5,Q2,IMPS,157.81,16040.72,1f9367ac-01b0-4c82-83a1-4069d4340667
2022-05-12,2022,5,Q2,NFS_ATM_CASH_WITHDRAWAL,114.84,4890.63,1f9367ac-01b0-4c82-83a1-4069d4340667
2022-05-12,2022,5,Q2,UPI,1848.24,33771.63,1f9367ac-01b0-4c82-83a1-4069d4340667
2022-05-13,2022,5,Q2,IMPS,153.13,14727.24,1f9367ac-01b0-4c82-83a1-4069d4340667
2022-05-13,2022,5,Q2,NFS_ATM_CASH_WITHDRAWAL,112.03,4684.13,1f9367ac-01b0-4c82-83a1-4069d4340667
2022-05-13,2022,5,Q2,UPI,1943.36,37429.32,1f9367ac-01b0-4c82-83a1-4069d4340667
2022-05-14,2022,5,Q2,IMPS,149.51,12101.87,1f9367ac-01b0-4c82-83a1-4069d4340667
2022-05-14,2022,5,Q2,NFS_ATM_CASH_WITHDRAWAL,114.28,4785.24,1f9367ac-01b0-4c82-83a1-4069d4340667
2022-05-14,2022,5,Q2,UPI,1927.89,31230.91,1f9367ac-01b0-4c82-83a1-4069d4340667
2022-05-15,2022,5,Q2,IMPS,134.01,8010.55,1f9367ac-01b0-4c82-83a1-4069d4340667
2022-05-15,2022,5,Q2,NFS_ATM_CASH_WITHDRAWAL,103.64,3928.91,1f9367ac-01b0-4c82-83a1-4069d4340667
2022-05-15,2022,5,Q2,UPI,1884.54,25653.0,1f9367ac-01b0-4c82-83a1-4069d4340667
2022-05-16,2022,5,Q2,IMPS,154.88,14169.64,1f9367ac-01b0-4c82-83a1-4069d4340667
2022-05-16,2022,5,Q2,NFS_ATM_CASH_WITHDRAWAL,103.9,4256.97,1f9367ac-01b0-4c82-83a1-4069d4340667
2022-05-16,2022,5,Q2,UPI,1887.69,33249.98,1f9367ac-01b0-4c82-83a1-4069d4340667
2022-05-17,2022,5,Q2,IMPS,155.81,14932.12,1f9367ac-01b0-4c82-83a1-4069d4340667
2022-05-17,2022,5,Q2,NFS_ATM_CASH_WITHDRAWAL,104.47,4337.25,1f9367ac-01b0-4c82-83a1-4069d4340667
2022-05-17,2022,5,Q2,UPI,1872.92,33295.35,1f9367ac-01b0-4c82-83a1-4069d4340667
2022-05-18,2022,5,Q2,IMPS,154.91,14535.75,1f9367ac-01b0-4c82-83a1-4069d4340667
2022-05-18,2022,5,Q2,NFS_ATM_CASH_WITHDRAWAL,108.86,4464.96,1f9367ac-01b0-4c82-83a1-4069d4340667
2022-05-18,2022,5,Q2,UPI,1949.01,34027.49,1f9367ac-01b0-4c82-83a1-4069d4340667
2022-05-19,2022,5,Q2,IMPS,153.26,14517.4,1f9367ac-01b0-4c82-83a1-4069d4340667
2022-05-19,2022,5,Q2,NFS_ATM_CASH_WITHDRAWAL,103.7,4222.52,1f9367ac-01b0-4c82-83a1-4069d4340667
2022-05-19,2022,5,Q2,UPI,1901.9,32947.73,1f9367ac-01b0-4c82-83a1-4069d4340667
2022-05-20,2022,5,Q2,IMPS,149.71,13751.46,1f9367ac-01b0-4c82-83a1-4069d4340667
2022-05-20,2022,5,Q2,NFS_ATM_CASH_WITHDRAWAL,105.06,4216.18,1f9367ac-01b0-4c82-83a1-4069d4340667
2022-05-20,2022,5,Q2,UPI,1900.24,31912.52,1f9367ac-01b0-4c82-83a1-4069d4340667
2022-05-21,2022,5,Q2,IMPS,145.87,12661.19,1f9367ac-01b0-4c82-83a1-4069d4340667
2022-05-21,2022,5,Q2,NFS_ATM_CASH_WITHDRAWAL,106.33,4268.38,1f9367ac-01b0-4c82-83a1-4069d4340667
2022-05-21,2022,5,Q2,UPI,1898.0,30865.04,1f9367ac-01b0-4c82-83a1-4069d4340667
2022-05-22,2022,5,Q2,IMPS,131.73,7974.73,1f9367ac-01b0-4c82-83a1-4069d4340667
2022-05-22,2022,5,Q2,NFS_ATM_CASH_WITHDRAWAL,99.13,3558.86,1f9367ac-01b0-4c82-83a1-4069d4340667
2022-05-22,2022,5,Q2,UPI,1826.09,23763.95,1f9367ac-01b0-4c82-83a1-4069d4340667
2022-05-23,2022,5,Q2,IMPS,150.66,14295.07,1f9367ac-01b0-4c82-83a1-4069d4340667
2022-05-23,2022,5,Q2,NFS_ATM_CASH_WITHDRAWAL,101.81,4073.63,1f9367ac-01b0-4c82-83a1-4069d4340667
2022-05-23,2022,5,Q2,UPI,1870.32,32828.94,1f9367ac-01b0-4c82-83a1-4069d4340667
2022-05-24,2022,5,Q2,IMPS,150.13,14279.1,1f9367ac-01b0-4c82-83a1-4069d4340667
2022-05-24,2022,5,Q2,NFS_ATM_CASH_WITHDRAWAL,100.35,3991.54,1f9367ac-01b0-4c82-83a1-4069d4340667
2022-05-24,2022,5,Q2,UPI,1890.05,31870.42,1f9367ac-01b0-4c82-83a1-4069d4340667
2022-05-25,2022,5,Q2,IMPS,153.27,14817.17,1f9367ac-01b0-4c82-83a1-4069d4340667
2022-05-25,2022,5,Q2,NFS_ATM_CASH_WITHDRAWAL,102.79,4060.18,1f9367ac-01b0-4c82-83a1-4069d4340667
2022-05-25,2022,5,Q2,UPI,1883.82,31845.24,1f9367ac-01b0-4c82-83a1-4069d4340667
2022-05-26,2022,5,Q2,IMPS,149.89,14136.62,1f9367ac-01b0-4c82-83a1-4069d4340667
2022-05-26,2022,5,Q2,NFS_ATM_CASH_WITHDRAWAL,98.96,3910.54,1f9367ac-01b0-4c82-83a1-4069d4340667
2022-05-26,2022,5,Q2,UPI,1846.09,31197.03,1f9367ac-01b0-4c82-83a1-4069d4340667
2022-05-27,2022,5,Q2,IMPS,145.39,14009.37,1f9367ac-01b0-4c82-83a1-4069d4340667
2022-05-27,2022,5,Q2,NFS_ATM_CASH_WITHDRAWAL,101.4,3995.44,1f9367ac-01b0-4c82-83a1-4069d4340667
2022-05-27,2022,5,Q2,UPI,1834.86,29522.85,1f9367ac-01b0-4c82-83a1-4069d4340667
2022-05-28,2022,5,Q2,IMPS,147.84,12251.94,1f9367ac-01b0-4c82-83a1-4069d4340667
2022-05-28,2022,5,Q2,NFS_ATM_CASH_WITHDRAWAL,104.26,4148.91,1f9367ac-01b0-4c82-83a1-4069d4340667
2022-05-28,2022,5,Q2,UPI,1860.93,29069.75,1f9367ac-01b0-4c82-83a1-4069d4340667
2022-05-29,2022,5,Q2,IMPS,129.26,8321.06,1f9367ac-01b0-4c82-83a1-4069d4340667
2022-05-29,2022,5,Q2,NFS_ATM_CASH_WITHDRAWAL,95.48,3387.92,1f9367ac-01b0-4c82-83a1-4069d4340667
2022-05-29,2022,5,Q2,UPI,1852.2,23047.36,1f9367ac-01b0-4c82-83a1-4069d4340667
2022-05-30,2022,5,Q2,IMPS,165.0,16466.42,1f9367ac-01b0-4c82-83a1-4069d4340667
2022-05-30,2022,5,Q2,NFS_ATM_CASH_WITHDRAWAL,102.9,4170.21,1f9367ac-01b0-4c82-83a1-4069d4340667
2022-05-30,2022,5,Q2,UPI,1836.45,33628.62,1f9367ac-01b0-4c82-83a1-4069d4340667
2022-05-31,2022,5,Q2,IMPS,173.0,19624.63,1f9367ac-01b0-4c82-83a1-4069d4340667
2022-05-31,2022,5,Q2,NFS_ATM_CASH_WITHDRAWAL,117.39,5062.25,1f9367ac-01b0-4c82-83a1-4069d4340667
2022-05-31,2022,5,Q2,UPI,1912.11,39743.33,1f9367ac-01b0-4c82-83a1-4069d4340667
2022-06-01,2022,6,Q2,IMPS,191.0,21074.35,1f9367ac-01b0-4c82-83a1-4069d4340667
2022-06-01,2022,6,Q2,NFS_ATM_CASH_WITHDRAWAL,134.53,6034.39,1f9367ac-01b0-4c82-83a1-4069d4340667
2022-06-01,2022,6,Q2,UPI,1976.68,42008.82,1f9367ac-01b0-4c82-83a1-4069d4340667
2022-06-02,2022,6,Q2,IMPS,176.85,18998.47,1f9367ac-01b0-4c82-83a1-4069d4340667
2022-06-02,2022,6,Q2,NFS_ATM_CASH_WITHDRAWAL,128.26,5782.98,1f9367ac-01b0-4c82-83a1-4069d4340667
2022-06-02,2022,6,Q2,UPI,2186.08,43887.84,1f9367ac-01b0-4c82-83a1-4069d4340667
2022-06-03,2022,6,Q2,IMPS,165.61,17344.3,1f9367ac-01b0-4c82-83a1-4069d4340667
2022-06-03,2022,6,Q2,NFS_ATM_CASH_WITHDRAWAL,121.76,5349.93,1f9367ac-01b0-4c82-83a1-4069d4340667
2022-06-03,2022,6,Q2,UPI,2050.04,38200.28,1f9367ac-01b0-4c82-83a1-4069d4340667
2022-06-04,2022,6,Q2,IMPS,156.05,16202.1,1f9367ac-01b0-4c82-83a1-4069d4340667
2022-06-04,2022,6,Q2,NFS_ATM_CASH_WITHDRAWAL,127.04,5585.49,1f9367ac-01b0-4c82-83a1-4069d4340667
2022-06-04,2022,6,Q2,UPI,1859.27,35010.94,1f9367ac-01b0-4c82-83a1-4069d4340667
2022-06-05,2022,6,Q2,IMPS,149.73,11203.2,1f9367ac-01b0-4c82-83a1-4069d4340667
2022-06-05,2022,6,Q2,NFS_ATM_CASH_WITHDRAWAL,113.12,4476.1,1f9367ac-01b0-4c82-83a1-4069d4340667
2022-06-05,2022,6,Q2,UPI,2222.02,34073.12,1f9367ac-01b0-4c82-83a1-4069d4340667
2022-06-06,2022,6,Q2,IMPS,169.43,17712.57,1f9367ac-01b0-4c82-83a1-4069d4340667
2022-06-06,2022,6,Q2,NFS_ATM_CASH_WITHDRAWAL,117.49,5135.07,1f9367ac-01b0-4c82-83a1-4069d4340667
2022-06-06,2022,6,Q2,UPI,2020.38,39158.04,1f9367ac-01b0-4c82-83a1-4069d4340667
2022-06-07,2022,6,Q2,IMPS,165.56,17281.25,1f9367ac-01b0-4c82-83a1-4069d4340667
2022-06-07,2022,6,Q2,NFS_ATM_CASH_WITHDRAWAL,121.78,5329.12,1f9367ac-01b0-4c82-83a1-4069d4340667
2022-06-07,2022,6,Q2,UPI,1995.9,37704.57,1f9367ac-01b0-4c82-83a1-4069d4340667
2022-06-08,2022,6,Q2,IMPS,162.78,16699.36,1f9367ac-01b0-4c82-83a1-4069d4340667
2022-06-08,2022,6,Q2,NFS_ATM_CASH_WITHDRAWAL,127.43,5566.86,1f9367ac-01b0-4c82-83a1-4069d4340667
2022-06-08,2022,6,Q2,UPI,2146.97,38922.92,1f9367ac-01b0-4c82-83a1-4069d4340667
2022-06-09,2022,6,Q2,IMPS,156.14,16130.25,1f9367ac-01b0-4c82-83a1-4069d4340667
2022-06-09,2022,6,Q2,NFS_ATM_CASH_WITHDRAWAL,120.09,5177.66,1f9367ac-01b0-4c82-83a1-4069d4340667
2022-06-09,2022,6,Q2,UPI,2042.38,36686.89,1f9367ac-01b0-4c82-83a1-4069d4340667
2022-06-10,2022,6,Q2,IMPS,160.32,16290.16,1f9367ac-01b0-4c82-83a1-4069d4340667
2022-06-10,2022,6,Q2,NFS_ATM_CASH_WITHDRAWAL,125.5,5375.18,1f9367ac-01b0-4c82-83a1-4069d4340667
2022-06-10,2022,6,Q2,UPI,2021.75,36538.99,1f9367ac-01b0-4c82-83a1-4069d4340667
2022-06-11,2022,6,Q2,IMPS,149.32,12755.81,1f9367ac-01b0-4c82-83a1-4069d4340667
2022-06-11,2022,6,Q2,NFS_ATM_CASH_WITHDRAWAL,121.76,5194.39,1f9367ac-01b0-4c82-83a1-4069d4340667
2022-06-11,2022,6,Q2,UPI,2037.13,33508.5,1f9367ac-01b0-4c82-83a1-4069d4340667
2022-06-12,2022,6,Q2,IMPS,134.21,8932.18,1f9367ac-01b0-4c82-83a1-4069d4340667
2022-06-12,2022,6,Q2,NFS_ATM_CASH_WITHDRAWAL,108.19,4150.56,1f9367ac-01b0-4c82-83a1-4069d4340667
2022-06-12,2022,6,Q2,UPI,1952.53,26074.45,1f9367ac-01b0-4c82-83a1-4069d4340667
2022-06-13,2022,6,Q2,IMPS,161.68,16143.46,1f9367ac-01b0-4c82-83a1-4069d4340667
2022-06-13,2022,6,Q2,NFS_ATM_CASH_WITHDRAWAL,118.24,4965.92,1f9367ac-01b0-4c82-83a1-4069d4340667
2022-06-13,2022,6,Q2,UPI,2006.68,37447.27,1f9367ac-01b0-4c82-83a1-4069d4340667
2022-06-14,2022,6,Q2,IMPS,152.39,15058.67,1f9367ac-01b0-4c82-83a1-4069d4340667
2022-06-14,2022,6,Q2,NFS_ATM_CASH_WITHDRAWAL,111.09,4627.98,1f9367ac-01b0-4c82-83a1-4069d4340667
2022-06-14,2022,6,Q2,UPI,1986.69,34441.89,1f9367ac-01b0-4c82-83a1-4069d4340667
2022-06-15,2022,6,Q2,IMPS,155.3,15229.09,1f9367ac-01b0-4c82-83a1-4069d4340667
2022-06-15,2022,6,Q2,NFS_ATM_CASH_WITHDRAWAL,114.38,4739.98,1f9367ac-01b0-4c82-83a1-4069d4340667
2022-06-15,2022,6,Q2,UPI,2040.5,35105.4,1f9367ac-01b0-4c82-83a1-4069d4340667
2022-06-16,2022,6,Q2,IMPS,149.13,14650.7,1f9367ac-01b0-4c82-83a1-4069d4340667
2022-06-16,2022,6,Q2,NFS_ATM_CASH_WITHDRAWAL,108.15,4416.62,1f9367ac-01b0-4c82-83a1-4069d4340667
2022-06-16,2022,6,Q2,UPI,2017.36,34093.76,1f9367ac-01b0-4c82-83a1-4069d4340667
2022-06-17,2022,6,Q2,IMPS,144.8,13587.49,1f9367ac-01b0-4c82-83a1-4069d4340667
2022-06-17,2022,6,Q2,NFS_ATM_CASH_WITHDRAWAL,104.09,4160.18,1f9367ac-01b0-4c82-83a1-4069d4340667
2022-06-17,2022,6,Q2,UPI,1962.92,32304.39,1f9367ac-01b0-4c82-83a1-4069d4340667
2022-06-18,2022,6,Q2,IMPS,141.94,12725.65,1f9367ac-01b0-4c82-83a1-4069d4340667
2022-06-18,2022,6,Q2,NFS_ATM_CASH_WITHDRAWAL,108.75,4332.08,1f9367ac-01b0-4c82-83a1-4069d4340667
2022-06-18,2022,6,Q2,UPI,1818.97,29385.68,1f9367ac-01b0-4c82-83a1-4069d4340667
2022-06-19,2022,6,Q2,IMPS,123.07,8115.8,1f9367ac-01b0-4c82-83a1-4069d4340667
2022-06-19,2022,6,Q2,NFS_ATM_CASH_WITHDRAWAL,103.91,3656.97,1f9367ac-01b0-4c82-83a1-4069d4340667
2022-06-19,2022,6,Q2,UPI,1670.82,22291.5,1f9367ac-01b0-4c82-83a1-4069d4340667
2022-06-20,2022,6,Q2,IMPS,151.34,15329.19,1f9367ac-01b0-4c82-83a1-4069d4340667
2022-06-20,2022,6,Q2,NFS_ATM_CASH_WITHDRAWAL,106.08,4227.75,1f9367ac-01b0-4c82-83a1-4069d4340667
2022-06-20,2022,6,Q2,UPI,1878.08,34282.55,1f9367ac-01b0-4c82-83a1-4069d4340667
2022-06-21,2022,6,Q2,IMPS,147.62,14626.81,1f9367ac-01b0-4c82-83a1-4069d4340667
2022-06-21,2022,6,Q2,NFS_ATM_CASH_WITHDRAWAL,101.32,4002.99,1f9367ac-01b0-4c82-83a1-4069d4340667
2022-06-21,2022,6,Q2,UPI,1904.54,32914.38,1f9367ac-01b0-4c82-83a1-4069d4340667
2022-06-22,2022,6,Q2,IMPS,146.12,14450.03,1f9367ac-01b0-4c82-83a1-4069d4340667
2022-06-22,2022,6,Q2,NFS_ATM_CASH_WITHDRAWAL,102.23,3997.52,1f9367ac-01b0-4c82-83a1-4069d4340667
2022-06-22,2022,6,Q2,UPI,1885.5,31969.65,1f9367ac-01b0-4c82-83a1-4069d4340667
2022-06-23,2022,6,Q2,IMPS,143.75,14031.51,1f9367ac-01b0-4c82-83a1-4069d4340667
2022-06-23,2022,6,Q2,NFS_ATM_CASH_WITHDRAWAL,97.99,3796.84,1f9367ac-01b0-4c82-83a1-4069d4340667
2022-06-23,2022,6,Q2,UPI,1854.26,30994.9,1f9367ac-01b0-4c82-83a1-4069d4340667
2022-06-24,2022,6,Q2,IMPS,144.14,14285.16,1f9367ac-01b0-4c82-83a1-4069d4340667
2022-06-24,2022,6,Q2,NFS_ATM_CASH_WITHDRAWAL,99.19,3847.37,1f9367ac-01b0-4c82-83a1-4069d4340667
2022-06-24,2022,6,Q2,UPI,1904.89,31022.28,1f9367ac-01b0-4c82-83a1-4069d4340667
2022-06-25,2022,6,Q2,IMPS,140.62,12126.29,1f9367ac-01b0-4c82-83a1-4069d4340667
2022-06-25,2022,6,Q2,NFS_ATM_CASH_WITHDRAWAL,103.73,4067.14,1f9367ac-01b0-4c82-83a1-4069d4340667
2022-06-25,2022,6,Q2,UPI,1898.02,29437.83,1f9367ac-01b0-4c82-83a1-4069d4340667
2022-06-26,2022,6,Q2,IMPS,124.01,8081.65,1f9367ac-01b0-4c82-83a1-4069d4340667
2022-06-26,2022,6,Q2,NFS_ATM_CASH_WITHDRAWAL,94.88,3293.89,1f9367ac-01b0-4c82-83a1-4069d4340667
2022-06-26,2022,6,Q2,UPI,1865.08,23014.68,1f9367ac-01b0-4c82-83a1-4069d4340667
2022-06-27,2022,6,Q2,IMPS,150.9,15403.64,1f9367ac-01b0-4c82-83a1-4069d4340667
2022-06-27,2022,6,Q2,NFS_ATM_CASH_WITHDRAWAL,101.94,4035.24,1f9367ac-01b0-4c82-83a1-4069d4340667
2022-06-27,2022,6,Q2,UPI,1908.78,33292.2,1f9367ac-01b0-4c82-83a1-4069d4340667
2022-06-28,2022,6,Q2,IMPS,146.33,15111.26,1f9367ac-01b0-4c82-83a1-4069d4340667
2022-06-28,2022,6,Q2,NFS_ATM_CASH_WITHDRAWAL,97.96,3874.91,1f9367ac-01b0-4c82-83a1-4069d4340667
2022-06-28,2022,6,Q2,UPI,1865.29,31372.09,1f9367ac-01b0-4c82-83a1-4069d4340667
2022-06-29,2022,6,Q2,IMPS,144.39,15357.31,1f9367ac-01b0-4c82-83a1-4069d4340667
2022-06-29,2022,6,Q2,NFS_ATM_CASH_WITHDRAWAL,100.64,4004.42,1f9367ac-01b0-4c82-83a1-4069d4340667
2022-06-29,2022,6,Q2,UPI,1850.76,32020.73,1f9367ac-01b0-4c82-83a1-4069d4340667
2022-06-30,2022,6,Q2,IMPS,152.48,18838.33,1f9367ac-01b0-4c82-83a1-4069d4340667
2022-06-30,2022,6,Q2,NFS_ATM_CASH_WITHDRAWAL,103.31,4407.37,1f9367ac-01b0-4c82-83a1-4069d4340667
2022-06-30,2022,6,Q2,UPI,1798.81,37246.08,1f9367ac-01b0-4c82-83a1-4069d4340667
2022-07-01,2022,7,Q3,IMPS,167.79,19535.73,1f9367ac-01b0-4c82-83a1-4069d4340667
2022-07-01,2022,7,Q3,NFS_ATM_CASH_WITHDRAWAL,128.17,5839.09,1f9367ac-01b0-4c82-83a1-4069d4340667
2022-07-01,2022,7,Q3,UPI,2110.38,43831.02,1f9367ac-01b0-4c82-83a1-4069d4340667
2022-07-02,2022,7,Q3,IMPS,164.68,17776.45,1f9367ac-01b0-4c82-83a1-4069d4340667
2022-07-02,2022,7,Q3,NFS_ATM_CASH_WITHDRAWAL,134.77,6236.46,1f9367ac-01b0-4c82-83a1-4069d4340667
2022-07-02,2022,7,Q3,UPI,2134.15,42108.81,1f9367ac-01b0-4c82-83a1-4069d4340667
2022-07-03,2022,7,Q3,IMPS,142.12,11580.17,1f9367ac-01b0-4c82-83a1-4069d4340667
2022-07-03,2022,7,Q3,NFS_ATM_CASH_WITHDRAWAL,118.29,4906.36,1f9367ac-01b0-4c82-83a1-4069d4340667
2022-07-03,2022,7,Q3,UPI,2049.51,32114.33,1f9367ac-01b0-4c82-83a1-4069d4340667
2022-07-04,2022,7,Q3,IMPS,169.28,18957.86,1f9367ac-01b0-4c82-83a1-4069d4340667
2022-07-04,2022,7,Q3,NFS_ATM_CASH_WITHDRAWAL,118.48,5344.2,1f9367ac-01b0-4c82-83a1-4069d4340667
2022-07-04,2022,7,Q3,UPI,2093.17,42995.32,1f9367ac-01b0-4c82-83a1-4069d4340667
2022-07-05,2022,7,Q3,IMPS,163.67,17969.66,1f9367ac-01b0-4c82-83a1-4069d4340667
2022-07-05,2022,7,Q3,NFS_ATM_CASH_WITHDRAWAL,117.36,5198.58,1f9367ac-01b0-4c82-83a1-4069d4340667
2022-07-05,2022,7,Q3,UPI,2077.94,41456.59,1f9367ac-01b0-4c82-83a1-4069d4340667
2022-07-06,2022,7,Q3,IMPS,159.62,16870.01,1f9367ac-01b0-4c82-83a1-4069d4340667
2022-07-06,2022,7,Q3,NFS_ATM_CASH_WITHDRAWAL,120.11,5277.96,1f9367ac-01b0-4c82-83a1-4069d4340667
2022-07-06,2022,7,Q3,UPI,2093.44,39822.21,1f9367ac-01b0-4c82-83a1-4069d4340667
2022-07-07,2022,7,Q3,IMPS,158.18,16835.03,1f9367ac-01b0-4c82-83a1-4069d4340667
2022-07-07,2022,7,Q3,NFS_ATM_CASH_WITHDRAWAL,120.28,5326.46,1f9367ac-01b0-4c82-83a1-4069d4340667
2022-07-07,2022,7,Q3,UPI,2120.26,39624.23,1f9367ac-01b0-4c82-83a1-4069d4340667
2022-07-08,2022,7,Q3,IMPS,159.06,16326.3,1f9367ac-01b0-4c82-83a1-4069d4340667
2022-07-08,2022,7,Q3,NFS_ATM_CASH_WITHDRAWAL,126.78,5624.95,1f9367ac-01b0-4c82-83a1-4069d4340667
2022-07-08,2022,7,Q3,UPI,2079.58,37817.79,1f9367ac-01b0-4c82-83a1-4069d4340667
2022-07-09,2022,7,Q3,IMPS,156.25,13555.43,1f9367ac-01b0-4c82-83a1-4069d4340667
2022-07-09,2022,7,Q3,NFS_ATM_CASH_WITHDRAWAL,129.27,5681.28,1f9367ac-01b0-4c82-83a1-4069d4340667
2022-07-09,2022,7,Q3,UPI,2100.71,35896.16,1f9367ac-01b0-4c82-83a1-4069d4340667
2022-07-10,2022,7,Q3,IMPS,127.61,8707.75,1f9367ac-01b0-4c82-83a1-4069d4340667
2022-07-10,2022,7,Q3,NFS_ATM_CASH_WITHDRAWAL,103.46,3987.06,1f9367ac-01b0-4c82-83a1-4069d4340667
2022-07-10,2022,7,Q3,UPI,1932.44,26632.94,1f9367ac-01b0-4c82-83a1-4069d4340667
2022-07-11,2022,7,Q3,IMPS,155.56,15464.16,1f9367ac-01b0-4c82-83a1-4069d4340667
2022-07-11,2022,7,Q3,NFS_ATM_CASH_WITHDRAWAL,112.21,4754.5,1f9367ac-01b0-4c82-83a1-4069d4340667
2022-07-11,2022,7,Q3,UPI,2000.96,37142.02,1f9367ac-01b0-4c82-83a1-4069d4340667
2022-07-12,2022,7,Q3,IMPS,152.64,14678.2,1f9367ac-01b0-4c82-83a1-4069d4340667
2022-07-12,2022,7,Q3,NFS_ATM_CASH_WITHDRAWAL,112.09,4690.19,1f9367ac-01b0-4c82-83a1-4069d4340667
2022-07-12,2022,7,Q3,UPI,2011.21,35038.16,1f9367ac-01b0-4c82-83a1-4069d4340667
2022-07-13,2022,7,Q3,IMPS,146.76,14015.62,1f9367ac-01b0-4c82-83a1-4069d4340667
2022-07-13,2022,7,Q3,NFS_ATM_CASH_WITHDRAWAL,106.21,4365.41,1f9367ac-01b0-4c82-83a1-4069d4340667
2022-07-13,2022,7,Q3,UPI,1989.5,34242.77,1f9367ac-01b0-4c82-83a1-4069d4340667
2022-07-14,2022,7,Q3,IMPS,148.18,14123.76,1f9367ac-01b0-4c82-83a1-4069d4340667
2022-07-14,2022,7,Q3,NFS_ATM_CASH_WITHDRAWAL,105.7,4334.23,1f9367ac-01b0-4c82-83a1-4069d4340667
2022-07-14,2022,7,Q3,UPI,2023.58,34743.09,1f9367ac-01b0-4c82-83a1-4069d4340667
2022-07-15,2022,7,Q3,IMPS,153.61,14091.4,1f9367ac-01b0-4c82-83a1-4069d4340667
2022-07-15,2022,7,Q3,NFS_ATM_CASH_WITHDRAWAL,108.14,4391.46,1f9367ac-01b0-4c82-83a1-4069d4340667
2022-07-15,2022,7,Q3,UPI,2019.0,33702.42,1f9367ac-01b0-4c82-83a1-4069d4340667
2022-07-16,2022,7,Q3,IMPS,144.74,12905.07,1f9367ac-01b0-4c82-83a1-4069d4340667
2022-07-16,2022,7,Q3,NFS_ATM_CASH_WITHDRAWAL,108.29,4360.19,1f9367ac-01b0-4c82-83a1-4069d4340667
2022-07-16,2022,7,Q3,UPI,2013.56,32704.58,1f9367ac-01b0-4c82-83a1-4069d4340667
2022-07-17,2022,7,Q3,IMPS,128.87,8187.95,1f9367ac-01b0-4c82-83a1-4069d4340667
2022-07-17,2022,7,Q3,NFS_ATM_CASH_WITHDRAWAL,100.57,3604.15,1f9367ac-01b0-4c82-83a1-4069d4340667
2022-07-17,2022,7,Q3,UPI,1975.48,25086.78,1f9367ac-01b0-4c82-83a1-4069d4340667
2022-07-18,2022,7,Q3,IMPS,149.56,14504.14,1f9367ac-01b0-4c82-83a1-4069d4340667
2022-07-18,2022,7,Q3,NFS_ATM_CASH_WITHDRAWAL,102.47,4038.14,1f9367ac-01b0-4c82-83a1-4069d4340667
2022-07-18,2022,7,Q3,UPI,1980.21,33652.23,1f9367ac-01b0-4c82-83a1-4069d4340667
2022-07-19,2022,7,Q3,IMPS,138.92,13953.87,1f9367ac-01b0-4c82-83a1-4069d4340667
2022-07-19,2022,7,Q3,NFS_ATM_CASH_WITHDRAWAL,100.55,3929.91,1f9367ac-01b0-4c82-83a1-4069d4340667
2022-07-19,2022,7,Q3,UPI,1997.15,32665.89,1f9367ac-01b0-4c82-83a1-4069d4340667
2022-07-20,2022,7,Q3,IMPS,146.86,14122.94,1f9367ac-01b0-4c82-83a1-4069d4340667
2022-07-20,2022,7,Q3,NFS_ATM_CASH_WITHDRAWAL,95.22,3709.7,1f9367ac-01b0-4c82-83a1-4069d4340667
2022-07-20,2022,7,Q3,UPI,2060.07,34113.78,1f9367ac-01b0-4c82-83a1-4069d4340667
2022-07-21,2022,7,Q3,IMPS,131.22,13416.83,1f9367ac-01b0-4c82-83a1-4069d4340667
2022-07-21,2022,7,Q3,NFS_ATM_CASH_WITHDRAWAL,97.28,3736.39,1f9367ac-01b0-4c82-83a1-4069d4340667
2022-07-21,2022,7,Q3,UPI,1995.59,32083.3,1f9367ac-01b0-4c82-83a1-4069d4340667
2022-07-22,2022,7,Q3,IMPS,136.47,13202.57,1f9367ac-01b0-4c82-83a1-4069d4340667
2022-07-22,2022,7,Q3,NFS_ATM_CASH_WITHDRAWAL,94.39,3593.57,1f9367ac-01b0-4c82-83a1-4069d4340667
2022-07-22,2022,7,Q3,UPI,1984.87,30587.13,1f9367ac-01b0-4c82-83a1-4069d4340667
2022-07-23,2022,7,Q3,IMPS,149.98,11663.18,1f9367ac-01b0-4c82-83a1-4069d4340667
2022-07-23,2022,7,Q3,NFS_ATM_CASH_WITHDRAWAL,98.92,3789.08,1f9367ac-01b0-4c82-83a1-4069d4340667
2022-07-23,2022,7,Q3,UPI,1961.15,29270.86,1f9367ac-01b0-4c82-83a1-4069d4340667
2022-07-24,2022,7,Q3,IMPS,124.95,7927.64,1f9367ac-01b0-4c82-83a1-4069d4340667
2022-07-24,2022,7,Q3,NFS_ATM_CASH_WITHDRAWAL,91.58,3113.62,1f9367ac-01b0-4c82-83a1-4069d4340667
2022-07-24,2022,7,Q3,UPI,1922.39,23283.4,1f9367ac-01b0-4c82-83a1-4069d4340667
2022-07-25,2022,7,Q3,IMPS,148.31,15680.29,1f9367ac-01b0-4c82-83a1-4069d4340667
2022-07-25,2022,7,Q3,NFS_ATM_CASH_WITHDRAWAL,98.61,3780.21,1f9367ac-01b0-4c82-83a1-4069d4340667
2022-07-25,2022,7,Q3,UPI,1963.87,33362.36,1f9367ac-01b0-4c82-83a1-4069d4340667
2022-07-26,2022,7,Q3,IMPS,139.16,14071.31,1f9367ac-01b0-4c82-83a1-4069d4340667
2022-07-26,2022,7,Q3,NFS_ATM_CASH_WITHDRAWAL,94.17,3572.39,1f9367ac-01b0-4c82-83a1-4069d4340667
2022-07-26,2022,7,Q3,UPI,1951.14,31535.55,1f9367ac-01b0-4c82-83a1-4069d4340667
2022-07-27,2022,7,Q3,IMPS,149.64,14806.55,1f9367ac-01b0-4c82-83a1-4069d4340667
2022-07-27,2022,7,Q3,NFS_ATM_CASH_WITHDRAWAL,98.09,3748.99,1f9367ac-01b0-4c82-83a1-4069d4340667
2022-07-27,2022,7,Q3,UPI,2030.82,32141.8,1f9367ac-01b0-4c82-83a1-4069d4340667
2022-07-28,2022,7,Q3,IMPS,149.18,14954.31,1f9367ac-01b0-4c82-83a1-4069d4340667
2022-07-28,2022,7,Q3,NFS_ATM_CASH_WITHDRAWAL,94.78,3587.49,1f9367ac-01b0-4c82-83a1-4069d4340667
2022-07-28,2022,7,Q3,UPI,1971.07,31311.84,1f9367ac-01b0-4c82-83a1-4069d4340667
2022-07-29,2022,7,Q3,IMPS,149.97,16579.15,1f9367ac-01b0-4c82-83a1-4069d4340667
2022-07-29,2022,7,Q3,NFS_ATM_CASH_WITHDRAWAL,99.39,3963.5,1f9367ac-01b0-4c82-83a1-4069d4340667
2022-07-29,2022,7,Q3,UPI,2039.83,35222.25,1f9367ac-01b0-4c82-83a1-4069d4340667
2022-07-30,2022,7,Q3,IMPS,155.74,16630.56,1f9367ac-01b0-4c82-83a1-4069d4340667
2022-07-30,2022,7,Q3,NFS_ATM_CASH_WITHDRAWAL,113.67,4789.94,1f9367ac-01b0-4c82-83a1-4069d4340667
2022-07-30,2022,7,Q3,UPI,2132.19,38375.84,1f9367ac-01b0-4c82-83a1-4069d4340667
2022-07-31,2022,7,Q3,IMPS,139.72,11447.06,1f9367ac-01b0-4c82-83a1-4069d4340667
2022-07-31,2022,7,Q3,NFS_ATM_CASH_WITHDRAWAL,107.69,4154.45,1f9367ac-01b0-4c82-83a1-4069d4340667
2022-07-31,2022,7,Q3,UPI,2078.18,30551.59,1f9367ac-01b0-4c82-83a1-4069d4340667
2022-08-01,2022,8,Q3,IMPS,176.56,20191.65,1f9367ac-01b0-4c82-83a1-4069d4340667
2022-08-01,2022,8,Q3,NFS_ATM_CASH_WITHDRAWAL,121.94,5427.8,1f9367ac-01b0-4c82-83a1-4069d4340667
2022-08-01,2022,8,Q3,UPI,2171.27,43568.17,1f9367ac-01b0-4c82-83a1-4069d4340667
2022-08-02,2022,8,Q3,IMPS,167.16,17965.86,1f9367ac-01b0-4c82-83a1-4069d4340667
2022-08-02,2022,8,Q3,NFS_ATM_CASH_WITHDRAWAL,118.36,5237.7,1f9367ac-01b0-4c82-83a1-4069d4340667
2022-08-02,2022,8,Q3,UPI,2231.53,42085.99,1f9367ac-01b0-4c82-83a1-4069d4340667
2022-08-03,2022,8,Q3,IMPS,149.97,16649.28,1f9367ac-01b0-4c82-83a1-4069d4340667
2022-08-03,2022,8,Q3,NFS_ATM_CASH_WITHDRAWAL,116.29,5019.41,1f9367ac-01b0-4c82-83a1-4069d4340667
2022-08-03,2022,8,Q3,UPI,2115.76,38693.87,1f9367ac-01b0-4c82-83a1-4069d4340667
2022-08-04,2022,8,Q3,IMPS,162.43,17231.52,1f9367ac-01b0-4c82-83a1-4069d4340667
2022-08-04,2022,8,Q3,NFS_ATM_CASH_WITHDRAWAL,112.49,4801.23,1f9367ac-01b0-4c82-83a1-4069d4340667
2022-08-04,2022,8,Q3,UPI,2168.76,40079.82,1f9367ac-01b0-4c82-83a1-4069d4340667
2022-08-05,2022,8,Q3,IMPS,158.41,16110.99,1f9367ac-01b0-4c82-83a1-4069d4340667
2022-08-05,2022,8,Q3,NFS_ATM_CASH_WITHDRAWAL,114.14,4787.52,1f9367ac-01b0-4c82-83a1-4069d4340667
2022-08-05,2022,8,Q3,UPI,2048.27,35859.8,1f9367ac-01b0-4c82-83a1-4069d4340667
2022-08-06,2022,8,Q3,IMPS,160.11,15382.76,1f9367ac-01b0-4c82-83a1-4069d4340667
2022-08-06,2022,8,Q3,NFS_ATM_CASH_WITHDRAWAL,123.61,5336.96,1f9367ac-01b0-4c82-83a1-4069d4340667
2022-08-06,2022,8,Q3,UPI,2254.73,39064.52,1f9367ac-01b0-4c82-83a1-4069d4340667
2022-08-07,2022,8,Q3,IMPS,143.31,10366.39,1f9367ac-01b0-4c82-83a1-4069d4340667
2022-08-07,2022,8,Q3,NFS_ATM_CASH_WITHDRAWAL,112.84,4463.92,1f9367ac-01b0-4c82-83a1-4069d4340667
2022-08-07,2022,8,Q3,UPI,2124.83,29906.75,1f9367ac-01b0-4c82-83a1-4069d4340667
2022-08-08,2022,8,Q3,IMPS,167.05,17068.53,1f9367ac-01b0-4c82-83a1-4069d4340667
2022-08-08,2022,8,Q3,NFS_ATM_CASH_WITHDRAWAL,120.64,5167.99,1f9367ac-01b0-4c82-83a1-4069d4340667
2022-08-08,2022,8,Q3,UPI,2162.0,39627.08,1f9367ac-01b0-4c82-83a1-4069d4340667
2022-08-09,2022,8,Q3,IMPS,156.1,14630.86,1f9367ac-01b0-4c82-83a1-4069d4340667
2022-08-09,2022,8,Q3,NFS_ATM_CASH_WITHDRAWAL,116.25,4897.5,1f9367ac-01b0-4c82-83a1-4069d4340667
2022-08-09,2022,8,Q3,UPI,2104.64,34997.87,1f9367ac-01b0-4c82-83a1-4069d4340667
2022-08-10,2022,8,Q3,IMPS,172.84,17608.53,1f9367ac-01b0-4c82-83a1-4069d4340667
2022-08-10,2022,8,Q3,NFS_ATM_CASH_WITHDRAWAL,139.63,5978.97,1f9367ac-01b0-4c82-83a1-4069d4340667
2022-08-10,2022,8,Q3,UPI,2258.23,41043.38,1f9367ac-01b0-4c82-83a1-4069d4340667
2022-08-11,2022,8,Q3,IMPS,154.59,13943.16,1f9367ac-01b0-4c82-83a1-4069d4340667
2022-08-11,2022,8,Q3,NFS_ATM_CASH_WITHDRAWAL,134.4,5251.35,1f9367ac-01b0-4c82-83a1-4069d4340667
2022-08-11,2022,8,Q3,UPI,2258.37,36349.91,1f9367ac-01b0-4c82-83a1-4069d4340667
2022-08-12,2022,8,Q3,IMPS,147.25,14285.7,1f9367ac-01b0-4c82-83a1-4069d4340667
2022-08-12,2022,8,Q3,NFS_ATM_CASH_WITHDRAWAL,112.32,4507.9,1f9367ac-01b0-4c82-83a1-4069d4340667
2022-08-12,2022,8,Q3,UPI,2094.52,33508.36,1f9367ac-01b0-4c82-83a1-4069d4340667
2022-08-13,2022,8,Q3,IMPS,145.38,11914.07,1f9367ac-01b0-4c82-83a1-4069d4340667
2022-08-13,2022,8,Q3,NFS_ATM_CASH_WITHDRAWAL,111.95,4582.21,1f9367ac-01b0-4c82-83a1-4069d4340667
2022-08-13,2022,8,Q3,UPI,2087.53,32266.78,1f9367ac-01b0-4c82-83a1-4069d4340667
2022-08-14,2022,8,Q3,IMPS,128.51,8075.1,1f9367ac-01b0-4c82-83a1-4069d4340667
2022-08-14,2022,8,Q3,NFS_ATM_CASH_WITHDRAWAL,97.48,3560.0,1f9367ac-01b0-4c82-83a1-4069d4340667
2022-08-14,2022,8,Q3,UPI,1992.48,25307.67,1f9367ac-01b0-4c82-83a1-4069d4340667
2022-08-15,2022,8,Q3,IMPS,126.16,8412.21,1f9367ac-01b0-4c82-83a1-4069d4340667
2022-08-15,2022,8,Q3,NFS_ATM_CASH_WITHDRAWAL,88.58,3250.48,1f9367ac-01b0-4c82-83a1-4069d4340667
2022-08-15,2022,8,Q3,UPI,1946.64,25414.14,1f9367ac-01b0-4c82-83a1-4069d4340667
2022-08-16,2022,8,Q3,IMPS,151.44,15118.61,1f9367ac-01b0-4c82-83a1-4069d4340667
2022-08-16,2022,8,Q3,NFS_ATM_CASH_WITHDRAWAL,105.72,4254.2,1f9367ac-01b0-4c82-83a1-4069d4340667
2022-08-16,2022,8,Q3,UPI,2087.37,35358.46,1f9367ac-01b0-4c82-83a1-4069d4340667
2022-08-17,2022,8,Q3,IMPS,154.95,15613.17,1f9367ac-01b0-4c82-83a1-4069d4340667
2022-08-17,2022,8,Q3,NFS_ATM_CASH_WITHDRAWAL,107.04,4303.38,1f9367ac-01b0-4c82-83a1-4069d4340667
2022-08-17,2022,8,Q3,UPI,2134.04,36034.3,1f9367ac-01b0-4c82-83a1-4069d4340667
2022-08-18,2022,8,Q3,IMPS,153.0,15094.98,1f9367ac-01b0-4c82-83a1-4069d4340667
2022-08-18,2022,8,Q3,NFS_ATM_CASH_WITHDRAWAL,104.08,4113.82,1f9367ac-01b0-4c82-83a1-4069d4340667
2022-08-18,2022,8,Q3,UPI,2145.22,35365.86,1f9367ac-01b0-4c82-83a1-4069d4340667
2022-08-19,2022,8,Q3,IMPS,144.43,12883.12,1f9367ac-01b0-4c82-83a1-4069d4340667
2022-08-19,2022,8,Q3,NFS_ATM_CASH_WITHDRAWAL,97.45,3710.03,1f9367ac-01b0-4c82-83a1-4069d4340667
2022-08-19,2022,8,Q3,UPI,2072.71,31204.93,1f9367ac-01b0-4c82-83a1-4069d4340667
2022-08-20,2022,8,Q3,IMPS,146.75,13414.27,1f9367ac-01b0-4c82-83a1-4069d4340667
2022-08-20,2022,8,Q3,NFS_ATM_CASH_WITHDRAWAL,104.1,4100.46,1f9367ac-01b0-4c82-83a1-4069d4340667
2022-08-20,2022,8,Q3,UPI,2103.98,33072.27,1f9367ac-01b0-4c82-83a1-4069d4340667
2022-08-21,2022,8,Q3,IMPS,127.69,8038.77,1f9367ac-01b0-4c82-83a1-4069d4340667
2022-08-21,2022,8,Q3,NFS_ATM_CASH_WITHDRAWAL,96.69,3389.5,1f9367ac-01b0-4c82-83a1-4069d4340667
2022-08-21,2022,8,Q3,UPI,2012.59,25174.59,1f9367ac-01b0-4c82-83a1-4069d4340667
2022-08-22,2022,8,Q3,IMPS,151.19,15183.58,1f9367ac-01b0-4c82-83a1-4069d4340667
2022-08-22,2022,8,Q3,NFS_ATM_CASH_WITHDRAWAL,99.25,3862.4,1f9367ac-01b0-4c82-83a1-4069d4340667
2022-08-22,2022,8,Q3,UPI,2098.1,35304.68,1f9367ac-01b0-4c82-83a1-4069d4340667
2022-08-23,2022,8,Q3,IMPS,146.54,14480.99,1f9367ac-01b0-4c82-83a1-4069d4340667
2022-08-23,2022,8,Q3,NFS_ATM_CASH_WITHDRAWAL,96.13,3697.55,1f9367ac-01b0-4c82-83a1-4069d4340667
2022-08-23,2022,8,Q3,UPI,2065.06,33735.52,1f9367ac-01b0-4c82-83a1-4069d4340667
2022-08-24,2022,8,Q3,IMPS,144.34,14447.23,1f9367ac-01b0-4c82-83a1-4069d4340667
2022-08-24,2022,8,Q3,NFS_ATM_CASH_WITHDRAWAL,96.66,3715.68,1f9367ac-01b0-4c82-83a1-4069d4340667
2022-08-24,2022,8,Q3,UPI,2082.78,33988.13,1f9367ac-01b0-4c82-83a1-4069d4340667
2022-08-25,2022,8,Q3,IMPS,148.17,15051.46,1f9367ac-01b0-4c82-83a1-4069d4340667
2022-08-25,2022,8,Q3,NFS_ATM_CASH_WITHDRAWAL,98.59,3822.6,1f9367ac-01b0-4c82-83a1-4069d4340667
2022-08-25,2022,8,Q3,UPI,2106.28,34666.38,1f9367ac-01b0-4c82-83a1-4069d4340667
2022-08-26,2022,8,Q3,IMPS,146.91,14826.52,1f9367ac-01b0-4c82-83a1-4069d4340667
2022-08-26,2022,8,Q3,NFS_ATM_CASH_WITHDRAWAL,98.96,3809.88,1f9367ac-01b0-4c82-83a1-4069d4340667
2022-08-26,2022,8,Q3,UPI,2051.4,32104.76,1f9367ac-01b0-4c82-83a1-4069d4340667
2022-08-27,2022,8,Q3,IMPS,139.47,12146.04,1f9367ac-01b0-4c82-83a1-4069d4340667
2022-08-27,2022,8,Q3,NFS_ATM_CASH_WITHDRAWAL,101.91,3943.49,1f9367ac-01b0-4c82-83a1-4069d4340667
2022-08-27,2022,8,Q3,UPI,2146.53,31003.69,1f9367ac-01b0-4c82-83a1-4069d4340667
2022-08-28,2022,8,Q3,IMPS,125.42,8309.46,1f9367ac-01b0-4c82-83a1-4069d4340667
2022-08-28,2022,8,Q3,NFS_ATM_CASH_WITHDRAWAL,96.56,3349.53,1f9367ac-01b0-4c82-83a1-4069d4340667
2022-08-28,2022,8,Q3,UPI,2133.36,24581.62,1f9367ac-01b0-4c82-83a1-4069d4340667
2022-08-29,2022,8,Q3,IMPS,155.55,16651.75,1f9367ac-01b0-4c82-83a1-4069d4340667
2022-08-29,2022,8,Q3,NFS_ATM_CASH_WITHDRAWAL,104.07,4066.4,1f9367ac-01b0-4c82-83a1-4069d4340667
2022-08-29,2022,8,Q3,UPI,2138.82,36565.66,1f9367ac-01b0-4c82-83a1-4069d4340667
2022-08-30,2022,8,Q3,IMPS,164.06,19183.51,1f9367ac-01b0-4c82-83a1-4069d4340667
2022-08-30,2022,8,Q3,NFS_ATM_CASH_WITHDRAWAL,114.15,4640.75,1f9367ac-01b0-4c82-83a1-4069d4340667
2022-08-30,2022,8,Q3,UPI,2255.78,40909.83,1f9367ac-01b0-4c82-83a1-4069d4340667
2022-08-31,2022,8,Q3,IMPS,153.35,15708.92,1f9367ac-01b0-4c82-83a1-4069d4340667
2022-08-31,2022,8,Q3,NFS_ATM_CASH_WITHDRAWAL,110.11,4483.4,1f9367ac-01b0-4c82-83a1-4069d4340667
2022-08-31,2022,8,Q3,UPI,2165.48,36317.38,1f9367ac-01b0-4c82-83a1-4069d4340667
2022-09-01,2022,9,Q3,IMPS,177.58,20617.22,1f9367ac-01b0-4c82-83a1-4069d4340667
2022-09-01,2022,9,Q3,NFS_ATM_CASH_WITHDRAWAL,117.79,5279.6,1f9367ac-01b0-4c82-83a1-4069d4340667
2022-09-01,2022,9,Q3,UPI,2312.02,46102.69,1f9367ac-01b0-4c82-83a1-4069d4340667
2022-09-02,2022,9,Q3,IMPS,168.38,18442.56,1f9367ac-01b0-4c82-83a1-4069d4340667
2022-09-02,2022,9,Q3,NFS_ATM_CASH_WITHDRAWAL,121.69,5413.89,1f9367ac-01b0-4c82-83a1-4069d4340667
2022-09-02,2022,9,Q3,UPI,2344.38,42755.56,1f9367ac-01b0-4c82-83a1-4069d4340667
2022-09-03,2022,9,Q3,IMPS,161.17,16840.99,1f9367ac-01b0-4c82-83a1-4069d4340667
2022-09-03,2022,9,Q3,NFS_ATM_CASH_WITHDRAWAL,122.89,5411.95,1f9367ac-01b0-4c82-83a1-4069d4340667
2022-09-03,2022,9,Q3,UPI,2343.42,41387.77,1f9367ac-01b0-4c82-83a1-4069d4340667
2022-09-04,2022,9,Q3,IMPS,145.36,11480.35,1f9367ac-01b0-4c82-83a1-4069d4340667
2022-09-04,2022,9,Q3,NFS_ATM_CASH_WITHDRAWAL,109.9,4342.4,1f9367ac-01b0-4c82-83a1-4069d4340667
2022-09-04,2022,9,Q3,UPI,2222.1,32092.83,1f9367ac-01b0-4c82-83a1-4069d4340667
2022-09-05,2022,9,Q3,IMPS,174.16,18761.72,1f9367ac-01b0-4c82-83a1-4069d4340667
2022-09-05,2022,9,Q3,NFS_ATM_CASH_WITHDRAWAL,116.22,4998.12,1f9367ac-01b0-4c82-83a1-4069d4340667
2022-09-05,2022,9,Q3,UPI,2321.17,44581.11,1f9367ac-01b0-4c82-83a1-4069d4340667
2022-09-06,2022,9,Q3,IMPS,163.24,17614.61,1f9367ac-01b0-4c82-83a1-4069d4340667
2022-09-06,2022,9,Q3,NFS_ATM_CASH_WITHDRAWAL,116.14,4998.83,1f9367ac-01b0-4c82-83a1-4069d4340667
2022-09-06,2022,9,Q3,UPI,2288.42,41284.01,1f9367ac-01b0-4c82-83a1-4069d4340667
2022-09-07,2022,9,Q3,IMPS,167.09,17607.79,1f9367ac-01b0-4c82-83a1-4069d4340667
2022-09-07,2022,9,Q3,NFS_ATM_CASH_WITHDRAWAL,120.62,5190.01,1f9367ac-01b0-4c82-83a1-4069d4340667
2022-09-07,2022,9,Q3,UPI,2298.87,41648.13,1f9367ac-01b0-4c82-83a1-4069d4340667
2022-09-08,2022,9,Q3,IMPS,159.74,15738.16,1f9367ac-01b0-4c82-83a1-4069d4340667
2022-09-08,2022,9,Q3,NFS_ATM_CASH_WITHDRAWAL,116.5,5002.08,1f9367ac-01b0-4c82-83a1-4069d4340667
2022-09-08,2022,9,Q3,UPI,2269.81,39016.03,1f9367ac-01b0-4c82-83a1-4069d4340667
2022-09-09,2022,9,Q3,IMPS,156.41,15324.64,1f9367ac-01b0-4c82-83a1-4069d4340667
2022-09-09,2022,9,Q3,NFS_ATM_CASH_WITHDRAWAL,116.44,4884.75,1f9367ac-01b0-4c82-83a1-4069d4340667
2022-09-09,2022,9,Q3,UPI,2220.49,37027.98,1f9367ac-01b0-4c82-83a1-4069d4340667
2022-09-10,2022,9,Q3,IMPS,151.0,13296.22,1f9367ac-01b0-4c82-83a1-4069d4340667
2022-09-10,2022,9,Q3,NFS_ATM_CASH_WITHDRAWAL,117.42,4982.11,1f9367ac-01b0-4c82-83a1-4069d4340667
2022-09-10,2022,9,Q3,UPI,2249.38,36076.21,1f9367ac-01b0-4c82-83a1-4069d4340667
2022-09-11,2022,9,Q3,IMPS,138.48,9160.91,1f9367ac-01b0-4c82-83a1-4069d4340667
2022-09-11,2022,9,Q3,NFS_ATM_CASH_WITHDRAWAL,106.85,4107.38,1f9367ac-01b0-4c82-83a1-4069d4340667
2022-09-11,2022,9,Q3,UPI,2222.64,28818.13,1f9367ac-01b0-4c82-83a1-4069d4340667
2022-09-12,2022,9,Q3,IMPS,167.05,16914.76,1f9367ac-01b0-4c82-83a1-4069d4340667
2022-09-12,2022,9,Q3,NFS_ATM_CASH_WITHDRAWAL,113.72,4748.41,1f9367ac-01b0-4c82-83a1-4069d4340667
2022-09-12,2022,9,Q3,UPI,2242.62,39419.29,1f9367ac-01b0-4c82-83a1-4069d4340667
2022-09-13,2022,9,Q3,IMPS,160.9,15646.29,1f9367ac-01b0-4c82-83a1-4069d4340667
2022-09-13,2022,9,Q3,NFS_ATM_CASH_WITHDRAWAL,110.64,4579.81,1f9367ac-01b0-4c82-83a1-4069d4340667
2022-09-13,2022,9,Q3,UPI,2219.11,37206.64,1f9367ac-01b0-4c82-83a1-4069d4340667
2022-09-14,2022,9,Q3,IMPS,154.01,15371.49,1f9367ac-01b0-4c82-83a1-4069d4340667
2022-09-14,2022,9,Q3,NFS_ATM_CASH_WITHDRAWAL,108.88,4457.47,1f9367ac-01b0-4c82-83a1-4069d4340667
2022-09-14,2022,9,Q3,UPI,2253.62,37938.12,1f9367ac-01b0-4c82-83a1-4069d4340667
2022-09-15,2022,9,Q3,IMPS,152.52,15309.55,1f9367ac-01b0-4c82-83a1-4069d4340667
2022-09-15,2022,9,Q3,NFS_ATM_CASH_WITHDRAWAL,105.08,4265.28,1f9367ac-01b0-4c82-83a1-4069d4340667
2022-09-15,2022,9,Q3,UPI,2245.68,37563.76,1f9367ac-01b0-4c82-83a1-4069d4340667
2022-09-16,2022,9,Q3,IMPS,149.85,14364.8,1f9367ac-01b0-4c82-83a1-4069d4340667
2022-09-16,2022,9,Q3,NFS_ATM_CASH_WITHDRAWAL,105.09,4159.32,1f9367ac-01b0-4c82-83a1-4069d4340667
2022-09-16,2022,9,Q3,UPI,2255.26,36237.8,1f9367ac-01b0-4c82-83a1-4069d4340667
2022-09-17,2022,9,Q3,IMPS,144.76,12513.12,1f9367ac-01b0-4c82-83a1-4069d4340667
2022-09-17,2022,9,Q3,NFS_ATM_CASH_WITHDRAWAL,108.07,4178.7,1f9367ac-01b0-4c82-83a1-4069d4340667
2022-09-17,2022,9,Q3,UPI,2267.25,33100.06,1f9367ac-01b0-4c82-83a1-4069d4340667
2022-09-18,2022,9,Q3,IMPS,130.2,8155.28,1f9367ac-01b0-4c82-83a1-4069d4340667
2022-09-18,2022,9,Q3,NFS_ATM_CASH_WITHDRAWAL,100.31,3535.75,1f9367ac-01b0-4c82-83a1-4069d4340667
2022-09-18,2022,9,Q3,UPI,2140.49,25809.84,1f9367ac-01b0-4c82-83a1-4069d4340667
2022-09-19,2022,9,Q3,IMPS,151.79,15057.41,1f9367ac-01b0-4c82-83a1-4069d4340667
2022-09-19,2022,9,Q3,NFS_ATM_CASH_WITHDRAWAL,102.53,3996.18,1f9367ac-01b0-4c82-83a1-4069d4340667
2022-09-19,2022,9,Q3,UPI,2203.34,36275.55,1f9367ac-01b0-4c82-83a1-4069d4340667
2022-09-20,2022,9,Q3,IMPS,151.76,14613.14,1f9367ac-01b0-4c82-83a1-4069d4340667
2022-09-20,2022,9,Q3,NFS_ATM_CASH_WITHDRAWAL,101.4,3942.34,1f9367ac-01b0-4c82-83a1-4069d4340667
2022-09-20,2022,9,Q3,UPI,2222.49,35652.81,1f9367ac-01b0-4c82-83a1-4069d4340667
2022-09-21,2022,9,Q3,IMPS,149.21,14584.24,1f9367ac-01b0-4c82-83a1-4069d4340667
2022-09-21,2022,9,Q3,NFS_ATM_CASH_WITHDRAWAL,99.92,3837.49,1f9367ac-01b0-4c82-83a1-4069d4340667
2022-09-21,2022,9,Q3,UPI,2222.64,35651.91,1f9367ac-01b0-4c82-83a1-4069d4340667
2022-09-22,2022,9,Q3,IMPS,144.74,14636.53,1f9367ac-01b0-4c82-83a1-4069d4340667
2022-09-22,2022,9,Q3,NFS_ATM_CASH_WITHDRAWAL,96.19,3677.62,1f9367ac-01b0-4c82-83a1-4069d4340667
2022-09-22,2022,9,Q3,UPI,2253.65,37245.02,1f9367ac-01b0-4c82-83a1-4069d4340667
2022-09-23,2022,9,Q3,IMPS,144.21,14672.65,1f9367ac-01b0-4c82-83a1-4069d4340667
2022-09-23,2022,9,Q3,NFS_ATM_CASH_WITHDRAWAL,95.93,3639.22,1f9367ac-01b0-4c82-83a1-4069d4340667
2022-09-23,2022,9,Q3,UPI,2240.82,35202.31,1f9367ac-01b0-4c82-83a1-4069d4340667
2022-09-24,2022,9,Q3,IMPS,143.88,12501.56,1f9367ac-01b0-4c82-83a1-4069d4340667
2022-09-24,2022,9,Q3,NFS_ATM_CASH_WITHDRAWAL,104.22,4017.0,1f9367ac-01b0-4c82-83a1-4069d4340667
2022-09-24,2022,9,Q3,UPI,2254.85,33468.05,1f9367ac-01b0-4c82-83a1-4069d4340667
2022-09-25,2022,9,Q3,IMPS,131.47,8479.13,1f9367ac-01b0-4c82-83a1-4069d4340667
2022-09-25,2022,9,Q3,NFS_ATM_CASH_WITHDRAWAL,101.77,3512.67,1f9367ac-01b0-4c82-83a1-4069d4340667
2022-09-25,2022,9,Q3,UPI,2224.62,26617.01,1f9367ac-01b0-4c82-83a1-4069d4340667
2022-09-26,2022,9,Q3,IMPS,156.96,16319.14,1f9367ac-01b0-4c82-83a1-4069d4340667
2022-09-26,2022,9,Q3,NFS_ATM_CASH_WITHDRAWAL,103.19,4014.81,1f9367ac-01b0-4c82-83a1-4069d4340667
2022-09-26,2022,9,Q3,UPI,2264.06,38681.13,1f9367ac-01b0-4c82-83a1-4069d4340667
2022-09-27,2022,9,Q3,IMPS,151.92,16286.11,1f9367ac-01b0-4c82-83a1-4069d4340667
2022-09-27,2022,9,Q3,NFS_ATM_CASH_WITHDRAWAL,102.85,4082.22,1f9367ac-01b0-4c82-83a1-4069d4340667
2022-09-27,2022,9,Q3,UPI,2243.49,37077.33,1f9367ac-01b0-4c82-83a1-4069d4340667
2022-09-28,2022,9,Q3,IMPS,150.58,16288.53,1f9367ac-01b0-4c82-83a1-4069d4340667
2022-09-28,2022,9,Q3,NFS_ATM_CASH_WITHDRAWAL,102.77,4115.87,1f9367ac-01b0-4c82-83a1-4069d4340667
2022-09-28,2022,9,Q3,UPI,2294.03,37494.05,1f9367ac-01b0-4c82-83a1-4069d4340667
2022-09-29,2022,9,Q3,IMPS,154.02,17003.1,1f9367ac-01b0-4c82-83a1-4069d4340667
2022-09-29,2022,9,Q3,NFS_ATM_CASH_WITHDRAWAL,105.61,4307.65,1f9367ac-01b0-4c82-83a1-4069d4340667
2022-09-29,2022,9,Q3,UPI,2261.41,38173.16,1f9367ac-01b0-4c82-83a1-4069d4340667
2022-09-30,2022,9,Q3,IMPS,169.87,20849.31,1f9367ac-01b0-4c82-83a1-4069d4340667
2022-09-30,2022,9,Q3,NFS_ATM_CASH_WITHDRAWAL,120.81,5248.21,1f9367ac-01b0-4c82-83a1-4069d4340667
2022-09-30,2022,9,Q3,UPI,2405.86,46833.8,1f9367ac-01b0-4c82-83a1-4069d4340667
2022-10-01,2022,10,Q4,IMPS,185.32,20445.68,1f9367ac-01b0-4c82-83a1-4069d4340667
2022-10-01,2022,10,Q4,NFS_ATM_CASH_WITHDRAWAL,141.15,6489.44,1f9367ac-01b0-4c82-83a1-4069d4340667
2022-10-01,2022,10,Q4,UPI,2586.47,50382.75,1f9367ac-01b0-4c82-83a1-4069d4340667
2022-10-02,2022,10,Q4,IMPS,156.6,13172.42,1f9367ac-01b0-4c82-83a1-4069d4340667
2022-10-02,2022,10,Q4,NFS_ATM_CASH_WITHDRAWAL,126.7,5396.83,1f9367ac-01b0-4c82-83a1-4069d4340667
2022-10-02,2022,10,Q4,UPI,2483.64,39039.52,1f9367ac-01b0-4c82-83a1-4069d4340667
2022-10-03,2022,10,Q4,IMPS,177.31,19480.96,1f9367ac-01b0-4c82-83a1-4069d4340667
2022-10-03,2022,10,Q4,NFS_ATM_CASH_WITHDRAWAL,129.82,5720.34,1f9367ac-01b0-4c82-83a1-4069d4340667
2022-10-03,2022,10,Q4,UPI,2480.21,47218.26,1f9367ac-01b0-4c82-83a1-4069d4340667
2022-10-04,2022,10,Q4,IMPS,159.06,16711.27,1f9367ac-01b0-4c82-83a1-4069d4340667
2022-10-04,2022,10,Q4,NFS_ATM_CASH_WITHDRAWAL,118.56,5011.52,1f9367ac-01b0-4c82-83a1-4069d4340667
2022-10-04,2022,10,Q4,UPI,2396.9,42082.91,1f9367ac-01b0-4c82-83a1-4069d4340667
2022-10-05,2022,10,Q4,IMPS,147.69,12491.73,1f9367ac-01b0-4c82-83a1-4069d4340667
2022-10-05,2022,10,Q4,NFS_ATM_CASH_WITHDRAWAL,108.85,4262.52,1f9367ac-01b0-4c82-83a1-4069d4340667
2022-10-05,2022,10,Q4,UPI,2272.01,34258.45,1f9367ac-01b0-4c82-83a1-4069d4340667
2022-10-06,2022,10,Q4,IMPS,153.53,17249.13,1f9367ac-01b0-4c82-83a1-4069d4340667
2022-10-06,2022,10,Q4,NFS_ATM_CASH_WITHDRAWAL,111.08,4827.32,1f9367ac-01b0-4c82-83a1-4069d4340667
2022-10-06,2022,10,Q4,UPI,2331.47,41501.46,1f9367ac-01b0-4c82-83a1-4069d4340667
2022-10-07,2022,10,Q4,IMPS,160.48,17747.72,1f9367ac-01b0-4c82-83a1-4069d4340667
2022-10-07,2022,10,Q4,NFS_ATM_CASH_WITHDRAWAL,122.0,5346.84,1f9367ac-01b0-4c82-83a1-4069d4340667
2022-10-07,2022,10,Q4,UPI,2329.71,41204.09,1f9367ac-01b0-4c82-83a1-4069d4340667
2022-10-08,2022,10,Q4,IMPS,152.12,14673.44,1f9367ac-01b0-4c82-83a1-4069d4340667
2022-10-08,2022,10,Q4,NFS_ATM_CASH_WITHDRAWAL,120.94,5272.31,1f9367ac-01b0-4c82-83a1-4069d4340667
2022-10-08,2022,10,Q4,UPI,2365.74,39710.25,1f9367ac-01b0-4c82-83a1-4069d4340667
2022-10-09,2022,10,Q4,IMPS,136.78,10155.26,1f9367ac-01b0-4c82-83a1-4069d4340667
2022-10-09,2022,10,Q4,NFS_ATM_CASH_WITHDRAWAL,106.99,4230.01,1f9367ac-01b0-4c82-83a1-4069d4340667
2022-10-09,2022,10,Q4,UPI,2290.61,32190.94,1f9367ac-01b0-4c82-83a1-4069d4340667
2022-10-10,2022,10,Q4,IMPS,169.16,18487.23,1f9367ac-01b0-4c82-83a1-4069d4340667
2022-10-10,2022,10,Q4,NFS_ATM_CASH_WITHDRAWAL,122.31,5365.11,1f9367ac-01b0-4c82-83a1-4069d4340667
2022-10-10,2022,10,Q4,UPI,2410.02,47027.29,1f9367ac-01b0-4c82-83a1-4069d4340667
2022-10-11,2022,10,Q4,IMPS,166.06,17399.6,1f9367ac-01b0-4c82-83a1-4069d4340667
2022-10-11,2022,10,Q4,NFS_ATM_CASH_WITHDRAWAL,121.51,5279.18,1f9367ac-01b0-4c82-83a1-4069d4340667
2022-10-11,2022,10,Q4,UPI,2434.91,43642.01,1f9367ac-01b0-4c82-83a1-4069d4340667
2022-10-12,2022,10,Q4,IMPS,164.32,16443.28,1f9367ac-01b0-4c82-83a1-4069d4340667
2022-10-12,2022,10,Q4,NFS_ATM_CASH_WITHDRAWAL,122.15,5173.19,1f9367ac-01b0-4c82-83a1-4069d4340667
2022-10-12,2022,10,Q4,UPI,2450.81,42412.68,1f9367ac-01b0-4c82-83a1-4069d4340667
2022-10-13,2022,10,Q4,IMPS,161.4,16146.34,1f9367ac-01b0-4c82-83a1-4069d4340667
2022-10-13,2022,10,Q4,NFS_ATM_CASH_WITHDRAWAL,115.74,4769.82,1f9367ac-01b0-4c82-83a1-4069d4340667
2022-10-13,2022,10,Q4,UPI,2399.86,40387.93,1f9367ac-01b0-4c82-83a1-4069d4340667
2022-10-14,2022,10,Q4,IMPS,153.47,15388.12,1f9367ac-01b0-4c82-83a1-4069d4340667
2022-10-14,2022,10,Q4,NFS_ATM_CASH_WITHDRAWAL,107.06,4437.75,1f9367ac-01b0-4c82-83a1-4069d4340667
2022-10-14,2022,10,Q4,UPI,2352.74,38748.95,1f9367ac-01b0-4c82-83a1-4069d4340667
2022-10-15,2022,10,Q4,IMPS,155.21,14668.57,1f9367ac-01b0-4c82-83a1-4069d4340667
2022-10-15,2022,10,Q4,NFS_ATM_CASH_WITHDRAWAL,117.21,4915.56,1f9367ac-01b0-4c82-83a1-4069d4340667
2022-10-15,2022,10,Q4,UPI,2416.34,39499.74,1f9367ac-01b0-4c82-83a1-4069d4340667
2022-10-16,2022,10,Q4,IMPS,141.73,9084.63,1f9367ac-01b0-4c82-83a1-4069d4340667
2022-10-16,2022,10,Q4,NFS_ATM_CASH_WITHDRAWAL,109.75,4184.05,1f9367ac-01b0-4c82-83a1-4069d4340667
2022-10-16,2022,10,Q4,UPI,2384.85,31327.83,1f9367ac-01b0-4c82-83a1-4069d4340667
2022-10-17,2022,10,Q4,IMPS,162.8,16489.7,1f9367ac-01b0-4c82-83a1-4069d4340667
2022-10-17,2022,10,Q4,NFS_ATM_CASH_WITHDRAWAL,112.58,4602.49,1f9367ac-01b0-4c82-83a1-4069d4340667
2022-10-17,2022,10,Q4,UPI,2357.07,40125.1,1f9367ac-01b0-4c82-83a1-4069d4340667
2022-10-18,2022,10,Q4,IMPS,157.02,15489.55,1f9367ac-01b0-4c82-83a1-4069d4340667
2022-10-18,2022,10,Q4,NFS_ATM_CASH_WITHDRAWAL,114.56,4651.74,1f9367ac-01b0-4c82-83a1-4069d4340667
2022-10-18,2022,10,Q4,UPI,2402.64,39917.14,1f9367ac-01b0-4c82-83a1-4069d4340667
2022-10-19,2022,10,Q4,IMPS,160.04,16221.96,1f9367ac-01b0-4c82-83a1-4069d4340667
2022-10-19,2022,10,Q4,NFS_ATM_CASH_WITHDRAWAL,117.0,4828.31,1f9367ac-01b0-4c82-83a1-4069d4340667
2022-10-19,2022,10,Q4,UPI,2458.66,40856.85,1f9367ac-01b0-4c82-83a1-4069d4340667
2022-10-20,2022,10,Q4,IMPS,166.55,17374.44,1f9367ac-01b0-4c82-83a1-4069d4340667
2022-10-20,2022,10,Q4,NFS_ATM_CASH_WITHDRAWAL,122.26,5143.27,1f9367ac-01b0-4c82-83a1-4069d4340667
2022-10-20,2022,10,Q4,UPI,2427.04,42218.85,1f9367ac-01b0-4c82-83a1-4069d4340667
2022-10-21,2022,10,Q4,IMPS,176.39,18988.08,1f9367ac-01b0-4c82-83a1-4069d4340667
2022-10-21,2022,10,Q4,NFS_ATM_CASH_WITHDRAWAL,134.72,5876.06,1f9367ac-01b0-4c82-83a1-4069d4340667
2022-10-21,2022,10,Q4,UPI,2514.0,44598.12,1f9367ac-01b0-4c82-83a1-4069d4340667
2022-10-22,2022,10,Q4,IMPS,181.21,16664.7,1f9367ac-01b0-4c82-83a1-4069d4340667
2022-10-22,2022,10,Q4,NFS_ATM_CASH_WITHDRAWAL,151.99,6795.5,1f9367ac-01b0-4c82-83a1-4069d4340667
2022-10-22,2022,10,Q4,UPI,2608.12,44832.58,1f9367ac-01b0-4c82-83a1-4069d4340667
2022-10-23,2022,10,Q4,IMPS,165.68,11182.81,1f9367ac-01b0-4c82-83a1-4069d4340667
2022-10-23,2022,10,Q4,NFS_ATM_CASH_WITHDRAWAL,134.17,5442.78,1f9367ac-01b0-4c82-83a1-4069d4340667
2022-10-23,2022,10,Q4,UPI,2520.11,36622.22,1f9367ac-01b0-4c82-83a1-4069d4340667
2022-10-24,2022,10,Q4,IMPS,141.39,8215.49,1f9367ac-01b0-4c82-83a1-4069d4340667
2022-10-24,2022,10,Q4,NFS_ATM_CASH_WITHDRAWAL,108.38,3897.69,1f9367ac-01b0-4c82-83a1-4069d4340667
2022-10-24,2022,10,Q4,UPI,2233.28,27690.79,1f9367ac-01b0-4c82-83a1-4069d4340667
2022-10-25,2022,10,Q4,IMPS,129.53,11547.99,1f9367ac-01b0-4c82-83a1-4069d4340667
2022-10-25,2022,10,Q4,NFS_ATM_CASH_WITHDRAWAL,86.3,3227.44,1f9367ac-01b0-4c82-83a1-4069d4340667
2022-10-25,2022,10,Q4,UPI,1988.31,29351.82,1f9367ac-01b0-4c82-83a1-4069d4340667
2022-10-26,2022,10,Q4,IMPS,138.09,12240.6,1f9367ac-01b0-4c82-83a1-4069d4340667
2022-10-26,2022,10,Q4,NFS_ATM_CASH_WITHDRAWAL,106.38,4004.93,1f9367ac-01b0-4c82-83a1-4069d4340667
2022-10-26,2022,10,Q4,UPI,2144.52,32555.4,1f9367ac-01b0-4c82-83a1-4069d4340667
2022-10-27,2022,10,Q4,IMPS,138.5,13866.03,1f9367ac-01b0-4c82-83a1-4069d4340667
2022-10-27,2022,10,Q4,NFS_ATM_CASH_WITHDRAWAL,99.9,3886.07,1f9367ac-01b0-4c82-83a1-4069d4340667
2022-10-27,2022,10,Q4,UPI,2149.57,34451.97,1f9367ac-01b0-4c82-83a1-4069d4340667
2022-10-28,2022,10,Q4,IMPS,140.67,14852.35,1f9367ac-01b0-4c82-83a1-4069d4340667
2022-10-28,2022,10,Q4,NFS_ATM_CASH_WITHDRAWAL,98.89,3962.27,1f9367ac-01b0-4c82-83a1-4069d4340667
2022-10-28,2022,10,Q4,UPI,2162.42,36086.52,1f9367ac-01b0-4c82-83a1-4069d4340667
2022-10-29,2022,10,Q4,IMPS,141.64,14228.25,1f9367ac-01b0-4c82-83a1-4069d4340667
2022-10-29,2022,10,Q4,NFS_ATM_CASH_WITHDRAWAL,102.68,4150.51,1f9367ac-01b0-4c82-83a1-4069d4340667
2022-10-29,2022,10,Q4,UPI,2208.1,36208.01,1f9367ac-01b0-4c82-83a1-4069d4340667
2022-10-30,2022,10,Q4,IMPS,123.6,9073.98,1f9367ac-01b0-4c82-83a1-4069d4340667
2022-10-30,2022,10,Q4,NFS_ATM_CASH_WITHDRAWAL,109.05,3351.88,1f9367ac-01b0-4c82-83a1-4069d4340667
2022-10-30,2022,10,Q4,UPI,2172.95,28111.77,1f9367ac-01b0-4c82-83a1-4069d4340667
2022-10-31,2022,10,Q4,IMPS,161.24,19900.46,1f9367ac-01b0-4c82-83a1-4069d4340667
2022-10-31,2022,10,Q4,NFS_ATM_CASH_WITHDRAWAL,108.31,4697.01,1f9367ac-01b0-4c82-83a1-4069d4340667
2022-10-31,2022,10,Q4,UPI,2321.13,47325.3,1f9367ac-01b0-4c82-83a1-4069d4340667
2022-11-01,2022,11,Q4,IMPS,175.38,20335.18,1f9367ac-01b0-4c82-83a1-4069d4340667
2022-11-01,2022,11,Q4,NFS_ATM_CASH_WITHDRAWAL,118.17,5422.17,1f9367ac-01b0-4c82-83a1-4069d4340667
2022-11-01,2022,11,Q4,UPI,2494.4,50700.08,1f9367ac-01b0-4c82-83a1-4069d4340667
2022-11-02,2022,11,Q4,IMPS,165.76,18481.43,1f9367ac-01b0-4c82-83a1-4069d4340667
2022-11-02,2022,11,Q4,NFS_ATM_CASH_WITHDRAWAL,118.21,5355.03,1f9367ac-01b0-4c82-83a1-4069d4340667
2022-11-02,2022,11,Q4,UPI,2500.21,47432.82,1f9367ac-01b0-4c82-83a1-4069d4340667
2022-11-03,2022,11,Q4,IMPS,162.32,17790.42,1f9367ac-01b0-4c82-83a1-4069d4340667
2022-11-03,2022,11,Q4,NFS_ATM_CASH_WITHDRAWAL,113.41,5019.61,1f9367ac-01b0-4c82-83a1-4069d4340667
2022-11-03,2022,11,Q4,UPI,2434.82,45208.17,1f9367ac-01b0-4c82-83a1-4069d4340667
2022-11-04,2022,11,Q4,IMPS,160.85,17022.96,1f9367ac-01b0-4c82-83a1-4069d4340667
2022-11-04,2022,11,Q4,NFS_ATM_CASH_WITHDRAWAL,111.58,4798.06,1f9367ac-01b0-4c82-83a1-4069d4340667
2022-11-04,2022,11,Q4,UPI,2452.5,43645.17,1f9367ac-01b0-4c82-83a1-4069d4340667
2022-11-05,2022,11,Q4,IMPS,158.93,16079.38,1f9367ac-01b0-4c82-83a1-4069d4340667
2022-11-05,2022,11,Q4,NFS_ATM_CASH_WITHDRAWAL,118.68,5159.15,1f9367ac-01b0-4c82-83a1-4069d4340667
2022-11-05,2022,11,Q4,UPI,2528.34,44653.94,1f9367ac-01b0-4c82-83a1-4069d4340667
2022-11-06,2022,11,Q4,IMPS,140.84,10338.74,1f9367ac-01b0-4c82-83a1-4069d4340667
2022-11-06,2022,11,Q4,NFS_ATM_CASH_WITHDRAWAL,109.27,4298.9,1f9367ac-01b0-4c82-83a1-4069d4340667
2022-11-06,2022,11,Q4,UPI,2424.83,33841.13,1f9367ac-01b0-4c82-83a1-4069d4340667
2022-11-07,2022,11,Q4,IMPS,164.33,18157.13,1f9367ac-01b0-4c82-83a1-4069d4340667
2022-11-07,2022,11,Q4,NFS_ATM_CASH_WITHDRAWAL,116.88,5024.69,1f9367ac-01b0-4c82-83a1-4069d4340667
2022-11-07,2022,11,Q4,UPI,2452.45,45347.9,1f9367ac-01b0-4c82-83a1-4069d4340667
2022-11-08,2022,11,Q4,IMPS,153.46,14330.61,1f9367ac-01b0-4c82-83a1-4069d4340667
2022-11-08,2022,11,Q4,NFS_ATM_CASH_WITHDRAWAL,104.98,4449.44,1f9367ac-01b0-4c82-83a1-4069d4340667
2022-11-08,2022,11,Q4,UPI,2348.78,38528.36,1f9367ac-01b0-4c82-83a1-4069d4340667
2022-11-09,2022,11,Q4,IMPS,162.95,16929.43,1f9367ac-01b0-4c82-83a1-4069d4340667
2022-11-09,2022,11,Q4,NFS_ATM_CASH_WITHDRAWAL,119.58,5115.49,1f9367ac-01b0-4c82-83a1-4069d4340667
2022-11-09,2022,11,Q4,UPI,2504.81,43709.26,1f9367ac-01b0-4c82-83a1-4069d4340667
2022-11-10,2022,11,Q4,IMPS,166.63,17034.15,1f9367ac-01b0-4c82-83a1-4069d4340667
2022-11-10,2022,11,Q4,NFS_ATM_CASH_WITHDRAWAL,119.78,5147.34,1f9367ac-01b0-4c82-83a1-4069d4340667
2022-11-10,2022,11,Q4,UPI,2544.65,44760.22,1f9367ac-01b0-4c82-83a1-4069d4340667
2022-11-11,2022,11,Q4,IMPS,155.85,15647.06,1f9367ac-01b0-4c82-83a1-4069d4340667
2022-11-11,2022,11,Q4,NFS_ATM_CASH_WITHDRAWAL,113.06,4793.47,1f9367ac-01b0-4c82-83a1-4069d4340667
2022-11-11,2022,11,Q4,UPI,2443.48,41603.7,1f9367ac-01b0-4c82-83a1-4069d4340667
2022-11-12,2022,11,Q4,IMPS,151.65,12918.17,1f9367ac-01b0-4c82-83a1-4069d4340667
2022-11-12,2022,11,Q4,NFS_ATM_CASH_WITHDRAWAL,113.88,4771.38,1f9367ac-01b0-4c82-83a1-4069d4340667
2022-11-12,2022,11,Q4,UPI,2473.71,37328.49,1f9367ac-01b0-4c82-83a1-4069d4340667
2022-11-13,2022,11,Q4,IMPS,140.94,8547.82,1f9367ac-01b0-4c82-83a1-4069d4340667
2022-11-13,2022,11,Q4,NFS_ATM_CASH_WITHDRAWAL,105.11,3952.16,1f9367ac-01b0-4c82-83a1-4069d4340667
2022-11-13,2022,11,Q4,UPI,2460.71,29862.99,1f9367ac-01b0-4c82-83a1-4069d4340667
2022-11-14,2022,11,Q4,IMPS,162.41,16498.3,1f9367ac-01b0-4c82-83a1-4069d4340667
2022-11-14,2022,11,Q4,NFS_ATM_CASH_WITHDRAWAL,108.67,4496.99,1f9367ac-01b0-4c82-83a1-4069d4340667
2022-11-14,2022,11,Q4,UPI,2461.78,41601.59,1f9367ac-01b0-4c82-83a1-4069d4340667
2022-11-15,2022,11,Q4,IMPS,162.37,16260.28,1f9367ac-01b0-4c82-83a1-4069d4340667
2022-11-15,2022,11,Q4,NFS_ATM_CASH_WITHDRAWAL,110.51,4590.48,1f9367ac-01b0-4c82-83a1-4069d4340667
2022-11-15,2022,11,Q4,UPI,2467.09,41038.85,1f9367ac-01b0-4c82-83a1-4069d4340667
2022-11-16,2022,11,Q4,IMPS,155.14,15450.91,1f9367ac-01b0-4c82-83a1-4069d4340667
2022-11-16,2022,11,Q4,NFS_ATM_CASH_WITHDRAWAL,107.49,4378.37,1f9367ac-01b0-4c82-83a1-4069d4340667
2022-11-16,2022,11,Q4,UPI,2460.06,39877.66,1f9367ac-01b0-4c82-83a1-4069d4340667
2022-11-17,2022,11,Q4,IMPS,150.97,14869.31,1f9367ac-01b0-4c82-83a1-4069d4340667
2022-11-17,2022,11,Q4,NFS_ATM_CASH_WITHDRAWAL,102.98,4148.11,1f9367ac-01b0-4c82-83a1-4069d4340667
2022-11-17,2022,11,Q4,UPI,2419.4,38887.99,1f9367ac-01b0-4c82-83a1-4069d4340667
2022-11-18,2022,11,Q4,IMPS,148.95,14349.63,1f9367ac-01b0-4c82-83a1-4069d4340667
2022-11-18,2022,11,Q4,NFS_ATM_CASH_WITHDRAWAL,101.72,4033.72,1f9367ac-01b0-4c82-83a1-4069d4340667
2022-11-18,2022,11,Q4,UPI,2415.23,36774.04,1f9367ac-01b0-4c82-83a1-4069d4340667
2022-11-19,2022,11,Q4,IMPS,150.26,13630.26,1f9367ac-01b0-4c82-83a1-4069d4340667
2022-11-19,2022,11,Q4,NFS_ATM_CASH_WITHDRAWAL,106.16,4242.41,1f9367ac-01b0-4c82-83a1-4069d4340667
2022-11-19,2022,11,Q4,UPI,2435.64,36893.0,1f9367ac-01b0-4c82-83a1-4069d4340667
2022-11-20,2022,11,Q4,IMPS,139.62,8742.04,1f9367ac-01b0-4c82-83a1-4069d4340667
2022-11-20,2022,11,Q4,NFS_ATM_CASH_WITHDRAWAL,101.56,3670.34,1f9367ac-01b0-4c82-83a1-4069d4340667
2022-11-20,2022,11,Q4,UPI,2391.96,30141.8,1f9367ac-01b0-4c82-83a1-4069d4340667
2022-11-21,2022,11,Q4,IMPS,154.76,15592.31,1f9367ac-01b0-4c82-83a1-4069d4340667
2022-11-21,2022,11,Q4,NFS_ATM_CASH_WITHDRAWAL,102.82,4054.6,1f9367ac-01b0-4c82-83a1-4069d4340667
2022-11-21,2022,11,Q4,UPI,2265.49,37029.58,1f9367ac-01b0-4c82-83a1-4069d4340667
2022-11-22,2022,11,Q4,IMPS,154.07,15061.51,1f9367ac-01b0-4c82-83a1-4069d4340667
2022-11-22,2022,11,Q4,NFS_ATM_CASH_WITHDRAWAL,97.82,3867.33,1f9367ac-01b0-4c82-83a1-4069d4340667
2022-11-22,2022,11,Q4,UPI,2420.5,38450.98,1f9367ac-01b0-4c82-83a1-4069d4340667
2022-11-23,2022,11,Q4,IMPS,149.5,14798.99,1f9367ac-01b0-4c82-83a1-4069d4340667
2022-11-23,2022,11,Q4,NFS_ATM_CASH_WITHDRAWAL,97.99,3819.14,1f9367ac-01b0-4c82-83a1-4069d4340667
2022-11-23,2022,11,Q4,UPI,2411.47,37158.59,1f9367ac-01b0-4c82-83a1-4069d4340667
2022-11-24,2022,11,Q4,IMPS,147.01,14828.14,1f9367ac-01b0-4c82-83a1-4069d4340667
2022-11-24,2022,11,Q4,NFS_ATM_CASH_WITHDRAWAL,96.57,3776.19,1f9367ac-01b0-4c82-83a1-4069d4340667
2022-11-24,2022,11,Q4,UPI,2390.62,37188.36,1f9367ac-01b0-4c82-83a1-4069d4340667
2022-11-25,2022,11,Q4,IMPS,149.28,15274.68,1f9367ac-01b0-4c82-83a1-4069d4340667
2022-11-25,2022,11,Q4,NFS_ATM_CASH_WITHDRAWAL,99.98,3924.01,1f9367ac-01b0-4c82-83a1-4069d4340667
2022-11-25,2022,11,Q4,UPI,2413.07,37146.94,1f9367ac-01b0-4c82-83a1-4069d4340667
2022-11-26,2022,11,Q4,IMPS,144.48,12694.56,1f9367ac-01b0-4c82-83a1-4069d4340667
2022-11-26,2022,11,Q4,NFS_ATM_CASH_WITHDRAWAL,102.7,4085.97,1f9367ac-01b0-4c82-83a1-4069d4340667
2022-11-26,2022,11,Q4,UPI,2414.45,35261.16,1f9367ac-01b0-4c82-83a1-4069d4340667
2022-11-27,2022,11,Q4,IMPS,128.09,8406.01,1f9367ac-01b0-4c82-83a1-4069d4340667
2022-11-27,2022,11,Q4,NFS_ATM_CASH_WITHDRAWAL,95.6,3387.38,1f9367ac-01b0-4c82-83a1-4069d4340667
2022-11-27,2022,11,Q4,UPI,2341.36,27955.44,1f9367ac-01b0-4c82-83a1-4069d4340667
2022-11-28,2022,11,Q4,IMPS,151.96,16270.02,1f9367ac-01b0-4c82-83a1-4069d4340667
2022-11-28,2022,11,Q4,NFS_ATM_CASH_WITHDRAWAL,97.17,3852.25,1f9367ac-01b0-4c82-83a1-4069d4340667
2022-11-28,2022,11,Q4,UPI,2359.87,38785.39,1f9367ac-01b0-4c82-83a1-4069d4340667
2022-11-29,2022,11,Q4,IMPS,154.04,17071.38,1f9367ac-01b0-4c82-83a1-4069d4340667
2022-11-29,2022,11,Q4,NFS_ATM_CASH_WITHDRAWAL,97.02,3927.57,1f9367ac-01b0-4c82-83a1-4069d4340667
2022-11-29,2022,11,Q4,UPI,2389.6,39732.24,1f9367ac-01b0-4c82-83a1-4069d4340667
2022-11-30,2022,11,Q4,IMPS,172.0,21267.86,1f9367ac-01b0-4c82-83a1-4069d4340667
2022-11-30,2022,11,Q4,NFS_ATM_CASH_WITHDRAWAL,112.56,4914.64,1f9367ac-01b0-4c82-83a1-4069d4340667
2022-11-30,2022,11,Q4,UPI,2573.19,50047.55,1f9367ac-01b0-4c82-83a1-4069d4340667
2022-12-01,2022,12,Q4,IMPS,187.89,21555.09,1f9367ac-01b0-4c82-83a1-4069d4340667
2022-12-01,2022,12,Q4,NFS_ATM_CASH_WITHDRAWAL,123.93,5726.1,1f9367ac-01b0-4c82-83a1-4069d4340667
2022-12-01,2022,12,Q4,UPI,2692.15,53457.06,1f9367ac-01b0-4c82-83a1-4069d4340667
2022-12-02,2022,12,Q4,IMPS,171.12,18952.15,1f9367ac-01b0-4c82-83a1-4069d4340667
2022-12-02,2022,12,Q4,NFS_ATM_CASH_WITHDRAWAL,122.48,5555.82,1f9367ac-01b0-4c82-83a1-4069d4340667
2022-12-02,2022,12,Q4,UPI,2660.28,48531.22,1f9367ac-01b0-4c82-83a1-4069d4340667
2022-12-03,2022,12,Q4,IMPS,162.51,16969.37,1f9367ac-01b0-4c82-83a1-4069d4340667
2022-12-03,2022,12,Q4,NFS_ATM_CASH_WITHDRAWAL,123.69,5568.54,1f9367ac-01b0-4c82-83a1-4069d4340667
2022-12-03,2022,12,Q4,UPI,2641.04,46558.2,1f9367ac-01b0-4c82-83a1-4069d4340667
2022-12-04,2022,12,Q4,IMPS,152.83,11664.61,1f9367ac-01b0-4c82-83a1-4069d4340667
2022-12-04,2022,12,Q4,NFS_ATM_CASH_WITHDRAWAL,111.32,4496.86,1f9367ac-01b0-4c82-83a1-4069d4340667
2022-12-04,2022,12,Q4,UPI,2524.83,37265.1,1f9367ac-01b0-4c82-83a1-4069d4340667
2022-12-05,2022,12,Q4,IMPS,173.74,18986.45,1f9367ac-01b0-4c82-83a1-4069d4340667
2022-12-05,2022,12,Q4,NFS_ATM_CASH_WITHDRAWAL,116.18,5113.48,1f9367ac-01b0-4c82-83a1-4069d4340667
2022-12-05,2022,12,Q4,UPI,2630.16,50169.23,1f9367ac-01b0-4c82-83a1-4069d4340667
2022-12-06,2022,12,Q4,IMPS,163.02,17479.7,1f9367ac-01b0-4c82-83a1-4069d4340667
2022-12-06,2022,12,Q4,NFS_ATM_CASH_WITHDRAWAL,114.43,5002.0,1f9367ac-01b0-4c82-83a1-4069d4340667
2022-12-06,2022,12,Q4,UPI,2571.41,46197.13,1f9367ac-01b0-4c82-83a1-4069d4340667
2022-12-07,2022,12,Q4,IMPS,168.16,18218.81,1f9367ac-01b0-4c82-83a1-4069d4340667
2022-12-07,2022,12,Q4,NFS_ATM_CASH_WITHDRAWAL,119.7,5243.09,1f9367ac-01b0-4c82-83a1-4069d4340667
2022-12-07,2022,12,Q4,UPI,2583.98,46284.96,1f9367ac-01b0-4c82-83a1-4069d4340667
2022-12-08,2022,12,Q4,IMPS,158.65,16742.35,1f9367ac-01b0-4c82-83a1-4069d4340667
2022-12-08,2022,12,Q4,NFS_ATM_CASH_WITHDRAWAL,117.31,5112.15,1f9367ac-01b0-4c82-83a1-4069d4340667
2022-12-08,2022,12,Q4,UPI,2514.95,43719.07,1f9367ac-01b0-4c82-83a1-4069d4340667
2022-12-09,2022,12,Q4,IMPS,156.49,16514.97,1f9367ac-01b0-4c82-83a1-4069d4340667
2022-12-09,2022,12,Q4,NFS_ATM_CASH_WITHDRAWAL,114.3,4935.9,1f9367ac-01b0-4c82-83a1-4069d4340667
2022-12-09,2022,12,Q4,UPI,2488.63,42421.34,1f9367ac-01b0-4c82-83a1-4069d4340667
2022-12-10,2022,12,Q4,IMPS,155.54,14352.96,1f9367ac-01b0-4c82-83a1-4069d4340667
2022-12-10,2022,12,Q4,NFS_ATM_CASH_WITHDRAWAL,117.5,5120.32,1f9367ac-01b0-4c82-83a1-4069d4340667
2022-12-10,2022,12,Q4,UPI,2537.77,41177.7,1f9367ac-01b0-4c82-83a1-4069d4340667
2022-12-11,2022,12,Q4,IMPS,141.76,9666.14,1f9367ac-01b0-4c82-83a1-4069d4340667
2022-12-11,2022,12,Q4,NFS_ATM_CASH_WITHDRAWAL,99.88,3926.97,1f9367ac-01b0-4c82-83a1-4069d4340667
2022-12-11,2022,12,Q4,UPI,2508.37,33518.33,1f9367ac-01b0-4c82-83a1-4069d4340667
2022-12-12,2022,12,Q4,IMPS,164.97,17789.84,1f9367ac-01b0-4c82-83a1-4069d4340667
2022-12-12,2022,12,Q4,NFS_ATM_CASH_WITHDRAWAL,114.66,4904.43,1f9367ac-01b0-4c82-83a1-4069d4340667
2022-12-12,2022,12,Q4,UPI,2539.09,45151.66,1f9367ac-01b0-4c82-83a1-4069d4340667
2022-12-13,2022,12,Q4,IMPS,162.92,17218.99,1f9367ac-01b0-4c82-83a1-4069d4340667
2022-12-13,2022,12,Q4,NFS_ATM_CASH_WITHDRAWAL,112.45,4763.39,1f9367ac-01b0-4c82-83a1-4069d4340667
2022-12-13,2022,12,Q4,UPI,2557.97,43440.05,1f9367ac-01b0-4c82-83a1-4069d4340667
2022-12-14,2022,12,Q4,IMPS,159.31,16732.37,1f9367ac-01b0-4c82-83a1-4069d4340667
2022-12-14,2022,12,Q4,NFS_ATM_CASH_WITHDRAWAL,110.89,4618.03,1f9367ac-01b0-4c82-83a1-4069d4340667
2022-12-14,2022,12,Q4,UPI,2598.34,42458.09,1f9367ac-01b0-4c82-83a1-4069d4340667
2022-12-15,2022,12,Q4,IMPS,158.59,16602.58,1f9367ac-01b0-4c82-83a1-4069d4340667
2022-12-15,2022,12,Q4,NFS_ATM_CASH_WITHDRAWAL,108.92,4517.05,1f9367ac-01b0-4c82-83a1-4069d4340667
2022-12-15,2022,12,Q4,UPI,2561.41,42710.62,1f9367ac-01b0-4c82-83a1-4069d4340667
2022-12-16,2022,12,Q4,IMPS,156.26,15298.28,1f9367ac-01b0-4c82-83a1-4069d4340667
2022-12-16,2022,12,Q4,NFS_ATM_CASH_WITHDRAWAL,105.2,4248.64,1f9367ac-01b0-4c82-83a1-4069d4340667
2022-12-16,2022,12,Q4,UPI,2517.51,39520.11,1f9367ac-01b0-4c82-83a1-4069d4340667
2022-12-17,2022,12,Q4,IMPS,143.45,13067.87,1f9367ac-01b0-4c82-83a1-4069d4340667
2022-12-17,2022,12,Q4,NFS_ATM_CASH_WITHDRAWAL,109.36,4397.73,1f9367ac-01b0-4c82-83a1-4069d4340667
2022-12-17,2022,12,Q4,UPI,2488.37,37570.68,1f9367ac-01b0-4c82-83a1-4069d4340667
2022-12-18,2022,12,Q4,IMPS,137.27,8958.91,1f9367ac-01b0-4c82-83a1-4069d4340667
2022-12-18,2022,12,Q4,NFS_ATM_CASH_WITHDRAWAL,101.75,3663.58,1f9367ac-01b0-4c82-83a1-4069d4340667
2022-12-18,2022,12,Q4,UPI,2412.75,29305.27,1f9367ac-01b0-4c82-83a1-4069d4340667
2022-12-19,2022,12,Q4,IMPS,158.28,16001.88,1f9367ac-01b0-4c82-83a1-4069d4340667
2022-12-19,2022,12,Q4,NFS_ATM_CASH_WITHDRAWAL,103.76,4154.16,1f9367ac-01b0-4c82-83a1-4069d4340667
2022-12-19,2022,12,Q4,UPI,2502.76,40811.37,1f9367ac-01b0-4c82-83a1-4069d4340667
2022-12-20,2022,12,Q4,IMPS,155.89,15884.71,1f9367ac-01b0-4c82-83a1-4069d4340667
2022-12-20,2022,12,Q4,NFS_ATM_CASH_WITHDRAWAL,101.09,4054.81,1f9367ac-01b0-4c82-83a1-4069d4340667
2022-12-20,2022,12,Q4,UPI,2496.62,41271.64,1f9367ac-01b0-4c82-83a1-4069d4340667
2022-12-21,2022,12,Q4,IMPS,152.98,15780.02,1f9367ac-01b0-4c82-83a1-4069d4340667
2022-12-21,2022,12,Q4,NFS_ATM_CASH_WITHDRAWAL,100.19,3967.25,1f9367ac-01b0-4c82-83a1-4069d4340667
2022-12-21,2022,12,Q4,UPI,2494.94,40183.79,1f9367ac-01b0-4c82-83a1-4069d4340667
2022-12-22,2022,12,Q4,IMPS,149.28,15095.54,1f9367ac-01b0-4c82-83a1-4069d4340667
2022-12-22,2022,12,Q4,NFS_ATM_CASH_WITHDRAWAL,99.15,3896.1,1f9367ac-01b0-4c82-83a1-4069d4340667
2022-12-22,2022,12,Q4,UPI,2473.99,39160.3,1f9367ac-01b0-4c82-83a1-4069d4340667
2022-12-23,2022,12,Q4,IMPS,153.11,15827.95,1f9367ac-01b0-4c82-83a1-4069d4340667
2022-12-23,2022,12,Q4,NFS_ATM_CASH_WITHDRAWAL,100.81,3935.49,1f9367ac-01b0-4c82-83a1-4069d4340667
2022-12-23,2022,12,Q4,UPI,2477.96,38502.18,1f9367ac-01b0-4c82-83a1-4069d4340667
2022-12-24,2022,12,Q4,IMPS,148.01,12856.18,1f9367ac-01b0-4c82-83a1-4069d4340667
2022-12-24,2022,12,Q4,NFS_ATM_CASH_WITHDRAWAL,105.27,4148.54,1f9367ac-01b0-4c82-83a1-4069d4340667
2022-12-24,2022,12,Q4,UPI,2471.85,36227.07,1f9367ac-01b0-4c82-83a1-4069d4340667
2022-12-25,2022,12,Q4,IMPS,126.54,8018.64,1f9367ac-01b0-4c82-83a1-4069d4340667
2022-12-25,2022,12,Q4,NFS_ATM_CASH_WITHDRAWAL,91.95,3207.56,1f9367ac-01b0-4c82-83a1-4069d4340667
2022-12-25,2022,12,Q4,UPI,2331.58,28116.81,1f9367ac-01b0-4c82-83a1-4069d4340667
2022-12-26,2022,12,Q4,IMPS,151.85,15484.28,1f9367ac-01b0-4c82-83a1-4069d4340667
2022-12-26,2022,12,Q4,NFS_ATM_CASH_WITHDRAWAL,96.71,3815.51,1f9367ac-01b0-4c82-83a1-4069d4340667
2022-12-26,2022,12,Q4,UPI,2430.6,39846.63,1f9367ac-01b0-4c82-83a1-4069d4340667
2022-12-27,2022,12,Q4,IMPS,155.34,15870.07,1f9367ac-01b0-4c82-83a1-4069d4340667
2022-12-27,2022,12,Q4,NFS_ATM_CASH_WITHDRAWAL,95.23,3753.01,1f9367ac-01b0-4c82-83a1-4069d4340667
2022-12-27,2022,12,Q4,UPI,2409.22,38765.65,1f9367ac-01b0-4c82-83a1-4069d4340667
2022-12-28,2022,12,Q4,IMPS,152.39,15836.36,1f9367ac-01b0-4c82-83a1-4069d4340667
2022-12-28,2022,12,Q4,NFS_ATM_CASH_WITHDRAWAL,97.48,3849.23,1f9367ac-01b0-4c82-83a1-4069d4340667
2022-12-28,2022,12,Q4,UPI,2405.09,38372.59,1f9367ac-01b0-4c82-83a1-4069d4340667
2022-12-29,2022,12,Q4,IMPS,149.9,16131.92,1f9367ac-01b0-4c82-83a1-4069d4340667
2022-12-29,2022,12,Q4,NFS_ATM_CASH_WITHDRAWAL,96.86,3860.15,1f9367ac-01b0-4c82-83a1-4069d4340667
2022-12-29,2022,12,Q4,UPI,2446.72,39919.76,1f9367ac-01b0-4c82-83a1-4069d4340667
2022-12-30,2022,12,Q4,IMPS,161.87,18731.21,1f9367ac-01b0-4c82-83a1-4069d4340667
2022-12-30,2022,12,Q4,NFS_ATM_CASH_WITHDRAWAL,107.6,4497.32,1f9367ac-01b0-4c82-83a1-4069d4340667
2022-12-30,2022,12,Q4,UPI,2553.91,44912.73,1f9367ac-01b0-4c82-83a1-4069d4340667
2022-12-31,2022,12,Q4,IMPS,168.45,18261.93,1f9367ac-01b0-4c82-83a1-4069d4340667
2022-12-31,2022,12,Q4,NFS_ATM_CASH_WITHDRAWAL,134.68,5590.32,1f9367ac-01b0-4c82-83a1-4069d4340667
2022-12-31,2022,12,Q4,UPI,2764.7,46424.52,1f9367ac-01b0-4c82-83a1-4069d4340667
2023-01-01,2023,1,Q1,IMPS,138.42,11098.21,1f9367ac-01b0-4c82-83a1-4069d4340667
2023-01-01,2023,1,Q1,NFS_ATM_CASH_WITHDRAWAL,105.35,3950.91,1f9367ac-01b0-4c82-83a1-4069d4340667
2023-01-01,2023,1,Q1,UPI,2577.99,35576.8,1f9367ac-01b0-4c82-83a1-4069d4340667
2023-01-02,2023,1,Q1,IMPS,173.69,19862.41,1f9367ac-01b0-4c82-83a1-4069d4340667
2023-01-02,2023,1,Q1,NFS_ATM_CASH_WITHDRAWAL,118.04,5301.06,1f9367ac-01b0-4c82-83a1-4069d4340667
2023-01-02,2023,1,Q1,UPI,2641.16,50488.22,1f9367ac-01b0-4c82-83a1-4069d4340667
2023-01-03,2023,1,Q1,IMPS,168.36,18786.8,1f9367ac-01b0-4c82-83a1-4069d4340667
2023-01-03,2023,1,Q1,NFS_ATM_CASH_WITHDRAWAL,114.98,5142.83,1f9367ac-01b0-4c82-83a1-4069d4340667
2023-01-03,2023,1,Q1,UPI,2616.09,47767.96,1f9367ac-01b0-4c82-83a1-4069d4340667
2023-01-04,2023,1,Q1,IMPS,173.58,19098.43,1f9367ac-01b0-4c82-83a1-4069d4340667
2023-01-04,2023,1,Q1,NFS_ATM_CASH_WITHDRAWAL,113.87,5030.44,1f9367ac-01b0-4c82-83a1-4069d4340667
2023-01-04,2023,1,Q1,UPI,2664.12,50171.67,1f9367ac-01b0-4c82-83a1-4069d4340667
2023-01-05,2023,1,Q1,IMPS,167.58,18526.18,1f9367ac-01b0-4c82-83a1-4069d4340667
2023-01-05,2023,1,Q1,NFS_ATM_CASH_WITHDRAWAL,112.43,4922.41,1f9367ac-01b0-4c82-83a1-4069d4340667
2023-01-05,2023,1,Q1,UPI,2680.05,48732.35,1f9367ac-01b0-4c82-83a1-4069d4340667
2023-01-06,2023,1,Q1,IMPS,164.75,17630.18,1f9367ac-01b0-4c82-83a1-4069d4340667
2023-01-06,2023,1,Q1,NFS_ATM_CASH_WITHDRAWAL,111.36,4806.66,1f9367ac-01b0-4c82-83a1-4069d4340667
2023-01-06,2023,1,Q1,UPI,2618.33,45665.71,1f9367ac-01b0-4c82-83a1-4069d4340667
2023-01-07,2023,1,Q1,IMPS,161.46,16488.74,1f9367ac-01b0-4c82-83a1-4069d4340667
2023-01-07,2023,1,Q1,NFS_ATM_CASH_WITHDRAWAL,120.54,5310.78,1f9367ac-01b0-4c82-83a1-4069d4340667
2023-01-07,2023,1,Q1,UPI,2721.27,46858.16,1f9367ac-01b0-4c82-83a1-4069d4340667
2023-01-08,2023,1,Q1,IMPS,135.9,9982.54,1f9367ac-01b0-4c82-83a1-4069d4340667
2023-01-08,2023,1,Q1,NFS_ATM_CASH_WITHDRAWAL,115.72,4674.12,1f9367ac-01b0-4c82-83a1-4069d4340667
2023-01-08,2023,1,Q1,UPI,2607.93,36760.43,1f9367ac-01b0-4c82-83a1-4069d4340667
2023-01-09,2023,1,Q1,IMPS,167.05,18361.43,1f9367ac-01b0-4c82-83a1-4069d4340667
2023-01-09,2023,1,Q1,NFS_ATM_CASH_WITHDRAWAL,117.38,5122.35,1f9367ac-01b0-4c82-83a1-4069d4340667
2023-01-09,2023,1,Q1,UPI,2683.52,50045.65,1f9367ac-01b0-4c82-83a1-4069d4340667
2023-01-10,2023,1,Q1,IMPS,166.45,17811.59,1f9367ac-01b0-4c82-83a1-4069d4340667
2023-01-10,2023,1,Q1,NFS_ATM_CASH_WITHDRAWAL,118.49,5199.34,1f9367ac-01b0-4c82-83a1-4069d4340667
2023-01-10,2023,1,Q1,UPI,2703.84,48440.96,1f9367ac-01b0-4c82-83a1-4069d4340667
2023-01-11,2023,1,Q1,IMPS,164.46,17037.57,1f9367ac-01b0-4c82-83a1-4069d4340667
2023-01-11,2023,1,Q1,NFS_ATM_CASH_WITHDRAWAL,118.37,5130.1,1f9367ac-01b0-4c82-83a1-4069d4340667
2023-01-11,2023,1,Q1,UPI,2703.8,46672.56,1f9367ac-01b0-4c82-83a1-4069d4340667
2023-01-12,2023,1,Q1,IMPS,159.87,16419.23,1f9367ac-01b0-4c82-83a1-4069d4340667
2023-01-12,2023,1,Q1,NFS_ATM_CASH_WITHDRAWAL,116.01,4969.38,1f9367ac-01b0-4c82-83a1-4069d4340667
2023-01-12,2023,1,Q1,UPI,2708.92,45229.12,1f9367ac-01b0-4c82-83a1-4069d4340667
2023-01-13,2023,1,Q1,IMPS,162.76,16337.78,1f9367ac-01b0-4c82-83a1-4069d4340667
2023-01-13,2023,1,Q1,NFS_ATM_CASH_WITHDRAWAL,122.23,5109.71,1f9367ac-01b0-4c82-83a1-4069d4340667
2023-01-13,2023,1,Q1,UPI,2732.44,43782.2,1f9367ac-01b0-4c82-83a1-4069d4340667
2023-01-14,2023,1,Q1,IMPS,153.32,12471.55,1f9367ac-01b0-4c82-83a1-4069d4340667
2023-01-14,2023,1,Q1,NFS_ATM_CASH_WITHDRAWAL,115.71,4702.44,1f9367ac-01b0-4c82-83a1-4069d4340667
2023-01-14,2023,1,Q1,UPI,2634.47,37799.6,1f9367ac-01b0-4c82-83a1-4069d4340667
2023-01-15,2023,1,Q1,IMPS,124.8,8443.29,1f9367ac-01b0-4c82-83a1-4069d4340667
2023-01-15,2023,1,Q1,NFS_ATM_CASH_WITHDRAWAL,95.83,3574.44,1f9367ac-01b0-4c82-83a1-4069d4340667
2023-01-15,2023,1,Q1,UPI,2420.19,30014.56,1f9367ac-01b0-4c82-83a1-4069d4340667
2023-01-16,2023,1,Q1,IMPS,147.55,14914.39,1f9367ac-01b0-4c82-83a1-4069d4340667
2023-01-16,2023,1,Q1,NFS_ATM_CASH_WITHDRAWAL,102.36,4135.72,1f9367ac-01b0-4c82-83a1-4069d4340667
2023-01-16,2023,1,Q1,UPI,2498.19,40226.62,1f9367ac-01b0-4c82-83a1-4069d4340667
2023-01-17,2023,1,Q1,IMPS,144.94,14581.54,1f9367ac-01b0-4c82-83a1-4069d4340667
2023-01-17,2023,1,Q1,NFS_ATM_CASH_WITHDRAWAL,102.07,4095.95,1f9367ac-01b0-4c82-83a1-4069d4340667
2023-01-17,2023,1,Q1,UPI,2490.53,39728.11,1f9367ac-01b0-4c82-83a1-4069d4340667
2023-01-18,2023,1,Q1,IMPS,147.55,15123.78,1f9367ac-01b0-4c82-83a1-4069d4340667
2023-01-18,2023,1,Q1,NFS_ATM_CASH_WITHDRAWAL,102.47,4151.01,1f9367ac-01b0-4c82-83a1-4069d4340667
2023-01-18,2023,1,Q1,UPI,2578.91,41137.76,1f9367ac-01b0-4c82-83a1-4069d4340667
2023-01-19,2023,1,Q1,IMPS,148.99,15398.52,1f9367ac-01b0-4c82-83a1-4069d4340667
2023-01-19,2023,1,Q1,NFS_ATM_CASH_WITHDRAWAL,99.76,4029.25,1f9367ac-01b0-4c82-83a1-4069d4340667
2023-01-19,2023,1,Q1,UPI,2545.27,40937.69,1f9367ac-01b0-4c82-83a1-4069d4340667
2023-01-20,2023,1,Q1,IMPS,151.38,15421.37,1f9367ac-01b0-4c82-83a1-4069d4340667
2023-01-20,2023,1,Q1,NFS_ATM_CASH_WITHDRAWAL,99.94,4028.5,1f9367ac-01b0-4c82-83a1-4069d4340667
2023-01-20,2023,1,Q1,UPI,2608.3,41418.89,1f9367ac-01b0-4c82-83a1-4069d4340667
2023-01-21,2023,1,Q1,IMPS,148.51,14399.57,1f9367ac-01b0-4c82-83a1-4069d4340667
2023-01-21,2023,1,Q1,NFS_ATM_CASH_WITHDRAWAL,103.08,4142.72,1f9367ac-01b0-4c82-83a1-4069d4340667
2023-01-21,2023,1,Q1,UPI,2647.35,39750.27,1f9367ac-01b0-4c82-83a1-4069d4340667
2023-01-22,2023,1,Q1,IMPS,134.99,9156.37,1f9367ac-01b0-4c82-83a1-4069d4340667
2023-01-22,2023,1,Q1,NFS_ATM_CASH_WITHDRAWAL,96.84,3507.21,1f9367ac-01b0-4c82-83a1-4069d4340667
2023-01-22,2023,1,Q1,UPI,2521.35,31046.89,1f9367ac-01b0-4c82-83a1-4069d4340667
2023-01-23,2023,1,Q1,IMPS,155.32,16219.36,1f9367ac-01b0-4c82-83a1-4069d4340667
2023-01-23,2023,1,Q1,NFS_ATM_CASH_WITHDRAWAL,99.63,3988.88,1f9367ac-01b0-4c82-83a1-4069d4340667
2023-01-23,2023,1,Q1,UPI,2562.8,41835.44,1f9367ac-01b0-4c82-83a1-4069d4340667
2023-01-24,2023,1,Q1,IMPS,153.86,15894.21,1f9367ac-01b0-4c82-83a1-4069d4340667
2023-01-24,2023,1,Q1,NFS_ATM_CASH_WITHDRAWAL,96.34,3864.32,1f9367ac-01b0-4c82-83a1-4069d4340667
2023-01-24,2023,1,Q1,UPI,2573.81,40626.95,1f9367ac-01b0-4c82-83a1-4069d4340667
2023-01-25,2023,1,Q1,IMPS,157.55,16843.32,1f9367ac-01b0-4c82-83a1-4069d4340667
2023-01-25,2023,1,Q1,NFS_ATM_CASH_WITHDRAWAL,105.88,4192.69,1f9367ac-01b0-4c82-83a1-4069d4340667
2023-01-25,2023,1,Q1,UPI,2624.85,42730.7,1f9367ac-01b0-4c82-83a1-4069d4340667
2023-01-26,2023,1,Q1,IMPS,130.78,10235.4,1f9367ac-01b0-4c82-83a1-4069d4340667
2023-01-26,2023,1,Q1,NFS_ATM_CASH_WITHDRAWAL,90.88,3314.81,1f9367ac-01b0-4c82-83a1-4069d4340667
2023-01-26,2023,1,Q1,UPI,2410.42,31062.8,1f9367ac-01b0-4c82-83a1-4069d4340667
2023-01-27,2023,1,Q1,IMPS,142.51,16230.83,1f9367ac-01b0-4c82-83a1-4069d4340667
2023-01-27,2023,1,Q1,NFS_ATM_CASH_WITHDRAWAL,96.43,3830.36,1f9367ac-01b0-4c82-83a1-4069d4340667
2023-01-27,2023,1,Q1,UPI,2528.8,40158.06,1f9367ac-01b0-4c82-83a1-4069d4340667
2023-01-28,2023,1,Q1,IMPS,143.46,13529.15,1f9367ac-01b0-4c82-83a1-4069d4340667
2023-01-28,2023,1,Q1,NFS_ATM_CASH_WITHDRAWAL,99.09,3979.31,1f9367ac-01b0-4c82-83a1-4069d4340667
2023-01-28,2023,1,Q1,UPI,2468.1,36651.22,1f9367ac-01b0-4c82-83a1-4069d4340667
2023-01-29,2023,1,Q1,IMPS,124.39,9109.13,1f9367ac-01b0-4c82-83a1-4069d4340667
2023-01-29,2023,1,Q1,NFS_ATM_CASH_WITHDRAWAL,89.24,3197.86,1f9367ac-01b0-4c82-83a1-4069d4340667
2023-01-29,2023,1,Q1,UPI,2425.11,29669.35,1f9367ac-01b0-4c82-83a1-4069d4340667
2023-01-30,2023,1,Q1,IMPS,157.51,18961.05,1f9367ac-01b0-4c82-83a1-4069d4340667
2023-01-30,2023,1,Q1,NFS_ATM_CASH_WITHDRAWAL,97.18,3969.09,1f9367ac-01b0-4c82-83a1-4069d4340667
2023-01-30,2023,1,Q1,UPI,2507.01,44557.68,1f9367ac-01b0-4c82-83a1-4069d4340667
2023-01-31,2023,1,Q1,IMPS,173.34,23117.55,1f9367ac-01b0-4c82-83a1-4069d4340667
2023-01-31,2023,1,Q1,NFS_ATM_CASH_WITHDRAWAL,111.21,4918.47,1f9367ac-01b0-4c82-83a1-4069d4340667
2023-01-31,2023,1,Q1,UPI,2680.96,53514.4,1f9367ac-01b0-4c82-83a1-4069d4340667
2023-02-01,2023,2,Q1,IMPS,186.95,23409.97,1f9367ac-01b0-4c82-83a1-4069d4340667
2023-02-01,2023,2,Q1,NFS_ATM_CASH_WITHDRAWAL,124.67,5795.36,1f9367ac-01b0-4c82-83a1-4069d4340667
2023-02-01,2023,2,Q1,UPI,2889.81,58075.13,1f9367ac-01b0-4c82-83a1-4069d4340667
2023-02-02,2023,2,Q1,IMPS,180.3,21152.53,1f9367ac-01b0-4c82-83a1-4069d4340667
2023-02-02,2023,2,Q1,NFS_ATM_CASH_WITHDRAWAL,121.71,5585.43,1f9367ac-01b0-4c82-83a1-4069d4340667
2023-02-02,2023,2,Q1,UPI,2804.49,53349.07,1f9367ac-01b0-4c82-83a1-4069d4340667
2023-02-03,2023,2,Q1,IMPS,169.13,19281.87,1f9367ac-01b0-4c82-83a1-4069d4340667
2023-02-03,2023,2,Q1,NFS_ATM_CASH_WITHDRAWAL,118.06,5245.76,1f9367ac-01b0-4c82-83a1-4069d4340667
2023-02-03,2023,2,Q1,UPI,2742.31,48928.42,1f9367ac-01b0-4c82-83a1-4069d4340667
2023-02-04,2023,2,Q1,IMPS,175.81,18618.85,1f9367ac-01b0-4c82-83a1-4069d4340667
2023-02-04,2023,2,Q1,NFS_ATM_CASH_WITHDRAWAL,125.69,5575.07,1f9367ac-01b0-4c82-83a1-4069d4340667
2023-02-04,2023,2,Q1,UPI,2835.93,50154.95,1f9367ac-01b0-4c82-83a1-4069d4340667
2023-02-05,2023,2,Q1,IMPS,152.0,12129.0,1f9367ac-01b0-4c82-83a1-4069d4340667
2023-02-05,2023,2,Q1,NFS_ATM_CASH_WITHDRAWAL,113.0,4575.7,1f9367ac-01b0-4c82-83a1-4069d4340667
2023-02-05,2023,2,Q1,UPI,2724.5,39708.7,1f9367ac-01b0-4c82-83a1-4069d4340667
2023-02-06,2023,2,Q1,IMPS,171.88,19665.54,1f9367ac-01b0-4c82-83a1-4069d4340667
2023-02-06,2023,2,Q1,NFS_ATM_CASH_WITHDRAWAL,118.94,5188.4,1f9367ac-01b0-4c82-83a1-4069d4340667
2023-02-06,2023,2,Q1,UPI,2721.49,49382.48,1f9367ac-01b0-4c82-83a1-4069d4340667
2023-02-07,2023,2,Q1,IMPS,170.91,19528.66,1f9367ac-01b0-4c82-83a1-4069d4340667
2023-02-07,2023,2,Q1,NFS_ATM_CASH_WITHDRAWAL,121.18,5367.17,1f9367ac-01b0-4c82-83a1-4069d4340667
2023-02-07,2023,2,Q1,UPI,2802.3,51094.93,1f9367ac-01b0-4c82-83a1-4069d4340667
2023-02-08,2023,2,Q1,IMPS,170.22,18691.19,1f9367ac-01b0-4c82-83a1-4069d4340667
2023-02-08,2023,2,Q1,NFS_ATM_CASH_WITHDRAWAL,127.49,5611.66,1f9367ac-01b0-4c82-83a1-4069d4340667
2023-02-08,2023,2,Q1,UPI,2687.85,46745.96,1f9367ac-01b0-4c82-83a1-4069d4340667
2023-02-09,2023,2,Q1,IMPS,164.86,17932.43,1f9367ac-01b0-4c82-83a1-4069d4340667
2023-02-09,2023,2,Q1,NFS_ATM_CASH_WITHDRAWAL,121.07,5271.65,1f9367ac-01b0-4c82-83a1-4069d4340667
2023-02-09,2023,2,Q1,UPI,2817.1,48838.54,1f9367ac-01b0-4c82-83a1-4069d4340667
2023-02-10,2023,2,Q1,IMPS,168.44,18009.81,1f9367ac-01b0-4c82-83a1-4069d4340667
2023-02-10,2023,2,Q1,NFS_ATM_CASH_WITHDRAWAL,124.87,5395.81,1f9367ac-01b0-4c82-83a1-4069d4340667
2023-02-10,2023,2,Q1,UPI,2705.28,45521.66,1f9367ac-01b0-4c82-83a1-4069d4340667
2023-02-11,2023,2,Q1,IMPS,161.14,14940.2,1f9367ac-01b0-4c82-83a1-4069d4340667
2023-02-11,2023,2,Q1,NFS_ATM_CASH_WITHDRAWAL,125.0,5384.09,1f9367ac-01b0-4c82-83a1-4069d4340667
2023-02-11,2023,2,Q1,UPI,2677.98,42389.83,1f9367ac-01b0-4c82-83a1-4069d4340667
2023-02-12,2023,2,Q1,IMPS,141.44,9870.95,1f9367ac-01b0-4c82-83a1-4069d4340667
2023-02-12,2023,2,Q1,NFS_ATM_CASH_WITHDRAWAL,109.79,4254.94,1f9367ac-01b0-4c82-83a1-4069d4340667
2023-02-12,2023,2,Q1,UPI,2637.52,33672.53,1f9367ac-01b0-4c82-83a1-4069d4340667
2023-02-13,2023,2,Q1,IMPS,166.65,18042.5,1f9367ac-01b0-4c82-83a1-4069d4340667
2023-02-13,2023,2,Q1,NFS_ATM_CASH_WITHDRAWAL,116.43,4939.32,1f9367ac-01b0-4c82-83a1-4069d4340667
2023-02-13,2023,2,Q1,UPI,2613.76,44763.87,1f9367ac-01b0-4c82-83a1-4069d4340667
2023-02-14,2023,2,Q1,IMPS,161.74,17292.52,1f9367ac-01b0-4c82-83a1-4069d4340667
2023-02-14,2023,2,Q1,NFS_ATM_CASH_WITHDRAWAL,113.89,4808.42,1f9367ac-01b0-4c82-83a1-4069d4340667
2023-02-14,2023,2,Q1,UPI,2738.56,46194.43,1f9367ac-01b0-4c82-83a1-4069d4340667
2023-02-15,2023,2,Q1,IMPS,164.18,17380.24,1f9367ac-01b0-4c82-83a1-4069d4340667
2023-02-15,2023,2,Q1,NFS_ATM_CASH_WITHDRAWAL,114.75,4823.37,1f9367ac-01b0-4c82-83a1-4069d4340667
2023-02-15,2023,2,Q1,UPI,2750.19,46219.11,1f9367ac-01b0-4c82-83a1-4069d4340667
2023-02-16,2023,2,Q1,IMPS,155.76,16306.76,1f9367ac-01b0-4c82-83a1-4069d4340667
2023-02-16,2023,2,Q1,NFS_ATM_CASH_WITHDRAWAL,108.98,4456.83,1f9367ac-01b0-4c82-83a1-4069d4340667
2023-02-16,2023,2,Q1,UPI,2530.37,40478.39,1f9367ac-01b0-4c82-83a1-4069d4340667
2023-02-17,2023,2,Q1,IMPS,155.27,15869.35,1f9367ac-01b0-4c82-83a1-4069d4340667
2023-02-17,2023,2,Q1,NFS_ATM_CASH_WITHDRAWAL,111.75,4452.49,1f9367ac-01b0-4c82-83a1-4069d4340667
2023-02-17,2023,2,Q1,UPI,2725.41,41977.12,1f9367ac-01b0-4c82-83a1-4069d4340667
2023-02-18,2023,2,Q1,IMPS,144.85,12527.5,1f9367ac-01b0-4c82-83a1-4069d4340667
2023-02-18,2023,2,Q1,NFS_ATM_CASH_WITHDRAWAL,105.44,4066.02,1f9367ac-01b0-4c82-83a1-4069d4340667
2023-02-18,2023,2,Q1,UPI,2604.78,35674.95,1f9367ac-01b0-4c82-83a1-4069d4340667
2023-02-19,2023,2,Q1,IMPS,136.85,9184.82,1f9367ac-01b0-4c82-83a1-4069d4340667
2023-02-19,2023,2,Q1,NFS_ATM_CASH_WITHDRAWAL,99.03,3620.96,1f9367ac-01b0-4c82-83a1-4069d4340667
2023-02-19,2023,2,Q1,UPI,2554.7,31261.7,1f9367ac-01b0-4c82-83a1-4069d4340667
2023-02-20,2023,2,Q1,IMPS,160.42,17513.71,1f9367ac-01b0-4c82-83a1-4069d4340667
2023-02-20,2023,2,Q1,NFS_ATM_CASH_WITHDRAWAL,107.9,4400.65,1f9367ac-01b0-4c82-83a1-4069d4340667
2023-02-20,2023,2,Q1,UPI,2693.0,45260.1,1f9367ac-01b0-4c82-83a1-4069d4340667
2023-02-21,2023,2,Q1,IMPS,154.02,16533.63,1f9367ac-01b0-4c82-83a1-4069d4340667
2023-02-21,2023,2,Q1,NFS_ATM_CASH_WITHDRAWAL,103.49,4171.71,1f9367ac-01b0-4c82-83a1-4069d4340667
2023-02-21,2023,2,Q1,UPI,2650.99,42897.62,1f9367ac-01b0-4c82-83a1-4069d4340667
2023-02-22,2023,2,Q1,IMPS,152.15,16122.46,1f9367ac-01b0-4c82-83a1-4069d4340667
2023-02-22,2023,2,Q1,NFS_ATM_CASH_WITHDRAWAL,103.93,4105.85,1f9367ac-01b0-4c82-83a1-4069d4340667
2023-02-22,2023,2,Q1,UPI,2604.64,41562.95,1f9367ac-01b0-4c82-83a1-4069d4340667
2023-02-23,2023,2,Q1,IMPS,147.79,15872.09,1f9367ac-01b0-4c82-83a1-4069d4340667
2023-02-23,2023,2,Q1,NFS_ATM_CASH_WITHDRAWAL,98.87,3898.06,1f9367ac-01b0-4c82-83a1-4069d4340667
2023-02-23,2023,2,Q1,UPI,2619.62,40906.88,1f9367ac-01b0-4c82-83a1-4069d4340667
2023-02-24,2023,2,Q1,IMPS,147.77,16341.45,1f9367ac-01b0-4c82-83a1-4069d4340667
2023-02-24,2023,2,Q1,NFS_ATM_CASH_WITHDRAWAL,99.75,3947.09,1f9367ac-01b0-4c82-83a1-4069d4340667
2023-02-24,2023,2,Q1,UPI,2619.64,40347.83,1f9367ac-01b0-4c82-83a1-4069d4340667
2023-02-25,2023,2,Q1,IMPS,146.51,14174.54,1f9367ac-01b0-4c82-83a1-4069d4340667
2023-02-25,2023,2,Q1,NFS_ATM_CASH_WITHDRAWAL,104.57,4221.29,1f9367ac-01b0-4c82-83a1-4069d4340667
2023-02-25,2023,2,Q1,UPI,2606.02,39270.42,1f9367ac-01b0-4c82-83a1-4069d4340667
2023-02-26,2023,2,Q1,IMPS,130.71,9288.81,1f9367ac-01b0-4c82-83a1-4069d4340667
2023-02-26,2023,2,Q1,NFS_ATM_CASH_WITHDRAWAL,97.18,3484.33,1f9367ac-01b0-4c82-83a1-4069d4340667
2023-02-26,2023,2,Q1,UPI,2535.51,30904.86,1f9367ac-01b0-4c82-83a1-4069d4340667
2023-02-27,2023,2,Q1,IMPS,161.42,19555.01,1f9367ac-01b0-4c82-83a1-4069d4340667
2023-02-27,2023,2,Q1,NFS_ATM_CASH_WITHDRAWAL,103.3,4201.33,1f9367ac-01b0-4c82-83a1-4069d4340667
2023-02-27,2023,2,Q1,UPI,2642.94,45348.53,1f9367ac-01b0-4c82-83a1-4069d4340667
2023-02-28,2023,2,Q1,IMPS,178.97,23410.74,1f9367ac-01b0-4c82-83a1-4069d4340667
2023-02-28,2023,2,Q1,NFS_ATM_CASH_WITHDRAWAL,117.9,5054.68,1f9367ac-01b0-4c82-83a1-4069d4340667
2023-02-28,2023,2,Q1,UPI,2810.88,54915.62,1f9367ac-01b0-4c82-83a1-4069d4340667
2023-03-01,2023,3,Q1,IMPS,189.92,24041.1,1f9367ac-01b0-4c82-83a1-4069d4340667
2023-03-01,2023,3,Q1,NFS_ATM_CASH_WITHDRAWAL,130.64,5983.94,1f9367ac-01b0-4c82-83a1-4069d4340667
2023-03-01,2023,3,Q1,UPI,3012.07,59817.25,1f9367ac-01b0-4c82-83a1-4069d4340667
2023-03-02,2023,3,Q1,IMPS,182.15,21818.8,1f9367ac-01b0-4c82-83a1-4069d4340667
2023-03-02,2023,3,Q1,NFS_ATM_CASH_WITHDRAWAL,128.58,5771.75,1f9367ac-01b0-4c82-83a1-4069d4340667
2023-03-02,2023,3,Q1,UPI,2813.58,53383.73,1f9367ac-01b0-4c82-83a1-4069d4340667
2023-03-03,2023,3,Q1,IMPS,176.78,20199.79,1f9367ac-01b0-4c82-83a1-4069d4340667
2023-03-03,2023,3,Q1,NFS_ATM_CASH_WITHDRAWAL,124.3,5532.59,1f9367ac-01b0-4c82-83a1-4069d4340667
2023-03-03,2023,3,Q1,UPI,2941.07,52497.8,1f9367ac-01b0-4c82-83a1-4069d4340667
2023-03-04,2023,3,Q1,IMPS,176.61,19895.15,1f9367ac-01b0-4c82-83a1-4069d4340667
2023-03-04,2023,3,Q1,NFS_ATM_CASH_WITHDRAWAL,129.73,5845.92,1f9367ac-01b0-4c82-83a1-4069d4340667
2023-03-04,2023,3,Q1,UPI,2985.36,53722.03,1f9367ac-01b0-4c82-83a1-4069d4340667
2023-03-05,2023,3,Q1,IMPS,162.76,13380.69,1f9367ac-01b0-4c82-83a1-4069d4340667
2023-03-05,2023,3,Q1,NFS_ATM_CASH_WITHDRAWAL,121.72,5031.62,1f9367ac-01b0-4c82-83a1-4069d4340667
2023-03-05,2023,3,Q1,UPI,2870.1,42705.74,1f9367ac-01b0-4c82-83a1-4069d4340667
2023-03-06,2023,3,Q1,IMPS,186.25,21802.15,1f9367ac-01b0-4c82-83a1-4069d4340667
2023-03-06,2023,3,Q1,NFS_ATM_CASH_WITHDRAWAL,131.97,5854.58,1f9367ac-01b0-4c82-83a1-4069d4340667
2023-03-06,2023,3,Q1,UPI,2976.54,55488.96,1f9367ac-01b0-4c82-83a1-4069d4340667
2023-03-07,2023,3,Q1,IMPS,160.93,16157.47,1f9367ac-01b0-4c82-83a1-4069d4340667
2023-03-07,2023,3,Q1,NFS_ATM_CASH_WITHDRAWAL,125.35,5240.9,1f9367ac-01b0-4c82-83a1-4069d4340667
2023-03-07,2023,3,Q1,UPI,2781.85,43805.38,1f9367ac-01b0-4c82-83a1-4069d4340667
2023-03-08,2023,3,Q1,IMPS,136.82,13561.39,1f9367ac-01b0-4c82-83a1-4069d4340667
2023-03-08,2023,3,Q1,NFS_ATM_CASH_WITHDRAWAL,96.7,3953.64,1f9367ac-01b0-4c82-83a1-4069d4340667
2023-03-08,2023,3,Q1,UPI,2605.6,38788.84,1f9367ac-01b0-4c82-83a1-4069d4340667
2023-03-09,2023,3,Q1,IMPS,163.65,18196.89,1f9367ac-01b0-4c82-83a1-4069d4340667
2023-03-09,2023,3,Q1,NFS_ATM_CASH_WITHDRAWAL,122.02,5236.79,1f9367ac-01b0-4c82-83a1-4069d4340667
2023-03-09,2023,3,Q1,UPI,2730.11,45891.88,1f9367ac-01b0-4c82-83a1-4069d4340667
2023-03-10,2023,3,Q1,IMPS,168.52,19379.62,1f9367ac-01b0-4c82-83a1-4069d4340667
2023-03-10,2023,3,Q1,NFS_ATM_CASH_WITHDRAWAL,124.73,5454.01,1f9367ac-01b0-4c82-83a1-4069d4340667
2023-03-10,2023,3,Q1,UPI,2912.25,51625.61,1f9367ac-01b0-4c82-83a1-4069d4340667
2023-03-11,2023,3,Q1,IMPS,162.28,15753.24,1f9367ac-01b0-4c82-83a1-4069d4340667
2023-03-11,2023,3,Q1,NFS_ATM_CASH_WITHDRAWAL,120.84,5221.01,1f9367ac-01b0-4c82-83a1-4069d4340667
2023-03-11,2023,3,Q1,UPI,2822.42,44702.23,1f9367ac-01b0-4c82-83a1-4069d4340667
2023-03-12,2023,3,Q1,IMPS,143.87,10515.13,1f9367ac-01b0-4c82-83a1-4069d4340667
2023-03-12,2023,3,Q1,NFS_ATM_CASH_WITHDRAWAL,104.93,4077.72,1f9367ac-01b0-4c82-83a1-4069d4340667
2023-03-12,2023,3,Q1,UPI,2721.17,35015.26,1f9367ac-01b0-4c82-83a1-4069d4340667
2023-03-13,2023,3,Q1,IMPS,169.42,19457.71,1f9367ac-01b0-4c82-83a1-4069d4340667
2023-03-13,2023,3,Q1,NFS_ATM_CASH_WITHDRAWAL,114.68,4908.48,1f9367ac-01b0-4c82-83a1-4069d4340667
2023-03-13,2023,3,Q1,UPI,2842.08,49324.67,1f9367ac-01b0-4c82-83a1-4069d4340667
2023-03-14,2023,3,Q1,IMPS,162.92,18804.54,1f9367ac-01b0-4c82-83a1-4069d4340667
2023-03-14,2023,3,Q1,NFS_ATM_CASH_WITHDRAWAL,111.63,4747.06,1f9367ac-01b0-4c82-83a1-4069d4340667
2023-03-14,2023,3,Q1,UPI,2851.91,48479.42,1f9367ac-01b0-4c82-83a1-4069d4340667
2023-03-15,2023,3,Q1,IMPS,161.71,18768.77,1f9367ac-01b0-4c82-83a1-4069d4340667
2023-03-15,2023,3,Q1,NFS_ATM_CASH_WITHDRAWAL,111.18,4715.09,1f9367ac-01b0-4c82-83a1-4069d4340667
2023-03-15,2023,3,Q1,UPI,2853.73,48315.2,1f9367ac-01b0-4c82-83a1-4069d4340667
2023-03-16,2023,3,Q1,IMPS,157.7,17506.42,1f9367ac-01b0-4c82-83a1-4069d4340667
2023-03-16,2023,3,Q1,NFS_ATM_CASH_WITHDRAWAL,104.57,4374.04,1f9367ac-01b0-4c82-83a1-4069d4340667
2023-03-16,2023,3,Q1,UPI,2798.96,45720.01,1f9367ac-01b0-4c82-83a1-4069d4340667
2023-03-17,2023,3,Q1,IMPS,156.22,16453.28,1f9367ac-01b0-4c82-83a1-4069d4340667
2023-03-17,2023,3,Q1,NFS_ATM_CASH_WITHDRAWAL,101.87,4172.82,1f9367ac-01b0-4c82-83a1-4069d4340667
2023-03-17,2023,3,Q1,UPI,2737.56,41896.47,1f9367ac-01b0-4c82-83a1-4069d4340667
2023-03-18,2023,3,Q1,IMPS,149.47,15250.9,1f9367ac-01b0-4c82-83a1-4069d4340667
2023-03-18,2023,3,Q1,NFS_ATM_CASH_WITHDRAWAL,103.48,4262.54,1f9367ac-01b0-4c82-83a1-4069d4340667
2023-03-18,2023,3,Q1,UPI,2757.13,41909.31,1f9367ac-01b0-4c82-83a1-4069d4340667
2023-03-19,2023,3,Q1,IMPS,139.49,9690.82,1f9367ac-01b0-4c82-83a1-4069d4340667
2023-03-19,2023,3,Q1,NFS_ATM_CASH_WITHDRAWAL,99.0,3670.84,1f9367ac-01b0-4c82-83a1-4069d4340667
2023-03-19,2023,3,Q1,UPI,2676.22,33235.82,1f9367ac-01b0-4c82-83a1-4069d4340667
2023-03-20,2023,3,Q1,IMPS,158.57,18020.39,1f9367ac-01b0-4c82-83a1-4069d4340667
2023-03-20,2023,3,Q1,NFS_ATM_CASH_WITHDRAWAL,105.52,4352.35,1f9367ac-01b0-4c82-83a1-4069d4340667
2023-03-20,2023,3,Q1,UPI,2764.64,46652.05,1f9367ac-01b0-4c82-83a1-4069d4340667
2023-03-21,2023,3,Q1,IMPS,162.13,17562.6,1f9367ac-01b0-4c82-83a1-4069d4340667
2023-03-21,2023,3,Q1,NFS_ATM_CASH_WITHDRAWAL,106.93,4308.31,1f9367ac-01b0-4c82-83a1-4069d4340667
2023-03-21,2023,3,Q1,UPI,2829.32,44602.04,1f9367ac-01b0-4c82-83a1-4069d4340667
2023-03-22,2023,3,Q1,IMPS,154.25,14932.79,1f9367ac-01b0-4c82-83a1-4069d4340667
2023-03-22,2023,3,Q1,NFS_ATM_CASH_WITHDRAWAL,100.11,3973.34,1f9367ac-01b0-4c82-83a1-4069d4340667
2023-03-22,2023,3,Q1,UPI,2732.58,39965.47,1f9367ac-01b0-4c82-83a1-4069d4340667
2023-03-23,2023,3,Q1,IMPS,153.08,17244.62,1f9367ac-01b0-4c82-83a1-4069d4340667
2023-03-23,2023,3,Q1,NFS_ATM_CASH_WITHDRAWAL,99.53,4025.51,1f9367ac-01b0-4c82-83a1-4069d4340667
2023-03-23,2023,3,Q1,UPI,2715.52,42864.52,1f9367ac-01b0-4c82-83a1-4069d4340667
2023-03-24,2023,3,Q1,IMPS,154.89,17685.09,1f9367ac-01b0-4c82-83a1-4069d4340667
2023-03-24,2023,3,Q1,NFS_ATM_CASH_WITHDRAWAL,97.91,3952.95,1f9367ac-01b0-4c82-83a1-4069d4340667
2023-03-24,2023,3,Q1,UPI,2711.94,42625.03,1f9367ac-01b0-4c82-83a1-4069d4340667
2023-03-25,2023,3,Q1,IMPS,154.0,15154.64,1f9367ac-01b0-4c82-83a1-4069d4340667
2023-03-25,2023,3,Q1,NFS_ATM_CASH_WITHDRAWAL,102.71,4212.73,1f9367ac-01b0-4c82-83a1-4069d4340667
2023-03-25,2023,3,Q1,UPI,2745.58,41335.82,1f9367ac-01b0-4c82-83a1-4069d4340667
2023-03-26,2023,3,Q1,IMPS,133.02,9973.87,1f9367ac-01b0-4c82-83a1-4069d4340667
2023-03-26,2023,3,Q1,NFS_ATM_CASH_WITHDRAWAL,94.64,3460.08,1f9367ac-01b0-4c82-83a1-4069d4340667
2023-03-26,2023,3,Q1,UPI,2695.47,32424.0,1f9367ac-01b0-4c82-83a1-4069d4340667
2023-03-27,2023,3,Q1,IMPS,159.8,19616.31,1f9367ac-01b0-4c82-83a1-4069d4340667
2023-03-27,2023,3,Q1,NFS_ATM_CASH_WITHDRAWAL,101.99,4192.63,1f9367ac-01b0-4c82-83a1-4069d4340667
2023-03-27,2023,3,Q1,UPI,2755.29,45897.16,1f9367ac-01b0-4c82-83a1-4069d4340667
2023-03-28,2023,3,Q1,IMPS,157.34,19761.42,1f9367ac-01b0-4c82-83a1-4069d4340667
2023-03-28,2023,3,Q1,NFS_ATM_CASH_WITHDRAWAL,101.08,4149.6,1f9367ac-01b0-4c82-83a1-4069d4340667
2023-03-28,2023,3,Q1,UPI,2759.07,45057.3,1f9367ac-01b0-4c82-83a1-4069d4340667
2023-03-29,2023,3,Q1,IMPS,158.28,20399.72,1f9367ac-01b0-4c82-83a1-4069d4340667
2023-03-29,2023,3,Q1,NFS_ATM_CASH_WITHDRAWAL,102.59,4211.03,1f9367ac-01b0-4c82-83a1-4069d4340667
2023-03-29,2023,3,Q1,UPI,2783.0,45843.3,1f9367ac-01b0-4c82-83a1-4069d4340667
2023-03-30,2023,3,Q1,IMPS,148.98,18546.55,1f9367ac-01b0-4c82-83a1-4069d4340667
2023-03-30,2023,3,Q1,NFS_ATM_CASH_WITHDRAWAL,95.3,3887.43,1f9367ac-01b0-4c82-83a1-4069d4340667
2023-03-30,2023,3,Q1,UPI,2655.43,42465.52,1f9367ac-01b0-4c82-83a1-4069d4340667
2023-03-31,2023,3,Q1,IMPS,168.75,26702.79,1f9367ac-01b0-4c82-83a1-4069d4340667
2023-03-31,2023,3,Q1,NFS_ATM_CASH_WITHDRAWAL,109.77,4702.42,1f9367ac-01b0-4c82-83a1-4069d4340667
2023-03-31,2023,3,Q1,UPI,2678.79,48892.77,1f9367ac-01b0-4c82-83a1-4069d4340667
2023-04-01,2023,4,Q2,IMPS,179.89,20763.12,1f9367ac-01b0-4c82-83a1-4069d4340667
2023-04-01,2023,4,Q2,NFS_ATM_CASH_WITHDRAWAL,119.31,5179.98,1f9367ac-01b0-4c82-83a1-4069d4340667
2023-04-01,2023,4,Q2,UPI,3096.22,51067.88,1f9367ac-01b0-4c82-83a1-4069d4340667
2023-04-02,2023,4,Q2,IMPS,172.3,16419.76,1f9367ac-01b0-4c82-83a1-4069d4340667
2023-04-02,2023,4,Q2,NFS_ATM_CASH_WITHDRAWAL,113.79,4617.06,1f9367ac-01b0-4c82-83a1-4069d4340667
2023-04-02,2023,4,Q2,UPI,2705.9,40107.32,1f9367ac-01b0-4c82-83a1-4069d4340667
2023-04-03,2023,4,Q2,IMPS,188.8,23105.94,1f9367ac-01b0-4c82-83a1-4069d4340667
2023-04-03,2023,4,Q2,NFS_ATM_CASH_WITHDRAWAL,133.03,6264.17,1f9367ac-01b0-4c82-83a1-4069d4340667
2023-04-03,2023,4,Q2,UPI,2912.34,67174.84,1f9367ac-01b0-4c82-83a1-4069d4340667
2023-04-04,2023,4,Q2,IMPS,183.46,21385.65,1f9367ac-01b0-4c82-83a1-4069d4340667
2023-04-04,2023,4,Q2,NFS_ATM_CASH_WITHDRAWAL,126.2,5952.36,1f9367ac-01b0-4c82-83a1-4069d4340667
2023-04-04,2023,4,Q2,UPI,3026.28,55131.41,1f9367ac-01b0-4c82-83a1-4069d4340667
2023-04-05,2023,4,Q2,IMPS,184.46,22348.95,1f9367ac-01b0-4c82-83a1-4069d4340667
2023-04-05,2023,4,Q2,NFS_ATM_CASH_WITHDRAWAL,127.51,5899.21,1f9367ac-01b0-4c82-83a1-4069d4340667
2023-04-05,2023,4,Q2,UPI,3055.58,55523.66,1f9367ac-01b0-4c82-83a1-4069d4340667
2023-04-06,2023,4,Q2,IMPS,174.9,20768.78,1f9367ac-01b0-4c82-83a1-4069d4340667
2023-04-06,2023,4,Q2,NFS_ATM_CASH_WITHDRAWAL,125.15,5737.43,1f9367ac-01b0-4c82-83a1-4069d4340667
2023-04-06,2023,4,Q2,UPI,3003.71,53108.05,1f9367ac-01b0-4c82-83a1-4069d4340667
2023-04-07,2023,4,Q2,IMPS,167.16,17271.79,1f9367ac-01b0-4c82-83a1-4069d4340667
2023-04-07,2023,4,Q2,NFS_ATM_CASH_WITHDRAWAL,121.8,5533.38,1f9367ac-01b0-4c82-83a1-4069d4340667
2023-04-07,2023,4,Q2,UPI,2996.84,49096.83,1f9367ac-01b0-4c82-83a1-4069d4340667
2023-04-08,2023,4,Q2,IMPS,164.09,15495.1,1f9367ac-01b0-4c82-83a1-4069d4340667
2023-04-08,2023,4,Q2,NFS_ATM_CASH_WITHDRAWAL,120.29,5375.1,1f9367ac-01b0-4c82-83a1-4069d4340667
2023-04-08,2023,4,Q2,UPI,3059.59,45972.66,1f9367ac-01b0-4c82-83a1-4069d4340667
2023-04-09,2023,4,Q2,IMPS,155.95,11521.73,1f9367ac-01b0-4c82-83a1-4069d4340667
2023-04-09,2023,4,Q2,NFS_ATM_CASH_WITHDRAWAL,105.65,4304.49,1f9367ac-01b0-4c82-83a1-4069d4340667
2023-04-09,2023,4,Q2,UPI,2961.09,38971.53,1f9367ac-01b0-4c82-83a1-4069d4340667
2023-04-10,2023,4,Q2,IMPS,185.26,21602.86,1f9367ac-01b0-4c82-83a1-4069d4340667
2023-04-10,2023,4,Q2,NFS_ATM_CASH_WITHDRAWAL,124.97,5715.76,1f9367ac-01b0-4c82-83a1-4069d4340667
2023-04-10,2023,4,Q2,UPI,3066.42,57032.84,1f9367ac-01b0-4c82-83a1-4069d4340667
2023-04-11,2023,4,Q2,IMPS,181.35,20290.0,1f9367ac-01b0-4c82-83a1-4069d4340667
2023-04-11,2023,4,Q2,NFS_ATM_CASH_WITHDRAWAL,125.42,5686.04,1f9367ac-01b0-4c82-83a1-4069d4340667
2023-04-11,2023,4,Q2,UPI,2934.13,51142.19,1f9367ac-01b0-4c82-83a1-4069d4340667
2023-04-12,2023,4,Q2,IMPS,175.71,18993.11,1f9367ac-01b0-4c82-83a1-4069d4340667
2023-04-12,2023,4,Q2,NFS_ATM_CASH_WITHDRAWAL,122.48,5448.58,1f9367ac-01b0-4c82-83a1-4069d4340667
2023-04-12,2023,4,Q2,UPI,3173.5,52628.2,1f9367ac-01b0-4c82-83a1-4069d4340667
2023-04-13,2023,4,Q2,IMPS,169.75,18284.47,1f9367ac-01b0-4c82-83a1-4069d4340667
2023-04-13,2023,4,Q2,NFS_ATM_CASH_WITHDRAWAL,119.02,5168.19,1f9367ac-01b0-4c82-83a1-4069d4340667
2023-04-13,2023,4,Q2,UPI,3025.41,48837.58,1f9367ac-01b0-4c82-83a1-4069d4340667
2023-04-14,2023,4,Q2,IMPS,155.99,14177.82,1f9367ac-01b0-4c82-83a1-4069d4340667
2023-04-14,2023,4,Q2,NFS_ATM_CASH_WITHDRAWAL,108.87,4500.16,1f9367ac-01b0-4c82-83a1-4069d4340667
2023-04-14,2023,4,Q2,UPI,2921.59,41334.68,1f9367ac-01b0-4c82-83a1-4069d4340667
2023-04-15,2023,4,Q2,IMPS,154.08,15808.96,1f9367ac-01b0-4c82-83a1-4069d4340667
2023-04-15,2023,4,Q2,NFS_ATM_CASH_WITHDRAWAL,111.24,4756.63,1f9367ac-01b0-4c82-83a1-4069d4340667
2023-04-15,2023,4,Q2,UPI,3036.99,45867.37,1f9367ac-01b0-4c82-83a1-4069d4340667
2023-04-16,2023,4,Q2,IMPS,144.24,10060.41,1f9367ac-01b0-4c82-83a1-4069d4340667
2023-04-16,2023,4,Q2,NFS_ATM_CASH_WITHDRAWAL,102.13,3971.58,1f9367ac-01b0-4c82-83a1-4069d4340667
2023-04-16,2023,4,Q2,UPI,2902.9,35944.36,1f9367ac-01b0-4c82-83a1-4069d4340667
2023-04-17,2023,4,Q2,IMPS,167.91,18625.85,1f9367ac-01b0-4c82-83a1-4069d4340667
2023-04-17,2023,4,Q2,NFS_ATM_CASH_WITHDRAWAL,108.87,4634.45,1f9367ac-01b0-4c82-83a1-4069d4340667
2023-04-17,2023,4,Q2,UPI,2920.98,48059.75,1f9367ac-01b0-4c82-83a1-4069d4340667
2023-04-18,2023,4,Q2,IMPS,163.6,17572.52,1f9367ac-01b0-4c82-83a1-4069d4340667
2023-04-18,2023,4,Q2,NFS_ATM_CASH_WITHDRAWAL,104.14,4403.96,1f9367ac-01b0-4c82-83a1-4069d4340667
2023-04-18,2023,4,Q2,UPI,2895.77,45994.08,1f9367ac-01b0-4c82-83a1-4069d4340667
2023-04-19,2023,4,Q2,IMPS,163.59,17663.28,1f9367ac-01b0-4c82-83a1-4069d4340667
2023-04-19,2023,4,Q2,NFS_ATM_CASH_WITHDRAWAL,105.12,4423.05,1f9367ac-01b0-4c82-83a1-4069d4340667
2023-04-19,2023,4,Q2,UPI,2951.65,46337.61,1f9367ac-01b0-4c82-83a1-4069d4340667
2023-04-20,2023,4,Q2,IMPS,166.8,17860.69,1f9367ac-01b0-4c82-83a1-4069d4340667
2023-04-20,2023,4,Q2,NFS_ATM_CASH_WITHDRAWAL,106.28,4486.54,1f9367ac-01b0-4c82-83a1-4069d4340667
2023-04-20,2023,4,Q2,UPI,3015.45,47613.07,1f9367ac-01b0-4c82-83a1-4069d4340667
2023-04-21,2023,4,Q2,IMPS,170.03,17016.11,1f9367ac-01b0-4c82-83a1-4069d4340667
2023-04-21,2023,4,Q2,NFS_ATM_CASH_WITHDRAWAL,115.0,4760.25,1f9367ac-01b0-4c82-83a1-4069d4340667
2023-04-21,2023,4,Q2,UPI,3024.7,46341.28,1f9367ac-01b0-4c82-83a1-4069d4340667
2023-04-22,2023,4,Q2,IMPS,142.31,12304.17,1f9367ac-01b0-4c82-83a1-4069d4340667
2023-04-22,2023,4,Q2,NFS_ATM_CASH_WITHDRAWAL,99.31,3918.05,1f9367ac-01b0-4c82-83a1-4069d4340667
2023-04-22,2023,4,Q2,UPI,2814.93,37244.28,1f9367ac-01b0-4c82-83a1-4069d4340667
2023-04-23,2023,4,Q2,IMPS,132.65,8922.95,1f9367ac-01b0-4c82-83a1-4069d4340667
2023-04-23,2023,4,Q2,NFS_ATM_CASH_WITHDRAWAL,93.36,3413.63,1f9367ac-01b0-4c82-83a1-4069d4340667
2023-04-23,2023,4,Q2,UPI,2770.55,32251.65,1f9367ac-01b0-4c82-83a1-4069d4340667
2023-04-24,2023,4,Q2,IMPS,154.34,17287.59,1f9367ac-01b0-4c82-83a1-4069d4340667
2023-04-24,2023,4,Q2,NFS_ATM_CASH_WITHDRAWAL,99.56,4062.45,1f9367ac-01b0-4c82-83a1-4069d4340667
2023-04-24,2023,4,Q2,UPI,2819.19,44918.84,1f9367ac-01b0-4c82-83a1-4069d4340667
2023-04-25,2023,4,Q2,IMPS,153.47,17126.66,1f9367ac-01b0-4c82-83a1-4069d4340667
2023-04-25,2023,4,Q2,NFS_ATM_CASH_WITHDRAWAL,98.1,4017.74,1f9367ac-01b0-4c82-83a1-4069d4340667
2023-04-25,2023,4,Q2,UPI,2811.87,44390.27,1f9367ac-01b0-4c82-83a1-4069d4340667
2023-04-26,2023,4,Q2,IMPS,161.81,17698.79,1f9367ac-01b0-4c82-83a1-4069d4340667
2023-04-26,2023,4,Q2,NFS_ATM_CASH_WITHDRAWAL,99.75,4082.62,1f9367ac-01b0-4c82-83a1-4069d4340667
2023-04-26,2023,4,Q2,UPI,2860.46,44656.69,1f9367ac-01b0-4c82-83a1-4069d4340667
2023-04-27,2023,4,Q2,IMPS,155.81,17252.85,1f9367ac-01b0-4c82-83a1-4069d4340667
2023-04-27,2023,4,Q2,NFS_ATM_CASH_WITHDRAWAL,95.76,3913.05,1f9367ac-01b0-4c82-83a1-4069d4340667
2023-04-27,2023,4,Q2,UPI,2865.14,44563.42,1f9367ac-01b0-4c82-83a1-4069d4340667
2023-04-28,2023,4,Q2,IMPS,165.94,19757.67,1f9367ac-01b0-4c82-83a1-4069d4340667
2023-04-28,2023,4,Q2,NFS_ATM_CASH_WITHDRAWAL,104.91,4432.46,1f9367ac-01b0-4c82-83a1-4069d4340667
2023-04-28,2023,4,Q2,UPI,2940.58,48699.12,1f9367ac-01b0-4c82-83a1-4069d4340667
2023-04-29,2023,4,Q2,IMPS,168.35,20035.13,1f9367ac-01b0-4c82-83a1-4069d4340667
2023-04-29,2023,4,Q2,NFS_ATM_CASH_WITHDRAWAL,115.57,5110.47,1f9367ac-01b0-4c82-83a1-4069d4340667
2023-04-29,2023,4,Q2,UPI,3098.5,52690.23,1f9367ac-01b0-4c82-83a1-4069d4340667
2023-04-30,2023,4,Q2,IMPS,153.93,13627.55,1f9367ac-01b0-4c82-83a1-4069d4340667
2023-04-30,2023,4,Q2,NFS_ATM_CASH_WITHDRAWAL,106.72,4366.44,1f9367ac-01b0-4c82-83a1-4069d4340667
2023-04-30,2023,4,Q2,UPI,2964.34,42803.02,1f9367ac-01b0-4c82-83a1-4069d4340667
2023-05-01,2023,5,Q2,IMPS,180.81,19587.47,1f9367ac-01b0-4c82-83a1-4069d4340667
2023-05-01,2023,5,Q2,NFS_ATM_CASH_WITHDRAWAL,116.13,5239.4,1f9367ac-01b0-4c82-83a1-4069d4340667
2023-05-01,2023,5,Q2,UPI,3105.69,56109.02,1f9367ac-01b0-4c82-83a1-4069d4340667
2023-05-02,2023,5,Q2,IMPS,179.23,21888.99,1f9367ac-01b0-4c82-83a1-4069d4340667
2023-05-02,2023,5,Q2,NFS_ATM_CASH_WITHDRAWAL,119.37,5526.56,1f9367ac-01b0-4c82-83a1-4069d4340667
2023-05-02,2023,5,Q2,UPI,3096.52,57673.1,1f9367ac-01b0-4c82-83a1-4069d4340667
2023-05-03,2023,5,Q2,IMPS,169.28,20336.77,1f9367ac-01b0-4c82-83a1-4069d4340667
2023-05-03,2023,5,Q2,NFS_ATM_CASH_WITHDRAWAL,115.37,5245.24,1f9367ac-01b0-4c82-83a1-4069d4340667
2023-05-03,2023,5,Q2,UPI,3091.21,54740.39,1f9367ac-01b0-4c82-83a1-4069d4340667
2023-05-04,2023,5,Q2,IMPS,177.3,20595.47,1f9367ac-01b0-4c82-83a1-4069d4340667
2023-05-04,2023,5,Q2,NFS_ATM_CASH_WITHDRAWAL,113.88,5093.56,1f9367ac-01b0-4c82-83a1-4069d4340667
2023-05-04,2023,5,Q2,UPI,3027.83,55434.84,1f9367ac-01b0-4c82-83a1-4069d4340667
2023-05-05,2023,5,Q2,IMPS,172.14,18794.6,1f9367ac-01b0-4c82-83a1-4069d4340667
2023-05-05,2023,5,Q2,NFS_ATM_CASH_WITHDRAWAL,113.31,5021.43,1f9367ac-01b0-4c82-83a1-4069d4340667
2023-05-05,2023,5,Q2,UPI,3127.48,53729.76,1f9367ac-01b0-4c82-83a1-4069d4340667
2023-05-06,2023,5,Q2,IMPS,169.53,18309.26,1f9367ac-01b0-4c82-83a1-4069d4340667
2023-05-06,2023,5,Q2,NFS_ATM_CASH_WITHDRAWAL,118.94,5351.84,1f9367ac-01b0-4c82-83a1-4069d4340667
2023-05-06,2023,5,Q2,UPI,3196.78,53437.16,1f9367ac-01b0-4c82-83a1-4069d4340667
2023-05-07,2023,5,Q2,IMPS,154.43,12096.61,1f9367ac-01b0-4c82-83a1-4069d4340667
2023-05-07,2023,5,Q2,NFS_ATM_CASH_WITHDRAWAL,112.19,4604.36,1f9367ac-01b0-4c82-83a1-4069d4340667
2023-05-07,2023,5,Q2,UPI,3094.33,41902.53,1f9367ac-01b0-4c82-83a1-4069d4340667
2023-05-08,2023,5,Q2,IMPS,177.03,20159.15,1f9367ac-01b0-4c82-83a1-4069d4340667
2023-05-08,2023,5,Q2,NFS_ATM_CASH_WITHDRAWAL,118.63,5315.06,1f9367ac-01b0-4c82-83a1-4069d4340667
2023-05-08,2023,5,Q2,UPI,3103.63,54789.08,1f9367ac-01b0-4c82-83a1-4069d4340667
2023-05-09,2023,5,Q2,IMPS,172.67,19425.21,1f9367ac-01b0-4c82-83a1-4069d4340667
2023-05-09,2023,5,Q2,NFS_ATM_CASH_WITHDRAWAL,117.56,5217.39,1f9367ac-01b0-4c82-83a1-4069d4340667
2023-05-09,2023,5,Q2,UPI,3119.73,53279.57,1f9367ac-01b0-4c82-83a1-4069d4340667
2023-05-10,2023,5,Q2,IMPS,173.21,19009.25,1f9367ac-01b0-4c82-83a1-4069d4340667
2023-05-10,2023,5,Q2,NFS_ATM_CASH_WITHDRAWAL,119.49,5269.45,1f9367ac-01b0-4c82-83a1-4069d4340667
2023-05-10,2023,5,Q2,UPI,3132.76,52894.17,1f9367ac-01b0-4c82-83a1-4069d4340667
2023-05-11,2023,5,Q2,IMPS,164.8,17664.72,1f9367ac-01b0-4c82-83a1-4069d4340667
2023-05-11,2023,5,Q2,NFS_ATM_CASH_WITHDRAWAL,112.74,4910.19,1f9367ac-01b0-4c82-83a1-4069d4340667
2023-05-11,2023,5,Q2,UPI,3085.46,50019.11,1f9367ac-01b0-4c82-83a1-4069d4340667
2023-05-12,2023,5,Q2,IMPS,163.78,17439.82,1f9367ac-01b0-4c82-83a1-4069d4340667
2023-05-12,2023,5,Q2,NFS_ATM_CASH_WITHDRAWAL,112.57,4841.2,1f9367ac-01b0-4c82-83a1-4069d4340667
2023-05-12,2023,5,Q2,UPI,3093.81,48240.66,1f9367ac-01b0-4c82-83a1-4069d4340667
2023-05-13,2023,5,Q2,IMPS,160.14,14681.78,1f9367ac-01b0-4c82-83a1-4069d4340667
2023-05-13,2023,5,Q2,NFS_ATM_CASH_WITHDRAWAL,110.62,4736.46,1f9367ac-01b0-4c82-83a1-4069d4340667
2023-05-13,2023,5,Q2,UPI,3095.49,44730.46,1f9367ac-01b0-4c82-83a1-4069d4340667
2023-05-14,2023,5,Q2,IMPS,145.81,10180.32,1f9367ac-01b0-4c82-83a1-4069d4340667
2023-05-14,2023,5,Q2,NFS_ATM_CASH_WITHDRAWAL,103.02,3994.39,1f9367ac-01b0-4c82-83a1-4069d4340667
2023-05-14,2023,5,Q2,UPI,3062.02,37468.83,1f9367ac-01b0-4c82-83a1-4069d4340667
2023-05-15,2023,5,Q2,IMPS,166.32,18889.91,1f9367ac-01b0-4c82-83a1-4069d4340667
2023-05-15,2023,5,Q2,NFS_ATM_CASH_WITHDRAWAL,112.02,4810.22,1f9367ac-01b0-4c82-83a1-4069d4340667
2023-05-15,2023,5,Q2,UPI,3091.12,51693.49,1f9367ac-01b0-4c82-83a1-4069d4340667
2023-05-16,2023,5,Q2,IMPS,160.31,17527.34,1f9367ac-01b0-4c82-83a1-4069d4340667
2023-05-16,2023,5,Q2,NFS_ATM_CASH_WITHDRAWAL,105.22,4448.29,1f9367ac-01b0-4c82-83a1-4069d4340667
2023-05-16,2023,5,Q2,UPI,3030.65,48266.02,1f9367ac-01b0-4c82-83a1-4069d4340667
2023-05-17,2023,5,Q2,IMPS,152.72,16484.68,1f9367ac-01b0-4c82-83a1-4069d4340667
2023-05-17,2023,5,Q2,NFS_ATM_CASH_WITHDRAWAL,104.57,4370.58,1f9367ac-01b0-4c82-83a1-4069d4340667
2023-05-17,2023,5,Q2,UPI,2979.02,46493.98,1f9367ac-01b0-4c82-83a1-4069d4340667
2023-05-18,2023,5,Q2,IMPS,160.14,16403.04,1f9367ac-01b0-4c82-83a1-4069d4340667
2023-05-18,2023,5,Q2,NFS_ATM_CASH_WITHDRAWAL,104.03,4293.3,1f9367ac-01b0-4c82-83a1-4069d4340667
2023-05-18,2023,5,Q2,UPI,3012.26,46334.97,1f9367ac-01b0-4c82-83a1-4069d4340667
2023-05-19,2023,5,Q2,IMPS,157.01,16191.13,1f9367ac-01b0-4c82-83a1-4069d4340667
2023-05-19,2023,5,Q2,NFS_ATM_CASH_WITHDRAWAL,102.4,4177.31,1f9367ac-01b0-4c82-83a1-4069d4340667
2023-05-19,2023,5,Q2,UPI,3012.85,44503.43,1f9367ac-01b0-4c82-83a1-4069d4340667
2023-05-20,2023,5,Q2,IMPS,158.75,15631.32,1f9367ac-01b0-4c82-83a1-4069d4340667
2023-05-20,2023,5,Q2,NFS_ATM_CASH_WITHDRAWAL,109.07,4517.95,1f9367ac-01b0-4c82-83a1-4069d4340667
2023-05-20,2023,5,Q2,UPI,3105.32,46688.26,1f9367ac-01b0-4c82-83a1-4069d4340667
2023-05-21,2023,5,Q2,IMPS,137.45,9673.77,1f9367ac-01b0-4c82-83a1-4069d4340667
2023-05-21,2023,5,Q2,NFS_ATM_CASH_WITHDRAWAL,97.99,3614.89,1f9367ac-01b0-4c82-83a1-4069d4340667
2023-05-21,2023,5,Q2,UPI,2897.62,34744.2,1f9367ac-01b0-4c82-83a1-4069d4340667
2023-05-22,2023,5,Q2,IMPS,158.9,16853.44,1f9367ac-01b0-4c82-83a1-4069d4340667
2023-05-22,2023,5,Q2,NFS_ATM_CASH_WITHDRAWAL,102.4,4202.56,1f9367ac-01b0-4c82-83a1-4069d4340667
2023-05-22,2023,5,Q2,UPI,2904.15,46610.35,1f9367ac-01b0-4c82-83a1-4069d4340667
2023-05-23,2023,5,Q2,IMPS,150.24,16500.07,1f9367ac-01b0-4c82-83a1-4069d4340667
2023-05-23,2023,5,Q2,NFS_ATM_CASH_WITHDRAWAL,98.43,4034.9,1f9367ac-01b0-4c82-83a1-4069d4340667
2023-05-23,2023,5,Q2,UPI,2956.97,45016.09,1f9367ac-01b0-4c82-83a1-4069d4340667
2023-05-24,2023,5,Q2,IMPS,153.07,16423.09,1f9367ac-01b0-4c82-83a1-4069d4340667
2023-05-24,2023,5,Q2,NFS_ATM_CASH_WITHDRAWAL,102.16,4168.22,1f9367ac-01b0-4c82-83a1-4069d4340667
2023-05-24,2023,5,Q2,UPI,2990.17,45428.85,1f9367ac-01b0-4c82-83a1-4069d4340667
2023-05-25,2023,5,Q2,IMPS,157.52,17101.48,1f9367ac-01b0-4c82-83a1-4069d4340667
2023-05-25,2023,5,Q2,NFS_ATM_CASH_WITHDRAWAL,99.02,4042.13,1f9367ac-01b0-4c82-83a1-4069d4340667
2023-05-25,2023,5,Q2,UPI,2899.03,45736.15,1f9367ac-01b0-4c82-83a1-4069d4340667
2023-05-26,2023,5,Q2,IMPS,149.82,16594.54,1f9367ac-01b0-4c82-83a1-4069d4340667
2023-05-26,2023,5,Q2,NFS_ATM_CASH_WITHDRAWAL,100.03,4117.99,1f9367ac-01b0-4c82-83a1-4069d4340667
2023-05-26,2023,5,Q2,UPI,3002.19,44385.37,1f9367ac-01b0-4c82-83a1-4069d4340667
2023-05-27,2023,5,Q2,IMPS,154.25,14228.66,1f9367ac-01b0-4c82-83a1-4069d4340667
2023-05-27,2023,5,Q2,NFS_ATM_CASH_WITHDRAWAL,101.74,4187.64,1f9367ac-01b0-4c82-83a1-4069d4340667
2023-05-27,2023,5,Q2,UPI,2916.71,41936.74,1f9367ac-01b0-4c82-83a1-4069d4340667
2023-05-28,2023,5,Q2,IMPS,133.63,9522.65,1f9367ac-01b0-4c82-83a1-4069d4340667
2023-05-28,2023,5,Q2,NFS_ATM_CASH_WITHDRAWAL,93.16,3416.12,1f9367ac-01b0-4c82-83a1-4069d4340667
2023-05-28,2023,5,Q2,UPI,2970.83,33637.03,1f9367ac-01b0-4c82-83a1-4069d4340667
2023-05-29,2023,5,Q2,IMPS,152.96,17695.39,1f9367ac-01b0-4c82-83a1-4069d4340667
2023-05-29,2023,5,Q2,NFS_ATM_CASH_WITHDRAWAL,100.06,4139.19,1f9367ac-01b0-4c82-83a1-4069d4340667
2023-05-29,2023,5,Q2,UPI,2933.76,46315.4,1f9367ac-01b0-4c82-83a1-4069d4340667
2023-05-30,2023,5,Q2,IMPS,176.67,19088.76,1f9367ac-01b0-4c82-83a1-4069d4340667
2023-05-30,2023,5,Q2,NFS_ATM_CASH_WITHDRAWAL,97.19,4055.59,1f9367ac-01b0-4c82-83a1-4069d4340667
2023-05-30,2023,5,Q2,UPI,2889.86,47998.33,1f9367ac-01b0-4c82-83a1-4069d4340667
2023-05-31,2023,5,Q2,IMPS,175.57,22579.04,1f9367ac-01b0-4c82-83a1-4069d4340667
2023-05-31,2023,5,Q2,NFS_ATM_CASH_WITHDRAWAL,113.55,5064.96,1f9367ac-01b0-4c82-83a1-4069d4340667
2023-05-31,2023,5,Q2,UPI,3126.6,58908.11,1f9367ac-01b0-4c82-83a1-4069d4340667
2023-06-01,2023,6,Q2,IMPS,178.84,21300.02,1f9367ac-01b0-4c82-83a1-4069d4340667
2023-06-01,2023,6,Q2,NFS_ATM_CASH_WITHDRAWAL,126.17,5928.75,1f9367ac-01b0-4c82-83a1-4069d4340667
2023-06-01,2023,6,Q2,UPI,3256.17,62898.87,1f9367ac-01b0-4c82-83a1-4069d4340667
2023-06-02,2023,6,Q2,IMPS,177.76,21256.16,1f9367ac-01b0-4c82-83a1-4069d4340667
2023-06-02,2023,6,Q2,NFS_ATM_CASH_WITHDRAWAL,123.86,5747.38,1f9367ac-01b0-4c82-83a1-4069d4340667
2023-06-02,2023,6,Q2,UPI,3262.64,57644.81,1f9367ac-01b0-4c82-83a1-4069d4340667
2023-06-03,2023,6,Q2,IMPS,169.45,18703.32,1f9367ac-01b0-4c82-83a1-4069d4340667
2023-06-03,2023,6,Q2,NFS_ATM_CASH_WITHDRAWAL,122.92,5657.33,1f9367ac-01b0-4c82-83a1-4069d4340667
2023-06-03,2023,6,Q2,UPI,3232.11,54799.2,1f9367ac-01b0-4c82-83a1-4069d4340667
2023-06-04,2023,6,Q2,IMPS,151.51,12836.06,1f9367ac-01b0-4c82-83a1-4069d4340667
2023-06-04,2023,6,Q2,NFS_ATM_CASH_WITHDRAWAL,109.48,4530.1,1f9367ac-01b0-4c82-83a1-4069d4340667
2023-06-04,2023,6,Q2,UPI,3119.87,45018.03,1f9367ac-01b0-4c82-83a1-4069d4340667
2023-06-05,2023,6,Q2,IMPS,178.48,21099.58,1f9367ac-01b0-4c82-83a1-4069d4340667
2023-06-05,2023,6,Q2,NFS_ATM_CASH_WITHDRAWAL,119.67,5409.04,1f9367ac-01b0-4c82-83a1-4069d4340667
2023-06-05,2023,6,Q2,UPI,3211.95,59403.41,1f9367ac-01b0-4c82-83a1-4069d4340667
2023-06-06,2023,6,Q2,IMPS,164.63,19107.38,1f9367ac-01b0-4c82-83a1-4069d4340667
2023-06-06,2023,6,Q2,NFS_ATM_CASH_WITHDRAWAL,115.83,5171.27,1f9367ac-01b0-4c82-83a1-4069d4340667
2023-06-06,2023,6,Q2,UPI,3157.27,54850.16,1f9367ac-01b0-4c82-83a1-4069d4340667
2023-06-07,2023,6,Q2,IMPS,170.37,19564.95,1f9367ac-01b0-4c82-83a1-4069d4340667
2023-06-07,2023,6,Q2,NFS_ATM_CASH_WITHDRAWAL,120.97,5420.3,1f9367ac-01b0-4c82-83a1-4069d4340667
2023-06-07,2023,6,Q2,UPI,3260.02,56073.86,1f9367ac-01b0-4c82-83a1-4069d4340667
2023-06-08,2023,6,Q2,IMPS,165.75,18676.93,1f9367ac-01b0-4c82-83a1-4069d4340667
2023-06-08,2023,6,Q2,NFS_ATM_CASH_WITHDRAWAL,120.47,5386.52,1f9367ac-01b0-4c82-83a1-4069d4340667
2023-06-08,2023,6,Q2,UPI,3178.07,52908.79,1f9367ac-01b0-4c82-83a1-4069d4340667
2023-06-09,2023,6,Q2,IMPS,163.42,18379.63,1f9367ac-01b0-4c82-83a1-4069d4340667
2023-06-09,2023,6,Q2,NFS_ATM_CASH_WITHDRAWAL,119.88,5314.35,1f9367ac-01b0-4c82-83a1-4069d4340667
2023-06-09,2023,6,Q2,UPI,3193.67,52262.0,1f9367ac-01b0-4c82-83a1-4069d4340667
2023-06-10,2023,6,Q2,IMPS,162.01,15905.84,1f9367ac-01b0-4c82-83a1-4069d4340667
2023-06-10,2023,6,Q2,NFS_ATM_CASH_WITHDRAWAL,122.93,5478.56,1f9367ac-01b0-4c82-83a1-4069d4340667
2023-06-10,2023,6,Q2,UPI,3229.53,51283.62,1f9367ac-01b0-4c82-83a1-4069d4340667
2023-06-11,2023,6,Q2,IMPS,145.4,10446.03,1f9367ac-01b0-4c82-83a1-4069d4340667
2023-06-11,2023,6,Q2,NFS_ATM_CASH_WITHDRAWAL,108.07,4307.5,1f9367ac-01b0-4c82-83a1-4069d4340667
2023-06-11,2023,6,Q2,UPI,3116.14,39593.49,1f9367ac-01b0-4c82-83a1-4069d4340667
2023-06-12,2023,6,Q2,IMPS,164.94,18704.68,1f9367ac-01b0-4c82-83a1-4069d4340667
2023-06-12,2023,6,Q2,NFS_ATM_CASH_WITHDRAWAL,115.95,5071.87,1f9367ac-01b0-4c82-83a1-4069d4340667
2023-06-12,2023,6,Q2,UPI,3146.43,53040.32,1f9367ac-01b0-4c82-83a1-4069d4340667
2023-06-13,2023,6,Q2,IMPS,159.48,17607.26,1f9367ac-01b0-4c82-83a1-4069d4340667
2023-06-13,2023,6,Q2,NFS_ATM_CASH_WITHDRAWAL,113.73,4901.62,1f9367ac-01b0-4c82-83a1-4069d4340667
2023-06-13,2023,6,Q2,UPI,3124.12,50385.35,1f9367ac-01b0-4c82-83a1-4069d4340667
2023-06-14,2023,6,Q2,IMPS,157.14,16742.76,1f9367ac-01b0-4c82-83a1-4069d4340667
2023-06-14,2023,6,Q2,NFS_ATM_CASH_WITHDRAWAL,112.24,4783.22,1f9367ac-01b0-4c82-83a1-4069d4340667
2023-06-14,2023,6,Q2,UPI,3140.38,50450.73,1f9367ac-01b0-4c82-83a1-4069d4340667
2023-06-15,2023,6,Q2,IMPS,156.38,17323.04,1f9367ac-01b0-4c82-83a1-4069d4340667
2023-06-15,2023,6,Q2,NFS_ATM_CASH_WITHDRAWAL,108.24,4580.61,1f9367ac-01b0-4c82-83a1-4069d4340667
2023-06-15,2023,6,Q2,UPI,3108.01,49745.39,1f9367ac-01b0-4c82-83a1-4069d4340667
2023-06-16,2023,6,Q2,IMPS,152.38,16018.79,1f9367ac-01b0-4c82-83a1-4069d4340667
2023-06-16,2023,6,Q2,NFS_ATM_CASH_WITHDRAWAL,103.66,4291.06,1f9367ac-01b0-4c82-83a1-4069d4340667
2023-06-16,2023,6,Q2,UPI,3119.26,46355.7,1f9367ac-01b0-4c82-83a1-4069d4340667
2023-06-17,2023,6,Q2,IMPS,147.49,14836.12,1f9367ac-01b0-4c82-83a1-4069d4340667
2023-06-17,2023,6,Q2,NFS_ATM_CASH_WITHDRAWAL,106.59,4427.47,1f9367ac-01b0-4c82-83a1-4069d4340667
2023-06-17,2023,6,Q2,UPI,3120.82,45835.99,1f9367ac-01b0-4c82-83a1-4069d4340667
2023-06-18,2023,6,Q2,IMPS,129.22,8891.51,1f9367ac-01b0-4c82-83a1-4069d4340667
2023-06-18,2023,6,Q2,NFS_ATM_CASH_WITHDRAWAL,99.36,3675.69,1f9367ac-01b0-4c82-83a1-4069d4340667
2023-06-18,2023,6,Q2,UPI,3013.49,35234.45,1f9367ac-01b0-4c82-83a1-4069d4340667
2023-06-19,2023,6,Q2,IMPS,155.29,16986.42,1f9367ac-01b0-4c82-83a1-4069d4340667
2023-06-19,2023,6,Q2,NFS_ATM_CASH_WITHDRAWAL,104.99,4337.02,1f9367ac-01b0-4c82-83a1-4069d4340667
2023-06-19,2023,6,Q2,UPI,3099.47,49499.42,1f9367ac-01b0-4c82-83a1-4069d4340667
2023-06-20,2023,6,Q2,IMPS,153.84,16722.45,1f9367ac-01b0-4c82-83a1-4069d4340667
2023-06-20,2023,6,Q2,NFS_ATM_CASH_WITHDRAWAL,101.52,4148.61,1f9367ac-01b0-4c82-83a1-4069d4340667
2023-06-20,2023,6,Q2,UPI,3074.0,48407.3,1f9367ac-01b0-4c82-83a1-4069d4340667
2023-06-21,2023,6,Q2,IMPS,152.8,16600.56,1f9367ac-01b0-4c82-83a1-4069d4340667
2023-06-21,2023,6,Q2,NFS_ATM_CASH_WITHDRAWAL,100.46,4096.78,1f9367ac-01b0-4c82-83a1-4069d4340667
2023-06-21,2023,6,Q2,UPI,3071.31,47664.33,1f9367ac-01b0-4c82-83a1-4069d4340667
2023-06-22,2023,6,Q2,IMPS,148.96,16046.17,1f9367ac-01b0-4c82-83a1-4069d4340667
2023-06-22,2023,6,Q2,NFS_ATM_CASH_WITHDRAWAL,98.1,3976.7,1f9367ac-01b0-4c82-83a1-4069d4340667
2023-06-22,2023,6,Q2,UPI,3045.04,46704.89,1f9367ac-01b0-4c82-83a1-4069d4340667
2023-06-23,2023,6,Q2,IMPS,147.92,15939.39,1f9367ac-01b0-4c82-83a1-4069d4340667
2023-06-23,2023,6,Q2,NFS_ATM_CASH_WITHDRAWAL,97.64,3920.96,1f9367ac-01b0-4c82-83a1-4069d4340667
2023-06-23,2023,6,Q2,UPI,3023.43,45579.36,1f9367ac-01b0-4c82-83a1-4069d4340667
2023-06-24,2023,6,Q2,IMPS,142.32,13664.51,1f9367ac-01b0-4c82-83a1-4069d4340667
2023-06-24,2023,6,Q2,NFS_ATM_CASH_WITHDRAWAL,99.12,4045.72,1f9367ac-01b0-4c82-83a1-4069d4340667
2023-06-24,2023,6,Q2,UPI,3006.31,42935.74,1f9367ac-01b0-4c82-83a1-4069d4340667
2023-06-25,2023,6,Q2,IMPS,129.17,9255.38,1f9367ac-01b0-4c82-83a1-4069d4340667
2023-06-25,2023,6,Q2,NFS_ATM_CASH_WITHDRAWAL,93.58,3424.15,1f9367ac-01b0-4c82-83a1-4069d4340667
2023-06-25,2023,6,Q2,UPI,2947.34,35147.31,1f9367ac-01b0-4c82-83a1-4069d4340667
2023-06-26,2023,6,Q2,IMPS,154.13,17807.74,1f9367ac-01b0-4c82-83a1-4069d4340667
2023-06-26,2023,6,Q2,NFS_ATM_CASH_WITHDRAWAL,100.34,4136.24,1f9367ac-01b0-4c82-83a1-4069d4340667
2023-06-26,2023,6,Q2,UPI,3022.21,48619.69,1f9367ac-01b0-4c82-83a1-4069d4340667
2023-06-27,2023,6,Q2,IMPS,152.23,17533.53,1f9367ac-01b0-4c82-83a1-4069d4340667
2023-06-27,2023,6,Q2,NFS_ATM_CASH_WITHDRAWAL,99.66,4123.83,1f9367ac-01b0-4c82-83a1-4069d4340667
2023-06-27,2023,6,Q2,UPI,2999.57,47516.37,1f9367ac-01b0-4c82-83a1-4069d4340667
2023-06-28,2023,6,Q2,IMPS,154.39,17640.0,1f9367ac-01b0-4c82-83a1-4069d4340667
2023-06-28,2023,6,Q2,NFS_ATM_CASH_WITHDRAWAL,107.89,4447.93,1f9367ac-01b0-4c82-83a1-4069d4340667
2023-06-28,2023,6,Q2,UPI,3137.01,49897.31,1f9367ac-01b0-4c82-83a1-4069d4340667
2023-06-29,2023,6,Q2,IMPS,132.56,12987.23,1f9367ac-01b0-4c82-83a1-4069d4340667
2023-06-29,2023,6,Q2,NFS_ATM_CASH_WITHDRAWAL,84.88,3233.93,1f9367ac-01b0-4c82-83a1-4069d4340667
2023-06-29,2023,6,Q2,UPI,2805.97,37961.22,1f9367ac-01b0-4c82-83a1-4069d4340667
2023-06-30,2023,6,Q2,IMPS,162.75,21898.53,1f9367ac-01b0-4c82-83a1-4069d4340667
2023-06-30,2023,6,Q2,NFS_ATM_CASH_WITHDRAWAL,105.6,4619.63,1f9367ac-01b0-4c82-83a1-4069d4340667
2023-06-30,2023,6,Q2,UPI,3129.03,57747.14,1f9367ac-01b0-4c82-83a1-4069d4340667
2023-07-01,2023,7,Q3,IMPS,176.63,21230.67,1f9367ac-01b0-4c82-83a1-4069d4340667
2023-07-01,2023,7,Q3,NFS_ATM_CASH_WITHDRAWAL,124.56,5826.96,1f9367ac-01b0-4c82-83a1-4069d4340667
2023-07-01,2023,7,Q3,UPI,3395.43,61917.81,1f9367ac-01b0-4c82-83a1-4069d4340667
2023-07-02,2023,7,Q3,IMPS,155.71,13426.52,1f9367ac-01b0-4c82-83a1-4069d4340667
2023-07-02,2023,7,Q3,NFS_ATM_CASH_WITHDRAWAL,115.56,4867.28,1f9367ac-01b0-4c82-83a1-4069d4340667
2023-07-02,2023,7,Q3,UPI,3292.24,47229.91,1f9367ac-01b0-4c82-83a1-4069d4340667
2023-07-03,2023,7,Q3,IMPS,174.62,20945.82,1f9367ac-01b0-4c82-83a1-4069d4340667
2023-07-03,2023,7,Q3,NFS_ATM_CASH_WITHDRAWAL,117.5,5332.21,1f9367ac-01b0-4c82-83a1-4069d4340667
2023-07-03,2023,7,Q3,UPI,3289.63,59189.38,1f9367ac-01b0-4c82-83a1-4069d4340667
2023-07-04,2023,7,Q3,IMPS,171.31,20405.44,1f9367ac-01b0-4c82-83a1-4069d4340667
2023-07-04,2023,7,Q3,NFS_ATM_CASH_WITHDRAWAL,113.79,5139.94,1f9367ac-01b0-4c82-83a1-4069d4340667
2023-07-04,2023,7,Q3,UPI,3304.41,59449.73,1f9367ac-01b0-4c82-83a1-4069d4340667
2023-07-05,2023,7,Q3,IMPS,171.62,19984.12,1f9367ac-01b0-4c82-83a1-4069d4340667
2023-07-05,2023,7,Q3,NFS_ATM_CASH_WITHDRAWAL,114.33,5120.75,1f9367ac-01b0-4c82-83a1-4069d4340667
2023-07-05,2023,7,Q3,UPI,3312.82,59459.28,1f9367ac-01b0-4c82-83a1-4069d4340667
2023-07-06,2023,7,Q3,IMPS,167.07,19475.15,1f9367ac-01b0-4c82-83a1-4069d4340667
2023-07-06,2023,7,Q3,NFS_ATM_CASH_WITHDRAWAL,111.71,4969.49,1f9367ac-01b0-4c82-83a1-4069d4340667
2023-07-06,2023,7,Q3,UPI,3256.93,56399.5,1f9367ac-01b0-4c82-83a1-4069d4340667
2023-07-07,2023,7,Q3,IMPS,167.27,19186.06,1f9367ac-01b0-4c82-83a1-4069d4340667
2023-07-07,2023,7,Q3,NFS_ATM_CASH_WITHDRAWAL,116.29,5186.99,1f9367ac-01b0-4c82-83a1-4069d4340667
2023-07-07,2023,7,Q3,UPI,3298.22,55271.86,1f9367ac-01b0-4c82-83a1-4069d4340667
2023-07-08,2023,7,Q3,IMPS,157.67,15784.29,1f9367ac-01b0-4c82-83a1-4069d4340667
2023-07-08,2023,7,Q3,NFS_ATM_CASH_WITHDRAWAL,114.7,5073.02,1f9367ac-01b0-4c82-83a1-4069d4340667
2023-07-08,2023,7,Q3,UPI,3264.78,50571.15,1f9367ac-01b0-4c82-83a1-4069d4340667
2023-07-09,2023,7,Q3,IMPS,148.7,11125.87,1f9367ac-01b0-4c82-83a1-4069d4340667
2023-07-09,2023,7,Q3,NFS_ATM_CASH_WITHDRAWAL,106.28,4237.66,1f9367ac-01b0-4c82-83a1-4069d4340667
2023-07-09,2023,7,Q3,UPI,3195.43,41980.62,1f9367ac-01b0-4c82-83a1-4069d4340667
2023-07-10,2023,7,Q3,IMPS,174.83,20074.14,1f9367ac-01b0-4c82-83a1-4069d4340667
2023-07-10,2023,7,Q3,NFS_ATM_CASH_WITHDRAWAL,117.48,5202.64,1f9367ac-01b0-4c82-83a1-4069d4340667
2023-07-10,2023,7,Q3,UPI,3317.95,60484.85,1f9367ac-01b0-4c82-83a1-4069d4340667
2023-07-11,2023,7,Q3,IMPS,169.71,18386.4,1f9367ac-01b0-4c82-83a1-4069d4340667
2023-07-11,2023,7,Q3,NFS_ATM_CASH_WITHDRAWAL,115.99,5046.43,1f9367ac-01b0-4c82-83a1-4069d4340667
2023-07-11,2023,7,Q3,UPI,3266.74,53967.69,1f9367ac-01b0-4c82-83a1-4069d4340667
2023-07-12,2023,7,Q3,IMPS,167.72,17689.04,1f9367ac-01b0-4c82-83a1-4069d4340667
2023-07-12,2023,7,Q3,NFS_ATM_CASH_WITHDRAWAL,113.85,4892.96,1f9367ac-01b0-4c82-83a1-4069d4340667
2023-07-12,2023,7,Q3,UPI,3314.67,53590.28,1f9367ac-01b0-4c82-83a1-4069d4340667
2023-07-13,2023,7,Q3,IMPS,165.04,17201.11,1f9367ac-01b0-4c82-83a1-4069d4340667
2023-07-13,2023,7,Q3,NFS_ATM_CASH_WITHDRAWAL,106.33,4474.12,1f9367ac-01b0-4c82-83a1-4069d4340667
2023-07-13,2023,7,Q3,UPI,3237.53,50613.67,1f9367ac-01b0-4c82-83a1-4069d4340667
2023-07-14,2023,7,Q3,IMPS,158.11,16589.69,1f9367ac-01b0-4c82-83a1-4069d4340667
2023-07-14,2023,7,Q3,NFS_ATM_CASH_WITHDRAWAL,103.89,4272.43,1f9367ac-01b0-4c82-83a1-4069d4340667
2023-07-14,2023,7,Q3,UPI,3225.96,47947.78,1f9367ac-01b0-4c82-83a1-4069d4340667
2023-07-15,2023,7,Q3,IMPS,156.18,15471.99,1f9367ac-01b0-4c82-83a1-4069d4340667
2023-07-15,2023,7,Q3,NFS_ATM_CASH_WITHDRAWAL,109.74,4529.28,1f9367ac-01b0-4c82-83a1-4069d4340667
2023-07-15,2023,7,Q3,UPI,3175.55,47729.74,1f9367ac-01b0-4c82-83a1-4069d4340667
2023-07-16,2023,7,Q3,IMPS,143.71,9740.79,1f9367ac-01b0-4c82-83a1-4069d4340667
2023-07-16,2023,7,Q3,NFS_ATM_CASH_WITHDRAWAL,103.07,3806.6,1f9367ac-01b0-4c82-83a1-4069d4340667
2023-07-16,2023,7,Q3,UPI,3208.67,38071.82,1f9367ac-01b0-4c82-83a1-4069d4340667
2023-07-17,2023,7,Q3,IMPS,159.53,16435.14,1f9367ac-01b0-4c82-83a1-4069d4340667
2023-07-17,2023,7,Q3,NFS_ATM_CASH_WITHDRAWAL,101.49,4044.84,1f9367ac-01b0-4c82-83a1-4069d4340667
2023-07-17,2023,7,Q3,UPI,3170.26,48124.93,1f9367ac-01b0-4c82-83a1-4069d4340667
2023-07-18,2023,7,Q3,IMPS,150.67,15707.69,1f9367ac-01b0-4c82-83a1-4069d4340667
2023-07-18,2023,7,Q3,NFS_ATM_CASH_WITHDRAWAL,96.16,3840.77,1f9367ac-01b0-4c82-83a1-4069d4340667
2023-07-18,2023,7,Q3,UPI,3117.13,46846.49,1f9367ac-01b0-4c82-83a1-4069d4340667
2023-07-19,2023,7,Q3,IMPS,155.28,16586.09,1f9367ac-01b0-4c82-83a1-4069d4340667
2023-07-19,2023,7,Q3,NFS_ATM_CASH_WITHDRAWAL,97.18,3896.0,1f9367ac-01b0-4c82-83a1-4069d4340667
2023-07-19,2023,7,Q3,UPI,3154.42,47849.7,1f9367ac-01b0-4c82-83a1-4069d4340667
2023-07-20,2023,7,Q3,IMPS,154.76,16200.21,1f9367ac-01b0-4c82-83a1-4069d4340667
2023-07-20,2023,7,Q3,NFS_ATM_CASH_WITHDRAWAL,96.51,3843.53,1f9367ac-01b0-4c82-83a1-4069d4340667
2023-07-20,2023,7,Q3,UPI,3153.75,47608.52,1f9367ac-01b0-4c82-83a1-4069d4340667
2023-07-21,2023,7,Q3,IMPS,154.92,15830.43,1f9367ac-01b0-4c82-83a1-4069d4340667
2023-07-21,2023,7,Q3,NFS_ATM_CASH_WITHDRAWAL,95.04,3721.76,1f9367ac-01b0-4c82-83a1-4069d4340667
2023-07-21,2023,7,Q3,UPI,3152.82,45577.5,1f9367ac-01b0-4c82-83a1-4069d4340667
2023-07-22,2023,7,Q3,IMPS,145.96,13068.49,1f9367ac-01b0-4c82-83a1-4069d4340667
2023-07-22,2023,7,Q3,NFS_ATM_CASH_WITHDRAWAL,95.15,3753.91,1f9367ac-01b0-4c82-83a1-4069d4340667
2023-07-22,2023,7,Q3,UPI,3136.92,42238.88,1f9367ac-01b0-4c82-83a1-4069d4340667
2023-07-23,2023,7,Q3,IMPS,131.83,8947.11,1f9367ac-01b0-4c82-83a1-4069d4340667
2023-07-23,2023,7,Q3,NFS_ATM_CASH_WITHDRAWAL,91.01,3189.24,1f9367ac-01b0-4c82-83a1-4069d4340667
2023-07-23,2023,7,Q3,UPI,3093.14,34416.57,1f9367ac-01b0-4c82-83a1-4069d4340667
2023-07-24,2023,7,Q3,IMPS,155.9,16939.86,1f9367ac-01b0-4c82-83a1-4069d4340667
2023-07-24,2023,7,Q3,NFS_ATM_CASH_WITHDRAWAL,94.88,3729.86,1f9367ac-01b0-4c82-83a1-4069d4340667
2023-07-24,2023,7,Q3,UPI,3110.05,48206.15,1f9367ac-01b0-4c82-83a1-4069d4340667
2023-07-25,2023,7,Q3,IMPS,153.64,16644.94,1f9367ac-01b0-4c82-83a1-4069d4340667
2023-07-25,2023,7,Q3,NFS_ATM_CASH_WITHDRAWAL,91.85,3591.31,1f9367ac-01b0-4c82-83a1-4069d4340667
2023-07-25,2023,7,Q3,UPI,3079.47,46984.69,1f9367ac-01b0-4c82-83a1-4069d4340667
2023-07-26,2023,7,Q3,IMPS,153.99,16410.17,1f9367ac-01b0-4c82-83a1-4069d4340667
2023-07-26,2023,7,Q3,NFS_ATM_CASH_WITHDRAWAL,92.78,3630.72,1f9367ac-01b0-4c82-83a1-4069d4340667
2023-07-26,2023,7,Q3,UPI,3107.65,46067.19,1f9367ac-01b0-4c82-83a1-4069d4340667
2023-07-27,2023,7,Q3,IMPS,148.18,16468.18,1f9367ac-01b0-4c82-83a1-4069d4340667
2023-07-27,2023,7,Q3,NFS_ATM_CASH_WITHDRAWAL,92.71,3577.02,1f9367ac-01b0-4c82-83a1-4069d4340667
2023-07-27,2023,7,Q3,UPI,3140.61,45734.03,1f9367ac-01b0-4c82-83a1-4069d4340667
2023-07-28,2023,7,Q3,IMPS,152.44,17329.7,1f9367ac-01b0-4c82-83a1-4069d4340667
2023-07-28,2023,7,Q3,NFS_ATM_CASH_WITHDRAWAL,98.76,3766.38,1f9367ac-01b0-4c82-83a1-4069d4340667
2023-07-28,2023,7,Q3,UPI,3152.33,46273.69,1f9367ac-01b0-4c82-83a1-4069d4340667
2023-07-29,2023,7,Q3,IMPS,144.17,14446.44,1f9367ac-01b0-4c82-83a1-4069d4340667
2023-07-29,2023,7,Q3,NFS_ATM_CASH_WITHDRAWAL,98.31,3788.44,1f9367ac-01b0-4c82-83a1-4069d4340667
2023-07-29,2023,7,Q3,UPI,3167.06,42690.11,1f9367ac-01b0-4c82-83a1-4069d4340667
2023-07-30,2023,7,Q3,IMPS,133.02,10489.73,1f9367ac-01b0-4c82-83a1-4069d4340667
2023-07-30,2023,7,Q3,NFS_ATM_CASH_WITHDRAWAL,95.11,3378.93,1f9367ac-01b0-4c82-83a1-4069d4340667
2023-07-30,2023,7,Q3,UPI,3172.1,36936.18,1f9367ac-01b0-4c82-83a1-4069d4340667
2023-07-31,2023,7,Q3,IMPS,176.92,24090.59,1f9367ac-01b0-4c82-83a1-4069d4340667
2023-07-31,2023,7,Q3,NFS_ATM_CASH_WITHDRAWAL,113.05,4929.66,1f9367ac-01b0-4c82-83a1-4069d4340667
2023-07-31,2023,7,Q3,UPI,3377.89,64106.76,1f9367ac-01b0-4c82-83a1-4069d4340667
2023-08-01,2023,8,Q3,IMPS,183.55,22986.1,1f9367ac-01b0-4c82-83a1-4069d4340667
2023-08-01,2023,8,Q3,NFS_ATM_CASH_WITHDRAWAL,121.78,5610.96,1f9367ac-01b0-4c82-83a1-4069d4340667
2023-08-01,2023,8,Q3,UPI,3552.48,66969.23,1f9367ac-01b0-4c82-83a1-4069d4340667
2023-08-02,2023,8,Q3,IMPS,179.12,20993.69,1f9367ac-01b0-4c82-83a1-4069d4340667
2023-08-02,2023,8,Q3,NFS_ATM_CASH_WITHDRAWAL,120.8,5504.48,1f9367ac-01b0-4c82-83a1-4069d4340667
2023-08-02,2023,8,Q3,UPI,3456.88,62307.11,1f9367ac-01b0-4c82-83a1-4069d4340667
2023-08-03,2023,8,Q3,IMPS,168.9,19962.96,1f9367ac-01b0-4c82-83a1-4069d4340667
2023-08-03,2023,8,Q3,NFS_ATM_CASH_WITHDRAWAL,114.16,5043.7,1f9367ac-01b0-4c82-83a1-4069d4340667
2023-08-03,2023,8,Q3,UPI,3485.69,59287.21,1f9367ac-01b0-4c82-83a1-4069d4340667
2023-08-04,2023,8,Q3,IMPS,171.0,19584.82,1f9367ac-01b0-4c82-83a1-4069d4340667
2023-08-04,2023,8,Q3,NFS_ATM_CASH_WITHDRAWAL,111.24,4834.78,1f9367ac-01b0-4c82-83a1-4069d4340667
2023-08-04,2023,8,Q3,UPI,3447.93,57716.61,1f9367ac-01b0-4c82-83a1-4069d4340667
2023-08-05,2023,8,Q3,IMPS,165.36,17792.74,1f9367ac-01b0-4c82-83a1-4069d4340667
2023-08-05,2023,8,Q3,NFS_ATM_CASH_WITHDRAWAL,118.63,5209.69,1f9367ac-01b0-4c82-83a1-4069d4340667
2023-08-05,2023,8,Q3,UPI,3562.42,57820.12,1f9367ac-01b0-4c82-83a1-4069d4340667
2023-08-06,2023,8,Q3,IMPS,141.03,11526.09,1f9367ac-01b0-4c82-83a1-4069d4340667
2023-08-06,2023,8,Q3,NFS_ATM_CASH_WITHDRAWAL,112.74,4372.61,1f9367ac-01b0-4c82-83a1-4069d4340667
2023-08-06,2023,8,Q3,UPI,2988.15,36438.5,1f9367ac-01b0-4c82-83a1-4069d4340667
2023-08-07,2023,8,Q3,IMPS,175.28,20399.1,1f9367ac-01b0-4c82-83a1-4069d4340667
2023-08-07,2023,8,Q3,NFS_ATM_CASH_WITHDRAWAL,118.76,5171.15,1f9367ac-01b0-4c82-83a1-4069d4340667
2023-08-07,2023,8,Q3,UPI,3591.07,63298.71,1f9367ac-01b0-4c82-83a1-4069d4340667
2023-08-08,2023,8,Q3,IMPS,166.71,18566.66,1f9367ac-01b0-4c82-83a1-4069d4340667
2023-08-08,2023,8,Q3,NFS_ATM_CASH_WITHDRAWAL,119.71,5205.29,1f9367ac-01b0-4c82-83a1-4069d4340667
2023-08-08,2023,8,Q3,UPI,3492.43,55950.61,1f9367ac-01b0-4c82-83a1-4069d4340667
2023-08-09,2023,8,Q3,IMPS,166.71,18511.82,1f9367ac-01b0-4c82-83a1-4069d4340667
2023-08-09,2023,8,Q3,NFS_ATM_CASH_WITHDRAWAL,115.96,4996.59,1f9367ac-01b0-4c82-83a1-4069d4340667
2023-08-09,2023,8,Q3,UPI,3503.43,56345.84,1f9367ac-01b0-4c82-83a1-4069d4340667
2023-08-10,2023,8,Q3,IMPS,169.07,18466.15,1f9367ac-01b0-4c82-83a1-4069d4340667
2023-08-10,2023,8,Q3,NFS_ATM_CASH_WITHDRAWAL,117.58,5079.48,1f9367ac-01b0-4c82-83a1-4069d4340667
2023-08-10,2023,8,Q3,UPI,3547.91,57156.72,1f9367ac-01b0-4c82-83a1-4069d4340667
2023-08-11,2023,8,Q3,IMPS,162.2,17455.22,1f9367ac-01b0-4c82-83a1-4069d4340667
2023-08-11,2023,8,Q3,NFS_ATM_CASH_WITHDRAWAL,116.85,4964.79,1f9367ac-01b0-4c82-83a1-4069d4340667
2023-08-11,2023,8,Q3,UPI,3533.91,53813.39,1f9367ac-01b0-4c82-83a1-4069d4340667
2023-08-12,2023,8,Q3,IMPS,155.67,14480.27,1f9367ac-01b0-4c82-83a1-4069d4340667
2023-08-12,2023,8,Q3,NFS_ATM_CASH_WITHDRAWAL,113.28,4782.69,1f9367ac-01b0-4c82-83a1-4069d4340667
2023-08-12,2023,8,Q3,UPI,3526.84,48703.92,1f9367ac-01b0-4c82-83a1-4069d4340667
2023-08-13,2023,8,Q3,IMPS,139.83,9571.73,1f9367ac-01b0-4c82-83a1-4069d4340667
2023-08-13,2023,8,Q3,NFS_ATM_CASH_WITHDRAWAL,102.69,3900.84,1f9367ac-01b0-4c82-83a1-4069d4340667
2023-08-13,2023,8,Q3,UPI,3427.23,38677.49,1f9367ac-01b0-4c82-83a1-4069d4340667
2023-08-14,2023,8,Q3,IMPS,167.73,17796.51,1f9367ac-01b0-4c82-83a1-4069d4340667
2023-08-14,2023,8,Q3,NFS_ATM_CASH_WITHDRAWAL,113.75,4705.15,1f9367ac-01b0-4c82-83a1-4069d4340667
2023-08-14,2023,8,Q3,UPI,3533.66,54501.9,1f9367ac-01b0-4c82-83a1-4069d4340667
2023-08-15,2023,8,Q3,IMPS,139.11,10754.85,1f9367ac-01b0-4c82-83a1-4069d4340667
2023-08-15,2023,8,Q3,NFS_ATM_CASH_WITHDRAWAL,94.68,3603.34,1f9367ac-01b0-4c82-83a1-4069d4340667
2023-08-15,2023,8,Q3,UPI,3284.6,39607.89,1f9367ac-01b0-4c82-83a1-4069d4340667
2023-08-16,2023,8,Q3,IMPS,157.9,16510.65,1f9367ac-01b0-4c82-83a1-4069d4340667
2023-08-16,2023,8,Q3,NFS_ATM_CASH_WITHDRAWAL,104.62,4229.38,1f9367ac-01b0-4c82-83a1-4069d4340667
2023-08-16,2023,8,Q3,UPI,3401.64,50036.67,1f9367ac-01b0-4c82-83a1-4069d4340667
2023-08-17,2023,8,Q3,IMPS,157.24,17084.57,1f9367ac-01b0-4c82-83a1-4069d4340667
2023-08-17,2023,8,Q3,NFS_ATM_CASH_WITHDRAWAL,101.41,4117.29,1f9367ac-01b0-4c82-83a1-4069d4340667
2023-08-17,2023,8,Q3,UPI,3322.78,49839.67,1f9367ac-01b0-4c82-83a1-4069d4340667
2023-08-18,2023,8,Q3,IMPS,153.85,16473.96,1f9367ac-01b0-4c82-83a1-4069d4340667
2023-08-18,2023,8,Q3,NFS_ATM_CASH_WITHDRAWAL,100.08,4026.86,1f9367ac-01b0-4c82-83a1-4069d4340667
2023-08-18,2023,8,Q3,UPI,3372.98,48000.66,1f9367ac-01b0-4c82-83a1-4069d4340667
2023-08-19,2023,8,Q3,IMPS,152.72,15362.07,1f9367ac-01b0-4c82-83a1-4069d4340667
2023-08-19,2023,8,Q3,NFS_ATM_CASH_WITHDRAWAL,103.22,4172.68,1f9367ac-01b0-4c82-83a1-4069d4340667
2023-08-19,2023,8,Q3,UPI,3352.03,47379.98,1f9367ac-01b0-4c82-83a1-4069d4340667
2023-08-20,2023,8,Q3,IMPS,136.36,9796.24,1f9367ac-01b0-4c82-83a1-4069d4340667
2023-08-20,2023,8,Q3,NFS_ATM_CASH_WITHDRAWAL,100.26,3663.32,1f9367ac-01b0-4c82-83a1-4069d4340667
2023-08-20,2023,8,Q3,UPI,3356.88,38720.84,1f9367ac-01b0-4c82-83a1-4069d4340667
2023-08-21,2023,8,Q3,IMPS,157.24,17121.91,1f9367ac-01b0-4c82-83a1-4069d4340667
2023-08-21,2023,8,Q3,NFS_ATM_CASH_WITHDRAWAL,100.0,3952.79,1f9367ac-01b0-4c82-83a1-4069d4340667
2023-08-21,2023,8,Q3,UPI,3347.38,50543.5,1f9367ac-01b0-4c82-83a1-4069d4340667
2023-08-22,2023,8,Q3,IMPS,148.67,16367.63,1f9367ac-01b0-4c82-83a1-4069d4340667
2023-08-22,2023,8,Q3,NFS_ATM_CASH_WITHDRAWAL,93.65,3695.0,1f9367ac-01b0-4c82-83a1-4069d4340667
2023-08-22,2023,8,Q3,UPI,3272.87,47968.58,1f9367ac-01b0-4c82-83a1-4069d4340667
2023-08-23,2023,8,Q3,IMPS,149.89,16104.22,1f9367ac-01b0-4c82-83a1-4069d4340667
2023-08-23,2023,8,Q3,NFS_ATM_CASH_WITHDRAWAL,93.94,3685.77,1f9367ac-01b0-4c82-83a1-4069d4340667
2023-08-23,2023,8,Q3,UPI,3314.39,47616.87,1f9367ac-01b0-4c82-83a1-4069d4340667
2023-08-24,2023,8,Q3,IMPS,150.59,16194.27,1f9367ac-01b0-4c82-83a1-4069d4340667
2023-08-24,2023,8,Q3,NFS_ATM_CASH_WITHDRAWAL,96.74,3784.28,1f9367ac-01b0-4c82-83a1-4069d4340667
2023-08-24,2023,8,Q3,UPI,3350.51,47858.74,1f9367ac-01b0-4c82-83a1-4069d4340667
2023-08-25,2023,8,Q3,IMPS,153.38,16420.31,1f9367ac-01b0-4c82-83a1-4069d4340667
2023-08-25,2023,8,Q3,NFS_ATM_CASH_WITHDRAWAL,96.23,3774.77,1f9367ac-01b0-4c82-83a1-4069d4340667
2023-08-25,2023,8,Q3,UPI,3310.38,46491.48,1f9367ac-01b0-4c82-83a1-4069d4340667
2023-08-26,2023,8,Q3,IMPS,146.46,14098.92,1f9367ac-01b0-4c82-83a1-4069d4340667
2023-08-26,2023,8,Q3,NFS_ATM_CASH_WITHDRAWAL,101.19,4036.87,1f9367ac-01b0-4c82-83a1-4069d4340667
2023-08-26,2023,8,Q3,UPI,3381.55,45179.66,1f9367ac-01b0-4c82-83a1-4069d4340667
2023-08-27,2023,8,Q3,IMPS,138.4,9652.68,1f9367ac-01b0-4c82-83a1-4069d4340667
2023-08-27,2023,8,Q3,NFS_ATM_CASH_WITHDRAWAL,97.4,3480.11,1f9367ac-01b0-4c82-83a1-4069d4340667
2023-08-27,2023,8,Q3,UPI,3328.27,36874.21,1f9367ac-01b0-4c82-83a1-4069d4340667
2023-08-28,2023,8,Q3,IMPS,160.51,18216.48,1f9367ac-01b0-4c82-83a1-4069d4340667
2023-08-28,2023,8,Q3,NFS_ATM_CASH_WITHDRAWAL,104.54,4166.18,1f9367ac-01b0-4c82-83a1-4069d4340667
2023-08-28,2023,8,Q3,UPI,3396.45,51900.82,1f9367ac-01b0-4c82-83a1-4069d4340667
2023-08-29,2023,8,Q3,IMPS,158.57,18092.42,1f9367ac-01b0-4c82-83a1-4069d4340667
2023-08-29,2023,8,Q3,NFS_ATM_CASH_WITHDRAWAL,109.49,4316.61,1f9367ac-01b0-4c82-83a1-4069d4340667
2023-08-29,2023,8,Q3,UPI,3413.46,51131.17,1f9367ac-01b0-4c82-83a1-4069d4340667
2023-08-30,2023,8,Q3,IMPS,157.22,17044.87,1f9367ac-01b0-4c82-83a1-4069d4340667
2023-08-30,2023,8,Q3,NFS_ATM_CASH_WITHDRAWAL,120.71,4431.79,1f9367ac-01b0-4c82-83a1-4069d4340667
2023-08-30,2023,8,Q3,UPI,3561.35,50318.3,1f9367ac-01b0-4c82-83a1-4069d4340667
2023-08-31,2023,8,Q3,IMPS,161.38,20889.62,1f9367ac-01b0-4c82-83a1-4069d4340667
2023-08-31,2023,8,Q3,NFS_ATM_CASH_WITHDRAWAL,107.97,4409.92,1f9367ac-01b0-4c82-83a1-4069d4340667
2023-08-31,2023,8,Q3,UPI,3442.61,58080.14,1f9367ac-01b0-4c82-83a1-4069d4340667
2023-09-01,2023,9,Q3,IMPS,181.94,23048.55,1f9367ac-01b0-4c82-83a1-4069d4340667
2023-09-01,2023,9,Q3,NFS_ATM_CASH_WITHDRAWAL,117.02,5403.64,1f9367ac-01b0-4c82-83a1-4069d4340667
2023-09-01,2023,9,Q3,UPI,3655.33,66251.46,1f9367ac-01b0-4c82-83a1-4069d4340667
2023-09-02,2023,9,Q3,IMPS,171.34,19759.18,1f9367ac-01b0-4c82-83a1-4069d4340667
2023-09-02,2023,9,Q3,NFS_ATM_CASH_WITHDRAWAL,119.37,5516.93,1f9367ac-01b0-4c82-83a1-4069d4340667
2023-09-02,2023,9,Q3,UPI,3674.04,61319.8,1f9367ac-01b0-4c82-83a1-4069d4340667
2023-09-03,2023,9,Q3,IMPS,152.1,13176.64,1f9367ac-01b0-4c82-83a1-4069d4340667
2023-09-03,2023,9,Q3,NFS_ATM_CASH_WITHDRAWAL,110.39,4569.9,1f9367ac-01b0-4c82-83a1-4069d4340667
2023-09-03,2023,9,Q3,UPI,3519.03,48259.6,1f9367ac-01b0-4c82-83a1-4069d4340667
2023-09-04,2023,9,Q3,IMPS,179.61,22200.77,1f9367ac-01b0-4c82-83a1-4069d4340667
2023-09-04,2023,9,Q3,NFS_ATM_CASH_WITHDRAWAL,113.81,5086.08,1f9367ac-01b0-4c82-83a1-4069d4340667
2023-09-04,2023,9,Q3,UPI,3608.71,65160.82,1f9367ac-01b0-4c82-83a1-4069d4340667
2023-09-05,2023,9,Q3,IMPS,176.24,20937.72,1f9367ac-01b0-4c82-83a1-4069d4340667
2023-09-05,2023,9,Q3,NFS_ATM_CASH_WITHDRAWAL,110.87,4915.01,1f9367ac-01b0-4c82-83a1-4069d4340667
2023-09-05,2023,9,Q3,UPI,3595.88,62292.52,1f9367ac-01b0-4c82-83a1-4069d4340667
2023-09-06,2023,9,Q3,IMPS,167.24,19361.04,1f9367ac-01b0-4c82-83a1-4069d4340667
2023-09-06,2023,9,Q3,NFS_ATM_CASH_WITHDRAWAL,114.39,5011.96,1f9367ac-01b0-4c82-83a1-4069d4340667
2023-09-06,2023,9,Q3,UPI,3619.58,59538.75,1f9367ac-01b0-4c82-83a1-4069d4340667
2023-09-07,2023,9,Q3,IMPS,164.32,17947.2,1f9367ac-01b0-4c82-83a1-4069d4340667
2023-09-07,2023,9,Q3,NFS_ATM_CASH_WITHDRAWAL,110.35,4791.84,1f9367ac-01b0-4c82-83a1-4069d4340667
2023-09-07,2023,9,Q3,UPI,3539.64,56509.07,1f9367ac-01b0-4c82-83a1-4069d4340667
2023-09-08,2023,9,Q3,IMPS,161.34,18282.17,1f9367ac-01b0-4c82-83a1-4069d4340667
2023-09-08,2023,9,Q3,NFS_ATM_CASH_WITHDRAWAL,113.57,4982.04,1f9367ac-01b0-4c82-83a1-4069d4340667
2023-09-08,2023,9,Q3,UPI,3505.83,55244.15,1f9367ac-01b0-4c82-83a1-4069d4340667
2023-09-09,2023,9,Q3,IMPS,157.14,15756.95,1f9367ac-01b0-4c82-83a1-4069d4340667
2023-09-09,2023,9,Q3,NFS_ATM_CASH_WITHDRAWAL,115.81,5052.29,1f9367ac-01b0-4c82-83a1-4069d4340667
2023-09-09,2023,9,Q3,UPI,3565.07,52442.49,1f9367ac-01b0-4c82-83a1-4069d4340667
2023-09-10,2023,9,Q3,IMPS,145.49,11350.09,1f9367ac-01b0-4c82-83a1-4069d4340667
2023-09-10,2023,9,Q3,NFS_ATM_CASH_WITHDRAWAL,109.26,4344.63,1f9367ac-01b0-4c82-83a1-4069d4340667
2023-09-10,2023,9,Q3,UPI,3551.89,43863.43,1f9367ac-01b0-4c82-83a1-4069d4340667
2023-09-11,2023,9,Q3,IMPS,167.72,19431.61,1f9367ac-01b0-4c82-83a1-4069d4340667
2023-09-11,2023,9,Q3,NFS_ATM_CASH_WITHDRAWAL,115.66,5000.88,1f9367ac-01b0-4c82-83a1-4069d4340667
2023-09-11,2023,9,Q3,UPI,3571.22,58890.66,1f9367ac-01b0-4c82-83a1-4069d4340667
2023-09-12,2023,9,Q3,IMPS,168.84,18965.12,1f9367ac-01b0-4c82-83a1-4069d4340667
2023-09-12,2023,9,Q3,NFS_ATM_CASH_WITHDRAWAL,114.5,4912.18,1f9367ac-01b0-4c82-83a1-4069d4340667
2023-09-12,2023,9,Q3,UPI,3567.62,57361.62,1f9367ac-01b0-4c82-83a1-4069d4340667
2023-09-13,2023,9,Q3,IMPS,158.86,17064.54,1f9367ac-01b0-4c82-83a1-4069d4340667
2023-09-13,2023,9,Q3,NFS_ATM_CASH_WITHDRAWAL,109.18,4609.92,1f9367ac-01b0-4c82-83a1-4069d4340667
2023-09-13,2023,9,Q3,UPI,3551.08,55420.78,1f9367ac-01b0-4c82-83a1-4069d4340667
2023-09-14,2023,9,Q3,IMPS,158.0,17198.3,1f9367ac-01b0-4c82-83a1-4069d4340667
2023-09-14,2023,9,Q3,NFS_ATM_CASH_WITHDRAWAL,104.77,4329.7,1f9367ac-01b0-4c82-83a1-4069d4340667
2023-09-14,2023,9,Q3,UPI,3533.01,52948.4,1f9367ac-01b0-4c82-83a1-4069d4340667
2023-09-15,2023,9,Q3,IMPS,157.29,16814.19,1f9367ac-01b0-4c82-83a1-4069d4340667
2023-09-15,2023,9,Q3,NFS_ATM_CASH_WITHDRAWAL,108.79,4410.3,1f9367ac-01b0-4c82-83a1-4069d4340667
2023-09-15,2023,9,Q3,UPI,3619.42,52463.74,1f9367ac-01b0-4c82-83a1-4069d4340667
2023-09-16,2023,9,Q3,IMPS,155.21,15396.02,1f9367ac-01b0-4c82-83a1-4069d4340667
2023-09-16,2023,9,Q3,NFS_ATM_CASH_WITHDRAWAL,110.98,4564.99,1f9367ac-01b0-4c82-83a1-4069d4340667
2023-09-16,2023,9,Q3,UPI,3593.71,51457.19,1f9367ac-01b0-4c82-83a1-4069d4340667
2023-09-17,2023,9,Q3,IMPS,144.59,9530.84,1f9367ac-01b0-4c82-83a1-4069d4340667
2023-09-17,2023,9,Q3,NFS_ATM_CASH_WITHDRAWAL,103.4,3765.31,1f9367ac-01b0-4c82-83a1-4069d4340667
2023-09-17,2023,9,Q3,UPI,3621.53,39851.59,1f9367ac-01b0-4c82-83a1-4069d4340667
2023-09-18,2023,9,Q3,IMPS,152.19,14523.5,1f9367ac-01b0-4c82-83a1-4069d4340667
2023-09-18,2023,9,Q3,NFS_ATM_CASH_WITHDRAWAL,98.77,3769.4,1f9367ac-01b0-4c82-83a1-4069d4340667
2023-09-18,2023,9,Q3,UPI,3442.5,46073.95,1f9367ac-01b0-4c82-83a1-4069d4340667
2023-09-19,2023,9,Q3,IMPS,144.92,14351.94,1f9367ac-01b0-4c82-83a1-4069d4340667
2023-09-19,2023,9,Q3,NFS_ATM_CASH_WITHDRAWAL,96.95,3740.9,1f9367ac-01b0-4c82-83a1-4069d4340667
2023-09-19,2023,9,Q3,UPI,3404.95,46404.94,1f9367ac-01b0-4c82-83a1-4069d4340667
2023-09-20,2023,9,Q3,IMPS,152.0,16789.38,1f9367ac-01b0-4c82-83a1-4069d4340667
2023-09-20,2023,9,Q3,NFS_ATM_CASH_WITHDRAWAL,97.8,3875.43,1f9367ac-01b0-4c82-83a1-4069d4340667
2023-09-20,2023,9,Q3,UPI,3475.7,51964.82,1f9367ac-01b0-4c82-83a1-4069d4340667
2023-09-21,2023,9,Q3,IMPS,148.93,16541.79,1f9367ac-01b0-4c82-83a1-4069d4340667
2023-09-21,2023,9,Q3,NFS_ATM_CASH_WITHDRAWAL,93.97,3685.99,1f9367ac-01b0-4c82-83a1-4069d4340667
2023-09-21,2023,9,Q3,UPI,3410.04,50639.38,1f9367ac-01b0-4c82-83a1-4069d4340667
2023-09-22,2023,9,Q3,IMPS,148.54,15906.35,1f9367ac-01b0-4c82-83a1-4069d4340667
2023-09-22,2023,9,Q3,NFS_ATM_CASH_WITHDRAWAL,92.02,3566.92,1f9367ac-01b0-4c82-83a1-4069d4340667
2023-09-22,2023,9,Q3,UPI,3389.37,47198.39,1f9367ac-01b0-4c82-83a1-4069d4340667
2023-09-23,2023,9,Q3,IMPS,141.51,13547.01,1f9367ac-01b0-4c82-83a1-4069d4340667
2023-09-23,2023,9,Q3,NFS_ATM_CASH_WITHDRAWAL,92.9,3644.67,1f9367ac-01b0-4c82-83a1-4069d4340667
2023-09-23,2023,9,Q3,UPI,3337.7,44321.27,1f9367ac-01b0-4c82-83a1-4069d4340667
2023-09-24,2023,9,Q3,IMPS,131.07,9373.11,1f9367ac-01b0-4c82-83a1-4069d4340667
2023-09-24,2023,9,Q3,NFS_ATM_CASH_WITHDRAWAL,90.69,3189.94,1f9367ac-01b0-4c82-83a1-4069d4340667
2023-09-24,2023,9,Q3,UPI,3362.79,36318.66,1f9367ac-01b0-4c82-83a1-4069d4340667
2023-09-25,2023,9,Q3,IMPS,161.19,18093.81,1f9367ac-01b0-4c82-83a1-4069d4340667
2023-09-25,2023,9,Q3,NFS_ATM_CASH_WITHDRAWAL,97.63,3842.83,1f9367ac-01b0-4c82-83a1-4069d4340667
2023-09-25,2023,9,Q3,UPI,3439.51,52459.32,1f9367ac-01b0-4c82-83a1-4069d4340667
2023-09-26,2023,9,Q3,IMPS,152.86,17255.2,1f9367ac-01b0-4c82-83a1-4069d4340667
2023-09-26,2023,9,Q3,NFS_ATM_CASH_WITHDRAWAL,93.26,3651.25,1f9367ac-01b0-4c82-83a1-4069d4340667
2023-09-26,2023,9,Q3,UPI,3412.97,49983.7,1f9367ac-01b0-4c82-83a1-4069d4340667
2023-09-27,2023,9,Q3,IMPS,155.74,17874.33,1f9367ac-01b0-4c82-83a1-4069d4340667
2023-09-27,2023,9,Q3,NFS_ATM_CASH_WITHDRAWAL,96.27,3822.33,1f9367ac-01b0-4c82-83a1-4069d4340667
2023-09-27,2023,9,Q3,UPI,3507.09,51103.2,1f9367ac-01b0-4c82-83a1-4069d4340667
2023-09-28,2023,9,Q3,IMPS,148.03,15579.07,1f9367ac-01b0-4c82-83a1-4069d4340667
2023-09-28,2023,9,Q3,NFS_ATM_CASH_WITHDRAWAL,88.47,3432.56,1f9367ac-01b0-4c82-83a1-4069d4340667
2023-09-28,2023,9,Q3,UPI,3330.36,46099.97,1f9367ac-01b0-4c82-83a1-4069d4340667
2023-09-29,2023,9,Q3,IMPS,156.8,19948.29,1f9367ac-01b0-4c82-83a1-4069d4340667
2023-09-29,2023,9,Q3,NFS_ATM_CASH_WITHDRAWAL,98.0,4050.35,1f9367ac-01b0-4c82-83a1-4069d4340667
2023-09-29,2023,9,Q3,UPI,3464.94,54305.47,1f9367ac-01b0-4c82-83a1-4069d4340667
2023-09-30,2023,9,Q3,IMPS,167.92,21492.53,1f9367ac-01b0-4c82-83a1-4069d4340667
2023-09-30,2023,9,Q3,NFS_ATM_CASH_WITHDRAWAL,112.94,5019.38,1f9367ac-01b0-4c82-83a1-4069d4340667
2023-09-30,2023,9,Q3,UPI,3686.36,62984.04,1f9367ac-01b0-4c82-83a1-4069d4340667
2023-10-01,2023,10,Q4,IMPS,162.59,15955.31,1f9367ac-01b0-4c82-83a1-4069d4340667
2023-10-01,2023,10,Q4,NFS_ATM_CASH_WITHDRAWAL,111.21,4642.44,1f9367ac-01b0-4c82-83a1-4069d4340667
2023-10-01,2023,10,Q4,UPI,3713.88,55361.74,1f9367ac-01b0-4c82-83a1-4069d4340667
2023-10-02,2023,10,Q4,IMPS,165.13,16331.88,1f9367ac-01b0-4c82-83a1-4069d4340667
2023-10-02,2023,10,Q4,NFS_ATM_CASH_WITHDRAWAL,106.37,4576.88,1f9367ac-01b0-4c82-83a1-4069d4340667
2023-10-02,2023,10,Q4,UPI,3639.63,55043.13,1f9367ac-01b0-4c82-83a1-4069d4340667
2023-10-03,2023,10,Q4,IMPS,178.17,22495.35,1f9367ac-01b0-4c82-83a1-4069d4340667
2023-10-03,2023,10,Q4,NFS_ATM_CASH_WITHDRAWAL,115.77,5306.09,1f9367ac-01b0-4c82-83a1-4069d4340667
2023-10-03,2023,10,Q4,UPI,3766.67,66099.28,1f9367ac-01b0-4c82-83a1-4069d4340667
2023-10-04,2023,10,Q4,IMPS,177.79,21963.94,1f9367ac-01b0-4c82-83a1-4069d4340667
2023-10-04,2023,10,Q4,NFS_ATM_CASH_WITHDRAWAL,118.54,5390.01,1f9367ac-01b0-4c82-83a1-4069d4340667
2023-10-04,2023,10,Q4,UPI,3792.63,67532.08,1f9367ac-01b0-4c82-83a1-4069d4340667
2023-10-05,2023,10,Q4,IMPS,180.46,21708.24,1f9367ac-01b0-4c82-83a1-4069d4340667
2023-10-05,2023,10,Q4,NFS_ATM_CASH_WITHDRAWAL,116.69,5195.59,1f9367ac-01b0-4c82-83a1-4069d4340667
2023-10-05,2023,10,Q4,UPI,3871.82,66768.83,1f9367ac-01b0-4c82-83a1-4069d4340667
2023-10-06,2023,10,Q4,IMPS,177.16,19990.57,1f9367ac-01b0-4c82-83a1-4069d4340667
2023-10-06,2023,10,Q4,NFS_ATM_CASH_WITHDRAWAL,114.26,4999.09,1f9367ac-01b0-4c82-83a1-4069d4340667
2023-10-06,2023,10,Q4,UPI,3784.17,60745.31,1f9367ac-01b0-4c82-83a1-4069d4340667
2023-10-07,2023,10,Q4,IMPS,170.41,18766.57,1f9367ac-01b0-4c82-83a1-4069d4340667
2023-10-07,2023,10,Q4,NFS_ATM_CASH_WITHDRAWAL,119.97,5367.41,1f9367ac-01b0-4c82-83a1-4069d4340667
2023-10-07,2023,10,Q4,UPI,3910.27,65036.72,1f9367ac-01b0-4c82-83a1-4069d4340667
2023-10-08,2023,10,Q4,IMPS,152.35,12742.6,1f9367ac-01b0-4c82-83a1-4069d4340667
2023-10-08,2023,10,Q4,NFS_ATM_CASH_WITHDRAWAL,116.62,4835.16,1f9367ac-01b0-4c82-83a1-4069d4340667
2023-10-08,2023,10,Q4,UPI,3850.15,51259.08,1f9367ac-01b0-4c82-83a1-4069d4340667
2023-10-09,2023,10,Q4,IMPS,178.41,20885.39,1f9367ac-01b0-4c82-83a1-4069d4340667
2023-10-09,2023,10,Q4,NFS_ATM_CASH_WITHDRAWAL,118.59,5222.94,1f9367ac-01b0-4c82-83a1-4069d4340667
2023-10-09,2023,10,Q4,UPI,3823.2,67283.18,1f9367ac-01b0-4c82-83a1-4069d4340667
2023-10-10,2023,10,Q4,IMPS,175.11,20052.86,1f9367ac-01b0-4c82-83a1-4069d4340667
2023-10-10,2023,10,Q4,NFS_ATM_CASH_WITHDRAWAL,120.04,5302.82,1f9367ac-01b0-4c82-83a1-4069d4340667
2023-10-10,2023,10,Q4,UPI,3904.74,64797.72,1f9367ac-01b0-4c82-83a1-4069d4340667
2023-10-11,2023,10,Q4,IMPS,174.08,19219.86,1f9367ac-01b0-4c82-83a1-4069d4340667
2023-10-11,2023,10,Q4,NFS_ATM_CASH_WITHDRAWAL,116.59,5088.47,1f9367ac-01b0-4c82-83a1-4069d4340667
2023-10-11,2023,10,Q4,UPI,3864.04,61280.39,1f9367ac-01b0-4c82-83a1-4069d4340667
2023-10-12,2023,10,Q4,IMPS,167.03,18413.2,1f9367ac-01b0-4c82-83a1-4069d4340667
2023-10-12,2023,10,Q4,NFS_ATM_CASH_WITHDRAWAL,111.86,4808.14,1f9367ac-01b0-4c82-83a1-4069d4340667
2023-10-12,2023,10,Q4,UPI,3815.6,58987.48,1f9367ac-01b0-4c82-83a1-4069d4340667
2023-10-13,2023,10,Q4,IMPS,161.96,17802.98,1f9367ac-01b0-4c82-83a1-4069d4340667
2023-10-13,2023,10,Q4,NFS_ATM_CASH_WITHDRAWAL,111.54,4696.66,1f9367ac-01b0-4c82-83a1-4069d4340667
2023-10-13,2023,10,Q4,UPI,3845.97,56244.79,1f9367ac-01b0-4c82-83a1-4069d4340667
2023-10-14,2023,10,Q4,IMPS,149.09,14295.76,1f9367ac-01b0-4c82-83a1-4069d4340667
2023-10-14,2023,10,Q4,NFS_ATM_CASH_WITHDRAWAL,114.91,4609.32,1f9367ac-01b0-4c82-83a1-4069d4340667
2023-10-14,2023,10,Q4,UPI,3320.07,41345.44,1f9367ac-01b0-4c82-83a1-4069d4340667
2023-10-15,2023,10,Q4,IMPS,144.27,10972.72,1f9367ac-01b0-4c82-83a1-4069d4340667
2023-10-15,2023,10,Q4,NFS_ATM_CASH_WITHDRAWAL,114.47,4395.09,1f9367ac-01b0-4c82-83a1-4069d4340667
2023-10-15,2023,10,Q4,UPI,3590.01,44351.21,1f9367ac-01b0-4c82-83a1-4069d4340667
2023-10-16,2023,10,Q4,IMPS,164.71,19201.53,1f9367ac-01b0-4c82-83a1-4069d4340667
2023-10-16,2023,10,Q4,NFS_ATM_CASH_WITHDRAWAL,113.78,4726.88,1f9367ac-01b0-4c82-83a1-4069d4340667
2023-10-16,2023,10,Q4,UPI,3537.26,55618.56,1f9367ac-01b0-4c82-83a1-4069d4340667
2023-10-17,2023,10,Q4,IMPS,157.76,18007.45,1f9367ac-01b0-4c82-83a1-4069d4340667
2023-10-17,2023,10,Q4,NFS_ATM_CASH_WITHDRAWAL,107.41,4476.35,1f9367ac-01b0-4c82-83a1-4069d4340667
2023-10-17,2023,10,Q4,UPI,3678.74,56858.26,1f9367ac-01b0-4c82-83a1-4069d4340667
2023-10-18,2023,10,Q4,IMPS,158.62,17937.77,1f9367ac-01b0-4c82-83a1-4069d4340667
2023-10-18,2023,10,Q4,NFS_ATM_CASH_WITHDRAWAL,107.49,4454.24,1f9367ac-01b0-4c82-83a1-4069d4340667
2023-10-18,2023,10,Q4,UPI,3720.74,55860.46,1f9367ac-01b0-4c82-83a1-4069d4340667
2023-10-19,2023,10,Q4,IMPS,153.77,17512.46,1f9367ac-01b0-4c82-83a1-4069d4340667
2023-10-19,2023,10,Q4,NFS_ATM_CASH_WITHDRAWAL,104.77,4301.27,1f9367ac-01b0-4c82-83a1-4069d4340667
2023-10-19,2023,10,Q4,UPI,3709.93,54470.36,1f9367ac-01b0-4c82-83a1-4069d4340667
2023-10-20,2023,10,Q4,IMPS,154.3,17524.31,1f9367ac-01b0-4c82-83a1-4069d4340667
2023-10-20,2023,10,Q4,NFS_ATM_CASH_WITHDRAWAL,108.5,4427.36,1f9367ac-01b0-4c82-83a1-4069d4340667
2023-10-20,2023,10,Q4,UPI,3692.63,54710.75,1f9367ac-01b0-4c82-83a1-4069d4340667
2023-10-21,2023,10,Q4,IMPS,155.6,16598.38,1f9367ac-01b0-4c82-83a1-4069d4340667
2023-10-21,2023,10,Q4,NFS_ATM_CASH_WITHDRAWAL,112.49,4586.9,1f9367ac-01b0-4c82-83a1-4069d4340667
2023-10-21,2023,10,Q4,UPI,3777.73,54291.64,1f9367ac-01b0-4c82-83a1-4069d4340667
2023-10-22,2023,10,Q4,IMPS,134.76,10102.45,1f9367ac-01b0-4c82-83a1-4069d4340667
2023-10-22,2023,10,Q4,NFS_ATM_CASH_WITHDRAWAL,101.38,3751.9,1f9367ac-01b0-4c82-83a1-4069d4340667
2023-10-22,2023,10,Q4,UPI,3592.45,41526.45,1f9367ac-01b0-4c82-83a1-4069d4340667
2023-10-23,2023,10,Q4,IMPS,143.7,14054.17,1f9367ac-01b0-4c82-83a1-4069d4340667
2023-10-23,2023,10,Q4,NFS_ATM_CASH_WITHDRAWAL,96.33,3625.19,1f9367ac-01b0-4c82-83a1-4069d4340667
2023-10-23,2023,10,Q4,UPI,3456.95,46427.03,1f9367ac-01b0-4c82-83a1-4069d4340667
2023-10-24,2023,10,Q4,IMPS,131.13,10823.09,1f9367ac-01b0-4c82-83a1-4069d4340667
2023-10-24,2023,10,Q4,NFS_ATM_CASH_WITHDRAWAL,91.28,3251.0,1f9367ac-01b0-4c82-83a1-4069d4340667
2023-10-24,2023,10,Q4,UPI,3382.69,39260.52,1f9367ac-01b0-4c82-83a1-4069d4340667
2023-10-25,2023,10,Q4,IMPS,148.04,17530.21,1f9367ac-01b0-4c82-83a1-4069d4340667
2023-10-25,2023,10,Q4,NFS_ATM_CASH_WITHDRAWAL,96.05,3781.82,1f9367ac-01b0-4c82-83a1-4069d4340667
2023-10-25,2023,10,Q4,UPI,3538.37,52321.01,1f9367ac-01b0-4c82-83a1-4069d4340667
2023-10-26,2023,10,Q4,IMPS,151.83,18385.13,1f9367ac-01b0-4c82-83a1-4069d4340667
2023-10-26,2023,10,Q4,NFS_ATM_CASH_WITHDRAWAL,95.63,3830.06,1f9367ac-01b0-4c82-83a1-4069d4340667
2023-10-26,2023,10,Q4,UPI,3516.11,53636.83,1f9367ac-01b0-4c82-83a1-4069d4340667
2023-10-27,2023,10,Q4,IMPS,148.56,17897.44,1f9367ac-01b0-4c82-83a1-4069d4340667
2023-10-27,2023,10,Q4,NFS_ATM_CASH_WITHDRAWAL,96.19,3820.5,1f9367ac-01b0-4c82-83a1-4069d4340667
2023-10-27,2023,10,Q4,UPI,3542.75,51883.0,1f9367ac-01b0-4c82-83a1-4069d4340667
2023-10-28,2023,10,Q4,IMPS,143.37,14940.42,1f9367ac-01b0-4c82-83a1-4069d4340667
2023-10-28,2023,10,Q4,NFS_ATM_CASH_WITHDRAWAL,95.08,3796.51,1f9367ac-01b0-4c82-83a1-4069d4340667
2023-10-28,2023,10,Q4,UPI,3510.83,47773.87,1f9367ac-01b0-4c82-83a1-4069d4340667
2023-10-29,2023,10,Q4,IMPS,132.26,10416.29,1f9367ac-01b0-4c82-83a1-4069d4340667
2023-10-29,2023,10,Q4,NFS_ATM_CASH_WITHDRAWAL,91.28,3318.14,1f9367ac-01b0-4c82-83a1-4069d4340667
2023-10-29,2023,10,Q4,UPI,3441.31,39525.24,1f9367ac-01b0-4c82-83a1-4069d4340667
2023-10-30,2023,10,Q4,IMPS,159.53,20945.48,1f9367ac-01b0-4c82-83a1-4069d4340667
2023-10-30,2023,10,Q4,NFS_ATM_CASH_WITHDRAWAL,97.74,4043.63,1f9367ac-01b0-4c82-83a1-4069d4340667
2023-10-30,2023,10,Q4,UPI,3689.75,60412.71,1f9367ac-01b0-4c82-83a1-4069d4340667
2023-10-31,2023,10,Q4,IMPS,176.85,24764.7,1f9367ac-01b0-4c82-83a1-4069d4340667
2023-10-31,2023,10,Q4,NFS_ATM_CASH_WITHDRAWAL,110.92,4909.62,1f9367ac-01b0-4c82-83a1-4069d4340667
2023-10-31,2023,10,Q4,UPI,3806.81,69055.27,1f9367ac-01b0-4c82-83a1-4069d4340667
2023-11-01,2023,11,Q4,IMPS,190.83,25401.44,1f9367ac-01b0-4c82-83a1-4069d4340667
2023-11-01,2023,11,Q4,NFS_ATM_CASH_WITHDRAWAL,125.2,5831.32,1f9367ac-01b0-4c82-83a1-4069d4340667
2023-11-01,2023,11,Q4,UPI,4054.29,75460.87,1f9367ac-01b0-4c82-83a1-4069d4340667
2023-11-02,2023,11,Q4,IMPS,178.21,22452.32,1f9367ac-01b0-4c82-83a1-4069d4340667
2023-11-02,2023,11,Q4,NFS_ATM_CASH_WITHDRAWAL,117.28,5478.2,1f9367ac-01b0-4c82-83a1-4069d4340667
2023-11-02,2023,11,Q4,UPI,3938.85,69440.58,1f9367ac-01b0-4c82-83a1-4069d4340667
2023-11-03,2023,11,Q4,IMPS,172.13,21357.5,1f9367ac-01b0-4c82-83a1-4069d4340667
2023-11-03,2023,11,Q4,NFS_ATM_CASH_WITHDRAWAL,113.04,5169.38,1f9367ac-01b0-4c82-83a1-4069d4340667
2023-11-03,2023,11,Q4,UPI,3901.06,65932.18,1f9367ac-01b0-4c82-83a1-4069d4340667
2023-11-04,2023,11,Q4,IMPS,170.62,21007.13,1f9367ac-01b0-4c82-83a1-4069d4340667
2023-11-04,2023,11,Q4,NFS_ATM_CASH_WITHDRAWAL,117.02,5391.75,1f9367ac-01b0-4c82-83a1-4069d4340667
2023-11-04,2023,11,Q4,UPI,3994.62,67589.37,1f9367ac-01b0-4c82-83a1-4069d4340667
2023-11-05,2023,11,Q4,IMPS,154.87,14021.41,1f9367ac-01b0-4c82-83a1-4069d4340667
2023-11-05,2023,11,Q4,NFS_ATM_CASH_WITHDRAWAL,113.0,4790.32,1f9367ac-01b0-4c82-83a1-4069d4340667
2023-11-05,2023,11,Q4,UPI,3980.92,55497.82,1f9367ac-01b0-4c82-83a1-4069d4340667
2023-11-06,2023,11,Q4,IMPS,174.54,22104.56,1f9367ac-01b0-4c82-83a1-4069d4340667
2023-11-06,2023,11,Q4,NFS_ATM_CASH_WITHDRAWAL,115.57,5249.56,1f9367ac-01b0-4c82-83a1-4069d4340667
2023-11-06,2023,11,Q4,UPI,3887.21,68024.65,1f9367ac-01b0-4c82-83a1-4069d4340667
2023-11-07,2023,11,Q4,IMPS,172.5,21992.04,1f9367ac-01b0-4c82-83a1-4069d4340667
2023-11-07,2023,11,Q4,NFS_ATM_CASH_WITHDRAWAL,120.68,5543.58,1f9367ac-01b0-4c82-83a1-4069d4340667
2023-11-07,2023,11,Q4,UPI,3932.25,68423.73,1f9367ac-01b0-4c82-83a1-4069d4340667
2023-11-08,2023,11,Q4,IMPS,180.92,22440.23,1f9367ac-01b0-4c82-83a1-4069d4340667
2023-11-08,2023,11,Q4,NFS_ATM_CASH_WITHDRAWAL,130.01,6059.3,1f9367ac-01b0-4c82-83a1-4069d4340667
2023-11-08,2023,11,Q4,UPI,4051.05,69096.38,1f9367ac-01b0-4c82-83a1-4069d4340667
2023-11-09,2023,11,Q4,IMPS,182.45,22847.15,1f9367ac-01b0-4c82-83a1-4069d4340667
2023-11-09,2023,11,Q4,NFS_ATM_CASH_WITHDRAWAL,134.69,6335.58,1f9367ac-01b0-4c82-83a1-4069d4340667
2023-11-09,2023,11,Q4,UPI,4077.12,71078.45,1f9367ac-01b0-4c82-83a1-4069d4340667
2023-11-10,2023,11,Q4,IMPS,192.05,22983.84,1f9367ac-01b0-4c82-83a1-4069d4340667
2023-11-10,2023,11,Q4,NFS_ATM_CASH_WITHDRAWAL,153.17,7228.72,1f9367ac-01b0-4c82-83a1-4069d4340667
2023-11-10,2023,11,Q4,UPI,4289.39,75086.84,1f9367ac-01b0-4c82-83a1-4069d4340667
2023-11-11,2023,11,Q4,IMPS,190.87,19159.1,1f9367ac-01b0-4c82-83a1-4069d4340667
2023-11-11,2023,11,Q4,NFS_ATM_CASH_WITHDRAWAL,156.9,7276.07,1f9367ac-01b0-4c82-83a1-4069d4340667
2023-11-11,2023,11,Q4,UPI,4390.4,69374.71,1f9367ac-01b0-4c82-83a1-4069d4340667
2023-11-12,2023,11,Q4,IMPS,153.86,10426.65,1f9367ac-01b0-4c82-83a1-4069d4340667
2023-11-12,2023,11,Q4,NFS_ATM_CASH_WITHDRAWAL,116.82,4673.47,1f9367ac-01b0-4c82-83a1-4069d4340667
2023-11-12,2023,11,Q4,UPI,3935.73,44733.39,1f9367ac-01b0-4c82-83a1-4069d4340667
2023-11-13,2023,11,Q4,IMPS,140.83,12927.6,1f9367ac-01b0-4c82-83a1-4069d4340667
2023-11-13,2023,11,Q4,NFS_ATM_CASH_WITHDRAWAL,95.39,3883.95,1f9367ac-01b0-4c82-83a1-4069d4340667
2023-11-13,2023,11,Q4,UPI,3417.7,47916.85,1f9367ac-01b0-4c82-83a1-4069d4340667
2023-11-14,2023,11,Q4,IMPS,135.8,13393.31,1f9367ac-01b0-4c82-83a1-4069d4340667
2023-11-14,2023,11,Q4,NFS_ATM_CASH_WITHDRAWAL,104.3,4306.36,1f9367ac-01b0-4c82-83a1-4069d4340667
2023-11-14,2023,11,Q4,UPI,3513.04,51371.31,1f9367ac-01b0-4c82-83a1-4069d4340667
2023-11-15,2023,11,Q4,IMPS,138.0,14570.13,1f9367ac-01b0-4c82-83a1-4069d4340667
2023-11-15,2023,11,Q4,NFS_ATM_CASH_WITHDRAWAL,110.07,4425.24,1f9367ac-01b0-4c82-83a1-4069d4340667
2023-11-15,2023,11,Q4,UPI,3550.35,52638.59,1f9367ac-01b0-4c82-83a1-4069d4340667
2023-11-16,2023,11,Q4,IMPS,146.04,15934.32,1f9367ac-01b0-4c82-83a1-4069d4340667
2023-11-16,2023,11,Q4,NFS_ATM_CASH_WITHDRAWAL,104.76,4311.12,1f9367ac-01b0-4c82-83a1-4069d4340667
2023-11-16,2023,11,Q4,UPI,3610.35,55363.84,1f9367ac-01b0-4c82-83a1-4069d4340667
2023-11-17,2023,11,Q4,IMPS,145.33,15590.77,1f9367ac-01b0-4c82-83a1-4069d4340667
2023-11-17,2023,11,Q4,NFS_ATM_CASH_WITHDRAWAL,100.33,4108.48,1f9367ac-01b0-4c82-83a1-4069d4340667
2023-11-17,2023,11,Q4,UPI,3538.43,52204.33,1f9367ac-01b0-4c82-83a1-4069d4340667
2023-11-18,2023,11,Q4,IMPS,142.23,15195.44,1f9367ac-01b0-4c82-83a1-4069d4340667
2023-11-18,2023,11,Q4,NFS_ATM_CASH_WITHDRAWAL,105.19,4300.58,1f9367ac-01b0-4c82-83a1-4069d4340667
2023-11-18,2023,11,Q4,UPI,3633.96,52174.65,1f9367ac-01b0-4c82-83a1-4069d4340667
2023-11-19,2023,11,Q4,IMPS,119.33,9067.77,1f9367ac-01b0-4c82-83a1-4069d4340667
2023-11-19,2023,11,Q4,NFS_ATM_CASH_WITHDRAWAL,90.0,3288.43,1f9367ac-01b0-4c82-83a1-4069d4340667
2023-11-19,2023,11,Q4,UPI,3548.45,38799.93,1f9367ac-01b0-4c82-83a1-4069d4340667
2023-11-20,2023,11,Q4,IMPS,155.29,17353.41,1f9367ac-01b0-4c82-83a1-4069d4340667
2023-11-20,2023,11,Q4,NFS_ATM_CASH_WITHDRAWAL,99.22,4036.4,1f9367ac-01b0-4c82-83a1-4069d4340667
2023-11-20,2023,11,Q4,UPI,3563.24,56077.71,1f9367ac-01b0-4c82-83a1-4069d4340667
2023-11-21,2023,11,Q4,IMPS,152.35,17938.27,1f9367ac-01b0-4c82-83a1-4069d4340667
2023-11-21,2023,11,Q4,NFS_ATM_CASH_WITHDRAWAL,96.36,3915.04,1f9367ac-01b0-4c82-83a1-4069d4340667
2023-11-21,2023,11,Q4,UPI,3558.82,54802.0,1f9367ac-01b0-4c82-83a1-4069d4340667
2023-11-22,2023,11,Q4,IMPS,148.55,18127.63,1f9367ac-01b0-4c82-83a1-4069d4340667
2023-11-22,2023,11,Q4,NFS_ATM_CASH_WITHDRAWAL,97.16,3885.71,1f9367ac-01b0-4c82-83a1-4069d4340667
2023-11-22,2023,11,Q4,UPI,3458.05,53206.86,1f9367ac-01b0-4c82-83a1-4069d4340667
2023-11-23,2023,11,Q4,IMPS,147.14,17828.29,1f9367ac-01b0-4c82-83a1-4069d4340667
2023-11-23,2023,11,Q4,NFS_ATM_CASH_WITHDRAWAL,94.74,3744.2,1f9367ac-01b0-4c82-83a1-4069d4340667
2023-11-23,2023,11,Q4,UPI,3599.83,53380.71,1f9367ac-01b0-4c82-83a1-4069d4340667
2023-11-24,2023,11,Q4,IMPS,151.51,18098.83,1f9367ac-01b0-4c82-83a1-4069d4340667
2023-11-24,2023,11,Q4,NFS_ATM_CASH_WITHDRAWAL,94.0,3753.79,1f9367ac-01b0-4c82-83a1-4069d4340667
2023-11-24,2023,11,Q4,UPI,3546.08,52349.38,1f9367ac-01b0-4c82-83a1-4069d4340667
2023-11-25,2023,11,Q4,IMPS,142.09,14528.04,1f9367ac-01b0-4c82-83a1-4069d4340667
2023-11-25,2023,11,Q4,NFS_ATM_CASH_WITHDRAWAL,96.77,3941.62,1f9367ac-01b0-4c82-83a1-4069d4340667
2023-11-25,2023,11,Q4,UPI,3556.28,49582.93,1f9367ac-01b0-4c82-83a1-4069d4340667
2023-11-26,2023,11,Q4,IMPS,126.36,9820.24,1f9367ac-01b0-4c82-83a1-4069d4340667
2023-11-26,2023,11,Q4,NFS_ATM_CASH_WITHDRAWAL,88.46,3247.17,1f9367ac-01b0-4c82-83a1-4069d4340667
2023-11-26,2023,11,Q4,UPI,3496.56,39662.64,1f9367ac-01b0-4c82-83a1-4069d4340667
2023-11-27,2023,11,Q4,IMPS,145.7,15008.83,1f9367ac-01b0-4c82-83a1-4069d4340667
2023-11-27,2023,11,Q4,NFS_ATM_CASH_WITHDRAWAL,90.05,3543.95,1f9367ac-01b0-4c82-83a1-4069d4340667
2023-11-27,2023,11,Q4,UPI,3448.65,47992.81,1f9367ac-01b0-4c82-83a1-4069d4340667
2023-11-28,2023,11,Q4,IMPS,144.77,18143.52,1f9367ac-01b0-4c82-83a1-4069d4340667
2023-11-28,2023,11,Q4,NFS_ATM_CASH_WITHDRAWAL,92.09,3713.04,1f9367ac-01b0-4c82-83a1-4069d4340667
2023-11-28,2023,11,Q4,UPI,3559.73,53090.91,1f9367ac-01b0-4c82-83a1-4069d4340667
2023-11-29,2023,11,Q4,IMPS,159.47,20808.34,1f9367ac-01b0-4c82-83a1-4069d4340667
2023-11-29,2023,11,Q4,NFS_ATM_CASH_WITHDRAWAL,93.65,3828.93,1f9367ac-01b0-4c82-83a1-4069d4340667
2023-11-29,2023,11,Q4,UPI,3600.39,59642.71,1f9367ac-01b0-4c82-83a1-4069d4340667
2023-11-30,2023,11,Q4,IMPS,169.2,24473.6,1f9367ac-01b0-4c82-83a1-4069d4340667
2023-11-30,2023,11,Q4,NFS_ATM_CASH_WITHDRAWAL,101.37,4498.96,1f9367ac-01b0-4c82-83a1-4069d4340667
2023-11-30,2023,11,Q4,UPI,3720.12,69743.48,1f9367ac-01b0-4c82-83a1-4069d4340667
2023-12-01,2023,12,Q4,IMPS,184.44,24693.42,1f9367ac-01b0-4c82-83a1-4069d4340667
2023-12-01,2023,12,Q4,NFS_ATM_CASH_WITHDRAWAL,116.52,5482.84,1f9367ac-01b0-4c82-83a1-4069d4340667
2023-12-01,2023,12,Q4,UPI,4062.79,73567.26,1f9367ac-01b0-4c82-83a1-4069d4340667
2023-12-02,2023,12,Q4,IMPS,181.69,21853.83,1f9367ac-01b0-4c82-83a1-4069d4340667
2023-12-02,2023,12,Q4,NFS_ATM_CASH_WITHDRAWAL,120.44,5674.75,1f9367ac-01b0-4c82-83a1-4069d4340667
2023-12-02,2023,12,Q4,UPI,4078.53,70237.35,1f9367ac-01b0-4c82-83a1-4069d4340667
2023-12-03,2023,12,Q4,IMPS,150.68,14372.35,1f9367ac-01b0-4c82-83a1-4069d4340667
2023-12-03,2023,12,Q4,NFS_ATM_CASH_WITHDRAWAL,103.21,4340.78,1f9367ac-01b0-4c82-83a1-4069d4340667
2023-12-03,2023,12,Q4,UPI,3870.94,51728.44,1f9367ac-01b0-4c82-83a1-4069d4340667
2023-12-04,2023,12,Q4,IMPS,177.75,22310.03,1f9367ac-01b0-4c82-83a1-4069d4340667
2023-12-04,2023,12,Q4,NFS_ATM_CASH_WITHDRAWAL,105.74,4780.0,1f9367ac-01b0-4c82-83a1-4069d4340667
2023-12-04,2023,12,Q4,UPI,3817.63,68763.3,1f9367ac-01b0-4c82-83a1-4069d4340667
2023-12-05,2023,12,Q4,IMPS,173.79,21424.92,1f9367ac-01b0-4c82-83a1-4069d4340667
2023-12-05,2023,12,Q4,NFS_ATM_CASH_WITHDRAWAL,107.34,4800.37,1f9367ac-01b0-4c82-83a1-4069d4340667
2023-12-05,2023,12,Q4,UPI,3854.49,68578.17,1f9367ac-01b0-4c82-83a1-4069d4340667
2023-12-06,2023,12,Q4,IMPS,167.14,20930.15,1f9367ac-01b0-4c82-83a1-4069d4340667
2023-12-06,2023,12,Q4,NFS_ATM_CASH_WITHDRAWAL,109.46,4875.0,1f9367ac-01b0-4c82-83a1-4069d4340667
2023-12-06,2023,12,Q4,UPI,3838.05,64625.98,1f9367ac-01b0-4c82-83a1-4069d4340667
2023-12-07,2023,12,Q4,IMPS,168.19,20745.21,1f9367ac-01b0-4c82-83a1-4069d4340667
2023-12-07,2023,12,Q4,NFS_ATM_CASH_WITHDRAWAL,108.97,4854.86,1f9367ac-01b0-4c82-83a1-4069d4340667
2023-12-07,2023,12,Q4,UPI,3839.53,63698.48,1f9367ac-01b0-4c82-83a1-4069d4340667
2023-12-08,2023,12,Q4,IMPS,169.19,20195.74,1f9367ac-01b0-4c82-83a1-4069d4340667
2023-12-08,2023,12,Q4,NFS_ATM_CASH_WITHDRAWAL,118.95,5333.98,1f9367ac-01b0-4c82-83a1-4069d4340667
2023-12-08,2023,12,Q4,UPI,3982.6,63578.4,1f9367ac-01b0-4c82-83a1-4069d4340667
2023-12-09,2023,12,Q4,IMPS,162.43,17340.3,1f9367ac-01b0-4c82-83a1-4069d4340667
2023-12-09,2023,12,Q4,NFS_ATM_CASH_WITHDRAWAL,116.64,5205.43,1f9367ac-01b0-4c82-83a1-4069d4340667
2023-12-09,2023,12,Q4,UPI,3991.36,59877.09,1f9367ac-01b0-4c82-83a1-4069d4340667
2023-12-10,2023,12,Q4,IMPS,154.5,12521.27,1f9367ac-01b0-4c82-83a1-4069d4340667
2023-12-10,2023,12,Q4,NFS_ATM_CASH_WITHDRAWAL,108.4,4411.36,1f9367ac-01b0-4c82-83a1-4069d4340667
2023-12-10,2023,12,Q4,UPI,3917.03,49895.18,1f9367ac-01b0-4c82-83a1-4069d4340667
2023-12-11,2023,12,Q4,IMPS,171.76,21037.59,1f9367ac-01b0-4c82-83a1-4069d4340667
2023-12-11,2023,12,Q4,NFS_ATM_CASH_WITHDRAWAL,113.05,4981.34,1f9367ac-01b0-4c82-83a1-4069d4340667
2023-12-11,2023,12,Q4,UPI,3910.92,65689.66,1f9367ac-01b0-4c82-83a1-4069d4340667
2023-12-12,2023,12,Q4,IMPS,169.68,20320.57,1f9367ac-01b0-4c82-83a1-4069d4340667
2023-12-12,2023,12,Q4,NFS_ATM_CASH_WITHDRAWAL,111.24,4858.92,1f9367ac-01b0-4c82-83a1-4069d4340667
2023-12-12,2023,12,Q4,UPI,3956.49,62987.05,1f9367ac-01b0-4c82-83a1-4069d4340667
2023-12-13,2023,12,Q4,IMPS,169.46,19641.16,1f9367ac-01b0-4c82-83a1-4069d4340667
2023-12-13,2023,12,Q4,NFS_ATM_CASH_WITHDRAWAL,109.05,4697.06,1f9367ac-01b0-4c82-83a1-4069d4340667
2023-12-13,2023,12,Q4,UPI,3912.56,61418.12,1f9367ac-01b0-4c82-83a1-4069d4340667
2023-12-14,2023,12,Q4,IMPS,157.39,19033.51,1f9367ac-01b0-4c82-83a1-4069d4340667
2023-12-14,2023,12,Q4,NFS_ATM_CASH_WITHDRAWAL,103.0,4368.33,1f9367ac-01b0-4c82-83a1-4069d4340667
2023-12-14,2023,12,Q4,UPI,3875.95,59486.48,1f9367ac-01b0-4c82-83a1-4069d4340667
2023-12-15,2023,12,Q4,IMPS,162.29,18831.28,1f9367ac-01b0-4c82-83a1-4069d4340667
2023-12-15,2023,12,Q4,NFS_ATM_CASH_WITHDRAWAL,104.03,4298.6,1f9367ac-01b0-4c82-83a1-4069d4340667
2023-12-15,2023,12,Q4,UPI,3842.54,58430.66,1f9367ac-01b0-4c82-83a1-4069d4340667
2023-12-16,2023,12,Q4,IMPS,155.71,16352.46,1f9367ac-01b0-4c82-83a1-4069d4340667
2023-12-16,2023,12,Q4,NFS_ATM_CASH_WITHDRAWAL,104.23,4307.05,1f9367ac-01b0-4c82-83a1-4069d4340667
2023-12-16,2023,12,Q4,UPI,3890.45,55199.4,1f9367ac-01b0-4c82-83a1-4069d4340667
2023-12-17,2023,12,Q4,IMPS,141.67,10618.64,1f9367ac-01b0-4c82-83a1-4069d4340667
2023-12-17,2023,12,Q4,NFS_ATM_CASH_WITHDRAWAL,97.15,3648.28,1f9367ac-01b0-4c82-83a1-4069d4340667
2023-12-17,2023,12,Q4,UPI,3836.85,43870.34,1f9367ac-01b0-4c82-83a1-4069d4340667
2023-12-18,2023,12,Q4,IMPS,157.69,18402.16,1f9367ac-01b0-4c82-83a1-4069d4340667
2023-12-18,2023,12,Q4,NFS_ATM_CASH_WITHDRAWAL,98.54,4034.8,1f9367ac-01b0-4c82-83a1-4069d4340667
2023-12-18,2023,12,Q4,UPI,3826.35,58406.97,1f9367ac-01b0-4c82-83a1-4069d4340667
2023-12-19,2023,12,Q4,IMPS,156.42,18247.89,1f9367ac-01b0-4c82-83a1-4069d4340667
2023-12-19,2023,12,Q4,NFS_ATM_CASH_WITHDRAWAL,95.89,3911.28,1f9367ac-01b0-4c82-83a1-4069d4340667
2023-12-19,2023,12,Q4,UPI,3809.83,56788.0,1f9367ac-01b0-4c82-83a1-4069d4340667
2023-12-20,2023,12,Q4,IMPS,162.35,19273.93,1f9367ac-01b0-4c82-83a1-4069d4340667
2023-12-20,2023,12,Q4,NFS_ATM_CASH_WITHDRAWAL,98.3,4018.95,1f9367ac-01b0-4c82-83a1-4069d4340667
2023-12-20,2023,12,Q4,UPI,3888.88,60562.68,1f9367ac-01b0-4c82-83a1-4069d4340667
2023-12-21,2023,12,Q4,IMPS,156.74,18593.07,1f9367ac-01b0-4c82-83a1-4069d4340667
2023-12-21,2023,12,Q4,NFS_ATM_CASH_WITHDRAWAL,94.16,3819.36,1f9367ac-01b0-4c82-83a1-4069d4340667
2023-12-21,2023,12,Q4,UPI,3883.29,57778.84,1f9367ac-01b0-4c82-83a1-4069d4340667
2023-12-22,2023,12,Q4,IMPS,157.47,18841.57,1f9367ac-01b0-4c82-83a1-4069d4340667
2023-12-22,2023,12,Q4,NFS_ATM_CASH_WITHDRAWAL,98.11,3960.18,1f9367ac-01b0-4c82-83a1-4069d4340667
2023-12-22,2023,12,Q4,UPI,3885.54,56458.87,1f9367ac-01b0-4c82-83a1-4069d4340667
2023-12-23,2023,12,Q4,IMPS,151.25,15292.43,1f9367ac-01b0-4c82-83a1-4069d4340667
2023-12-23,2023,12,Q4,NFS_ATM_CASH_WITHDRAWAL,101.4,4123.12,1f9367ac-01b0-4c82-83a1-4069d4340667
2023-12-23,2023,12,Q4,UPI,3821.26,52084.16,1f9367ac-01b0-4c82-83a1-4069d4340667
2023-12-24,2023,12,Q4,IMPS,133.84,10037.15,1f9367ac-01b0-4c82-83a1-4069d4340667
2023-12-24,2023,12,Q4,NFS_ATM_CASH_WITHDRAWAL,93.38,3425.53,1f9367ac-01b0-4c82-83a1-4069d4340667
2023-12-24,2023,12,Q4,UPI,3742.03,42244.26,1f9367ac-01b0-4c82-83a1-4069d4340667
2023-12-25,2023,12,Q4,IMPS,137.52,12326.25,1f9367ac-01b0-4c82-83a1-4069d4340667
2023-12-25,2023,12,Q4,NFS_ATM_CASH_WITHDRAWAL,86.85,3306.34,1f9367ac-01b0-4c82-83a1-4069d4340667
2023-12-25,2023,12,Q4,UPI,3657.93,45953.24,1f9367ac-01b0-4c82-83a1-4069d4340667
2023-12-26,2023,12,Q4,IMPS,155.11,19066.74,1f9367ac-01b0-4c82-83a1-4069d4340667
2023-12-26,2023,12,Q4,NFS_ATM_CASH_WITHDRAWAL,92.04,3710.78,1f9367ac-01b0-4c82-83a1-4069d4340667
2023-12-26,2023,12,Q4,UPI,3727.08,55758.73,1f9367ac-01b0-4c82-83a1-4069d4340667
2023-12-27,2023,12,Q4,IMPS,158.35,19423.19,1f9367ac-01b0-4c82-83a1-4069d4340667
2023-12-27,2023,12,Q4,NFS_ATM_CASH_WITHDRAWAL,94.73,3864.93,1f9367ac-01b0-4c82-83a1-4069d4340667
2023-12-27,2023,12,Q4,UPI,3741.96,56459.53,1f9367ac-01b0-4c82-83a1-4069d4340667
2023-12-28,2023,12,Q4,IMPS,157.47,19951.04,1f9367ac-01b0-4c82-83a1-4069d4340667
2023-12-28,2023,12,Q4,NFS_ATM_CASH_WITHDRAWAL,91.94,3770.7,1f9367ac-01b0-4c82-83a1-4069d4340667
2023-12-28,2023,12,Q4,UPI,3719.0,57227.27,1f9367ac-01b0-4c82-83a1-4069d4340667
2023-12-29,2023,12,Q4,IMPS,162.94,21955.71,1f9367ac-01b0-4c82-83a1-4069d4340667
2023-12-29,2023,12,Q4,NFS_ATM_CASH_WITHDRAWAL,98.72,4210.73,1f9367ac-01b0-4c82-83a1-4069d4340667
2023-12-29,2023,12,Q4,UPI,3812.46,61351.22,1f9367ac-01b0-4c82-83a1-4069d4340667
2023-12-30,2023,12,Q4,IMPS,168.72,21871.65,1f9367ac-01b0-4c82-83a1-4069d4340667
2023-12-30,2023,12,Q4,NFS_ATM_CASH_WITHDRAWAL,109.59,4874.37,1f9367ac-01b0-4c82-83a1-4069d4340667
2023-12-30,2023,12,Q4,UPI,3997.55,66002.11,1f9367ac-01b0-4c82-83a1-4069d4340667
2023-12-31,2023,12,Q4,IMPS,154.3,14620.86,1f9367ac-01b0-4c82-83a1-4069d4340667
2023-12-31,2023,12,Q4,NFS_ATM_CASH_WITHDRAWAL,111.77,4422.07,1f9367ac-01b0-4c82-83a1-4069d4340667
2023-12-31,2023,12,Q4,UPI,4210.39,54242.21,1f9367ac-01b0-4c82-83a1-4069d4340667
2024-01-01,2024,1,Q1,IMPS,169.95,19258.13,1f9367ac-01b0-4c82-83a1-4069d4340667
2024-01-01,2024,1,Q1,NFS_ATM_CASH_WITHDRAWAL,103.91,4368.89,1f9367ac-01b0-4c82-83a1-4069d4340667
2024-01-01,2024,1,Q1,UPI,4057.51,61548.14,1f9367ac-01b0-4c82-83a1-4069d4340667
2024-01-02,2024,1,Q1,IMPS,181.49,22827.85,1f9367ac-01b0-4c82-83a1-4069d4340667
2024-01-02,2024,1,Q1,NFS_ATM_CASH_WITHDRAWAL,112.62,5144.54,1f9367ac-01b0-4c82-83a1-4069d4340667
2024-01-02,2024,1,Q1,UPI,4071.45,70893.83,1f9367ac-01b0-4c82-83a1-4069d4340667
2024-01-03,2024,1,Q1,IMPS,178.7,22356.2,1f9367ac-01b0-4c82-83a1-4069d4340667
2024-01-03,2024,1,Q1,NFS_ATM_CASH_WITHDRAWAL,111.18,5045.3,1f9367ac-01b0-4c82-83a1-4069d4340667
2024-01-03,2024,1,Q1,UPI,4058.37,69042.32,1f9367ac-01b0-4c82-83a1-4069d4340667
2024-01-04,2024,1,Q1,IMPS,177.78,22156.78,1f9367ac-01b0-4c82-83a1-4069d4340667
2024-01-04,2024,1,Q1,NFS_ATM_CASH_WITHDRAWAL,106.08,4769.38,1f9367ac-01b0-4c82-83a1-4069d4340667
2024-01-04,2024,1,Q1,UPI,3982.87,69677.0,1f9367ac-01b0-4c82-83a1-4069d4340667
2024-01-05,2024,1,Q1,IMPS,175.95,21327.32,1f9367ac-01b0-4c82-83a1-4069d4340667
2024-01-05,2024,1,Q1,NFS_ATM_CASH_WITHDRAWAL,107.06,4781.15,1f9367ac-01b0-4c82-83a1-4069d4340667
2024-01-05,2024,1,Q1,UPI,4022.71,67340.71,1f9367ac-01b0-4c82-83a1-4069d4340667
2024-01-06,2024,1,Q1,IMPS,173.89,20041.37,1f9367ac-01b0-4c82-83a1-4069d4340667
2024-01-06,2024,1,Q1,NFS_ATM_CASH_WITHDRAWAL,114.36,5200.8,1f9367ac-01b0-4c82-83a1-4069d4340667
2024-01-06,2024,1,Q1,UPI,4101.97,66487.01,1f9367ac-01b0-4c82-83a1-4069d4340667
2024-01-07,2024,1,Q1,IMPS,147.24,11537.51,1f9367ac-01b0-4c82-83a1-4069d4340667
2024-01-07,2024,1,Q1,NFS_ATM_CASH_WITHDRAWAL,109.38,4592.88,1f9367ac-01b0-4c82-83a1-4069d4340667
2024-01-07,2024,1,Q1,UPI,4021.28,53625.61,1f9367ac-01b0-4c82-83a1-4069d4340667
2024-01-08,2024,1,Q1,IMPS,176.44,21361.66,1f9367ac-01b0-4c82-83a1-4069d4340667
2024-01-08,2024,1,Q1,NFS_ATM_CASH_WITHDRAWAL,110.46,4959.21,1f9367ac-01b0-4c82-83a1-4069d4340667
2024-01-08,2024,1,Q1,UPI,4057.77,70844.31,1f9367ac-01b0-4c82-83a1-4069d4340667
2024-01-09,2024,1,Q1,IMPS,173.49,20752.34,1f9367ac-01b0-4c82-83a1-4069d4340667
2024-01-09,2024,1,Q1,NFS_ATM_CASH_WITHDRAWAL,110.66,4962.03,1f9367ac-01b0-4c82-83a1-4069d4340667
2024-01-09,2024,1,Q1,UPI,4005.45,66881.19,1f9367ac-01b0-4c82-83a1-4069d4340667
2024-01-10,2024,1,Q1,IMPS,180.49,21211.84,1f9367ac-01b0-4c82-83a1-4069d4340667
2024-01-10,2024,1,Q1,NFS_ATM_CASH_WITHDRAWAL,120.02,5325.69,1f9367ac-01b0-4c82-83a1-4069d4340667
2024-01-10,2024,1,Q1,UPI,4126.03,69096.76,1f9367ac-01b0-4c82-83a1-4069d4340667
2024-01-11,2024,1,Q1,IMPS,175.1,20089.86,1f9367ac-01b0-4c82-83a1-4069d4340667
2024-01-11,2024,1,Q1,NFS_ATM_CASH_WITHDRAWAL,115.31,5022.33,1f9367ac-01b0-4c82-83a1-4069d4340667
2024-01-11,2024,1,Q1,UPI,4130.81,64802.51,1f9367ac-01b0-4c82-83a1-4069d4340667
2024-01-12,2024,1,Q1,IMPS,172.69,19552.04,1f9367ac-01b0-4c82-83a1-4069d4340667
2024-01-12,2024,1,Q1,NFS_ATM_CASH_WITHDRAWAL,115.47,5043.41,1f9367ac-01b0-4c82-83a1-4069d4340667
2024-01-12,2024,1,Q1,UPI,4128.73,62936.8,1f9367ac-01b0-4c82-83a1-4069d4340667
2024-01-13,2024,1,Q1,IMPS,176.23,16589.58,1f9367ac-01b0-4c82-83a1-4069d4340667
2024-01-13,2024,1,Q1,NFS_ATM_CASH_WITHDRAWAL,118.62,5169.04,1f9367ac-01b0-4c82-83a1-4069d4340667
2024-01-13,2024,1,Q1,UPI,4150.52,58622.32,1f9367ac-01b0-4c82-83a1-4069d4340667
2024-01-14,2024,1,Q1,IMPS,146.12,10566.4,1f9367ac-01b0-4c82-83a1-4069d4340667
2024-01-14,2024,1,Q1,NFS_ATM_CASH_WITHDRAWAL,102.2,4010.26,1f9367ac-01b0-4c82-83a1-4069d4340667
2024-01-14,2024,1,Q1,UPI,3970.21,45798.47,1f9367ac-01b0-4c82-83a1-4069d4340667
2024-01-15,2024,1,Q1,IMPS,153.77,15845.36,1f9367ac-01b0-4c82-83a1-4069d4340667
2024-01-15,2024,1,Q1,NFS_ATM_CASH_WITHDRAWAL,93.58,3805.97,1f9367ac-01b0-4c82-83a1-4069d4340667
2024-01-15,2024,1,Q1,UPI,3715.69,52989.31,1f9367ac-01b0-4c82-83a1-4069d4340667
2024-01-16,2024,1,Q1,IMPS,155.87,17149.9,1f9367ac-01b0-4c82-83a1-4069d4340667
2024-01-16,2024,1,Q1,NFS_ATM_CASH_WITHDRAWAL,94.74,3925.61,1f9367ac-01b0-4c82-83a1-4069d4340667
2024-01-16,2024,1,Q1,UPI,3751.05,54848.9,1f9367ac-01b0-4c82-83a1-4069d4340667
2024-01-17,2024,1,Q1,IMPS,158.25,18012.08,1f9367ac-01b0-4c82-83a1-4069d4340667
2024-01-17,2024,1,Q1,NFS_ATM_CASH_WITHDRAWAL,97.67,3966.69,1f9367ac-01b0-4c82-83a1-4069d4340667
2024-01-17,2024,1,Q1,UPI,3860.14,57865.64,1f9367ac-01b0-4c82-83a1-4069d4340667
2024-01-18,2024,1,Q1,IMPS,158.58,17916.76,1f9367ac-01b0-4c82-83a1-4069d4340667
2024-01-18,2024,1,Q1,NFS_ATM_CASH_WITHDRAWAL,94.94,3932.07,1f9367ac-01b0-4c82-83a1-4069d4340667
2024-01-18,2024,1,Q1,UPI,3776.33,57744.14,1f9367ac-01b0-4c82-83a1-4069d4340667
2024-01-19,2024,1,Q1,IMPS,159.35,18232.81,1f9367ac-01b0-4c82-83a1-4069d4340667
2024-01-19,2024,1,Q1,NFS_ATM_CASH_WITHDRAWAL,94.35,3894.49,1f9367ac-01b0-4c82-83a1-4069d4340667
2024-01-19,2024,1,Q1,UPI,3889.88,57190.9,1f9367ac-01b0-4c82-83a1-4069d4340667
2024-01-20,2024,1,Q1,IMPS,160.11,17702.54,1f9367ac-01b0-4c82-83a1-4069d4340667
2024-01-20,2024,1,Q1,NFS_ATM_CASH_WITHDRAWAL,99.75,4154.57,1f9367ac-01b0-4c82-83a1-4069d4340667
2024-01-20,2024,1,Q1,UPI,3961.25,58896.19,1f9367ac-01b0-4c82-83a1-4069d4340667
2024-01-21,2024,1,Q1,IMPS,141.71,10686.73,1f9367ac-01b0-4c82-83a1-4069d4340667
2024-01-21,2024,1,Q1,NFS_ATM_CASH_WITHDRAWAL,91.26,3394.69,1f9367ac-01b0-4c82-83a1-4069d4340667
2024-01-21,2024,1,Q1,UPI,3828.63,43723.18,1f9367ac-01b0-4c82-83a1-4069d4340667
2024-01-22,2024,1,Q1,IMPS,141.92,14109.5,1f9367ac-01b0-4c82-83a1-4069d4340667
2024-01-22,2024,1,Q1,NFS_ATM_CASH_WITHDRAWAL,81.98,3184.33,1f9367ac-01b0-4c82-83a1-4069d4340667
2024-01-22,2024,1,Q1,UPI,3558.49,45700.49,1f9367ac-01b0-4c82-83a1-4069d4340667
2024-01-23,2024,1,Q1,IMPS,159.36,18990.88,1f9367ac-01b0-4c82-83a1-4069d4340667
2024-01-23,2024,1,Q1,NFS_ATM_CASH_WITHDRAWAL,90.92,3694.62,1f9367ac-01b0-4c82-83a1-4069d4340667
2024-01-23,2024,1,Q1,UPI,3807.01,58416.14,1f9367ac-01b0-4c82-83a1-4069d4340667
2024-01-24,2024,1,Q1,IMPS,162.51,19577.54,1f9367ac-01b0-4c82-83a1-4069d4340667
2024-01-24,2024,1,Q1,NFS_ATM_CASH_WITHDRAWAL,93.52,3803.04,1f9367ac-01b0-4c82-83a1-4069d4340667
2024-01-24,2024,1,Q1,UPI,3897.97,58701.3,1f9367ac-01b0-4c82-83a1-4069d4340667
2024-01-25,2024,1,Q1,IMPS,163.45,19802.15,1f9367ac-01b0-4c82-83a1-4069d4340667
2024-01-25,2024,1,Q1,NFS_ATM_CASH_WITHDRAWAL,95.77,3948.06,1f9367ac-01b0-4c82-83a1-4069d4340667
2024-01-25,2024,1,Q1,UPI,3906.37,59174.51,1f9367ac-01b0-4c82-83a1-4069d4340667
2024-01-26,2024,1,Q1,IMPS,144.57,12514.31,1f9367ac-01b0-4c82-83a1-4069d4340667
2024-01-26,2024,1,Q1,NFS_ATM_CASH_WITHDRAWAL,85.37,3302.97,1f9367ac-01b0-4c82-83a1-4069d4340667
2024-01-26,2024,1,Q1,UPI,3728.82,44870.49,1f9367ac-01b0-4c82-83a1-4069d4340667
2024-01-27,2024,1,Q1,IMPS,152.7,14631.55,1f9367ac-01b0-4c82-83a1-4069d4340667
2024-01-27,2024,1,Q1,NFS_ATM_CASH_WITHDRAWAL,91.8,3751.14,1f9367ac-01b0-4c82-83a1-4069d4340667
2024-01-27,2024,1,Q1,UPI,3814.49,49962.28,1f9367ac-01b0-4c82-83a1-4069d4340667
2024-01-28,2024,1,Q1,IMPS,135.52,10281.86,1f9367ac-01b0-4c82-83a1-4069d4340667
2024-01-28,2024,1,Q1,NFS_ATM_CASH_WITHDRAWAL,85.4,3129.2,1f9367ac-01b0-4c82-83a1-4069d4340667
2024-01-28,2024,1,Q1,UPI,3743.14,41338.49,1f9367ac-01b0-4c82-83a1-4069d4340667
2024-01-29,2024,1,Q1,IMPS,172.61,21306.86,1f9367ac-01b0-4c82-83a1-4069d4340667
2024-01-29,2024,1,Q1,NFS_ATM_CASH_WITHDRAWAL,92.76,3876.93,1f9367ac-01b0-4c82-83a1-4069d4340667
2024-01-29,2024,1,Q1,UPI,3878.1,61721.4,1f9367ac-01b0-4c82-83a1-4069d4340667
2024-01-30,2024,1,Q1,IMPS,171.31,22621.62,1f9367ac-01b0-4c82-83a1-4069d4340667
2024-01-30,2024,1,Q1,NFS_ATM_CASH_WITHDRAWAL,91.73,3862.5,1f9367ac-01b0-4c82-83a1-4069d4340667
2024-01-30,2024,1,Q1,UPI,3883.08,63398.15,1f9367ac-01b0-4c82-83a1-4069d4340667
2024-01-31,2024,1,Q1,IMPS,190.77,27298.39,1f9367ac-01b0-4c82-83a1-4069d4340667
2024-01-31,2024,1,Q1,NFS_ATM_CASH_WITHDRAWAL,104.43,4727.55,1f9367ac-01b0-4c82-83a1-4069d4340667
2024-01-31,2024,1,Q1,UPI,4144.06,76945.48,1f9367ac-01b0-4c82-83a1-4069d4340667
2024-02-01,2024,2,Q1,IMPS,205.81,27463.99,1f9367ac-01b0-4c82-83a1-4069d4340667
2024-02-01,2024,2,Q1,NFS_ATM_CASH_WITHDRAWAL,115.5,5497.44,1f9367ac-01b0-4c82-83a1-4069d4340667
2024-02-01,2024,2,Q1,UPI,4318.59,82028.29,1f9367ac-01b0-4c82-83a1-4069d4340667
2024-02-02,2024,2,Q1,IMPS,196.3,23699.21,1f9367ac-01b0-4c82-83a1-4069d4340667
2024-02-02,2024,2,Q1,NFS_ATM_CASH_WITHDRAWAL,115.34,5400.73,1f9367ac-01b0-4c82-83a1-4069d4340667
2024-02-02,2024,2,Q1,UPI,4334.91,73617.61,1f9367ac-01b0-4c82-83a1-4069d4340667
2024-02-03,2024,2,Q1,IMPS,189.68,21461.26,1f9367ac-01b0-4c82-83a1-4069d4340667
2024-02-03,2024,2,Q1,NFS_ATM_CASH_WITHDRAWAL,114.54,5323.14,1f9367ac-01b0-4c82-83a1-4069d4340667
2024-02-03,2024,2,Q1,UPI,4311.46,70136.81,1f9367ac-01b0-4c82-83a1-4069d4340667
2024-02-04,2024,2,Q1,IMPS,173.34,15234.63,1f9367ac-01b0-4c82-83a1-4069d4340667
2024-02-04,2024,2,Q1,NFS_ATM_CASH_WITHDRAWAL,105.49,4402.56,1f9367ac-01b0-4c82-83a1-4069d4340667
2024-02-04,2024,2,Q1,UPI,4193.76,58023.37,1f9367ac-01b0-4c82-83a1-4069d4340667
2024-02-05,2024,2,Q1,IMPS,198.14,23945.2,1f9367ac-01b0-4c82-83a1-4069d4340667
2024-02-05,2024,2,Q1,NFS_ATM_CASH_WITHDRAWAL,110.34,5015.31,1f9367ac-01b0-4c82-83a1-4069d4340667
2024-02-05,2024,2,Q1,UPI,4304.28,77049.21,1f9367ac-01b0-4c82-83a1-4069d4340667
2024-02-06,2024,2,Q1,IMPS,191.83,22418.95,1f9367ac-01b0-4c82-83a1-4069d4340667
2024-02-06,2024,2,Q1,NFS_ATM_CASH_WITHDRAWAL,110.9,4949.05,1f9367ac-01b0-4c82-83a1-4069d4340667
2024-02-06,2024,2,Q1,UPI,4030.23,66834.78,1f9367ac-01b0-4c82-83a1-4069d4340667
2024-02-07,2024,2,Q1,IMPS,196.08,22857.1,1f9367ac-01b0-4c82-83a1-4069d4340667
2024-02-07,2024,2,Q1,NFS_ATM_CASH_WITHDRAWAL,115.93,5274.17,1f9367ac-01b0-4c82-83a1-4069d4340667
2024-02-07,2024,2,Q1,UPI,4369.19,72935.74,1f9367ac-01b0-4c82-83a1-4069d4340667
2024-02-08,2024,2,Q1,IMPS,188.79,21519.74,1f9367ac-01b0-4c82-83a1-4069d4340667
2024-02-08,2024,2,Q1,NFS_ATM_CASH_WITHDRAWAL,116.51,5309.21,1f9367ac-01b0-4c82-83a1-4069d4340667
2024-02-08,2024,2,Q1,UPI,4315.24,69704.87,1f9367ac-01b0-4c82-83a1-4069d4340667
2024-02-09,2024,2,Q1,IMPS,189.92,21444.61,1f9367ac-01b0-4c82-83a1-4069d4340667
2024-02-09,2024,2,Q1,NFS_ATM_CASH_WITHDRAWAL,115.44,5188.06,1f9367ac-01b0-4c82-83a1-4069d4340667
2024-02-09,2024,2,Q1,UPI,4329.59,67472.51,1f9367ac-01b0-4c82-83a1-4069d4340667
2024-02-10,2024,2,Q1,IMPS,185.72,18195.74,1f9367ac-01b0-4c82-83a1-4069d4340667
2024-02-10,2024,2,Q1,NFS_ATM_CASH_WITHDRAWAL,120.19,5442.69,1f9367ac-01b0-4c82-83a1-4069d4340667
2024-02-10,2024,2,Q1,UPI,4377.3,64841.39,1f9367ac-01b0-4c82-83a1-4069d4340667
2024-02-11,2024,2,Q1,IMPS,168.16,12220.22,1f9367ac-01b0-4c82-83a1-4069d4340667
2024-02-11,2024,2,Q1,NFS_ATM_CASH_WITHDRAWAL,107.72,4364.34,1f9367ac-01b0-4c82-83a1-4069d4340667
2024-02-11,2024,2,Q1,UPI,4232.39,50719.39,1f9367ac-01b0-4c82-83a1-4069d4340667
2024-02-12,2024,2,Q1,IMPS,189.34,22075.24,1f9367ac-01b0-4c82-83a1-4069d4340667
2024-02-12,2024,2,Q1,NFS_ATM_CASH_WITHDRAWAL,112.01,4949.21,1f9367ac-01b0-4c82-83a1-4069d4340667
2024-02-12,2024,2,Q1,UPI,4263.37,69413.98,1f9367ac-01b0-4c82-83a1-4069d4340667
2024-02-13,2024,2,Q1,IMPS,183.91,20269.67,1f9367ac-01b0-4c82-83a1-4069d4340667
2024-02-13,2024,2,Q1,NFS_ATM_CASH_WITHDRAWAL,108.98,4723.74,1f9367ac-01b0-4c82-83a1-4069d4340667
2024-02-13,2024,2,Q1,UPI,4197.7,64168.37,1f9367ac-01b0-4c82-83a1-4069d4340667
2024-02-14,2024,2,Q1,IMPS,187.35,19298.82,1f9367ac-01b0-4c82-83a1-4069d4340667
2024-02-14,2024,2,Q1,NFS_ATM_CASH_WITHDRAWAL,105.04,4458.54,1f9367ac-01b0-4c82-83a1-4069d4340667
2024-02-14,2024,2,Q1,UPI,4206.21,62262.76,1f9367ac-01b0-4c82-83a1-4069d4340667
2024-02-15,2024,2,Q1,IMPS,191.49,19828.97,1f9367ac-01b0-4c82-83a1-4069d4340667
2024-02-15,2024,2,Q1,NFS_ATM_CASH_WITHDRAWAL,107.12,4525.01,1f9367ac-01b0-4c82-83a1-4069d4340667
2024-02-15,2024,2,Q1,UPI,4200.45,64067.86,1f9367ac-01b0-4c82-83a1-4069d4340667
2024-02-16,2024,2,Q1,IMPS,189.35,18470.24,1f9367ac-01b0-4c82-83a1-4069d4340667
2024-02-16,2024,2,Q1,NFS_ATM_CASH_WITHDRAWAL,101.89,4225.38,1f9367ac-01b0-4c82-83a1-4069d4340667
2024-02-16,2024,2,Q1,UPI,4099.75,58708.44,1f9367ac-01b0-4c82-83a1-4069d4340667
2024-02-17,2024,2,Q1,IMPS,181.38,17034.17,1f9367ac-01b0-4c82-83a1-4069d4340667
2024-02-17,2024,2,Q1,NFS_ATM_CASH_WITHDRAWAL,105.45,4373.87,1f9367ac-01b0-4c82-83a1-4069d4340667
2024-02-17,2024,2,Q1,UPI,4045.74,56296.73,1f9367ac-01b0-4c82-83a1-4069d4340667
2024-02-18,2024,2,Q1,IMPS,165.48,10577.52,1f9367ac-01b0-4c82-83a1-4069d4340667
2024-02-18,2024,2,Q1,NFS_ATM_CASH_WITHDRAWAL,98.8,3711.83,1f9367ac-01b0-4c82-83a1-4069d4340667
2024-02-18,2024,2,Q1,UPI,4074.49,45970.13,1f9367ac-01b0-4c82-83a1-4069d4340667
2024-02-19,2024,2,Q1,IMPS,177.91,18343.25,1f9367ac-01b0-4c82-83a1-4069d4340667
2024-02-19,2024,2,Q1,NFS_ATM_CASH_WITHDRAWAL,96.96,3971.72,1f9367ac-01b0-4c82-83a1-4069d4340667
2024-02-19,2024,2,Q1,UPI,4069.78,59833.37,1f9367ac-01b0-4c82-83a1-4069d4340667
2024-02-20,2024,2,Q1,IMPS,183.27,19746.55,1f9367ac-01b0-4c82-83a1-4069d4340667
2024-02-20,2024,2,Q1,NFS_ATM_CASH_WITHDRAWAL,97.35,4016.74,1f9367ac-01b0-4c82-83a1-4069d4340667
2024-02-20,2024,2,Q1,UPI,4105.95,61793.87,1f9367ac-01b0-4c82-83a1-4069d4340667
2024-02-21,2024,2,Q1,IMPS,183.75,19234.64,1f9367ac-01b0-4c82-83a1-4069d4340667
2024-02-21,2024,2,Q1,NFS_ATM_CASH_WITHDRAWAL,96.43,3925.44,1f9367ac-01b0-4c82-83a1-4069d4340667
2024-02-21,2024,2,Q1,UPI,4138.67,60116.76,1f9367ac-01b0-4c82-83a1-4069d4340667
2024-02-22,2024,2,Q1,IMPS,178.6,18612.38,1f9367ac-01b0-4c82-83a1-4069d4340667
2024-02-22,2024,2,Q1,NFS_ATM_CASH_WITHDRAWAL,92.71,3750.18,1f9367ac-01b0-4c82-83a1-4069d4340667
2024-02-22,2024,2,Q1,UPI,4031.86,57929.56,1f9367ac-01b0-4c82-83a1-4069d4340667
2024-02-23,2024,2,Q1,IMPS,179.26,18616.84,1f9367ac-01b0-4c82-83a1-4069d4340667
2024-02-23,2024,2,Q1,NFS_ATM_CASH_WITHDRAWAL,94.17,3791.62,1f9367ac-01b0-4c82-83a1-4069d4340667
2024-02-23,2024,2,Q1,UPI,4102.78,56587.1,1f9367ac-01b0-4c82-83a1-4069d4340667
2024-02-24,2024,2,Q1,IMPS,172.24,15531.98,1f9367ac-01b0-4c82-83a1-4069d4340667
2024-02-24,2024,2,Q1,NFS_ATM_CASH_WITHDRAWAL,95.93,3870.05,1f9367ac-01b0-4c82-83a1-4069d4340667
2024-02-24,2024,2,Q1,UPI,4013.05,52338.63,1f9367ac-01b0-4c82-83a1-4069d4340667
2024-02-25,2024,2,Q1,IMPS,158.91,10760.01,1f9367ac-01b0-4c82-83a1-4069d4340667
2024-02-25,2024,2,Q1,NFS_ATM_CASH_WITHDRAWAL,91.47,3341.1,1f9367ac-01b0-4c82-83a1-4069d4340667
2024-02-25,2024,2,Q1,UPI,3989.82,44382.34,1f9367ac-01b0-4c82-83a1-4069d4340667
2024-02-26,2024,2,Q1,IMPS,179.42,20128.64,1f9367ac-01b0-4c82-83a1-4069d4340667
2024-02-26,2024,2,Q1,NFS_ATM_CASH_WITHDRAWAL,94.2,3847.78,1f9367ac-01b0-4c82-83a1-4069d4340667
2024-02-26,2024,2,Q1,UPI,4000.04,59971.55,1f9367ac-01b0-4c82-83a1-4069d4340667
2024-02-27,2024,2,Q1,IMPS,176.42,20136.59,1f9367ac-01b0-4c82-83a1-4069d4340667
2024-02-27,2024,2,Q1,NFS_ATM_CASH_WITHDRAWAL,91.21,3747.25,1f9367ac-01b0-4c82-83a1-4069d4340667
2024-02-27,2024,2,Q1,UPI,3872.42,57903.92,1f9367ac-01b0-4c82-83a1-4069d4340667
2024-02-28,2024,2,Q1,IMPS,182.35,21991.61,1f9367ac-01b0-4c82-83a1-4069d4340667
2024-02-28,2024,2,Q1,NFS_ATM_CASH_WITHDRAWAL,95.76,3958.61,1f9367ac-01b0-4c82-83a1-4069d4340667
2024-02-28,2024,2,Q1,UPI,4181.9,64859.15,1f9367ac-01b0-4c82-83a1-4069d4340667
2024-02-29,2024,2,Q1,IMPS,202.15,26974.04,1f9367ac-01b0-4c82-83a1-4069d4340667
2024-02-29,2024,2,Q1,NFS_ATM_CASH_WITHDRAWAL,111.83,4891.14,1f9367ac-01b0-4c82-83a1-4069d4340667
2024-02-29,2024,2,Q1,UPI,4315.81,77900.86,1f9367ac-01b0-4c82-83a1-4069d4340667
2024-03-01,2024,3,Q1,IMPS,215.71,26374.21,1f9367ac-01b0-4c82-83a1-4069d4340667
2024-03-01,2024,3,Q1,NFS_ATM_CASH_WITHDRAWAL,121.55,5660.87,1f9367ac-01b0-4c82-83a1-4069d4340667
2024-03-01,2024,3,Q1,UPI,4546.29,80825.87,1f9367ac-01b0-4c82-83a1-4069d4340667
2024-03-02,2024,3,Q1,IMPS,206.54,22915.34,1f9367ac-01b0-4c82-83a1-4069d4340667
2024-03-02,2024,3,Q1,NFS_ATM_CASH_WITHDRAWAL,120.42,5613.25,1f9367ac-01b0-4c82-83a1-4069d4340667
2024-03-02,2024,3,Q1,UPI,4520.81,75429.57,1f9367ac-01b0-4c82-83a1-4069d4340667
2024-03-03,2024,3,Q1,IMPS,180.28,14994.6,1f9367ac-01b0-4c82-83a1-4069d4340667
2024-03-03,2024,3,Q1,NFS_ATM_CASH_WITHDRAWAL,110.76,4657.42,1f9367ac-01b0-4c82-83a1-4069d4340667
2024-03-03,2024,3,Q1,UPI,4338.82,58334.6,1f9367ac-01b0-4c82-83a1-4069d4340667
2024-03-04,2024,3,Q1,IMPS,208.6,24990.56,1f9367ac-01b0-4c82-83a1-4069d4340667
2024-03-04,2024,3,Q1,NFS_ATM_CASH_WITHDRAWAL,115.34,5255.65,1f9367ac-01b0-4c82-83a1-4069d4340667
2024-03-04,2024,3,Q1,UPI,4400.41,77261.65,1f9367ac-01b0-4c82-83a1-4069d4340667
2024-03-05,2024,3,Q1,IMPS,202.85,23826.76,1f9367ac-01b0-4c82-83a1-4069d4340667
2024-03-05,2024,3,Q1,NFS_ATM_CASH_WITHDRAWAL,113.37,5137.03,1f9367ac-01b0-4c82-83a1-4069d4340667
2024-03-05,2024,3,Q1,UPI,4469.35,76244.86,1f9367ac-01b0-4c82-83a1-4069d4340667
2024-03-06,2024,3,Q1,IMPS,197.87,23302.39,1f9367ac-01b0-4c82-83a1-4069d4340667
2024-03-06,2024,3,Q1,NFS_ATM_CASH_WITHDRAWAL,115.61,5162.29,1f9367ac-01b0-4c82-83a1-4069d4340667
2024-03-06,2024,3,Q1,UPI,4418.26,73298.76,1f9367ac-01b0-4c82-83a1-4069d4340667
2024-03-07,2024,3,Q1,IMPS,196.62,23201.29,1f9367ac-01b0-4c82-83a1-4069d4340667
2024-03-07,2024,3,Q1,NFS_ATM_CASH_WITHDRAWAL,121.38,5421.83,1f9367ac-01b0-4c82-83a1-4069d4340667
2024-03-07,2024,3,Q1,UPI,4501.15,72473.42,1f9367ac-01b0-4c82-83a1-4069d4340667
2024-03-08,2024,3,Q1,IMPS,178.31,17728.41,1f9367ac-01b0-4c82-83a1-4069d4340667
2024-03-08,2024,3,Q1,NFS_ATM_CASH_WITHDRAWAL,113.64,4913.08,1f9367ac-01b0-4c82-83a1-4069d4340667
2024-03-08,2024,3,Q1,UPI,4282.33,59151.0,1f9367ac-01b0-4c82-83a1-4069d4340667
2024-03-09,2024,3,Q1,IMPS,182.12,17892.7,1f9367ac-01b0-4c82-83a1-4069d4340667
2024-03-09,2024,3,Q1,NFS_ATM_CASH_WITHDRAWAL,112.7,5028.99,1f9367ac-01b0-4c82-83a1-4069d4340667
2024-03-09,2024,3,Q1,UPI,4335.56,62712.99,1f9367ac-01b0-4c82-83a1-4069d4340667
2024-03-10,2024,3,Q1,IMPS,173.12,13173.3,1f9367ac-01b0-4c82-83a1-4069d4340667
2024-03-10,2024,3,Q1,NFS_ATM_CASH_WITHDRAWAL,107.07,4415.29,1f9367ac-01b0-4c82-83a1-4069d4340667
2024-03-10,2024,3,Q1,UPI,4381.91,54675.02,1f9367ac-01b0-4c82-83a1-4069d4340667
2024-03-11,2024,3,Q1,IMPS,200.19,23664.25,1f9367ac-01b0-4c82-83a1-4069d4340667
2024-03-11,2024,3,Q1,NFS_ATM_CASH_WITHDRAWAL,117.47,5260.13,1f9367ac-01b0-4c82-83a1-4069d4340667
2024-03-11,2024,3,Q1,UPI,4446.13,73454.28,1f9367ac-01b0-4c82-83a1-4069d4340667
2024-03-12,2024,3,Q1,IMPS,194.44,22197.88,1f9367ac-01b0-4c82-83a1-4069d4340667
2024-03-12,2024,3,Q1,NFS_ATM_CASH_WITHDRAWAL,113.6,5015.86,1f9367ac-01b0-4c82-83a1-4069d4340667
2024-03-12,2024,3,Q1,UPI,4323.86,68580.66,1f9367ac-01b0-4c82-83a1-4069d4340667
2024-03-13,2024,3,Q1,IMPS,189.68,21583.68,1f9367ac-01b0-4c82-83a1-4069d4340667
2024-03-13,2024,3,Q1,NFS_ATM_CASH_WITHDRAWAL,109.92,4809.04,1f9367ac-01b0-4c82-83a1-4069d4340667
2024-03-13,2024,3,Q1,UPI,4320.08,68886.56,1f9367ac-01b0-4c82-83a1-4069d4340667
2024-03-14,2024,3,Q1,IMPS,191.01,21732.56,1f9367ac-01b0-4c82-83a1-4069d4340667
2024-03-14,2024,3,Q1,NFS_ATM_CASH_WITHDRAWAL,105.67,4592.65,1f9367ac-01b0-4c82-83a1-4069d4340667
2024-03-14,2024,3,Q1,UPI,4289.08,66622.38,1f9367ac-01b0-4c82-83a1-4069d4340667
2024-03-15,2024,3,Q1,IMPS,182.73,20043.77,1f9367ac-01b0-4c82-83a1-4069d4340667
2024-03-15,2024,3,Q1,NFS_ATM_CASH_WITHDRAWAL,107.91,4588.05,1f9367ac-01b0-4c82-83a1-4069d4340667
2024-03-15,2024,3,Q1,UPI,4366.18,64856.7,1f9367ac-01b0-4c82-83a1-4069d4340667
2024-03-16,2024,3,Q1,IMPS,180.76,18459.85,1f9367ac-01b0-4c82-83a1-4069d4340667
2024-03-16,2024,3,Q1,NFS_ATM_CASH_WITHDRAWAL,108.32,4601.95,1f9367ac-01b0-4c82-83a1-4069d4340667
2024-03-16,2024,3,Q1,UPI,4315.83,61213.98,1f9367ac-01b0-4c82-83a1-4069d4340667
2024-03-17,2024,3,Q1,IMPS,161.77,11577.72,1f9367ac-01b0-4c82-83a1-4069d4340667
2024-03-17,2024,3,Q1,NFS_ATM_CASH_WITHDRAWAL,100.71,3890.51,1f9367ac-01b0-4c82-83a1-4069d4340667
2024-03-17,2024,3,Q1,UPI,4258.75,48305.04,1f9367ac-01b0-4c82-83a1-4069d4340667
2024-03-18,2024,3,Q1,IMPS,185.28,20292.03,1f9367ac-01b0-4c82-83a1-4069d4340667
2024-03-18,2024,3,Q1,NFS_ATM_CASH_WITHDRAWAL,103.04,4358.4,1f9367ac-01b0-4c82-83a1-4069d4340667
2024-03-18,2024,3,Q1,UPI,4279.42,63687.32,1f9367ac-01b0-4c82-83a1-4069d4340667
2024-03-19,2024,3,Q1,IMPS,178.91,19996.66,1f9367ac-01b0-4c82-83a1-4069d4340667
2024-03-19,2024,3,Q1,NFS_ATM_CASH_WITHDRAWAL,99.06,4188.27,1f9367ac-01b0-4c82-83a1-4069d4340667
2024-03-19,2024,3,Q1,UPI,4186.05,61251.95,1f9367ac-01b0-4c82-83a1-4069d4340667
2024-03-20,2024,3,Q1,IMPS,175.38,20279.48,1f9367ac-01b0-4c82-83a1-4069d4340667
2024-03-20,2024,3,Q1,NFS_ATM_CASH_WITHDRAWAL,97.46,4126.08,1f9367ac-01b0-4c82-83a1-4069d4340667
2024-03-20,2024,3,Q1,UPI,4184.15,62350.23,1f9367ac-01b0-4c82-83a1-4069d4340667
2024-03-21,2024,3,Q1,IMPS,177.96,20325.05,1f9367ac-01b0-4c82-83a1-4069d4340667
2024-03-21,2024,3,Q1,NFS_ATM_CASH_WITHDRAWAL,99.61,4251.99,1f9367ac-01b0-4c82-83a1-4069d4340667
2024-03-21,2024,3,Q1,UPI,4262.7,61972.32,1f9367ac-01b0-4c82-83a1-4069d4340667
2024-03-22,2024,3,Q1,IMPS,180.57,21049.95,1f9367ac-01b0-4c82-83a1-4069d4340667
2024-03-22,2024,3,Q1,NFS_ATM_CASH_WITHDRAWAL,103.52,4423.81,1f9367ac-01b0-4c82-83a1-4069d4340667
2024-03-22,2024,3,Q1,UPI,4456.07,61822.7,1f9367ac-01b0-4c82-83a1-4069d4340667
2024-03-23,2024,3,Q1,IMPS,189.38,18598.75,1f9367ac-01b0-4c82-83a1-4069d4340667
2024-03-23,2024,3,Q1,NFS_ATM_CASH_WITHDRAWAL,110.61,4743.5,1f9367ac-01b0-4c82-83a1-4069d4340667
2024-03-23,2024,3,Q1,UPI,4504.97,60705.64,1f9367ac-01b0-4c82-83a1-4069d4340667
2024-03-24,2024,3,Q1,IMPS,172.55,11876.58,1f9367ac-01b0-4c82-83a1-4069d4340667
2024-03-24,2024,3,Q1,NFS_ATM_CASH_WITHDRAWAL,100.61,3771.22,1f9367ac-01b0-4c82-83a1-4069d4340667
2024-03-24,2024,3,Q1,UPI,4459.68,48265.51,1f9367ac-01b0-4c82-83a1-4069d4340667
2024-03-25,2024,3,Q1,IMPS,139.28,11794.29,1f9367ac-01b0-4c82-83a1-4069d4340667
2024-03-25,2024,3,Q1,NFS_ATM_CASH_WITHDRAWAL,68.2,2523.09,1f9367ac-01b0-4c82-83a1-4069d4340667
2024-03-25,2024,3,Q1,UPI,3707.24,40085.56,1f9367ac-01b0-4c82-83a1-4069d4340667
2024-03-26,2024,3,Q1,IMPS,172.78,20275.83,1f9367ac-01b0-4c82-83a1-4069d4340667
2024-03-26,2024,3,Q1,NFS_ATM_CASH_WITHDRAWAL,89.22,3638.72,1f9367ac-01b0-4c82-83a1-4069d4340667
2024-03-26,2024,3,Q1,UPI,4130.96,56389.63,1f9367ac-01b0-4c82-83a1-4069d4340667
2024-03-27,2024,3,Q1,IMPS,182.98,22876.14,1f9367ac-01b0-4c82-83a1-4069d4340667
2024-03-27,2024,3,Q1,NFS_ATM_CASH_WITHDRAWAL,98.24,4134.38,1f9367ac-01b0-4c82-83a1-4069d4340667
2024-03-27,2024,3,Q1,UPI,4284.64,62182.95,1f9367ac-01b0-4c82-83a1-4069d4340667
2024-03-28,2024,3,Q1,IMPS,192.93,26776.25,1f9367ac-01b0-4c82-83a1-4069d4340667
2024-03-28,2024,3,Q1,NFS_ATM_CASH_WITHDRAWAL,99.12,4278.77,1f9367ac-01b0-4c82-83a1-4069d4340667
2024-03-28,2024,3,Q1,UPI,4259.39,67414.47,1f9367ac-01b0-4c82-83a1-4069d4340667
2024-03-29,2024,3,Q1,IMPS,203.65,22952.3,1f9367ac-01b0-4c82-83a1-4069d4340667
2024-03-29,2024,3,Q1,NFS_ATM_CASH_WITHDRAWAL,94.69,4051.04,1f9367ac-01b0-4c82-83a1-4069d4340667
2024-03-29,2024,3,Q1,UPI,4282.98,61279.32,1f9367ac-01b0-4c82-83a1-4069d4340667
2024-03-30,2024,3,Q1,IMPS,210.89,28079.84,1f9367ac-01b0-4c82-83a1-4069d4340667
2024-03-30,2024,3,Q1,NFS_ATM_CASH_WITHDRAWAL,106.32,4727.11,1f9367ac-01b0-4c82-83a1-4069d4340667
2024-03-30,2024,3,Q1,UPI,4402.7,69087.24,1f9367ac-01b0-4c82-83a1-4069d4340667
2024-03-31,2024,3,Q1,IMPS,201.22,21873.29,1f9367ac-01b0-4c82-83a1-4069d4340667
2024-03-31,2024,3,Q1,NFS_ATM_CASH_WITHDRAWAL,102.51,4240.04,1f9367ac-01b0-4c82-83a1-4069d4340667
2024-03-31,2024,3,Q1,UPI,4484.29,59531.05,1f9367ac-01b0-4c82-83a1-4069d4340667
2024-04-01,2024,4,Q2,IMPS,240.94,25366.46,1f9367ac-01b0-4c82-83a1-4069d4340667
2024-04-01,2024,4,Q2,NFS_ATM_CASH_WITHDRAWAL,105.9,4687.69,1f9367ac-01b0-4c82-83a1-4069d4340667
2024-04-01,2024,4,Q2,UPI,4081.77,65707.52,1f9367ac-01b0-4c82-83a1-4069d4340667
2024-04-02,2024,4,Q2,IMPS,256.87,28349.3,1f9367ac-01b0-4c82-83a1-4069d4340667
2024-04-02,2024,4,Q2,NFS_ATM_CASH_WITHDRAWAL,118.28,5630.46,1f9367ac-01b0-4c82-83a1-4069d4340667
2024-04-02,2024,4,Q2,UPI,4376.71,78992.68,1f9367ac-01b0-4c82-83a1-4069d4340667
2024-04-03,2024,4,Q2,IMPS,201.07,25701.92,1f9367ac-01b0-4c82-83a1-4069d4340667
2024-04-03,2024,4,Q2,NFS_ATM_CASH_WITHDRAWAL,127.31,6251.42,1f9367ac-01b0-4c82-83a1-4069d4340667
2024-04-03,2024,4,Q2,UPI,4574.56,81612.52,1f9367ac-01b0-4c82-83a1-4069d4340667
2024-04-04,2024,4,Q2,IMPS,202.16,25475.57,1f9367ac-01b0-4c82-83a1-4069d4340667
2024-04-04,2024,4,Q2,NFS_ATM_CASH_WITHDRAWAL,117.74,5653.52,1f9367ac-01b0-4c82-83a1-4069d4340667
2024-04-04,2024,4,Q2,UPI,4637.32,80339.98,1f9367ac-01b0-4c82-83a1-4069d4340667
2024-04-05,2024,4,Q2,IMPS,201.99,23931.64,1f9367ac-01b0-4c82-83a1-4069d4340667
2024-04-05,2024,4,Q2,NFS_ATM_CASH_WITHDRAWAL,115.57,5428.63,1f9367ac-01b0-4c82-83a1-4069d4340667
2024-04-05,2024,4,Q2,UPI,4683.52,76592.44,1f9367ac-01b0-4c82-83a1-4069d4340667
2024-04-06,2024,4,Q2,IMPS,194.38,21805.7,1f9367ac-01b0-4c82-83a1-4069d4340667
2024-04-06,2024,4,Q2,NFS_ATM_CASH_WITHDRAWAL,121.73,5770.9,1f9367ac-01b0-4c82-83a1-4069d4340667
2024-04-06,2024,4,Q2,UPI,4683.34,75139.67,1f9367ac-01b0-4c82-83a1-4069d4340667
2024-04-07,2024,4,Q2,IMPS,181.61,14897.31,1f9367ac-01b0-4c82-83a1-4069d4340667
2024-04-07,2024,4,Q2,NFS_ATM_CASH_WITHDRAWAL,114.86,5049.75,1f9367ac-01b0-4c82-83a1-4069d4340667
2024-04-07,2024,4,Q2,UPI,4732.2,62137.33,1f9367ac-01b0-4c82-83a1-4069d4340667
2024-04-08,2024,4,Q2,IMPS,202.47,23619.54,1f9367ac-01b0-4c82-83a1-4069d4340667
2024-04-08,2024,4,Q2,NFS_ATM_CASH_WITHDRAWAL,122.0,5683.56,1f9367ac-01b0-4c82-83a1-4069d4340667
2024-04-08,2024,4,Q2,UPI,4645.73,78463.35,1f9367ac-01b0-4c82-83a1-4069d4340667
2024-04-09,2024,4,Q2,IMPS,193.97,20065.14,1f9367ac-01b0-4c82-83a1-4069d4340667
2024-04-09,2024,4,Q2,NFS_ATM_CASH_WITHDRAWAL,117.76,5400.71,1f9367ac-01b0-4c82-83a1-4069d4340667
2024-04-09,2024,4,Q2,UPI,4729.93,73005.91,1f9367ac-01b0-4c82-83a1-4069d4340667
2024-04-10,2024,4,Q2,IMPS,203.97,22308.06,1f9367ac-01b0-4c82-83a1-4069d4340667
2024-04-10,2024,4,Q2,NFS_ATM_CASH_WITHDRAWAL,125.71,5805.63,1f9367ac-01b0-4c82-83a1-4069d4340667
2024-04-10,2024,4,Q2,UPI,4787.3,77281.73,1f9367ac-01b0-4c82-83a1-4069d4340667
2024-04-11,2024,4,Q2,IMPS,177.11,16146.37,1f9367ac-01b0-4c82-83a1-4069d4340667
2024-04-11,2024,4,Q2,NFS_ATM_CASH_WITHDRAWAL,104.8,4558.84,1f9367ac-01b0-4c82-83a1-4069d4340667
2024-04-11,2024,4,Q2,UPI,4370.3,58614.12,1f9367ac-01b0-4c82-83a1-4069d4340667
2024-04-12,2024,4,Q2,IMPS,185.14,19976.12,1f9367ac-01b0-4c82-83a1-4069d4340667
2024-04-12,2024,4,Q2,NFS_ATM_CASH_WITHDRAWAL,108.69,4876.48,1f9367ac-01b0-4c82-83a1-4069d4340667
2024-04-12,2024,4,Q2,UPI,4445.22,66417.2,1f9367ac-01b0-4c82-83a1-4069d4340667
2024-04-13,2024,4,Q2,IMPS,178.53,16329.84,1f9367ac-01b0-4c82-83a1-4069d4340667
2024-04-13,2024,4,Q2,NFS_ATM_CASH_WITHDRAWAL,109.97,4798.06,1f9367ac-01b0-4c82-83a1-4069d4340667
2024-04-13,2024,4,Q2,UPI,4479.34,60182.59,1f9367ac-01b0-4c82-83a1-4069d4340667
2024-04-14,2024,4,Q2,IMPS,161.13,11387.59,1f9367ac-01b0-4c82-83a1-4069d4340667
2024-04-14,2024,4,Q2,NFS_ATM_CASH_WITHDRAWAL,94.77,3776.25,1f9367ac-01b0-4c82-83a1-4069d4340667
2024-04-14,2024,4,Q2,UPI,4383.94,49234.95,1f9367ac-01b0-4c82-83a1-4069d4340667
2024-04-15,2024,4,Q2,IMPS,188.28,21435.28,1f9367ac-01b0-4c82-83a1-4069d4340667
2024-04-15,2024,4,Q2,NFS_ATM_CASH_WITHDRAWAL,108.4,4734.63,1f9367ac-01b0-4c82-83a1-4069d4340667
2024-04-15,2024,4,Q2,UPI,4469.73,71014.73,1f9367ac-01b0-4c82-83a1-4069d4340667
2024-04-16,2024,4,Q2,IMPS,183.98,20598.03,1f9367ac-01b0-4c82-83a1-4069d4340667
2024-04-16,2024,4,Q2,NFS_ATM_CASH_WITHDRAWAL,106.67,4610.86,1f9367ac-01b0-4c82-83a1-4069d4340667
2024-04-16,2024,4,Q2,UPI,4494.11,67012.58,1f9367ac-01b0-4c82-83a1-4069d4340667
2024-04-17,2024,4,Q2,IMPS,176.34,16636.26,1f9367ac-01b0-4c82-83a1-4069d4340667
2024-04-17,2024,4,Q2,NFS_ATM_CASH_WITHDRAWAL,95.68,4091.27,1f9367ac-01b0-4c82-83a1-4069d4340667
2024-04-17,2024,4,Q2,UPI,4305.65,58079.92,1f9367ac-01b0-4c82-83a1-4069d4340667
2024-04-18,2024,4,Q2,IMPS,172.14,19061.15,1f9367ac-01b0-4c82-83a1-4069d4340667
2024-04-18,2024,4,Q2,NFS_ATM_CASH_WITHDRAWAL,95.5,4069.13,1f9367ac-01b0-4c82-83a1-4069d4340667
2024-04-18,2024,4,Q2,UPI,4387.66,62329.77,1f9367ac-01b0-4c82-83a1-4069d4340667
2024-04-19,2024,4,Q2,IMPS,157.05,17007.28,1f9367ac-01b0-4c82-83a1-4069d4340667
2024-04-19,2024,4,Q2,NFS_ATM_CASH_WITHDRAWAL,86.16,3616.61,1f9367ac-01b0-4c82-83a1-4069d4340667
2024-04-19,2024,4,Q2,UPI,4141.56,55920.21,1f9367ac-01b0-4c82-83a1-4069d4340667
2024-04-20,2024,4,Q2,IMPS,167.13,18021.21,1f9367ac-01b0-4c82-83a1-4069d4340667
2024-04-20,2024,4,Q2,NFS_ATM_CASH_WITHDRAWAL,103.98,4424.22,1f9367ac-01b0-4c82-83a1-4069d4340667
2024-04-20,2024,4,Q2,UPI,4447.32,63256.03,1f9367ac-01b0-4c82-83a1-4069d4340667
2024-04-21,2024,4,Q2,IMPS,152.66,11374.72,1f9367ac-01b0-4c82-83a1-4069d4340667
2024-04-21,2024,4,Q2,NFS_ATM_CASH_WITHDRAWAL,91.62,3534.09,1f9367ac-01b0-4c82-83a1-4069d4340667
2024-04-21,2024,4,Q2,UPI,4346.77,48472.16,1f9367ac-01b0-4c82-83a1-4069d4340667
2024-04-22,2024,4,Q2,IMPS,169.68,19583.85,1f9367ac-01b0-4c82-83a1-4069d4340667
2024-04-22,2024,4,Q2,NFS_ATM_CASH_WITHDRAWAL,95.7,3989.77,1f9367ac-01b0-4c82-83a1-4069d4340667
2024-04-22,2024,4,Q2,UPI,4336.3,63466.19,1f9367ac-01b0-4c82-83a1-4069d4340667
2024-04-23,2024,4,Q2,IMPS,165.19,18521.15,1f9367ac-01b0-4c82-83a1-4069d4340667
2024-04-23,2024,4,Q2,NFS_ATM_CASH_WITHDRAWAL,91.16,3740.79,1f9367ac-01b0-4c82-83a1-4069d4340667
2024-04-23,2024,4,Q2,UPI,4232.23,59888.22,1f9367ac-01b0-4c82-83a1-4069d4340667
2024-04-24,2024,4,Q2,IMPS,168.43,19043.67,1f9367ac-01b0-4c82-83a1-4069d4340667
2024-04-24,2024,4,Q2,NFS_ATM_CASH_WITHDRAWAL,92.91,3806.82,1f9367ac-01b0-4c82-83a1-4069d4340667
2024-04-24,2024,4,Q2,UPI,4296.9,62462.96,1f9367ac-01b0-4c82-83a1-4069d4340667
2024-04-25,2024,4,Q2,IMPS,168.88,19851.12,1f9367ac-01b0-4c82-83a1-4069d4340667
2024-04-25,2024,4,Q2,NFS_ATM_CASH_WITHDRAWAL,92.92,3835.24,1f9367ac-01b0-4c82-83a1-4069d4340667
2024-04-25,2024,4,Q2,UPI,4316.85,62066.2,1f9367ac-01b0-4c82-83a1-4069d4340667
2024-04-26,2024,4,Q2,IMPS,160.21,17990.7,1f9367ac-01b0-4c82-83a1-4069d4340667
2024-04-26,2024,4,Q2,NFS_ATM_CASH_WITHDRAWAL,86.92,3524.7,1f9367ac-01b0-4c82-83a1-4069d4340667
2024-04-26,2024,4,Q2,UPI,4178.7,56158.84,1f9367ac-01b0-4c82-83a1-4069d4340667
2024-04-27,2024,4,Q2,IMPS,166.15,16334.58,1f9367ac-01b0-4c82-83a1-4069d4340667
2024-04-27,2024,4,Q2,NFS_ATM_CASH_WITHDRAWAL,92.15,3841.96,1f9367ac-01b0-4c82-83a1-4069d4340667
2024-04-27,2024,4,Q2,UPI,4373.46,56822.21,1f9367ac-01b0-4c82-83a1-4069d4340667
2024-04-28,2024,4,Q2,IMPS,153.77,11444.51,1f9367ac-01b0-4c82-83a1-4069d4340667
2024-04-28,2024,4,Q2,NFS_ATM_CASH_WITHDRAWAL,85.34,3179.86,1f9367ac-01b0-4c82-83a1-4069d4340667
2024-04-28,2024,4,Q2,UPI,4256.32,46102.79,1f9367ac-01b0-4c82-83a1-4069d4340667
2024-04-29,2024,4,Q2,IMPS,176.84,22447.49,1f9367ac-01b0-4c82-83a1-4069d4340667
2024-04-29,2024,4,Q2,NFS_ATM_CASH_WITHDRAWAL,91.8,3901.2,1f9367ac-01b0-4c82-83a1-4069d4340667
2024-04-29,2024,4,Q2,UPI,4352.25,67116.48,1f9367ac-01b0-4c82-83a1-4069d4340667
2024-04-30,2024,4,Q2,IMPS,195.58,27567.29,1f9367ac-01b0-4c82-83a1-4069d4340667
2024-04-30,2024,4,Q2,NFS_ATM_CASH_WITHDRAWAL,105.56,4804.08,1f9367ac-01b0-4c82-83a1-4069d4340667
2024-04-30,2024,4,Q2,UPI,4492.95,80573.24,1f9367ac-01b0-4c82-83a1-4069d4340667
2024-05-01,2024,5,Q2,IMPS,213.28,24345.87,1f9367ac-01b0-4c82-83a1-4069d4340667
2024-05-01,2024,5,Q2,NFS_ATM_CASH_WITHDRAWAL,113.48,5341.35,1f9367ac-01b0-4c82-83a1-4069d4340667
2024-05-01,2024,5,Q2,UPI,4804.69,81678.5,1f9367ac-01b0-4c82-83a1-4069d4340667
2024-05-02,2024,5,Q2,IMPS,204.71,25648.04,1f9367ac-01b0-4c82-83a1-4069d4340667
2024-05-02,2024,5,Q2,NFS_ATM_CASH_WITHDRAWAL,113.56,5457.91,1f9367ac-01b0-4c82-83a1-4069d4340667
2024-05-02,2024,5,Q2,UPI,4772.01,82795.98,1f9367ac-01b0-4c82-83a1-4069d4340667
2024-05-03,2024,5,Q2,IMPS,201.4,24375.3,1f9367ac-01b0-4c82-83a1-4069d4340667
2024-05-03,2024,5,Q2,NFS_ATM_CASH_WITHDRAWAL,111.75,5246.35,1f9367ac-01b0-4c82-83a1-4069d4340667
2024-05-03,2024,5,Q2,UPI,4712.03,77293.8,1f9367ac-01b0-4c82-83a1-4069d4340667
2024-05-04,2024,5,Q2,IMPS,199.11,22662.18,1f9367ac-01b0-4c82-83a1-4069d4340667
2024-05-04,2024,5,Q2,NFS_ATM_CASH_WITHDRAWAL,113.73,5299.58,1f9367ac-01b0-4c82-83a1-4069d4340667
2024-05-04,2024,5,Q2,UPI,4840.87,77618.21,1f9367ac-01b0-4c82-83a1-4069d4340667
2024-05-05,2024,5,Q2,IMPS,174.27,15195.3,1f9367ac-01b0-4c82-83a1-4069d4340667
2024-05-05,2024,5,Q2,NFS_ATM_CASH_WITHDRAWAL,103.06,4328.02,1f9367ac-01b0-4c82-83a1-4069d4340667
2024-05-05,2024,5,Q2,UPI,4711.69,61535.54,1f9367ac-01b0-4c82-83a1-4069d4340667
2024-05-06,2024,5,Q2,IMPS,197.46,23780.37,1f9367ac-01b0-4c82-83a1-4069d4340667
2024-05-06,2024,5,Q2,NFS_ATM_CASH_WITHDRAWAL,107.54,4908.22,1f9367ac-01b0-4c82-83a1-4069d4340667
2024-05-06,2024,5,Q2,UPI,4669.94,77012.19,1f9367ac-01b0-4c82-83a1-4069d4340667
2024-05-07,2024,5,Q2,IMPS,188.36,22222.22,1f9367ac-01b0-4c82-83a1-4069d4340667
2024-05-07,2024,5,Q2,NFS_ATM_CASH_WITHDRAWAL,106.27,4837.03,1f9367ac-01b0-4c82-83a1-4069d4340667
2024-05-07,2024,5,Q2,UPI,4544.11,71966.72,1f9367ac-01b0-4c82-83a1-4069d4340667
2024-05-08,2024,5,Q2,IMPS,196.08,22410.9,1f9367ac-01b0-4c82-83a1-4069d4340667
2024-05-08,2024,5,Q2,NFS_ATM_CASH_WITHDRAWAL,115.82,5329.9,1f9367ac-01b0-4c82-83a1-4069d4340667
2024-05-08,2024,5,Q2,UPI,4741.36,74337.94,1f9367ac-01b0-4c82-83a1-4069d4340667
2024-05-09,2024,5,Q2,IMPS,195.43,22419.53,1f9367ac-01b0-4c82-83a1-4069d4340667
2024-05-09,2024,5,Q2,NFS_ATM_CASH_WITHDRAWAL,112.43,5161.74,1f9367ac-01b0-4c82-83a1-4069d4340667
2024-05-09,2024,5,Q2,UPI,4711.16,74897.09,1f9367ac-01b0-4c82-83a1-4069d4340667
2024-05-10,2024,5,Q2,IMPS,191.44,21646.71,1f9367ac-01b0-4c82-83a1-4069d4340667
2024-05-10,2024,5,Q2,NFS_ATM_CASH_WITHDRAWAL,115.11,5267.81,1f9367ac-01b0-4c82-83a1-4069d4340667
2024-05-10,2024,5,Q2,UPI,4740.33,74820.95,1f9367ac-01b0-4c82-83a1-4069d4340667
2024-05-11,2024,5,Q2,IMPS,180.82,17498.37,1f9367ac-01b0-4c82-83a1-4069d4340667
2024-05-11,2024,5,Q2,NFS_ATM_CASH_WITHDRAWAL,108.23,4865.37,1f9367ac-01b0-4c82-83a1-4069d4340667
2024-05-11,2024,5,Q2,UPI,4605.34,64156.46,1f9367ac-01b0-4c82-83a1-4069d4340667
2024-05-12,2024,5,Q2,IMPS,162.94,11796.53,1f9367ac-01b0-4c82-83a1-4069d4340667
2024-05-12,2024,5,Q2,NFS_ATM_CASH_WITHDRAWAL,96.17,3908.06,1f9367ac-01b0-4c82-83a1-4069d4340667
2024-05-12,2024,5,Q2,UPI,4565.44,51539.62,1f9367ac-01b0-4c82-83a1-4069d4340667
2024-05-13,2024,5,Q2,IMPS,177.97,19521.29,1f9367ac-01b0-4c82-83a1-4069d4340667
2024-05-13,2024,5,Q2,NFS_ATM_CASH_WITHDRAWAL,97.49,4300.95,1f9367ac-01b0-4c82-83a1-4069d4340667
2024-05-13,2024,5,Q2,UPI,4368.12,64193.58,1f9367ac-01b0-4c82-83a1-4069d4340667
2024-05-14,2024,5,Q2,IMPS,177.6,20307.05,1f9367ac-01b0-4c82-83a1-4069d4340667
2024-05-14,2024,5,Q2,NFS_ATM_CASH_WITHDRAWAL,101.28,4490.31,1f9367ac-01b0-4c82-83a1-4069d4340667
2024-05-14,2024,5,Q2,UPI,4494.89,67457.42,1f9367ac-01b0-4c82-83a1-4069d4340667
2024-05-15,2024,5,Q2,IMPS,183.19,20663.39,1f9367ac-01b0-4c82-83a1-4069d4340667
2024-05-15,2024,5,Q2,NFS_ATM_CASH_WITHDRAWAL,105.22,4568.28,1f9367ac-01b0-4c82-83a1-4069d4340667
2024-05-15,2024,5,Q2,UPI,4611.81,69211.71,1f9367ac-01b0-4c82-83a1-4069d4340667
2024-05-16,2024,5,Q2,IMPS,179.0,19734.02,1f9367ac-01b0-4c82-83a1-4069d4340667
2024-05-16,2024,5,Q2,NFS_ATM_CASH_WITHDRAWAL,98.18,4204.53,1f9367ac-01b0-4c82-83a1-4069d4340667
2024-05-16,2024,5,Q2,UPI,4493.06,65655.99,1f9367ac-01b0-4c82-83a1-4069d4340667
2024-05-17,2024,5,Q2,IMPS,171.63,18280.48,1f9367ac-01b0-4c82-83a1-4069d4340667
2024-05-17,2024,5,Q2,NFS_ATM_CASH_WITHDRAWAL,95.33,4039.45,1f9367ac-01b0-4c82-83a1-4069d4340667
2024-05-17,2024,5,Q2,UPI,4466.52,61499.98,1f9367ac-01b0-4c82-83a1-4069d4340667
2024-05-18,2024,5,Q2,IMPS,169.8,17121.56,1f9367ac-01b0-4c82-83a1-4069d4340667
2024-05-18,2024,5,Q2,NFS_ATM_CASH_WITHDRAWAL,97.77,4131.18,1f9367ac-01b0-4c82-83a1-4069d4340667
2024-05-18,2024,5,Q2,UPI,4475.37,60392.39,1f9367ac-01b0-4c82-83a1-4069d4340667
2024-05-19,2024,5,Q2,IMPS,159.4,10921.6,1f9367ac-01b0-4c82-83a1-4069d4340667
2024-05-19,2024,5,Q2,NFS_ATM_CASH_WITHDRAWAL,90.45,3453.73,1f9367ac-01b0-4c82-83a1-4069d4340667
2024-05-19,2024,5,Q2,UPI,4421.55,48699.88,1f9367ac-01b0-4c82-83a1-4069d4340667
2024-05-20,2024,5,Q2,IMPS,172.89,18470.97,1f9367ac-01b0-4c82-83a1-4069d4340667
2024-05-20,2024,5,Q2,NFS_ATM_CASH_WITHDRAWAL,92.25,3891.8,1f9367ac-01b0-4c82-83a1-4069d4340667
2024-05-20,2024,5,Q2,UPI,4359.16,62677.84,1f9367ac-01b0-4c82-83a1-4069d4340667
2024-05-21,2024,5,Q2,IMPS,173.14,19428.81,1f9367ac-01b0-4c82-83a1-4069d4340667
2024-05-21,2024,5,Q2,NFS_ATM_CASH_WITHDRAWAL,90.84,3790.49,1f9367ac-01b0-4c82-83a1-4069d4340667
2024-05-21,2024,5,Q2,UPI,4429.81,63261.77,1f9367ac-01b0-4c82-83a1-4069d4340667
2024-05-22,2024,5,Q2,IMPS,172.25,18954.44,1f9367ac-01b0-4c82-83a1-4069d4340667
2024-05-22,2024,5,Q2,NFS_ATM_CASH_WITHDRAWAL,90.77,3771.0,1f9367ac-01b0-4c82-83a1-4069d4340667
2024-05-22,2024,5,Q2,UPI,4485.22,62814.11,1f9367ac-01b0-4c82-83a1-4069d4340667
2024-05-23,2024,5,Q2,IMPS,171.31,17560.78,1f9367ac-01b0-4c82-83a1-4069d4340667
2024-05-23,2024,5,Q2,NFS_ATM_CASH_WITHDRAWAL,87.42,3579.52,1f9367ac-01b0-4c82-83a1-4069d4340667
2024-05-23,2024,5,Q2,UPI,4321.57,59408.9,1f9367ac-01b0-4c82-83a1-4069d4340667
2024-05-24,2024,5,Q2,IMPS,168.1,19053.71,1f9367ac-01b0-4c82-83a1-4069d4340667
2024-05-24,2024,5,Q2,NFS_ATM_CASH_WITHDRAWAL,88.27,3628.25,1f9367ac-01b0-4c82-83a1-4069d4340667
2024-05-24,2024,5,Q2,UPI,4439.13,59932.38,1f9367ac-01b0-4c82-83a1-4069d4340667
2024-05-25,2024,5,Q2,IMPS,162.6,15234.31,1f9367ac-01b0-4c82-83a1-4069d4340667
2024-05-25,2024,5,Q2,NFS_ATM_CASH_WITHDRAWAL,89.82,3688.84,1f9367ac-01b0-4c82-83a1-4069d4340667
2024-05-25,2024,5,Q2,UPI,4310.14,55032.22,1f9367ac-01b0-4c82-83a1-4069d4340667
2024-05-26,2024,5,Q2,IMPS,150.23,10542.25,1f9367ac-01b0-4c82-83a1-4069d4340667
2024-05-26,2024,5,Q2,NFS_ATM_CASH_WITHDRAWAL,83.65,3080.69,1f9367ac-01b0-4c82-83a1-4069d4340667
2024-05-26,2024,5,Q2,UPI,4387.71,45546.42,1f9367ac-01b0-4c82-83a1-4069d4340667
2024-05-27,2024,5,Q2,IMPS,181.95,20235.46,1f9367ac-01b0-4c82-83a1-4069d4340667
2024-05-27,2024,5,Q2,NFS_ATM_CASH_WITHDRAWAL,88.57,3676.38,1f9367ac-01b0-4c82-83a1-4069d4340667
2024-05-27,2024,5,Q2,UPI,4337.4,63592.61,1f9367ac-01b0-4c82-83a1-4069d4340667
2024-05-28,2024,5,Q2,IMPS,167.6,19537.64,1f9367ac-01b0-4c82-83a1-4069d4340667
2024-05-28,2024,5,Q2,NFS_ATM_CASH_WITHDRAWAL,87.04,3626.57,1f9367ac-01b0-4c82-83a1-4069d4340667
2024-05-28,2024,5,Q2,UPI,4284.26,61125.12,1f9367ac-01b0-4c82-83a1-4069d4340667
2024-05-29,2024,5,Q2,IMPS,170.54,19857.8,1f9367ac-01b0-4c82-83a1-4069d4340667
2024-05-29,2024,5,Q2,NFS_ATM_CASH_WITHDRAWAL,88.07,3654.95,1f9367ac-01b0-4c82-83a1-4069d4340667
2024-05-29,2024,5,Q2,UPI,4313.43,61874.15,1f9367ac-01b0-4c82-83a1-4069d4340667
2024-05-30,2024,5,Q2,IMPS,172.82,21088.46,1f9367ac-01b0-4c82-83a1-4069d4340667
2024-05-30,2024,5,Q2,NFS_ATM_CASH_WITHDRAWAL,86.53,3631.97,1f9367ac-01b0-4c82-83a1-4069d4340667
2024-05-30,2024,5,Q2,UPI,4348.73,65193.76,1f9367ac-01b0-4c82-83a1-4069d4340667
2024-05-31,2024,5,Q2,IMPS,189.67,25651.44,1f9367ac-01b0-4c82-83a1-4069d4340667
2024-05-31,2024,5,Q2,NFS_ATM_CASH_WITHDRAWAL,101.0,4575.6,1f9367ac-01b0-4c82-83a1-4069d4340667
2024-05-31,2024,5,Q2,UPI,4591.58,77713.82,1f9367ac-01b0-4c82-83a1-4069d4340667
2024-06-01,2024,6,Q2,IMPS,196.06,23964.53,1f9367ac-01b0-4c82-83a1-4069d4340667
2024-06-01,2024,6,Q2,NFS_ATM_CASH_WITHDRAWAL,113.17,5438.63,1f9367ac-01b0-4c82-83a1-4069d4340667
2024-06-01,2024,6,Q2,UPI,4784.57,80892.93,1f9367ac-01b0-4c82-83a1-4069d4340667
2024-06-02,2024,6,Q2,IMPS,173.82,15867.36,1f9367ac-01b0-4c82-83a1-4069d4340667
2024-06-02,2024,6,Q2,NFS_ATM_CASH_WITHDRAWAL,107.51,4718.99,1f9367ac-01b0-4c82-83a1-4069d4340667
2024-06-02,2024,6,Q2,UPI,4741.78,65177.53,1f9367ac-01b0-4c82-83a1-4069d4340667
2024-06-03,2024,6,Q2,IMPS,198.76,24820.65,1f9367ac-01b0-4c82-83a1-4069d4340667
2024-06-03,2024,6,Q2,NFS_ATM_CASH_WITHDRAWAL,112.49,5322.67,1f9367ac-01b0-4c82-83a1-4069d4340667
2024-06-03,2024,6,Q2,UPI,4791.28,84201.75,1f9367ac-01b0-4c82-83a1-4069d4340667
2024-06-04,2024,6,Q2,IMPS,182.34,24529.54,1f9367ac-01b0-4c82-83a1-4069d4340667
2024-06-04,2024,6,Q2,NFS_ATM_CASH_WITHDRAWAL,95.89,4402.81,1f9367ac-01b0-4c82-83a1-4069d4340667
2024-06-04,2024,6,Q2,UPI,4474.45,81483.43,1f9367ac-01b0-4c82-83a1-4069d4340667
2024-06-05,2024,6,Q2,IMPS,191.15,23888.61,1f9367ac-01b0-4c82-83a1-4069d4340667
2024-06-05,2024,6,Q2,NFS_ATM_CASH_WITHDRAWAL,110.46,5060.39,1f9367ac-01b0-4c82-83a1-4069d4340667
2024-06-05,2024,6,Q2,UPI,4786.02,82064.37,1f9367ac-01b0-4c82-83a1-4069d4340667
2024-06-06,2024,6,Q2,IMPS,183.08,22702.92,1f9367ac-01b0-4c82-83a1-4069d4340667
2024-06-06,2024,6,Q2,NFS_ATM_CASH_WITHDRAWAL,105.55,4824.42,1f9367ac-01b0-4c82-83a1-4069d4340667
2024-06-06,2024,6,Q2,UPI,4579.99,73445.81,1f9367ac-01b0-4c82-83a1-4069d4340667
2024-06-07,2024,6,Q2,IMPS,186.4,22469.2,1f9367ac-01b0-4c82-83a1-4069d4340667
2024-06-07,2024,6,Q2,NFS_ATM_CASH_WITHDRAWAL,114.33,5303.44,1f9367ac-01b0-4c82-83a1-4069d4340667
2024-06-07,2024,6,Q2,UPI,4781.77,74690.75,1f9367ac-01b0-4c82-83a1-4069d4340667
2024-06-08,2024,6,Q2,IMPS,182.93,18689.59,1f9367ac-01b0-4c82-83a1-4069d4340667
2024-06-08,2024,6,Q2,NFS_ATM_CASH_WITHDRAWAL,117.19,5475.45,1f9367ac-01b0-4c82-83a1-4069d4340667
2024-06-08,2024,6,Q2,UPI,4791.9,68922.47,1f9367ac-01b0-4c82-83a1-4069d4340667
2024-06-09,2024,6,Q2,IMPS,159.66,12595.51,1f9367ac-01b0-4c82-83a1-4069d4340667
2024-06-09,2024,6,Q2,NFS_ATM_CASH_WITHDRAWAL,103.5,4350.0,1f9367ac-01b0-4c82-83a1-4069d4340667
2024-06-09,2024,6,Q2,UPI,4710.92,56425.61,1f9367ac-01b0-4c82-83a1-4069d4340667
2024-06-10,2024,6,Q2,IMPS,197.27,23458.06,1f9367ac-01b0-4c82-83a1-4069d4340667
2024-06-10,2024,6,Q2,NFS_ATM_CASH_WITHDRAWAL,115.46,5365.31,1f9367ac-01b0-4c82-83a1-4069d4340667
2024-06-10,2024,6,Q2,UPI,4807.16,80323.86,1f9367ac-01b0-4c82-83a1-4069d4340667
2024-06-11,2024,6,Q2,IMPS,197.3,22226.15,1f9367ac-01b0-4c82-83a1-4069d4340667
2024-06-11,2024,6,Q2,NFS_ATM_CASH_WITHDRAWAL,114.89,5270.92,1f9367ac-01b0-4c82-83a1-4069d4340667
2024-06-11,2024,6,Q2,UPI,4697.98,73866.64,1f9367ac-01b0-4c82-83a1-4069d4340667
2024-06-12,2024,6,Q2,IMPS,194.14,21063.9,1f9367ac-01b0-4c82-83a1-4069d4340667
2024-06-12,2024,6,Q2,NFS_ATM_CASH_WITHDRAWAL,110.09,4944.18,1f9367ac-01b0-4c82-83a1-4069d4340667
2024-06-12,2024,6,Q2,UPI,4769.39,71385.73,1f9367ac-01b0-4c82-83a1-4069d4340667
2024-06-13,2024,6,Q2,IMPS,193.21,20233.66,1f9367ac-01b0-4c82-83a1-4069d4340667
2024-06-13,2024,6,Q2,NFS_ATM_CASH_WITHDRAWAL,103.75,4597.11,1f9367ac-01b0-4c82-83a1-4069d4340667
2024-06-13,2024,6,Q2,UPI,4621.92,67638.55,1f9367ac-01b0-4c82-83a1-4069d4340667
2024-06-14,2024,6,Q2,IMPS,178.72,19316.82,1f9367ac-01b0-4c82-83a1-4069d4340667
2024-06-14,2024,6,Q2,NFS_ATM_CASH_WITHDRAWAL,102.11,4476.11,1f9367ac-01b0-4c82-83a1-4069d4340667
2024-06-14,2024,6,Q2,UPI,4705.68,66861.57,1f9367ac-01b0-4c82-83a1-4069d4340667
2024-06-15,2024,6,Q2,IMPS,175.06,18580.23,1f9367ac-01b0-4c82-83a1-4069d4340667
2024-06-15,2024,6,Q2,NFS_ATM_CASH_WITHDRAWAL,111.95,4890.06,1f9367ac-01b0-4c82-83a1-4069d4340667
2024-06-15,2024,6,Q2,UPI,4777.18,68024.41,1f9367ac-01b0-4c82-83a1-4069d4340667
2024-06-16,2024,6,Q2,IMPS,155.11,10820.67,1f9367ac-01b0-4c82-83a1-4069d4340667
2024-06-16,2024,6,Q2,NFS_ATM_CASH_WITHDRAWAL,104.08,4120.71,1f9367ac-01b0-4c82-83a1-4069d4340667
2024-06-16,2024,6,Q2,UPI,4746.27,53975.8,1f9367ac-01b0-4c82-83a1-4069d4340667
2024-06-17,2024,6,Q2,IMPS,156.41,13418.49,1f9367ac-01b0-4c82-83a1-4069d4340667
2024-06-17,2024,6,Q2,NFS_ATM_CASH_WITHDRAWAL,86.14,3395.67,1f9367ac-01b0-4c82-83a1-4069d4340667
2024-06-17,2024,6,Q2,UPI,4315.9,51569.15,1f9367ac-01b0-4c82-83a1-4069d4340667
2024-06-18,2024,6,Q2,IMPS,161.51,18231.94,1f9367ac-01b0-4c82-83a1-4069d4340667
2024-06-18,2024,6,Q2,NFS_ATM_CASH_WITHDRAWAL,91.52,3775.42,1f9367ac-01b0-4c82-83a1-4069d4340667
2024-06-18,2024,6,Q2,UPI,4404.62,61051.29,1f9367ac-01b0-4c82-83a1-4069d4340667
2024-06-19,2024,6,Q2,IMPS,168.2,19231.33,1f9367ac-01b0-4c82-83a1-4069d4340667
2024-06-19,2024,6,Q2,NFS_ATM_CASH_WITHDRAWAL,98.37,3984.37,1f9367ac-01b0-4c82-83a1-4069d4340667
2024-06-19,2024,6,Q2,UPI,4602.56,64879.46,1f9367ac-01b0-4c82-83a1-4069d4340667
2024-06-20,2024,6,Q2,IMPS,167.75,19236.82,1f9367ac-01b0-4c82-83a1-4069d4340667
2024-06-20,2024,6,Q2,NFS_ATM_CASH_WITHDRAWAL,94.82,3896.82,1f9367ac-01b0-4c82-83a1-4069d4340667
2024-06-20,2024,6,Q2,UPI,4543.25,65029.53,1f9367ac-01b0-4c82-83a1-4069d4340667
2024-06-21,2024,6,Q2,IMPS,169.39,19444.44,1f9367ac-01b0-4c82-83a1-4069d4340667
2024-06-21,2024,6,Q2,NFS_ATM_CASH_WITHDRAWAL,92.48,3764.98,1f9367ac-01b0-4c82-83a1-4069d4340667
2024-06-21,2024,6,Q2,UPI,4526.04,62337.03,1f9367ac-01b0-4c82-83a1-4069d4340667
2024-06-22,2024,6,Q2,IMPS,153.69,15524.86,1f9367ac-01b0-4c82-83a1-4069d4340667
2024-06-22,2024,6,Q2,NFS_ATM_CASH_WITHDRAWAL,92.9,3807.78,1f9367ac-01b0-4c82-83a1-4069d4340667
2024-06-22,2024,6,Q2,UPI,4548.31,57274.09,1f9367ac-01b0-4c82-83a1-4069d4340667
2024-06-23,2024,6,Q2,IMPS,136.62,9991.31,1f9367ac-01b0-4c82-83a1-4069d4340667
2024-06-23,2024,6,Q2,NFS_ATM_CASH_WITHDRAWAL,86.56,3154.49,1f9367ac-01b0-4c82-83a1-4069d4340667
2024-06-23,2024,6,Q2,UPI,4453.05,46497.11,1f9367ac-01b0-4c82-83a1-4069d4340667
2024-06-24,2024,6,Q2,IMPS,160.0,19940.88,1f9367ac-01b0-4c82-83a1-4069d4340667
2024-06-24,2024,6,Q2,NFS_ATM_CASH_WITHDRAWAL,91.74,3741.94,1f9367ac-01b0-4c82-83a1-4069d4340667
2024-06-24,2024,6,Q2,UPI,4555.21,64748.05,1f9367ac-01b0-4c82-83a1-4069d4340667
2024-06-25,2024,6,Q2,IMPS,164.42,20092.05,1f9367ac-01b0-4c82-83a1-4069d4340667
2024-06-25,2024,6,Q2,NFS_ATM_CASH_WITHDRAWAL,88.45,3593.18,1f9367ac-01b0-4c82-83a1-4069d4340667
2024-06-25,2024,6,Q2,UPI,4445.25,63353.78,1f9367ac-01b0-4c82-83a1-4069d4340667
2024-06-26,2024,6,Q2,IMPS,158.4,19494.86,1f9367ac-01b0-4c82-83a1-4069d4340667
2024-06-26,2024,6,Q2,NFS_ATM_CASH_WITHDRAWAL,87.45,3547.25,1f9367ac-01b0-4c82-83a1-4069d4340667
2024-06-26,2024,6,Q2,UPI,4481.4,62349.06,1f9367ac-01b0-4c82-83a1-4069d4340667
2024-06-27,2024,6,Q2,IMPS,156.15,19433.62,1f9367ac-01b0-4c82-83a1-4069d4340667
2024-06-27,2024,6,Q2,NFS_ATM_CASH_WITHDRAWAL,85.54,3477.1,1f9367ac-01b0-4c82-83a1-4069d4340667
2024-06-27,2024,6,Q2,UPI,4504.87,62009.24,1f9367ac-01b0-4c82-83a1-4069d4340667
2024-06-28,2024,6,Q2,IMPS,164.07,21939.06,1f9367ac-01b0-4c82-83a1-4069d4340667
2024-06-28,2024,6,Q2,NFS_ATM_CASH_WITHDRAWAL,91.14,3829.5,1f9367ac-01b0-4c82-83a1-4069d4340667
2024-06-28,2024,6,Q2,UPI,4527.52,66808.91,1f9367ac-01b0-4c82-83a1-4069d4340667
2024-06-29,2024,6,Q2,IMPS,156.34,21744.46,1f9367ac-01b0-4c82-83a1-4069d4340667
2024-06-29,2024,6,Q2,NFS_ATM_CASH_WITHDRAWAL,98.63,4348.12,1f9367ac-01b0-4c82-83a1-4069d4340667
2024-06-29,2024,6,Q2,UPI,4755.43,70499.43,1f9367ac-01b0-4c82-83a1-4069d4340667
2024-06-30,2024,6,Q2,IMPS,149.55,14842.72,1f9367ac-01b0-4c82-83a1-4069d4340667
2024-06-30,2024,6,Q2,NFS_ATM_CASH_WITHDRAWAL,97.38,3984.69,1f9367ac-01b0-4c82-83a1-4069d4340667
2024-06-30,2024,6,Q2,UPI,4619.75,59293.86,1f9367ac-01b0-4c82-83a1-4069d4340667
2024-07-01,2024,7,Q3,IMPS,188.28,26610.66,1f9367ac-01b0-4c82-83a1-4069d4340667
2024-07-01,2024,7,Q3,NFS_ATM_CASH_WITHDRAWAL,111.82,5294.33,1f9367ac-01b0-4c82-83a1-4069d4340667
2024-07-01,2024,7,Q3,UPI,4918.91,87154.11,1f9367ac-01b0-4c82-83a1-4069d4340667
2024-07-02,2024,7,Q3,IMPS,182.75,24463.45,1f9367ac-01b0-4c82-83a1-4069d4340667
2024-07-02,2024,7,Q3,NFS_ATM_CASH_WITHDRAWAL,109.08,5135.62,1f9367ac-01b0-4c82-83a1-4069d4340667
2024-07-02,2024,7,Q3,UPI,5016.23,83635.4,1f9367ac-01b0-4c82-83a1-4069d4340667
2024-07-03,2024,7,Q3,IMPS,176.41,23336.79,1f9367ac-01b0-4c82-83a1-4069d4340667
2024-07-03,2024,7,Q3,NFS_ATM_CASH_WITHDRAWAL,106.05,4922.12,1f9367ac-01b0-4c82-83a1-4069d4340667
2024-07-03,2024,7,Q3,UPI,4845.59,78649.51,1f9367ac-01b0-4c82-83a1-4069d4340667
2024-07-04,2024,7,Q3,IMPS,176.28,23165.93,1f9367ac-01b0-4c82-83a1-4069d4340667
2024-07-04,2024,7,Q3,NFS_ATM_CASH_WITHDRAWAL,104.44,4746.73,1f9367ac-01b0-4c82-83a1-4069d4340667
2024-07-04,2024,7,Q3,UPI,4821.22,78683.27,1f9367ac-01b0-4c82-83a1-4069d4340667
2024-07-05,2024,7,Q3,IMPS,171.27,22288.62,1f9367ac-01b0-4c82-83a1-4069d4340667
2024-07-05,2024,7,Q3,NFS_ATM_CASH_WITHDRAWAL,102.19,4588.67,1f9367ac-01b0-4c82-83a1-4069d4340667
2024-07-05,2024,7,Q3,UPI,4812.11,76238.49,1f9367ac-01b0-4c82-83a1-4069d4340667
2024-07-06,2024,7,Q3,IMPS,180.45,21051.96,1f9367ac-01b0-4c82-83a1-4069d4340667
2024-07-06,2024,7,Q3,NFS_ATM_CASH_WITHDRAWAL,113.88,5199.31,1f9367ac-01b0-4c82-83a1-4069d4340667
2024-07-06,2024,7,Q3,UPI,4939.44,75111.32,1f9367ac-01b0-4c82-83a1-4069d4340667
2024-07-07,2024,7,Q3,IMPS,145.93,13095.7,1f9367ac-01b0-4c82-83a1-4069d4340667
2024-07-07,2024,7,Q3,NFS_ATM_CASH_WITHDRAWAL,107.33,4491.07,1f9367ac-01b0-4c82-83a1-4069d4340667
2024-07-07,2024,7,Q3,UPI,4829.96,59336.17,1f9367ac-01b0-4c82-83a1-4069d4340667
2024-07-08,2024,7,Q3,IMPS,171.28,22672.4,1f9367ac-01b0-4c82-83a1-4069d4340667
2024-07-08,2024,7,Q3,NFS_ATM_CASH_WITHDRAWAL,109.63,4965.04,1f9367ac-01b0-4c82-83a1-4069d4340667
2024-07-08,2024,7,Q3,UPI,4811.57,81314.51,1f9367ac-01b0-4c82-83a1-4069d4340667
2024-07-09,2024,7,Q3,IMPS,173.83,22482.6,1f9367ac-01b0-4c82-83a1-4069d4340667
2024-07-09,2024,7,Q3,NFS_ATM_CASH_WITHDRAWAL,109.8,4926.43,1f9367ac-01b0-4c82-83a1-4069d4340667
2024-07-09,2024,7,Q3,UPI,4829.04,77115.53,1f9367ac-01b0-4c82-83a1-4069d4340667
2024-07-10,2024,7,Q3,IMPS,170.39,21919.59,1f9367ac-01b0-4c82-83a1-4069d4340667
2024-07-10,2024,7,Q3,NFS_ATM_CASH_WITHDRAWAL,112.45,5054.22,1f9367ac-01b0-4c82-83a1-4069d4340667
2024-07-10,2024,7,Q3,UPI,4976.49,79215.04,1f9367ac-01b0-4c82-83a1-4069d4340667
2024-07-11,2024,7,Q3,IMPS,158.29,20238.93,1f9367ac-01b0-4c82-83a1-4069d4340667
2024-07-11,2024,7,Q3,NFS_ATM_CASH_WITHDRAWAL,106.42,4686.69,1f9367ac-01b0-4c82-83a1-4069d4340667
2024-07-11,2024,7,Q3,UPI,4785.89,71809.73,1f9367ac-01b0-4c82-83a1-4069d4340667
2024-07-12,2024,7,Q3,IMPS,157.81,19471.64,1f9367ac-01b0-4c82-83a1-4069d4340667
2024-07-12,2024,7,Q3,NFS_ATM_CASH_WITHDRAWAL,98.74,4272.8,1f9367ac-01b0-4c82-83a1-4069d4340667
2024-07-12,2024,7,Q3,UPI,4674.07,66726.7,1f9367ac-01b0-4c82-83a1-4069d4340667
2024-07-13,2024,7,Q3,IMPS,147.73,14679.48,1f9367ac-01b0-4c82-83a1-4069d4340667
2024-07-13,2024,7,Q3,NFS_ATM_CASH_WITHDRAWAL,99.51,4279.94,1f9367ac-01b0-4c82-83a1-4069d4340667
2024-07-13,2024,7,Q3,UPI,4622.91,59489.69,1f9367ac-01b0-4c82-83a1-4069d4340667
2024-07-14,2024,7,Q3,IMPS,135.97,10729.3,1f9367ac-01b0-4c82-83a1-4069d4340667
2024-07-14,2024,7,Q3,NFS_ATM_CASH_WITHDRAWAL,93.23,3644.34,1f9367ac-01b0-4c82-83a1-4069d4340667
2024-07-14,2024,7,Q3,UPI,4647.16,50682.42,1f9367ac-01b0-4c82-83a1-4069d4340667
2024-07-15,2024,7,Q3,IMPS,163.83,20859.04,1f9367ac-01b0-4c82-83a1-4069d4340667
2024-07-15,2024,7,Q3,NFS_ATM_CASH_WITHDRAWAL,101.25,4263.43,1f9367ac-01b0-4c82-83a1-4069d4340667
2024-07-15,2024,7,Q3,UPI,4702.3,71054.85,1f9367ac-01b0-4c82-83a1-4069d4340667
2024-07-16,2024,7,Q3,IMPS,159.79,19538.15,1f9367ac-01b0-4c82-83a1-4069d4340667
2024-07-16,2024,7,Q3,NFS_ATM_CASH_WITHDRAWAL,97.55,3999.33,1f9367ac-01b0-4c82-83a1-4069d4340667
2024-07-16,2024,7,Q3,UPI,4641.67,66028.97,1f9367ac-01b0-4c82-83a1-4069d4340667
2024-07-17,2024,7,Q3,IMPS,146.75,15309.25,1f9367ac-01b0-4c82-83a1-4069d4340667
2024-07-17,2024,7,Q3,NFS_ATM_CASH_WITHDRAWAL,88.67,3545.34,1f9367ac-01b0-4c82-83a1-4069d4340667
2024-07-17,2024,7,Q3,UPI,4509.27,55967.88,1f9367ac-01b0-4c82-83a1-4069d4340667
2024-07-18,2024,7,Q3,IMPS,151.97,18547.2,1f9367ac-01b0-4c82-83a1-4069d4340667
2024-07-18,2024,7,Q3,NFS_ATM_CASH_WITHDRAWAL,88.98,3634.18,1f9367ac-01b0-4c82-83a1-4069d4340667
2024-07-18,2024,7,Q3,UPI,4547.15,62967.39,1f9367ac-01b0-4c82-83a1-4069d4340667
2024-07-19,2024,7,Q3,IMPS,148.99,18038.9,1f9367ac-01b0-4c82-83a1-4069d4340667
2024-07-19,2024,7,Q3,NFS_ATM_CASH_WITHDRAWAL,88.16,3544.28,1f9367ac-01b0-4c82-83a1-4069d4340667
2024-07-19,2024,7,Q3,UPI,4577.98,61525.81,1f9367ac-01b0-4c82-83a1-4069d4340667
2024-07-20,2024,7,Q3,IMPS,146.29,17188.74,1f9367ac-01b0-4c82-83a1-4069d4340667
2024-07-20,2024,7,Q3,NFS_ATM_CASH_WITHDRAWAL,95.64,3851.47,1f9367ac-01b0-4c82-83a1-4069d4340667
2024-07-20,2024,7,Q3,UPI,4306.37,57542.05,1f9367ac-01b0-4c82-83a1-4069d4340667
2024-07-21,2024,7,Q3,IMPS,129.08,10617.62,1f9367ac-01b0-4c82-83a1-4069d4340667
2024-07-21,2024,7,Q3,NFS_ATM_CASH_WITHDRAWAL,85.67,3069.97,1f9367ac-01b0-4c82-83a1-4069d4340667
2024-07-21,2024,7,Q3,UPI,4463.79,48180.54,1f9367ac-01b0-4c82-83a1-4069d4340667
2024-07-22,2024,7,Q3,IMPS,153.02,19184.28,1f9367ac-01b0-4c82-83a1-4069d4340667
2024-07-22,2024,7,Q3,NFS_ATM_CASH_WITHDRAWAL,89.51,3588.63,1f9367ac-01b0-4c82-83a1-4069d4340667
2024-07-22,2024,7,Q3,UPI,4519.69,64897.57,1f9367ac-01b0-4c82-83a1-4069d4340667
2024-07-23,2024,7,Q3,IMPS,149.91,18843.77,1f9367ac-01b0-4c82-83a1-4069d4340667
2024-07-23,2024,7,Q3,NFS_ATM_CASH_WITHDRAWAL,83.97,3345.64,1f9367ac-01b0-4c82-83a1-4069d4340667
2024-07-23,2024,7,Q3,UPI,4504.55,64321.06,1f9367ac-01b0-4c82-83a1-4069d4340667
2024-07-24,2024,7,Q3,IMPS,149.35,18431.64,1f9367ac-01b0-4c82-83a1-4069d4340667
2024-07-24,2024,7,Q3,NFS_ATM_CASH_WITHDRAWAL,82.92,3307.53,1f9367ac-01b0-4c82-83a1-4069d4340667
2024-07-24,2024,7,Q3,UPI,4472.88,61048.58,1f9367ac-01b0-4c82-83a1-4069d4340667
2024-07-25,2024,7,Q3,IMPS,155.48,19109.99,1f9367ac-01b0-4c82-83a1-4069d4340667
2024-07-25,2024,7,Q3,NFS_ATM_CASH_WITHDRAWAL,81.67,3261.2,1f9367ac-01b0-4c82-83a1-4069d4340667
2024-07-25,2024,7,Q3,UPI,4453.23,61610.72,1f9367ac-01b0-4c82-83a1-4069d4340667
2024-07-26,2024,7,Q3,IMPS,152.88,18634.89,1f9367ac-01b0-4c82-83a1-4069d4340667
2024-07-26,2024,7,Q3,NFS_ATM_CASH_WITHDRAWAL,85.43,3403.89,1f9367ac-01b0-4c82-83a1-4069d4340667
2024-07-26,2024,7,Q3,UPI,4556.81,59531.17,1f9367ac-01b0-4c82-83a1-4069d4340667
2024-07-27,2024,7,Q3,IMPS,151.52,15564.29,1f9367ac-01b0-4c82-83a1-4069d4340667
2024-07-27,2024,7,Q3,NFS_ATM_CASH_WITHDRAWAL,86.76,3487.96,1f9367ac-01b0-4c82-83a1-4069d4340667
2024-07-27,2024,7,Q3,UPI,4572.74,55364.35,1f9367ac-01b0-4c82-83a1-4069d4340667
2024-07-28,2024,7,Q3,IMPS,136.04,10171.59,1f9367ac-01b0-4c82-83a1-4069d4340667
2024-07-28,2024,7,Q3,NFS_ATM_CASH_WITHDRAWAL,82.15,2946.14,1f9367ac-01b0-4c82-83a1-4069d4340667
2024-07-28,2024,7,Q3,UPI,4517.45,45136.0,1f9367ac-01b0-4c82-83a1-4069d4340667
2024-07-29,2024,7,Q3,IMPS,151.79,20191.33,1f9367ac-01b0-4c82-83a1-4069d4340667
2024-07-29,2024,7,Q3,NFS_ATM_CASH_WITHDRAWAL,84.91,3412.54,1f9367ac-01b0-4c82-83a1-4069d4340667
2024-07-29,2024,7,Q3,UPI,4417.18,62312.64,1f9367ac-01b0-4c82-83a1-4069d4340667
2024-07-30,2024,7,Q3,IMPS,151.17,20981.19,1f9367ac-01b0-4c82-83a1-4069d4340667
2024-07-30,2024,7,Q3,NFS_ATM_CASH_WITHDRAWAL,84.77,3429.06,1f9367ac-01b0-4c82-83a1-4069d4340667
2024-07-30,2024,7,Q3,UPI,4462.18,63738.25,1f9367ac-01b0-4c82-83a1-4069d4340667
2024-07-31,2024,7,Q3,IMPS,168.31,25757.66,1f9367ac-01b0-4c82-83a1-4069d4340667
2024-07-31,2024,7,Q3,NFS_ATM_CASH_WITHDRAWAL,94.78,4225.39,1f9367ac-01b0-4c82-83a1-4069d4340667
2024-07-31,2024,7,Q3,UPI,4599.71,77902.69,1f9367ac-01b0-4c82-83a1-4069d4340667
2024-08-01,2024,8,Q3,IMPS,185.76,26456.62,1f9367ac-01b0-4c82-83a1-4069d4340667
2024-08-01,2024,8,Q3,NFS_ATM_CASH_WITHDRAWAL,109.35,5211.99,1f9367ac-01b0-4c82-83a1-4069d4340667
2024-08-01,2024,8,Q3,UPI,4927.45,86207.47,1f9367ac-01b0-4c82-83a1-4069d4340667
2024-08-02,2024,8,Q3,IMPS,171.62,23140.46,1f9367ac-01b0-4c82-83a1-4069d4340667
2024-08-02,2024,8,Q3,NFS_ATM_CASH_WITHDRAWAL,109.65,5149.65,1f9367ac-01b0-4c82-83a1-4069d4340667
2024-08-02,2024,8,Q3,UPI,5035.24,80650.53,1f9367ac-01b0-4c82-83a1-4069d4340667
2024-08-03,2024,8,Q3,IMPS,162.56,20480.89,1f9367ac-01b0-4c82-83a1-4069d4340667
2024-08-03,2024,8,Q3,NFS_ATM_CASH_WITHDRAWAL,109.79,5080.71,1f9367ac-01b0-4c82-83a1-4069d4340667
2024-08-03,2024,8,Q3,UPI,4985.34,74840.21,1f9367ac-01b0-4c82-83a1-4069d4340667
2024-08-04,2024,8,Q3,IMPS,146.22,13902.02,1f9367ac-01b0-4c82-83a1-4069d4340667
2024-08-04,2024,8,Q3,NFS_ATM_CASH_WITHDRAWAL,100.57,4187.12,1f9367ac-01b0-4c82-83a1-4069d4340667
2024-08-04,2024,8,Q3,UPI,4941.3,60733.24,1f9367ac-01b0-4c82-83a1-4069d4340667
2024-08-05,2024,8,Q3,IMPS,179.14,24644.9,1f9367ac-01b0-4c82-83a1-4069d4340667
2024-08-05,2024,8,Q3,NFS_ATM_CASH_WITHDRAWAL,107.81,4900.28,1f9367ac-01b0-4c82-83a1-4069d4340667
2024-08-05,2024,8,Q3,UPI,5029.81,87105.05,1f9367ac-01b0-4c82-83a1-4069d4340667
2024-08-06,2024,8,Q3,IMPS,170.58,22392.16,1f9367ac-01b0-4c82-83a1-4069d4340667
2024-08-06,2024,8,Q3,NFS_ATM_CASH_WITHDRAWAL,102.53,4617.64,1f9367ac-01b0-4c82-83a1-4069d4340667
2024-08-06,2024,8,Q3,UPI,4846.79,75775.76,1f9367ac-01b0-4c82-83a1-4069d4340667
2024-08-07,2024,8,Q3,IMPS,161.98,21481.03,1f9367ac-01b0-4c82-83a1-4069d4340667
2024-08-07,2024,8,Q3,NFS_ATM_CASH_WITHDRAWAL,108.61,4928.8,1f9367ac-01b0-4c82-83a1-4069d4340667
2024-08-07,2024,8,Q3,UPI,4945.62,75924.48,1f9367ac-01b0-4c82-83a1-4069d4340667
2024-08-08,2024,8,Q3,IMPS,159.47,20790.9,1f9367ac-01b0-4c82-83a1-4069d4340667
2024-08-08,2024,8,Q3,NFS_ATM_CASH_WITHDRAWAL,111.12,5037.4,1f9367ac-01b0-4c82-83a1-4069d4340667
2024-08-08,2024,8,Q3,UPI,4990.49,74517.12,1f9367ac-01b0-4c82-83a1-4069d4340667
2024-08-09,2024,8,Q3,IMPS,159.59,20618.9,1f9367ac-01b0-4c82-83a1-4069d4340667
2024-08-09,2024,8,Q3,NFS_ATM_CASH_WITHDRAWAL,105.72,4702.59,1f9367ac-01b0-4c82-83a1-4069d4340667
2024-08-09,2024,8,Q3,UPI,4999.0,71679.83,1f9367ac-01b0-4c82-83a1-4069d4340667
2024-08-10,2024,8,Q3,IMPS,151.69,17136.91,1f9367ac-01b0-4c82-83a1-4069d4340667
2024-08-10,2024,8,Q3,NFS_ATM_CASH_WITHDRAWAL,110.33,4950.67,1f9367ac-01b0-4c82-83a1-4069d4340667
2024-08-10,2024,8,Q3,UPI,5018.96,68937.11,1f9367ac-01b0-4c82-83a1-4069d4340667
2024-08-11,2024,8,Q3,IMPS,124.84,10626.52,1f9367ac-01b0-4c82-83a1-4069d4340667
2024-08-11,2024,8,Q3,NFS_ATM_CASH_WITHDRAWAL,97.85,3936.13,1f9367ac-01b0-4c82-83a1-4069d4340667
2024-08-11,2024,8,Q3,UPI,4842.05,53711.43,1f9367ac-01b0-4c82-83a1-4069d4340667
2024-08-12,2024,8,Q3,IMPS,154.37,21146.91,1f9367ac-01b0-4c82-83a1-4069d4340667
2024-08-12,2024,8,Q3,NFS_ATM_CASH_WITHDRAWAL,104.61,4570.41,1f9367ac-01b0-4c82-83a1-4069d4340667
2024-08-12,2024,8,Q3,UPI,4948.14,73511.02,1f9367ac-01b0-4c82-83a1-4069d4340667
2024-08-13,2024,8,Q3,IMPS,145.63,19771.67,1f9367ac-01b0-4c82-83a1-4069d4340667
2024-08-13,2024,8,Q3,NFS_ATM_CASH_WITHDRAWAL,102.66,4447.39,1f9367ac-01b0-4c82-83a1-4069d4340667
2024-08-13,2024,8,Q3,UPI,4938.53,69591.51,1f9367ac-01b0-4c82-83a1-4069d4340667
2024-08-14,2024,8,Q3,IMPS,149.55,20507.95,1f9367ac-01b0-4c82-83a1-4069d4340667
2024-08-14,2024,8,Q3,NFS_ATM_CASH_WITHDRAWAL,105.7,4526.15,1f9367ac-01b0-4c82-83a1-4069d4340667
2024-08-14,2024,8,Q3,UPI,5089.69,70932.79,1f9367ac-01b0-4c82-83a1-4069d4340667
2024-08-15,2024,8,Q3,IMPS,123.47,12125.12,1f9367ac-01b0-4c82-83a1-4069d4340667
2024-08-15,2024,8,Q3,NFS_ATM_CASH_WITHDRAWAL,94.93,3736.34,1f9367ac-01b0-4c82-83a1-4069d4340667
2024-08-15,2024,8,Q3,UPI,4796.04,53740.39,1f9367ac-01b0-4c82-83a1-4069d4340667
2024-08-16,2024,8,Q3,IMPS,142.86,18430.0,1f9367ac-01b0-4c82-83a1-4069d4340667
2024-08-16,2024,8,Q3,NFS_ATM_CASH_WITHDRAWAL,100.8,4137.75,1f9367ac-01b0-4c82-83a1-4069d4340667
2024-08-16,2024,8,Q3,UPI,4835.59,62853.27,1f9367ac-01b0-4c82-83a1-4069d4340667
2024-08-17,2024,8,Q3,IMPS,139.22,17580.75,1f9367ac-01b0-4c82-83a1-4069d4340667
2024-08-17,2024,8,Q3,NFS_ATM_CASH_WITHDRAWAL,106.62,4488.63,1f9367ac-01b0-4c82-83a1-4069d4340667
2024-08-17,2024,8,Q3,UPI,4892.83,64285.9,1f9367ac-01b0-4c82-83a1-4069d4340667
2024-08-18,2024,8,Q3,IMPS,128.15,10854.56,1f9367ac-01b0-4c82-83a1-4069d4340667
2024-08-18,2024,8,Q3,NFS_ATM_CASH_WITHDRAWAL,111.53,4251.98,1f9367ac-01b0-4c82-83a1-4069d4340667
2024-08-18,2024,8,Q3,UPI,4975.86,52964.5,1f9367ac-01b0-4c82-83a1-4069d4340667
2024-08-19,2024,8,Q3,IMPS,129.77,14751.85,1f9367ac-01b0-4c82-83a1-4069d4340667
2024-08-19,2024,8,Q3,NFS_ATM_CASH_WITHDRAWAL,108.06,3875.36,1f9367ac-01b0-4c82-83a1-4069d4340667
2024-08-19,2024,8,Q3,UPI,4795.09,57096.04,1f9367ac-01b0-4c82-83a1-4069d4340667
2024-08-20,2024,8,Q3,IMPS,133.4,18644.95,1f9367ac-01b0-4c82-83a1-4069d4340667
2024-08-20,2024,8,Q3,NFS_ATM_CASH_WITHDRAWAL,86.68,3555.72,1f9367ac-01b0-4c82-83a1-4069d4340667
2024-08-20,2024,8,Q3,UPI,4567.58,63752.32,1f9367ac-01b0-4c82-83a1-4069d4340667
2024-08-21,2024,8,Q3,IMPS,134.56,18938.62,1f9367ac-01b0-4c82-83a1-4069d4340667
2024-08-21,2024,8,Q3,NFS_ATM_CASH_WITHDRAWAL,86.9,3541.72,1f9367ac-01b0-4c82-83a1-4069d4340667
2024-08-21,2024,8,Q3,UPI,4655.06,63404.65,1f9367ac-01b0-4c82-83a1-4069d4340667
2024-08-22,2024,8,Q3,IMPS,134.39,18335.01,1f9367ac-01b0-4c82-83a1-4069d4340667
2024-08-22,2024,8,Q3,NFS_ATM_CASH_WITHDRAWAL,86.47,3482.07,1f9367ac-01b0-4c82-83a1-4069d4340667
2024-08-22,2024,8,Q3,UPI,4650.04,61990.5,1f9367ac-01b0-4c82-83a1-4069d4340667
2024-08-23,2024,8,Q3,IMPS,135.7,18954.58,1f9367ac-01b0-4c82-83a1-4069d4340667
2024-08-23,2024,8,Q3,NFS_ATM_CASH_WITHDRAWAL,84.92,3413.02,1f9367ac-01b0-4c82-83a1-4069d4340667
2024-08-23,2024,8,Q3,UPI,4615.79,60477.73,1f9367ac-01b0-4c82-83a1-4069d4340667
2024-08-24,2024,8,Q3,IMPS,130.37,15274.33,1f9367ac-01b0-4c82-83a1-4069d4340667
2024-08-24,2024,8,Q3,NFS_ATM_CASH_WITHDRAWAL,85.57,3486.27,1f9367ac-01b0-4c82-83a1-4069d4340667
2024-08-24,2024,8,Q3,UPI,4578.26,56689.96,1f9367ac-01b0-4c82-83a1-4069d4340667
2024-08-25,2024,8,Q3,IMPS,124.05,10114.83,1f9367ac-01b0-4c82-83a1-4069d4340667
2024-08-25,2024,8,Q3,NFS_ATM_CASH_WITHDRAWAL,83.62,3062.25,1f9367ac-01b0-4c82-83a1-4069d4340667
2024-08-25,2024,8,Q3,UPI,4610.72,47468.27,1f9367ac-01b0-4c82-83a1-4069d4340667
2024-08-26,2024,8,Q3,IMPS,133.85,15973.16,1f9367ac-01b0-4c82-83a1-4069d4340667
2024-08-26,2024,8,Q3,NFS_ATM_CASH_WITHDRAWAL,81.13,3101.5,1f9367ac-01b0-4c82-83a1-4069d4340667
2024-08-26,2024,8,Q3,UPI,4605.23,56543.09,1f9367ac-01b0-4c82-83a1-4069d4340667
2024-08-27,2024,8,Q3,IMPS,136.88,19186.28,1f9367ac-01b0-4c82-83a1-4069d4340667
2024-08-27,2024,8,Q3,NFS_ATM_CASH_WITHDRAWAL,81.12,3253.69,1f9367ac-01b0-4c82-83a1-4069d4340667
2024-08-27,2024,8,Q3,UPI,4521.45,60871.56,1f9367ac-01b0-4c82-83a1-4069d4340667
2024-08-28,2024,8,Q3,IMPS,138.7,19568.75,1f9367ac-01b0-4c82-83a1-4069d4340667
2024-08-28,2024,8,Q3,NFS_ATM_CASH_WITHDRAWAL,83.2,3348.28,1f9367ac-01b0-4c82-83a1-4069d4340667
2024-08-28,2024,8,Q3,UPI,4636.85,62645.47,1f9367ac-01b0-4c82-83a1-4069d4340667
2024-08-29,2024,8,Q3,IMPS,140.3,20462.28,1f9367ac-01b0-4c82-83a1-4069d4340667
2024-08-29,2024,8,Q3,NFS_ATM_CASH_WITHDRAWAL,82.78,3388.32,1f9367ac-01b0-4c82-83a1-4069d4340667
2024-08-29,2024,8,Q3,UPI,4621.93,64211.45,1f9367ac-01b0-4c82-83a1-4069d4340667
2024-08-30,2024,8,Q3,IMPS,149.7,22709.2,1f9367ac-01b0-4c82-83a1-4069d4340667
2024-08-30,2024,8,Q3,NFS_ATM_CASH_WITHDRAWAL,90.21,3854.1,1f9367ac-01b0-4c82-83a1-4069d4340667
2024-08-30,2024,8,Q3,UPI,4777.08,71082.16,1f9367ac-01b0-4c82-83a1-4069d4340667
2024-08-31,2024,8,Q3,IMPS,155.0,22885.79,1f9367ac-01b0-4c82-83a1-4069d4340667
2024-08-31,2024,8,Q3,NFS_ATM_CASH_WITHDRAWAL,102.58,4671.16,1f9367ac-01b0-4c82-83a1-4069d4340667
2024-08-31,2024,8,Q3,UPI,4956.66,76540.76,1f9367ac-01b0-4c82-83a1-4069d4340667
2024-09-01,2024,9,Q3,IMPS,149.84,16294.23,1f9367ac-01b0-4c82-83a1-4069d4340667
2024-09-01,2024,9,Q3,NFS_ATM_CASH_WITHDRAWAL,104.1,4502.49,1f9367ac-01b0-4c82-83a1-4069d4340667
2024-09-01,2024,9,Q3,UPI,5114.21,69073.83,1f9367ac-01b0-4c82-83a1-4069d4340667
2024-09-02,2024,9,Q3,IMPS,171.31,24317.35,1f9367ac-01b0-4c82-83a1-4069d4340667
2024-09-02,2024,9,Q3,NFS_ATM_CASH_WITHDRAWAL,111.14,5189.0,1f9367ac-01b0-4c82-83a1-4069d4340667
2024-09-02,2024,9,Q3,UPI,5111.79,86274.07,1f9367ac-01b0-4c82-83a1-4069d4340667
2024-09-03,2024,9,Q3,IMPS,162.93,22965.39,1f9367ac-01b0-4c82-83a1-4069d4340667
2024-09-03,2024,9,Q3,NFS_ATM_CASH_WITHDRAWAL,108.65,5062.21,1f9367ac-01b0-4c82-83a1-4069d4340667
2024-09-03,2024,9,Q3,UPI,5158.92,81437.03,1f9367ac-01b0-4c82-83a1-4069d4340667
2024-09-04,2024,9,Q3,IMPS,163.69,23379.11,1f9367ac-01b0-4c82-83a1-4069d4340667
2024-09-04,2024,9,Q3,NFS_ATM_CASH_WITHDRAWAL,108.39,4965.06,1f9367ac-01b0-4c82-83a1-4069d4340667
2024-09-04,2024,9,Q3,UPI,5276.83,83685.23,1f9367ac-01b0-4c82-83a1-4069d4340667
2024-09-05,2024,9,Q3,IMPS,159.08,22684.72,1f9367ac-01b0-4c82-83a1-4069d4340667
2024-09-05,2024,9,Q3,NFS_ATM_CASH_WITHDRAWAL,109.48,4938.84,1f9367ac-01b0-4c82-83a1-4069d4340667
2024-09-05,2024,9,Q3,UPI,5275.53,80797.4,1f9367ac-01b0-4c82-83a1-4069d4340667
2024-09-06,2024,9,Q3,IMPS,157.64,21908.69,1f9367ac-01b0-4c82-83a1-4069d4340667
2024-09-06,2024,9,Q3,NFS_ATM_CASH_WITHDRAWAL,114.79,5111.69,1f9367ac-01b0-4c82-83a1-4069d4340667
2024-09-06,2024,9,Q3,UPI,5306.97,77713.57,1f9367ac-01b0-4c82-83a1-4069d4340667
2024-09-07,2024,9,Q3,IMPS,139.93,15847.87,1f9367ac-01b0-4c82-83a1-4069d4340667
2024-09-07,2024,9,Q3,NFS_ATM_CASH_WITHDRAWAL,110.66,4877.05,1f9367ac-01b0-4c82-83a1-4069d4340667
2024-09-07,2024,9,Q3,UPI,5028.66,65498.43,1f9367ac-01b0-4c82-83a1-4069d4340667
2024-09-08,2024,9,Q3,IMPS,122.39,11157.35,1f9367ac-01b0-4c82-83a1-4069d4340667
2024-09-08,2024,9,Q3,NFS_ATM_CASH_WITHDRAWAL,102.91,4284.87,1f9367ac-01b0-4c82-83a1-4069d4340667
2024-09-08,2024,9,Q3,UPI,4915.62,56165.45,1f9367ac-01b0-4c82-83a1-4069d4340667
2024-09-09,2024,9,Q3,IMPS,157.51,22842.64,1f9367ac-01b0-4c82-83a1-4069d4340667
2024-09-09,2024,9,Q3,NFS_ATM_CASH_WITHDRAWAL,108.09,4851.03,1f9367ac-01b0-4c82-83a1-4069d4340667
2024-09-09,2024,9,Q3,UPI,5084.25,79490.57,1f9367ac-01b0-4c82-83a1-4069d4340667
2024-09-10,2024,9,Q3,IMPS,159.03,22639.93,1f9367ac-01b0-4c82-83a1-4069d4340667
2024-09-10,2024,9,Q3,NFS_ATM_CASH_WITHDRAWAL,110.44,4931.55,1f9367ac-01b0-4c82-83a1-4069d4340667
2024-09-10,2024,9,Q3,UPI,5114.5,78254.62,1f9367ac-01b0-4c82-83a1-4069d4340667
2024-09-11,2024,9,Q3,IMPS,154.11,21852.61,1f9367ac-01b0-4c82-83a1-4069d4340667
2024-09-11,2024,9,Q3,NFS_ATM_CASH_WITHDRAWAL,106.27,4682.0,1f9367ac-01b0-4c82-83a1-4069d4340667
2024-09-11,2024,9,Q3,UPI,5145.97,75806.41,1f9367ac-01b0-4c82-83a1-4069d4340667
2024-09-12,2024,9,Q3,IMPS,149.43,19790.65,1f9367ac-01b0-4c82-83a1-4069d4340667
2024-09-12,2024,9,Q3,NFS_ATM_CASH_WITHDRAWAL,100.89,4366.73,1f9367ac-01b0-4c82-83a1-4069d4340667
2024-09-12,2024,9,Q3,UPI,4988.13,70296.67,1f9367ac-01b0-4c82-83a1-4069d4340667
2024-09-13,2024,9,Q3,IMPS,145.36,19735.65,1f9367ac-01b0-4c82-83a1-4069d4340667
2024-09-13,2024,9,Q3,NFS_ATM_CASH_WITHDRAWAL,101.27,4346.73,1f9367ac-01b0-4c82-83a1-4069d4340667
2024-09-13,2024,9,Q3,UPI,5079.2,70079.7,1f9367ac-01b0-4c82-83a1-4069d4340667
2024-09-14,2024,9,Q3,IMPS,137.74,16284.97,1f9367ac-01b0-4c82-83a1-4069d4340667
2024-09-14,2024,9,Q3,NFS_ATM_CASH_WITHDRAWAL,101.83,4380.27,1f9367ac-01b0-4c82-83a1-4069d4340667
2024-09-14,2024,9,Q3,UPI,5096.63,65219.02,1f9367ac-01b0-4c82-83a1-4069d4340667
2024-09-15,2024,9,Q3,IMPS,123.79,10684.44,1f9367ac-01b0-4c82-83a1-4069d4340667
2024-09-15,2024,9,Q3,NFS_ATM_CASH_WITHDRAWAL,94.69,3671.01,1f9367ac-01b0-4c82-83a1-4069d4340667
2024-09-15,2024,9,Q3,UPI,4946.03,53280.38,1f9367ac-01b0-4c82-83a1-4069d4340667
2024-09-16,2024,9,Q3,IMPS,140.29,16477.54,1f9367ac-01b0-4c82-83a1-4069d4340667
2024-09-16,2024,9,Q3,NFS_ATM_CASH_WITHDRAWAL,93.23,3728.37,1f9367ac-01b0-4c82-83a1-4069d4340667
2024-09-16,2024,9,Q3,UPI,4923.31,63984.34,1f9367ac-01b0-4c82-83a1-4069d4340667
2024-09-17,2024,9,Q3,IMPS,135.04,17366.02,1f9367ac-01b0-4c82-83a1-4069d4340667
2024-09-17,2024,9,Q3,NFS_ATM_CASH_WITHDRAWAL,89.63,3538.46,1f9367ac-01b0-4c82-83a1-4069d4340667
2024-09-17,2024,9,Q3,UPI,4689.13,59687.43,1f9367ac-01b0-4c82-83a1-4069d4340667
2024-09-18,2024,9,Q3,IMPS,136.48,18598.65,1f9367ac-01b0-4c82-83a1-4069d4340667
2024-09-18,2024,9,Q3,NFS_ATM_CASH_WITHDRAWAL,93.19,3792.75,1f9367ac-01b0-4c82-83a1-4069d4340667
2024-09-18,2024,9,Q3,UPI,4991.37,66289.32,1f9367ac-01b0-4c82-83a1-4069d4340667
2024-09-19,2024,9,Q3,IMPS,140.86,19863.1,1f9367ac-01b0-4c82-83a1-4069d4340667
2024-09-19,2024,9,Q3,NFS_ATM_CASH_WITHDRAWAL,91.89,3764.59,1f9367ac-01b0-4c82-83a1-4069d4340667
2024-09-19,2024,9,Q3,UPI,5006.81,68177.63,1f9367ac-01b0-4c82-83a1-4069d4340667
2024-09-20,2024,9,Q3,IMPS,139.49,18684.32,1f9367ac-01b0-4c82-83a1-4069d4340667
2024-09-20,2024,9,Q3,NFS_ATM_CASH_WITHDRAWAL,91.1,3725.57,1f9367ac-01b0-4c82-83a1-4069d4340667
2024-09-20,2024,9,Q3,UPI,5002.7,65412.69,1f9367ac-01b0-4c82-83a1-4069d4340667
2024-09-21,2024,9,Q3,IMPS,136.08,17163.33,1f9367ac-01b0-4c82-83a1-4069d4340667
2024-09-21,2024,9,Q3,NFS_ATM_CASH_WITHDRAWAL,90.23,3690.24,1f9367ac-01b0-4c82-83a1-4069d4340667
2024-09-21,2024,9,Q3,UPI,4950.98,63704.4,1f9367ac-01b0-4c82-83a1-4069d4340667
2024-09-22,2024,9,Q3,IMPS,116.54,10377.15,1f9367ac-01b0-4c82-83a1-4069d4340667
2024-09-22,2024,9,Q3,NFS_ATM_CASH_WITHDRAWAL,87.11,3204.83,1f9367ac-01b0-4c82-83a1-4069d4340667
2024-09-22,2024,9,Q3,UPI,4905.15,50664.47,1f9367ac-01b0-4c82-83a1-4069d4340667
2024-09-23,2024,9,Q3,IMPS,140.96,19047.83,1f9367ac-01b0-4c82-83a1-4069d4340667
2024-09-23,2024,9,Q3,NFS_ATM_CASH_WITHDRAWAL,87.88,3548.39,1f9367ac-01b0-4c82-83a1-4069d4340667
2024-09-23,2024,9,Q3,UPI,4887.96,66590.44,1f9367ac-01b0-4c82-83a1-4069d4340667
2024-09-24,2024,9,Q3,IMPS,134.98,18596.16,1f9367ac-01b0-4c82-83a1-4069d4340667
2024-09-24,2024,9,Q3,NFS_ATM_CASH_WITHDRAWAL,83.98,3355.22,1f9367ac-01b0-4c82-83a1-4069d4340667
2024-09-24,2024,9,Q3,UPI,4824.49,63656.76,1f9367ac-01b0-4c82-83a1-4069d4340667
2024-09-25,2024,9,Q3,IMPS,138.49,19881.63,1f9367ac-01b0-4c82-83a1-4069d4340667
2024-09-25,2024,9,Q3,NFS_ATM_CASH_WITHDRAWAL,82.44,3325.4,1f9367ac-01b0-4c82-83a1-4069d4340667
2024-09-25,2024,9,Q3,UPI,4812.32,66166.94,1f9367ac-01b0-4c82-83a1-4069d4340667
2024-09-26,2024,9,Q3,IMPS,136.94,19404.51,1f9367ac-01b0-4c82-83a1-4069d4340667
2024-09-26,2024,9,Q3,NFS_ATM_CASH_WITHDRAWAL,81.51,3297.59,1f9367ac-01b0-4c82-83a1-4069d4340667
2024-09-26,2024,9,Q3,UPI,4804.61,66459.08,1f9367ac-01b0-4c82-83a1-4069d4340667
2024-09-27,2024,9,Q3,IMPS,136.37,20312.86,1f9367ac-01b0-4c82-83a1-4069d4340667
2024-09-27,2024,9,Q3,NFS_ATM_CASH_WITHDRAWAL,84.52,3445.25,1f9367ac-01b0-4c82-83a1-4069d4340667
2024-09-27,2024,9,Q3,UPI,4938.88,66716.07,1f9367ac-01b0-4c82-83a1-4069d4340667
2024-09-28,2024,9,Q3,IMPS,132.45,17083.73,1f9367ac-01b0-4c82-83a1-4069d4340667
2024-09-28,2024,9,Q3,NFS_ATM_CASH_WITHDRAWAL,87.62,3623.41,1f9367ac-01b0-4c82-83a1-4069d4340667
2024-09-28,2024,9,Q3,UPI,4956.68,61976.27,1f9367ac-01b0-4c82-83a1-4069d4340667
2024-09-29,2024,9,Q3,IMPS,117.1,11321.58,1f9367ac-01b0-4c82-83a1-4069d4340667
2024-09-29,2024,9,Q3,NFS_ATM_CASH_WITHDRAWAL,86.63,3225.79,1f9367ac-01b0-4c82-83a1-4069d4340667
2024-09-29,2024,9,Q3,UPI,4773.76,50108.87,1f9367ac-01b0-4c82-83a1-4069d4340667
2024-09-30,2024,9,Q3,IMPS,163.51,28668.65,1f9367ac-01b0-4c82-83a1-4069d4340667
2024-09-30,2024,9,Q3,NFS_ATM_CASH_WITHDRAWAL,104.34,4744.67,1f9367ac-01b0-4c82-83a1-4069d4340667
2024-09-30,2024,9,Q3,UPI,5306.08,91327.62,1f9367ac-01b0-4c82-83a1-4069d4340667
2024-10-01,2024,10,Q4,IMPS,177.97,27122.24,1f9367ac-01b0-4c82-83a1-4069d4340667
2024-10-01,2024,10,Q4,NFS_ATM_CASH_WITHDRAWAL,119.33,5675.56,1f9367ac-01b0-4c82-83a1-4069d4340667
2024-10-01,2024,10,Q4,UPI,5465.34,92658.75,1f9367ac-01b0-4c82-83a1-4069d4340667
2024-10-02,2024,10,Q4,IMPS,156.25,18435.14,1f9367ac-01b0-4c82-83a1-4069d4340667
2024-10-02,2024,10,Q4,NFS_ATM_CASH_WITHDRAWAL,114.04,5197.39,1f9367ac-01b0-4c82-83a1-4069d4340667
2024-10-02,2024,10,Q4,UPI,5447.42,77705.0,1f9367ac-01b0-4c82-83a1-4069d4340667
2024-10-03,2024,10,Q4,IMPS,161.69,24682.45,1f9367ac-01b0-4c82-83a1-4069d4340667
2024-10-03,2024,10,Q4,NFS_ATM_CASH_WITHDRAWAL,110.52,5174.74,1f9367ac-01b0-4c82-83a1-4069d4340667
2024-10-03,2024,10,Q4,UPI,5482.69,88839.15,1f9367ac-01b0-4c82-83a1-4069d4340667
2024-10-04,2024,10,Q4,IMPS,163.25,24833.89,1f9367ac-01b0-4c82-83a1-4069d4340667
2024-10-04,2024,10,Q4,NFS_ATM_CASH_WITHDRAWAL,110.62,5153.85,1f9367ac-01b0-4c82-83a1-4069d4340667
2024-10-04,2024,10,Q4,UPI,5448.27,86830.46,1f9367ac-01b0-4c82-83a1-4069d4340667
2024-10-05,2024,10,Q4,IMPS,158.01,22115.72,1f9367ac-01b0-4c82-83a1-4069d4340667
2024-10-05,2024,10,Q4,NFS_ATM_CASH_WITHDRAWAL,116.93,5393.43,1f9367ac-01b0-4c82-83a1-4069d4340667
2024-10-05,2024,10,Q4,UPI,5473.27,84513.18,1f9367ac-01b0-4c82-83a1-4069d4340667
2024-10-06,2024,10,Q4,IMPS,137.24,14308.37,1f9367ac-01b0-4c82-83a1-4069d4340667
2024-10-06,2024,10,Q4,NFS_ATM_CASH_WITHDRAWAL,114.12,4820.8,1f9367ac-01b0-4c82-83a1-4069d4340667
2024-10-06,2024,10,Q4,UPI,5357.65,66431.56,1f9367ac-01b0-4c82-83a1-4069d4340667
2024-10-07,2024,10,Q4,IMPS,168.77,25539.97,1f9367ac-01b0-4c82-83a1-4069d4340667
2024-10-07,2024,10,Q4,NFS_ATM_CASH_WITHDRAWAL,119.29,5480.08,1f9367ac-01b0-4c82-83a1-4069d4340667
2024-10-07,2024,10,Q4,UPI,5507.49,92458.79,1f9367ac-01b0-4c82-83a1-4069d4340667
2024-10-08,2024,10,Q4,IMPS,159.88,23594.33,1f9367ac-01b0-4c82-83a1-4069d4340667
2024-10-08,2024,10,Q4,NFS_ATM_CASH_WITHDRAWAL,121.41,5623.66,1f9367ac-01b0-4c82-83a1-4069d4340667
2024-10-08,2024,10,Q4,UPI,5510.62,85158.96,1f9367ac-01b0-4c82-83a1-4069d4340667
2024-10-09,2024,10,Q4,IMPS,161.02,23360.87,1f9367ac-01b0-4c82-83a1-4069d4340667
2024-10-09,2024,10,Q4,NFS_ATM_CASH_WITHDRAWAL,120.8,5534.94,1f9367ac-01b0-4c82-83a1-4069d4340667
2024-10-09,2024,10,Q4,UPI,5598.86,85547.24,1f9367ac-01b0-4c82-83a1-4069d4340667
2024-10-10,2024,10,Q4,IMPS,163.36,22444.46,1f9367ac-01b0-4c82-83a1-4069d4340667
2024-10-10,2024,10,Q4,NFS_ATM_CASH_WITHDRAWAL,122.43,5521.1,1f9367ac-01b0-4c82-83a1-4069d4340667
2024-10-10,2024,10,Q4,UPI,5589.33,82983.3,1f9367ac-01b0-4c82-83a1-4069d4340667
2024-10-11,2024,10,Q4,IMPS,148.51,18107.21,1f9367ac-01b0-4c82-83a1-4069d4340667
2024-10-11,2024,10,Q4,NFS_ATM_CASH_WITHDRAWAL,109.96,4755.04,1f9367ac-01b0-4c82-83a1-4069d4340667
2024-10-11,2024,10,Q4,UPI,5355.89,69918.71,1f9367ac-01b0-4c82-83a1-4069d4340667
2024-10-12,2024,10,Q4,IMPS,132.63,12402.38,1f9367ac-01b0-4c82-83a1-4069d4340667
2024-10-12,2024,10,Q4,NFS_ATM_CASH_WITHDRAWAL,98.15,4041.53,1f9367ac-01b0-4c82-83a1-4069d4340667
2024-10-12,2024,10,Q4,UPI,5167.94,56546.43,1f9367ac-01b0-4c82-83a1-4069d4340667
2024-10-13,2024,10,Q4,IMPS,124.84,10321.52,1f9367ac-01b0-4c82-83a1-4069d4340667
2024-10-13,2024,10,Q4,NFS_ATM_CASH_WITHDRAWAL,89.95,3585.46,1f9367ac-01b0-4c82-83a1-4069d4340667
2024-10-13,2024,10,Q4,UPI,5068.84,53064.06,1f9367ac-01b0-4c82-83a1-4069d4340667
2024-10-14,2024,10,Q4,IMPS,149.98,21136.64,1f9367ac-01b0-4c82-83a1-4069d4340667
2024-10-14,2024,10,Q4,NFS_ATM_CASH_WITHDRAWAL,100.38,4408.86,1f9367ac-01b0-4c82-83a1-4069d4340667
2024-10-14,2024,10,Q4,UPI,5162.22,75016.77,1f9367ac-01b0-4c82-83a1-4069d4340667
2024-10-15,2024,10,Q4,IMPS,144.45,20541.14,1f9367ac-01b0-4c82-83a1-4069d4340667
2024-10-15,2024,10,Q4,NFS_ATM_CASH_WITHDRAWAL,101.98,4343.62,1f9367ac-01b0-4c82-83a1-4069d4340667
2024-10-15,2024,10,Q4,UPI,5067.63,73329.45,1f9367ac-01b0-4c82-83a1-4069d4340667
2024-10-16,2024,10,Q4,IMPS,143.1,19923.99,1f9367ac-01b0-4c82-83a1-4069d4340667
2024-10-16,2024,10,Q4,NFS_ATM_CASH_WITHDRAWAL,101.11,4223.34,1f9367ac-01b0-4c82-83a1-4069d4340667
2024-10-16,2024,10,Q4,UPI,5202.53,72971.45,1f9367ac-01b0-4c82-83a1-4069d4340667
2024-10-17,2024,10,Q4,IMPS,141.23,19232.54,1f9367ac-01b0-4c82-83a1-4069d4340667
2024-10-17,2024,10,Q4,NFS_ATM_CASH_WITHDRAWAL,95.63,3983.83,1f9367ac-01b0-4c82-83a1-4069d4340667
2024-10-17,2024,10,Q4,UPI,5157.11,70391.28,1f9367ac-01b0-4c82-83a1-4069d4340667
2024-10-18,2024,10,Q4,IMPS,141.73,19595.42,1f9367ac-01b0-4c82-83a1-4069d4340667
2024-10-18,2024,10,Q4,NFS_ATM_CASH_WITHDRAWAL,94.1,3932.73,1f9367ac-01b0-4c82-83a1-4069d4340667
2024-10-18,2024,10,Q4,UPI,5214.61,68930.91,1f9367ac-01b0-4c82-83a1-4069d4340667
2024-10-19,2024,10,Q4,IMPS,136.72,18031.71,1f9367ac-01b0-4c82-83a1-4069d4340667
2024-10-19,2024,10,Q4,NFS_ATM_CASH_WITHDRAWAL,97.2,4095.87,1f9367ac-01b0-4c82-83a1-4069d4340667
2024-10-19,2024,10,Q4,UPI,5262.23,70977.77,1f9367ac-01b0-4c82-83a1-4069d4340667
2024-10-20,2024,10,Q4,IMPS,124.59,11504.88,1f9367ac-01b0-4c82-83a1-4069d4340667
2024-10-20,2024,10,Q4,NFS_ATM_CASH_WITHDRAWAL,95.41,3674.69,1f9367ac-01b0-4c82-83a1-4069d4340667
2024-10-20,2024,10,Q4,UPI,5289.9,57448.79,1f9367ac-01b0-4c82-83a1-4069d4340667
2024-10-21,2024,10,Q4,IMPS,149.19,21329.1,1f9367ac-01b0-4c82-83a1-4069d4340667
2024-10-21,2024,10,Q4,NFS_ATM_CASH_WITHDRAWAL,92.34,3880.21,1f9367ac-01b0-4c82-83a1-4069d4340667
2024-10-21,2024,10,Q4,UPI,5100.34,73501.45,1f9367ac-01b0-4c82-83a1-4069d4340667
2024-10-22,2024,10,Q4,IMPS,143.46,20772.49,1f9367ac-01b0-4c82-83a1-4069d4340667
2024-10-22,2024,10,Q4,NFS_ATM_CASH_WITHDRAWAL,88.13,3697.36,1f9367ac-01b0-4c82-83a1-4069d4340667
2024-10-22,2024,10,Q4,UPI,5105.26,72169.83,1f9367ac-01b0-4c82-83a1-4069d4340667
2024-10-23,2024,10,Q4,IMPS,144.44,21141.48,1f9367ac-01b0-4c82-83a1-4069d4340667
2024-10-23,2024,10,Q4,NFS_ATM_CASH_WITHDRAWAL,89.75,3772.69,1f9367ac-01b0-4c82-83a1-4069d4340667
2024-10-23,2024,10,Q4,UPI,5197.53,72706.64,1f9367ac-01b0-4c82-83a1-4069d4340667
2024-10-24,2024,10,Q4,IMPS,142.57,20103.79,1f9367ac-01b0-4c82-83a1-4069d4340667
2024-10-24,2024,10,Q4,NFS_ATM_CASH_WITHDRAWAL,87.52,3710.63,1f9367ac-01b0-4c82-83a1-4069d4340667
2024-10-24,2024,10,Q4,UPI,5104.26,69192.29,1f9367ac-01b0-4c82-83a1-4069d4340667
2024-10-25,2024,10,Q4,IMPS,145.23,21865.79,1f9367ac-01b0-4c82-83a1-4069d4340667
2024-10-25,2024,10,Q4,NFS_ATM_CASH_WITHDRAWAL,89.45,3884.87,1f9367ac-01b0-4c82-83a1-4069d4340667
2024-10-25,2024,10,Q4,UPI,5179.06,74389.67,1f9367ac-01b0-4c82-83a1-4069d4340667
2024-10-26,2024,10,Q4,IMPS,141.45,18064.56,1f9367ac-01b0-4c82-83a1-4069d4340667
2024-10-26,2024,10,Q4,NFS_ATM_CASH_WITHDRAWAL,98.26,4327.43,1f9367ac-01b0-4c82-83a1-4069d4340667
2024-10-26,2024,10,Q4,UPI,5250.97,68761.95,1f9367ac-01b0-4c82-83a1-4069d4340667
2024-10-27,2024,10,Q4,IMPS,130.5,11995.09,1f9367ac-01b0-4c82-83a1-4069d4340667
2024-10-27,2024,10,Q4,NFS_ATM_CASH_WITHDRAWAL,93.71,3810.12,1f9367ac-01b0-4c82-83a1-4069d4340667
2024-10-27,2024,10,Q4,UPI,5197.99,57620.64,1f9367ac-01b0-4c82-83a1-4069d4340667
2024-10-28,2024,10,Q4,IMPS,166.84,25027.12,1f9367ac-01b0-4c82-83a1-4069d4340667
2024-10-28,2024,10,Q4,NFS_ATM_CASH_WITHDRAWAL,106.57,4924.27,1f9367ac-01b0-4c82-83a1-4069d4340667
2024-10-28,2024,10,Q4,UPI,5325.86,82704.73,1f9367ac-01b0-4c82-83a1-4069d4340667
2024-10-29,2024,10,Q4,IMPS,170.64,25372.94,1f9367ac-01b0-4c82-83a1-4069d4340667
2024-10-29,2024,10,Q4,NFS_ATM_CASH_WITHDRAWAL,123.78,5792.52,1f9367ac-01b0-4c82-83a1-4069d4340667
2024-10-29,2024,10,Q4,UPI,5652.74,87452.79,1f9367ac-01b0-4c82-83a1-4069d4340667
2024-10-30,2024,10,Q4,IMPS,185.49,28742.32,1f9367ac-01b0-4c82-83a1-4069d4340667
2024-10-30,2024,10,Q4,NFS_ATM_CASH_WITHDRAWAL,142.43,6984.18,1f9367ac-01b0-4c82-83a1-4069d4340667
2024-10-30,2024,10,Q4,UPI,5464.63,94276.43,1f9367ac-01b0-4c82-83a1-4069d4340667
2024-10-31,2024,10,Q4,IMPS,153.2,17731.97,1f9367ac-01b0-4c82-83a1-4069d4340667
2024-10-31,2024,10,Q4,NFS_ATM_CASH_WITHDRAWAL,125.8,5715.71,1f9367ac-01b0-4c82-83a1-4069d4340667
2024-10-31,2024,10,Q4,UPI,6441.18,85323.03,1f9367ac-01b0-4c82-83a1-4069d4340667
2024-11-01,2024,11,Q4,IMPS,148.35,17442.97,1f9367ac-01b0-4c82-83a1-4069d4340667
2024-11-01,2024,11,Q4,NFS_ATM_CASH_WITHDRAWAL,99.4,4557.16,1f9367ac-01b0-4c82-83a1-4069d4340667
2024-11-01,2024,11,Q4,UPI,5175.79,74047.52,1f9367ac-01b0-4c82-83a1-4069d4340667
2024-11-02,2024,11,Q4,IMPS,133.47,16112.34,1f9367ac-01b0-4c82-83a1-4069d4340667
2024-11-02,2024,11,Q4,NFS_ATM_CASH_WITHDRAWAL,99.97,4621.26,1f9367ac-01b0-4c82-83a1-4069d4340667
2024-11-02,2024,11,Q4,UPI,5217.82,75055.57,1f9367ac-01b0-4c82-83a1-4069d4340667
2024-11-03,2024,11,Q4,IMPS,121.98,12471.82,1f9367ac-01b0-4c82-83a1-4069d4340667
2024-11-03,2024,11,Q4,NFS_ATM_CASH_WITHDRAWAL,95.14,4000.34,1f9367ac-01b0-4c82-83a1-4069d4340667
2024-11-03,2024,11,Q4,UPI,5047.98,63120.41,1f9367ac-01b0-4c82-83a1-4069d4340667
2024-11-04,2024,11,Q4,IMPS,157.0,24381.75,1f9367ac-01b0-4c82-83a1-4069d4340667
2024-11-04,2024,11,Q4,NFS_ATM_CASH_WITHDRAWAL,101.12,4809.65,1f9367ac-01b0-4c82-83a1-4069d4340667
2024-11-04,2024,11,Q4,UPI,5265.56,89858.79,1f9367ac-01b0-4c82-83a1-4069d4340667
2024-11-05,2024,11,Q4,IMPS,153.28,22797.14,1f9367ac-01b0-4c82-83a1-4069d4340667
2024-11-05,2024,11,Q4,NFS_ATM_CASH_WITHDRAWAL,102.91,4831.73,1f9367ac-01b0-4c82-83a1-4069d4340667
2024-11-05,2024,11,Q4,UPI,5280.91,85256.12,1f9367ac-01b0-4c82-83a1-4069d4340667
2024-11-06,2024,11,Q4,IMPS,148.65,22313.52,1f9367ac-01b0-4c82-83a1-4069d4340667
2024-11-06,2024,11,Q4,NFS_ATM_CASH_WITHDRAWAL,102.16,4685.89,1f9367ac-01b0-4c82-83a1-4069d4340667
2024-11-06,2024,11,Q4,UPI,5294.49,81865.72,1f9367ac-01b0-4c82-83a1-4069d4340667
2024-11-07,2024,11,Q4,IMPS,143.75,20938.51,1f9367ac-01b0-4c82-83a1-4069d4340667
2024-11-07,2024,11,Q4,NFS_ATM_CASH_WITHDRAWAL,99.24,4481.78,1f9367ac-01b0-4c82-83a1-4069d4340667
2024-11-07,2024,11,Q4,UPI,5212.97,77688.12,1f9367ac-01b0-4c82-83a1-4069d4340667
2024-11-08,2024,11,Q4,IMPS,140.2,20446.86,1f9367ac-01b0-4c82-83a1-4069d4340667
2024-11-08,2024,11,Q4,NFS_ATM_CASH_WITHDRAWAL,101.63,4627.24,1f9367ac-01b0-4c82-83a1-4069d4340667
2024-11-08,2024,11,Q4,UPI,5217.96,74332.91,1f9367ac-01b0-4c82-83a1-4069d4340667
2024-11-09,2024,11,Q4,IMPS,136.64,17666.92,1f9367ac-01b0-4c82-83a1-4069d4340667
2024-11-09,2024,11,Q4,NFS_ATM_CASH_WITHDRAWAL,103.24,4712.75,1f9367ac-01b0-4c82-83a1-4069d4340667
2024-11-09,2024,11,Q4,UPI,5311.83,73528.63,1f9367ac-01b0-4c82-83a1-4069d4340667
2024-11-10,2024,11,Q4,IMPS,124.74,12165.52,1f9367ac-01b0-4c82-83a1-4069d4340667
2024-11-10,2024,11,Q4,NFS_ATM_CASH_WITHDRAWAL,98.39,4142.65,1f9367ac-01b0-4c82-83a1-4069d4340667
2024-11-10,2024,11,Q4,UPI,5308.02,62533.33,1f9367ac-01b0-4c82-83a1-4069d4340667
2024-11-11,2024,11,Q4,IMPS,151.13,22395.37,1f9367ac-01b0-4c82-83a1-4069d4340667
2024-11-11,2024,11,Q4,NFS_ATM_CASH_WITHDRAWAL,103.8,4710.37,1f9367ac-01b0-4c82-83a1-4069d4340667
2024-11-11,2024,11,Q4,UPI,5345.5,82436.94,1f9367ac-01b0-4c82-83a1-4069d4340667
2024-11-12,2024,11,Q4,IMPS,144.07,20603.45,1f9367ac-01b0-4c82-83a1-4069d4340667
2024-11-12,2024,11,Q4,NFS_ATM_CASH_WITHDRAWAL,101.28,4513.28,1f9367ac-01b0-4c82-83a1-4069d4340667
2024-11-12,2024,11,Q4,UPI,5260.88,77463.41,1f9367ac-01b0-4c82-83a1-4069d4340667
2024-11-13,2024,11,Q4,IMPS,140.36,19898.01,1f9367ac-01b0-4c82-83a1-4069d4340667
2024-11-13,2024,11,Q4,NFS_ATM_CASH_WITHDRAWAL,97.57,4282.39,1f9367ac-01b0-4c82-83a1-4069d4340667
2024-11-13,2024,11,Q4,UPI,5285.16,75100.7,1f9367ac-01b0-4c82-83a1-4069d4340667
2024-11-14,2024,11,Q4,IMPS,141.97,19893.46,1f9367ac-01b0-4c82-83a1-4069d4340667
2024-11-14,2024,11,Q4,NFS_ATM_CASH_WITHDRAWAL,95.16,4131.94,1f9367ac-01b0-4c82-83a1-4069d4340667
2024-11-14,2024,11,Q4,UPI,5226.87,73219.2,1f9367ac-01b0-4c82-83a1-4069d4340667
2024-11-15,2024,11,Q4,IMPS,130.76,16523.75,1f9367ac-01b0-4c82-83a1-4069d4340667
2024-11-15,2024,11,Q4,NFS_ATM_CASH_WITHDRAWAL,95.73,3985.92,1f9367ac-01b0-4c82-83a1-4069d4340667
2024-11-15,2024,11,Q4,UPI,5032.81,63789.6,1f9367ac-01b0-4c82-83a1-4069d4340667
2024-11-16,2024,11,Q4,IMPS,129.84,17118.19,1f9367ac-01b0-4c82-83a1-4069d4340667
2024-11-16,2024,11,Q4,NFS_ATM_CASH_WITHDRAWAL,97.72,4157.15,1f9367ac-01b0-4c82-83a1-4069d4340667
2024-11-16,2024,11,Q4,UPI,5258.89,69831.22,1f9367ac-01b0-4c82-83a1-4069d4340667
2024-11-17,2024,11,Q4,IMPS,113.52,10148.82,1f9367ac-01b0-4c82-83a1-4069d4340667
2024-11-17,2024,11,Q4,NFS_ATM_CASH_WITHDRAWAL,90.55,3506.22,1f9367ac-01b0-4c82-83a1-4069d4340667
2024-11-17,2024,11,Q4,UPI,5098.52,54171.35,1f9367ac-01b0-4c82-83a1-4069d4340667
2024-11-18,2024,11,Q4,IMPS,135.49,19014.64,1f9367ac-01b0-4c82-83a1-4069d4340667
2024-11-18,2024,11,Q4,NFS_ATM_CASH_WITHDRAWAL,90.48,3803.91,1f9367ac-01b0-4c82-83a1-4069d4340667
2024-11-18,2024,11,Q4,UPI,5094.88,70983.16,1f9367ac-01b0-4c82-83a1-4069d4340667
2024-11-19,2024,11,Q4,IMPS,134.79,19012.96,1f9367ac-01b0-4c82-83a1-4069d4340667
2024-11-19,2024,11,Q4,NFS_ATM_CASH_WITHDRAWAL,88.24,3706.26,1f9367ac-01b0-4c82-83a1-4069d4340667
2024-11-19,2024,11,Q4,UPI,5027.08,69585.3,1f9367ac-01b0-4c82-83a1-4069d4340667
2024-11-20,2024,11,Q4,IMPS,128.64,17522.38,1f9367ac-01b0-4c82-83a1-4069d4340667
2024-11-20,2024,11,Q4,NFS_ATM_CASH_WITHDRAWAL,86.61,3633.35,1f9367ac-01b0-4c82-83a1-4069d4340667
2024-11-20,2024,11,Q4,UPI,5057.32,67834.29,1f9367ac-01b0-4c82-83a1-4069d4340667
2024-11-21,2024,11,Q4,IMPS,131.14,19179.29,1f9367ac-01b0-4c82-83a1-4069d4340667
2024-11-21,2024,11,Q4,NFS_ATM_CASH_WITHDRAWAL,84.89,3571.51,1f9367ac-01b0-4c82-83a1-4069d4340667
2024-11-21,2024,11,Q4,UPI,5086.23,70642.19,1f9367ac-01b0-4c82-83a1-4069d4340667
2024-11-22,2024,11,Q4,IMPS,129.58,18451.7,1f9367ac-01b0-4c82-83a1-4069d4340667
2024-11-22,2024,11,Q4,NFS_ATM_CASH_WITHDRAWAL,85.26,3542.6,1f9367ac-01b0-4c82-83a1-4069d4340667
2024-11-22,2024,11,Q4,UPI,5102.01,66901.25,1f9367ac-01b0-4c82-83a1-4069d4340667
2024-11-23,2024,11,Q4,IMPS,118.76,14869.92,1f9367ac-01b0-4c82-83a1-4069d4340667
2024-11-23,2024,11,Q4,NFS_ATM_CASH_WITHDRAWAL,84.92,3543.1,1f9367ac-01b0-4c82-83a1-4069d4340667
2024-11-23,2024,11,Q4,UPI,4991.83,60675.87,1f9367ac-01b0-4c82-83a1-4069d4340667
2024-11-24,2024,11,Q4,IMPS,106.56,9840.09,1f9367ac-01b0-4c82-83a1-4069d4340667
2024-11-24,2024,11,Q4,NFS_ATM_CASH_WITHDRAWAL,82.86,3117.47,1f9367ac-01b0-4c82-83a1-4069d4340667
2024-11-24,2024,11,Q4,UPI,5005.79,51421.51,1f9367ac-01b0-4c82-83a1-4069d4340667
2024-11-25,2024,11,Q4,IMPS,137.98,20504.35,1f9367ac-01b0-4c82-83a1-4069d4340667
2024-11-25,2024,11,Q4,NFS_ATM_CASH_WITHDRAWAL,85.77,3565.05,1f9367ac-01b0-4c82-83a1-4069d4340667
2024-11-25,2024,11,Q4,UPI,5021.61,71726.73,1f9367ac-01b0-4c82-83a1-4069d4340667
2024-11-26,2024,11,Q4,IMPS,132.08,19171.11,1f9367ac-01b0-4c82-83a1-4069d4340667
2024-11-26,2024,11,Q4,NFS_ATM_CASH_WITHDRAWAL,81.55,3379.7,1f9367ac-01b0-4c82-83a1-4069d4340667
2024-11-26,2024,11,Q4,UPI,4952.67,70195.84,1f9367ac-01b0-4c82-83a1-4069d4340667
2024-11-27,2024,11,Q4,IMPS,138.69,20052.26,1f9367ac-01b0-4c82-83a1-4069d4340667
2024-11-27,2024,11,Q4,NFS_ATM_CASH_WITHDRAWAL,84.78,3500.51,1f9367ac-01b0-4c82-83a1-4069d4340667
2024-11-27,2024,11,Q4,UPI,5038.54,68595.69,1f9367ac-01b0-4c82-83a1-4069d4340667
2024-11-28,2024,11,Q4,IMPS,134.46,20657.94,1f9367ac-01b0-4c82-83a1-4069d4340667
2024-11-28,2024,11,Q4,NFS_ATM_CASH_WITHDRAWAL,82.89,3460.71,1f9367ac-01b0-4c82-83a1-4069d4340667
2024-11-28,2024,11,Q4,UPI,5049.35,71091.2,1f9367ac-01b0-4c82-83a1-4069d4340667
2024-11-29,2024,11,Q4,IMPS,144.02,23205.53,1f9367ac-01b0-4c82-83a1-4069d4340667
2024-11-29,2024,11,Q4,NFS_ATM_CASH_WITHDRAWAL,87.84,3872.88,1f9367ac-01b0-4c82-83a1-4069d4340667
2024-11-29,2024,11,Q4,UPI,5199.23,77537.16,1f9367ac-01b0-4c82-83a1-4069d4340667
2024-11-30,2024,11,Q4,IMPS,147.28,23527.03,1f9367ac-01b0-4c82-83a1-4069d4340667
2024-11-30,2024,11,Q4,NFS_ATM_CASH_WITHDRAWAL,96.97,4530.61,1f9367ac-01b0-4c82-83a1-4069d4340667
2024-11-30,2024,11,Q4,UPI,5351.71,84697.68,1f9367ac-01b0-4c82-83a1-4069d4340667
2024-12-01,2024,12,Q4,IMPS,145.71,16430.96,1f9367ac-01b0-4c82-83a1-4069d4340667
2024-12-01,2024,12,Q4,NFS_ATM_CASH_WITHDRAWAL,99.11,4426.98,1f9367ac-01b0-4c82-83a1-4069d4340667
2024-12-01,2024,12,Q4,UPI,5504.49,75107.21,1f9367ac-01b0-4c82-83a1-4069d4340667
2024-12-02,2024,12,Q4,IMPS,166.01,25541.57,1f9367ac-01b0-4c82-83a1-4069d4340667
2024-12-02,2024,12,Q4,NFS_ATM_CASH_WITHDRAWAL,107.06,5212.34,1f9367ac-01b0-4c82-83a1-4069d4340667
2024-12-02,2024,12,Q4,UPI,5605.05,95915.61,1f9367ac-01b0-4c82-83a1-4069d4340667
2024-12-03,2024,12,Q4,IMPS,157.96,23841.5,1f9367ac-01b0-4c82-83a1-4069d4340667
2024-12-03,2024,12,Q4,NFS_ATM_CASH_WITHDRAWAL,107.79,5171.4,1f9367ac-01b0-4c82-83a1-4069d4340667
2024-12-03,2024,12,Q4,UPI,5553.85,89993.99,1f9367ac-01b0-4c82-83a1-4069d4340667
2024-12-04,2024,12,Q4,IMPS,157.89,23758.47,1f9367ac-01b0-4c82-83a1-4069d4340667
2024-12-04,2024,12,Q4,NFS_ATM_CASH_WITHDRAWAL,106.29,4996.86,1f9367ac-01b0-4c82-83a1-4069d4340667
2024-12-04,2024,12,Q4,UPI,5619.83,90193.49,1f9367ac-01b0-4c82-83a1-4069d4340667
2024-12-05,2024,12,Q4,IMPS,151.94,22331.39,1f9367ac-01b0-4c82-83a1-4069d4340667
2024-12-05,2024,12,Q4,NFS_ATM_CASH_WITHDRAWAL,102.28,4708.29,1f9367ac-01b0-4c82-83a1-4069d4340667
2024-12-05,2024,12,Q4,UPI,5562.69,86499.53,1f9367ac-01b0-4c82-83a1-4069d4340667
2024-12-06,2024,12,Q4,IMPS,145.83,21289.67,1f9367ac-01b0-4c82-83a1-4069d4340667
2024-12-06,2024,12,Q4,NFS_ATM_CASH_WITHDRAWAL,100.78,4603.13,1f9367ac-01b0-4c82-83a1-4069d4340667
2024-12-06,2024,12,Q4,UPI,5480.22,79287.54,1f9367ac-01b0-4c82-83a1-4069d4340667
2024-12-07,2024,12,Q4,IMPS,146.52,19611.34,1f9367ac-01b0-4c82-83a1-4069d4340667
2024-12-07,2024,12,Q4,NFS_ATM_CASH_WITHDRAWAL,107.42,4983.59,1f9367ac-01b0-4c82-83a1-4069d4340667
2024-12-07,2024,12,Q4,UPI,5577.86,79101.01,1f9367ac-01b0-4c82-83a1-4069d4340667
2024-12-08,2024,12,Q4,IMPS,121.46,12373.27,1f9367ac-01b0-4c82-83a1-4069d4340667
2024-12-08,2024,12,Q4,NFS_ATM_CASH_WITHDRAWAL,104.81,4519.34,1f9367ac-01b0-4c82-83a1-4069d4340667
2024-12-08,2024,12,Q4,UPI,5496.59,64347.24,1f9367ac-01b0-4c82-83a1-4069d4340667
2024-12-09,2024,12,Q4,IMPS,157.68,22770.43,1f9367ac-01b0-4c82-83a1-4069d4340667
2024-12-09,2024,12,Q4,NFS_ATM_CASH_WITHDRAWAL,104.23,4808.94,1f9367ac-01b0-4c82-83a1-4069d4340667
2024-12-09,2024,12,Q4,UPI,5466.05,86326.84,1f9367ac-01b0-4c82-83a1-4069d4340667
2024-12-10,2024,12,Q4,IMPS,153.28,21888.31,1f9367ac-01b0-4c82-83a1-4069d4340667
2024-12-10,2024,12,Q4,NFS_ATM_CASH_WITHDRAWAL,105.98,4886.51,1f9367ac-01b0-4c82-83a1-4069d4340667
2024-12-10,2024,12,Q4,UPI,5513.79,84053.0,1f9367ac-01b0-4c82-83a1-4069d4340667
2024-12-11,2024,12,Q4,IMPS,149.27,21023.09,1f9367ac-01b0-4c82-83a1-4069d4340667
2024-12-11,2024,12,Q4,NFS_ATM_CASH_WITHDRAWAL,102.94,4653.36,1f9367ac-01b0-4c82-83a1-4069d4340667
2024-12-11,2024,12,Q4,UPI,5505.84,80326.73,1f9367ac-01b0-4c82-83a1-4069d4340667
2024-12-12,2024,12,Q4,IMPS,141.94,20164.27,1f9367ac-01b0-4c82-83a1-4069d4340667
2024-12-12,2024,12,Q4,NFS_ATM_CASH_WITHDRAWAL,93.2,4149.73,1f9367ac-01b0-4c82-83a1-4069d4340667
2024-12-12,2024,12,Q4,UPI,5333.41,76196.74,1f9367ac-01b0-4c82-83a1-4069d4340667
2024-12-13,2024,12,Q4,IMPS,141.6,20172.79,1f9367ac-01b0-4c82-83a1-4069d4340667
2024-12-13,2024,12,Q4,NFS_ATM_CASH_WITHDRAWAL,94.31,4135.09,1f9367ac-01b0-4c82-83a1-4069d4340667
2024-12-13,2024,12,Q4,UPI,5411.65,74454.16,1f9367ac-01b0-4c82-83a1-4069d4340667
2024-12-14,2024,12,Q4,IMPS,133.49,16140.54,1f9367ac-01b0-4c82-83a1-4069d4340667
2024-12-14,2024,12,Q4,NFS_ATM_CASH_WITHDRAWAL,94.81,4179.42,1f9367ac-01b0-4c82-83a1-4069d4340667
2024-12-14,2024,12,Q4,UPI,5388.81,68218.53,1f9367ac-01b0-4c82-83a1-4069d4340667
2024-12-15,2024,12,Q4,IMPS,115.0,10645.89,1f9367ac-01b0-4c82-83a1-4069d4340667
2024-12-15,2024,12,Q4,NFS_ATM_CASH_WITHDRAWAL,93.05,3672.0,1f9367ac-01b0-4c82-83a1-4069d4340667
2024-12-15,2024,12,Q4,UPI,5357.74,57635.58,1f9367ac-01b0-4c82-83a1-4069d4340667
2024-12-16,2024,12,Q4,IMPS,145.62,20848.39,1f9367ac-01b0-4c82-83a1-4069d4340667
2024-12-16,2024,12,Q4,NFS_ATM_CASH_WITHDRAWAL,94.73,4049.5,1f9367ac-01b0-4c82-83a1-4069d4340667
2024-12-16,2024,12,Q4,UPI,5378.44,76984.49,1f9367ac-01b0-4c82-83a1-4069d4340667
2024-12-17,2024,12,Q4,IMPS,144.12,20148.59,1f9367ac-01b0-4c82-83a1-4069d4340667
2024-12-17,2024,12,Q4,NFS_ATM_CASH_WITHDRAWAL,90.03,3858.47,1f9367ac-01b0-4c82-83a1-4069d4340667
2024-12-17,2024,12,Q4,UPI,5372.01,77394.28,1f9367ac-01b0-4c82-83a1-4069d4340667
2024-12-18,2024,12,Q4,IMPS,143.77,19534.84,1f9367ac-01b0-4c82-83a1-4069d4340667
2024-12-18,2024,12,Q4,NFS_ATM_CASH_WITHDRAWAL,86.59,3682.9,1f9367ac-01b0-4c82-83a1-4069d4340667
2024-12-18,2024,12,Q4,UPI,5342.22,73236.05,1f9367ac-01b0-4c82-83a1-4069d4340667
2024-12-19,2024,12,Q4,IMPS,139.57,20229.94,1f9367ac-01b0-4c82-83a1-4069d4340667
2024-12-19,2024,12,Q4,NFS_ATM_CASH_WITHDRAWAL,86.54,3657.44,1f9367ac-01b0-4c82-83a1-4069d4340667
2024-12-19,2024,12,Q4,UPI,5354.3,74296.62,1f9367ac-01b0-4c82-83a1-4069d4340667
2024-12-20,2024,12,Q4,IMPS,141.48,20040.98,1f9367ac-01b0-4c82-83a1-4069d4340667
2024-12-20,2024,12,Q4,NFS_ATM_CASH_WITHDRAWAL,86.98,3662.47,1f9367ac-01b0-4c82-83a1-4069d4340667
2024-12-20,2024,12,Q4,UPI,5352.75,73223.48,1f9367ac-01b0-4c82-83a1-4069d4340667
2024-12-21,2024,12,Q4,IMPS,143.41,17748.72,1f9367ac-01b0-4c82-83a1-4069d4340667
2024-12-21,2024,12,Q4,NFS_ATM_CASH_WITHDRAWAL,88.31,3727.77,1f9367ac-01b0-4c82-83a1-4069d4340667
2024-12-21,2024,12,Q4,UPI,5379.54,68924.5,1f9367ac-01b0-4c82-83a1-4069d4340667
2024-12-22,2024,12,Q4,IMPS,115.79,10601.13,1f9367ac-01b0-4c82-83a1-4069d4340667
2024-12-22,2024,12,Q4,NFS_ATM_CASH_WITHDRAWAL,84.69,3232.49,1f9367ac-01b0-4c82-83a1-4069d4340667
2024-12-22,2024,12,Q4,UPI,5285.35,54933.41,1f9367ac-01b0-4c82-83a1-4069d4340667
2024-12-23,2024,12,Q4,IMPS,144.54,21343.73,1f9367ac-01b0-4c82-83a1-4069d4340667
2024-12-23,2024,12,Q4,NFS_ATM_CASH_WITHDRAWAL,86.54,3618.45,1f9367ac-01b0-4c82-83a1-4069d4340667
2024-12-23,2024,12,Q4,UPI,5282.19,75243.27,1f9367ac-01b0-4c82-83a1-4069d4340667
2024-12-24,2024,12,Q4,IMPS,141.44,20339.13,1f9367ac-01b0-4c82-83a1-4069d4340667
2024-12-24,2024,12,Q4,NFS_ATM_CASH_WITHDRAWAL,87.65,3631.73,1f9367ac-01b0-4c82-83a1-4069d4340667
2024-12-24,2024,12,Q4,UPI,5269.66,71475.66,1f9367ac-01b0-4c82-83a1-4069d4340667
2024-12-25,2024,12,Q4,IMPS,125.04,14135.67,1f9367ac-01b0-4c82-83a1-4069d4340667
2024-12-25,2024,12,Q4,NFS_ATM_CASH_WITHDRAWAL,80.31,3184.86,1f9367ac-01b0-4c82-83a1-4069d4340667
2024-12-25,2024,12,Q4,UPI,5174.29,61906.4,1f9367ac-01b0-4c82-83a1-4069d4340667
2024-12-26,2024,12,Q4,IMPS,140.4,20343.59,1f9367ac-01b0-4c82-83a1-4069d4340667
2024-12-26,2024,12,Q4,NFS_ATM_CASH_WITHDRAWAL,82.18,3417.74,1f9367ac-01b0-4c82-83a1-4069d4340667
2024-12-26,2024,12,Q4,UPI,5183.96,71169.36,1f9367ac-01b0-4c82-83a1-4069d4340667
2024-12-27,2024,12,Q4,IMPS,140.78,20015.26,1f9367ac-01b0-4c82-83a1-4069d4340667
2024-12-27,2024,12,Q4,NFS_ATM_CASH_WITHDRAWAL,80.59,3353.43,1f9367ac-01b0-4c82-83a1-4069d4340667
2024-12-27,2024,12,Q4,UPI,5085.77,68528.35,1f9367ac-01b0-4c82-83a1-4069d4340667
2024-12-28,2024,12,Q4,IMPS,132.0,16481.43,1f9367ac-01b0-4c82-83a1-4069d4340667
2024-12-28,2024,12,Q4,NFS_ATM_CASH_WITHDRAWAL,83.62,3513.52,1f9367ac-01b0-4c82-83a1-4069d4340667
2024-12-28,2024,12,Q4,UPI,5149.14,64526.76,1f9367ac-01b0-4c82-83a1-4069d4340667
2024-12-29,2024,12,Q4,IMPS,115.13,10794.88,1f9367ac-01b0-4c82-83a1-4069d4340667
2024-12-29,2024,12,Q4,NFS_ATM_CASH_WITHDRAWAL,79.49,3033.81,1f9367ac-01b0-4c82-83a1-4069d4340667
2024-12-29,2024,12,Q4,UPI,5112.26,53660.5,1f9367ac-01b0-4c82-83a1-4069d4340667
2024-12-30,2024,12,Q4,IMPS,149.79,23869.34,1f9367ac-01b0-4c82-83a1-4069d4340667
2024-12-30,2024,12,Q4,NFS_ATM_CASH_WITHDRAWAL,85.69,3682.63,1f9367ac-01b0-4c82-83a1-4069d4340667
2024-12-30,2024,12,Q4,UPI,5252.9,78391.76,1f9367ac-01b0-4c82-83a1-4069d4340667
2024-12-31,2024,12,Q4,IMPS,163.18,27090.04,1f9367ac-01b0-4c82-83a1-4069d4340667
2024-12-31,2024,12,Q4,NFS_ATM_CASH_WITHDRAWAL,108.74,4889.73,1f9367ac-01b0-4c82-83a1-4069d4340667
2024-12-31,2024,12,Q4,UPI,5947.44,93147.85,1f9367ac-01b0-4c82-83a1-4069d4340667
2025-01-01,2025,1,Q1,IMPS,155.02,20804.92,1f9367ac-01b0-4c82-83a1-4069d4340667
2025-01-01,2025,1,Q1,NFS_ATM_CASH_WITHDRAWAL,99.19,4453.85,1f9367ac-01b0-4c82-83a1-4069d4340667
2025-01-01,2025,1,Q1,UPI,5684.29,81015.79,1f9367ac-01b0-4c82-83a1-4069d4340667
2025-01-02,2025,1,Q1,IMPS,160.25,24384.76,1f9367ac-01b0-4c82-83a1-4069d4340667
2025-01-02,2025,1,Q1,NFS_ATM_CASH_WITHDRAWAL,104.09,5084.89,1f9367ac-01b0-4c82-83a1-4069d4340667
2025-01-02,2025,1,Q1,UPI,5652.23,94429.32,1f9367ac-01b0-4c82-83a1-4069d4340667
2025-01-03,2025,1,Q1,IMPS,156.84,22955.7,1f9367ac-01b0-4c82-83a1-4069d4340667
2025-01-03,2025,1,Q1,NFS_ATM_CASH_WITHDRAWAL,100.77,4849.8,1f9367ac-01b0-4c82-83a1-4069d4340667
2025-01-03,2025,1,Q1,UPI,5594.45,86371.9,1f9367ac-01b0-4c82-83a1-4069d4340667
2025-01-04,2025,1,Q1,IMPS,151.14,21673.8,1f9367ac-01b0-4c82-83a1-4069d4340667
2025-01-04,2025,1,Q1,NFS_ATM_CASH_WITHDRAWAL,102.31,4899.01,1f9367ac-01b0-4c82-83a1-4069d4340667
2025-01-04,2025,1,Q1,UPI,5623.49,87686.56,1f9367ac-01b0-4c82-83a1-4069d4340667
2025-01-05,2025,1,Q1,IMPS,136.0,13586.89,1f9367ac-01b0-4c82-83a1-4069d4340667
2025-01-05,2025,1,Q1,NFS_ATM_CASH_WITHDRAWAL,95.76,4175.46,1f9367ac-01b0-4c82-83a1-4069d4340667
2025-01-05,2025,1,Q1,UPI,5569.97,70700.73,1f9367ac-01b0-4c82-83a1-4069d4340667
2025-01-06,2025,1,Q1,IMPS,155.46,23549.36,1f9367ac-01b0-4c82-83a1-4069d4340667
2025-01-06,2025,1,Q1,NFS_ATM_CASH_WITHDRAWAL,98.7,4642.66,1f9367ac-01b0-4c82-83a1-4069d4340667
2025-01-06,2025,1,Q1,UPI,5596.41,92101.54,1f9367ac-01b0-4c82-83a1-4069d4340667
2025-01-07,2025,1,Q1,IMPS,160.66,23356.28,1f9367ac-01b0-4c82-83a1-4069d4340667
2025-01-07,2025,1,Q1,NFS_ATM_CASH_WITHDRAWAL,102.09,4815.98,1f9367ac-01b0-4c82-83a1-4069d4340667
2025-01-07,2025,1,Q1,UPI,5583.26,86148.85,1f9367ac-01b0-4c82-83a1-4069d4340667
2025-01-08,2025,1,Q1,IMPS,155.86,22425.16,1f9367ac-01b0-4c82-83a1-4069d4340667
2025-01-08,2025,1,Q1,NFS_ATM_CASH_WITHDRAWAL,108.11,5100.98,1f9367ac-01b0-4c82-83a1-4069d4340667
2025-01-08,2025,1,Q1,UPI,5729.69,86474.61,1f9367ac-01b0-4c82-83a1-4069d4340667
2025-01-09,2025,1,Q1,IMPS,158.97,22442.58,1f9367ac-01b0-4c82-83a1-4069d4340667
2025-01-09,2025,1,Q1,NFS_ATM_CASH_WITHDRAWAL,104.27,4817.73,1f9367ac-01b0-4c82-83a1-4069d4340667
2025-01-09,2025,1,Q1,UPI,5681.22,85038.14,1f9367ac-01b0-4c82-83a1-4069d4340667
2025-01-10,2025,1,Q1,IMPS,157.9,22370.88,1f9367ac-01b0-4c82-83a1-4069d4340667
2025-01-10,2025,1,Q1,NFS_ATM_CASH_WITHDRAWAL,108.78,5004.05,1f9367ac-01b0-4c82-83a1-4069d4340667
2025-01-10,2025,1,Q1,UPI,5787.6,86039.63,1f9367ac-01b0-4c82-83a1-4069d4340667
2025-01-11,2025,1,Q1,IMPS,149.27,17988.47,1f9367ac-01b0-4c82-83a1-4069d4340667
2025-01-11,2025,1,Q1,NFS_ATM_CASH_WITHDRAWAL,106.83,4929.44,1f9367ac-01b0-4c82-83a1-4069d4340667
2025-01-11,2025,1,Q1,UPI,5682.68,76848.16,1f9367ac-01b0-4c82-83a1-4069d4340667
2025-01-12,2025,1,Q1,IMPS,129.5,11779.66,1f9367ac-01b0-4c82-83a1-4069d4340667
2025-01-12,2025,1,Q1,NFS_ATM_CASH_WITHDRAWAL,98.02,4164.32,1f9367ac-01b0-4c82-83a1-4069d4340667
2025-01-12,2025,1,Q1,UPI,5670.88,63403.0,1f9367ac-01b0-4c82-83a1-4069d4340667
2025-01-13,2025,1,Q1,IMPS,154.16,21567.63,1f9367ac-01b0-4c82-83a1-4069d4340667
2025-01-13,2025,1,Q1,NFS_ATM_CASH_WITHDRAWAL,108.8,4770.99,1f9367ac-01b0-4c82-83a1-4069d4340667
2025-01-13,2025,1,Q1,UPI,5556.74,78541.07,1f9367ac-01b0-4c82-83a1-4069d4340667
2025-01-14,2025,1,Q1,IMPS,136.12,16050.0,1f9367ac-01b0-4c82-83a1-4069d4340667
2025-01-14,2025,1,Q1,NFS_ATM_CASH_WITHDRAWAL,87.26,3685.37,1f9367ac-01b0-4c82-83a1-4069d4340667
2025-01-14,2025,1,Q1,UPI,5226.89,66339.87,1f9367ac-01b0-4c82-83a1-4069d4340667
2025-01-15,2025,1,Q1,IMPS,139.83,18496.26,1f9367ac-01b0-4c82-83a1-4069d4340667
2025-01-15,2025,1,Q1,NFS_ATM_CASH_WITHDRAWAL,90.5,3928.94,1f9367ac-01b0-4c82-83a1-4069d4340667
2025-01-15,2025,1,Q1,UPI,5335.38,72564.96,1f9367ac-01b0-4c82-83a1-4069d4340667
2025-01-16,2025,1,Q1,IMPS,139.63,18512.19,1f9367ac-01b0-4c82-83a1-4069d4340667
2025-01-16,2025,1,Q1,NFS_ATM_CASH_WITHDRAWAL,88.11,3799.71,1f9367ac-01b0-4c82-83a1-4069d4340667
2025-01-16,2025,1,Q1,UPI,5330.99,71787.04,1f9367ac-01b0-4c82-83a1-4069d4340667
2025-01-17,2025,1,Q1,IMPS,138.64,18784.9,1f9367ac-01b0-4c82-83a1-4069d4340667
2025-01-17,2025,1,Q1,NFS_ATM_CASH_WITHDRAWAL,87.7,3790.02,1f9367ac-01b0-4c82-83a1-4069d4340667
2025-01-17,2025,1,Q1,UPI,5374.03,71032.39,1f9367ac-01b0-4c82-83a1-4069d4340667
2025-01-18,2025,1,Q1,IMPS,134.85,17320.29,1f9367ac-01b0-4c82-83a1-4069d4340667
2025-01-18,2025,1,Q1,NFS_ATM_CASH_WITHDRAWAL,89.0,3846.64,1f9367ac-01b0-4c82-83a1-4069d4340667
2025-01-18,2025,1,Q1,UPI,5391.77,68860.95,1f9367ac-01b0-4c82-83a1-4069d4340667
2025-01-19,2025,1,Q1,IMPS,115.81,10797.15,1f9367ac-01b0-4c82-83a1-4069d4340667
2025-01-19,2025,1,Q1,NFS_ATM_CASH_WITHDRAWAL,83.53,3288.24,1f9367ac-01b0-4c82-83a1-4069d4340667
2025-01-19,2025,1,Q1,UPI,5306.5,56364.25,1f9367ac-01b0-4c82-83a1-4069d4340667
2025-01-20,2025,1,Q1,IMPS,142.8,20775.52,1f9367ac-01b0-4c82-83a1-4069d4340667
2025-01-20,2025,1,Q1,NFS_ATM_CASH_WITHDRAWAL,89.61,3897.92,1f9367ac-01b0-4c82-83a1-4069d4340667
2025-01-20,2025,1,Q1,UPI,5436.44,78187.93,1f9367ac-01b0-4c82-83a1-4069d4340667
2025-01-21,2025,1,Q1,IMPS,136.16,19446.53,1f9367ac-01b0-4c82-83a1-4069d4340667
2025-01-21,2025,1,Q1,NFS_ATM_CASH_WITHDRAWAL,82.73,3529.27,1f9367ac-01b0-4c82-83a1-4069d4340667
2025-01-21,2025,1,Q1,UPI,5308.28,72609.39,1f9367ac-01b0-4c82-83a1-4069d4340667
2025-01-22,2025,1,Q1,IMPS,137.57,19635.02,1f9367ac-01b0-4c82-83a1-4069d4340667
2025-01-22,2025,1,Q1,NFS_ATM_CASH_WITHDRAWAL,82.94,3515.78,1f9367ac-01b0-4c82-83a1-4069d4340667
2025-01-22,2025,1,Q1,UPI,5415.29,72846.1,1f9367ac-01b0-4c82-83a1-4069d4340667
2025-01-23,2025,1,Q1,IMPS,136.03,19211.85,1f9367ac-01b0-4c82-83a1-4069d4340667
2025-01-23,2025,1,Q1,NFS_ATM_CASH_WITHDRAWAL,80.1,3385.37,1f9367ac-01b0-4c82-83a1-4069d4340667
2025-01-23,2025,1,Q1,UPI,5268.29,69306.15,1f9367ac-01b0-4c82-83a1-4069d4340667
2025-01-24,2025,1,Q1,IMPS,136.07,19647.63,1f9367ac-01b0-4c82-83a1-4069d4340667
2025-01-24,2025,1,Q1,NFS_ATM_CASH_WITHDRAWAL,82.35,3440.94,1f9367ac-01b0-4c82-83a1-4069d4340667
2025-01-24,2025,1,Q1,UPI,5367.16,69561.04,1f9367ac-01b0-4c82-83a1-4069d4340667
2025-01-25,2025,1,Q1,IMPS,133.09,16547.72,1f9367ac-01b0-4c82-83a1-4069d4340667
2025-01-25,2025,1,Q1,NFS_ATM_CASH_WITHDRAWAL,87.49,3678.64,1f9367ac-01b0-4c82-83a1-4069d4340667
2025-01-25,2025,1,Q1,UPI,5530.17,67121.44,1f9367ac-01b0-4c82-83a1-4069d4340667
2025-01-26,2025,1,Q1,IMPS,111.25,10042.85,1f9367ac-01b0-4c82-83a1-4069d4340667
2025-01-26,2025,1,Q1,NFS_ATM_CASH_WITHDRAWAL,76.89,2868.01,1f9367ac-01b0-4c82-83a1-4069d4340667
2025-01-26,2025,1,Q1,UPI,5173.03,51023.09,1f9367ac-01b0-4c82-83a1-4069d4340667
2025-01-27,2025,1,Q1,IMPS,142.36,21772.1,1f9367ac-01b0-4c82-83a1-4069d4340667
2025-01-27,2025,1,Q1,NFS_ATM_CASH_WITHDRAWAL,83.1,3491.95,1f9367ac-01b0-4c82-83a1-4069d4340667
2025-01-27,2025,1,Q1,UPI,5346.75,74950.26,1f9367ac-01b0-4c82-83a1-4069d4340667
2025-01-28,2025,1,Q1,IMPS,140.0,20963.59,1f9367ac-01b0-4c82-83a1-4069d4340667
2025-01-28,2025,1,Q1,NFS_ATM_CASH_WITHDRAWAL,81.67,3475.58,1f9367ac-01b0-4c82-83a1-4069d4340667
2025-01-28,2025,1,Q1,UPI,5327.98,72270.63,1f9367ac-01b0-4c82-83a1-4069d4340667
2025-01-29,2025,1,Q1,IMPS,138.66,20661.66,1f9367ac-01b0-4c82-83a1-4069d4340667
2025-01-29,2025,1,Q1,NFS_ATM_CASH_WITHDRAWAL,80.87,3421.46,1f9367ac-01b0-4c82-83a1-4069d4340667
2025-01-29,2025,1,Q1,UPI,5327.46,70929.65,1f9367ac-01b0-4c82-83a1-4069d4340667
2025-01-30,2025,1,Q1,IMPS,142.84,22204.78,1f9367ac-01b0-4c82-83a1-4069d4340667
2025-01-30,2025,1,Q1,NFS_ATM_CASH_WITHDRAWAL,81.86,3540.21,1f9367ac-01b0-4c82-83a1-4069d4340667
2025-01-30,2025,1,Q1,UPI,5359.41,76012.84,1f9367ac-01b0-4c82-83a1-4069d4340667
2025-01-31,2025,1,Q1,IMPS,159.49,26664.04,1f9367ac-01b0-4c82-83a1-4069d4340667
2025-01-31,2025,1,Q1,NFS_ATM_CASH_WITHDRAWAL,96.13,4496.12,1f9367ac-01b0-4c82-83a1-4069d4340667
2025-01-31,2025,1,Q1,UPI,5721.28,91469.83,1f9367ac-01b0-4c82-83a1-4069d4340667
2025-02-01,2025,2,Q1,IMPS,171.11,25602.95,1f9367ac-01b0-4c82-83a1-4069d4340667
2025-02-01,2025,2,Q1,NFS_ATM_CASH_WITHDRAWAL,113.42,5633.19,1f9367ac-01b0-4c82-83a1-4069d4340667
2025-02-01,2025,2,Q1,UPI,6047.54,99835.69,1f9367ac-01b0-4c82-83a1-4069d4340667
2025-02-02,2025,2,Q1,IMPS,138.32,15250.31,1f9367ac-01b0-4c82-83a1-4069d4340667
2025-02-02,2025,2,Q1,NFS_ATM_CASH_WITHDRAWAL,104.11,4652.43,1f9367ac-01b0-4c82-83a1-4069d4340667
2025-02-02,2025,2,Q1,UPI,5916.04,75620.6,1f9367ac-01b0-4c82-83a1-4069d4340667
2025-02-03,2025,2,Q1,IMPS,162.08,24923.88,1f9367ac-01b0-4c82-83a1-4069d4340667
2025-02-03,2025,2,Q1,NFS_ATM_CASH_WITHDRAWAL,102.29,4922.89,1f9367ac-01b0-4c82-83a1-4069d4340667
2025-02-03,2025,2,Q1,UPI,5823.91,93245.74,1f9367ac-01b0-4c82-83a1-4069d4340667
2025-02-04,2025,2,Q1,IMPS,160.1,24509.35,1f9367ac-01b0-4c82-83a1-4069d4340667
2025-02-04,2025,2,Q1,NFS_ATM_CASH_WITHDRAWAL,99.93,4807.59,1f9367ac-01b0-4c82-83a1-4069d4340667
2025-02-04,2025,2,Q1,UPI,5764.18,91126.6,1f9367ac-01b0-4c82-83a1-4069d4340667
2025-02-05,2025,2,Q1,IMPS,153.99,23458.74,1f9367ac-01b0-4c82-83a1-4069d4340667
2025-02-05,2025,2,Q1,NFS_ATM_CASH_WITHDRAWAL,101.9,4850.96,1f9367ac-01b0-4c82-83a1-4069d4340667
2025-02-05,2025,2,Q1,UPI,5856.8,89847.56,1f9367ac-01b0-4c82-83a1-4069d4340667
2025-02-06,2025,2,Q1,IMPS,152.62,22837.8,1f9367ac-01b0-4c82-83a1-4069d4340667
2025-02-06,2025,2,Q1,NFS_ATM_CASH_WITHDRAWAL,100.15,4729.13,1f9367ac-01b0-4c82-83a1-4069d4340667
2025-02-06,2025,2,Q1,UPI,5793.2,85577.46,1f9367ac-01b0-4c82-83a1-4069d4340667
2025-02-07,2025,2,Q1,IMPS,150.6,22504.01,1f9367ac-01b0-4c82-83a1-4069d4340667
2025-02-07,2025,2,Q1,NFS_ATM_CASH_WITHDRAWAL,104.56,4939.92,1f9367ac-01b0-4c82-83a1-4069d4340667
2025-02-07,2025,2,Q1,UPI,5821.64,83661.64,1f9367ac-01b0-4c82-83a1-4069d4340667
2025-02-08,2025,2,Q1,IMPS,137.1,18148.02,1f9367ac-01b0-4c82-83a1-4069d4340667
2025-02-08,2025,2,Q1,NFS_ATM_CASH_WITHDRAWAL,106.86,5104.53,1f9367ac-01b0-4c82-83a1-4069d4340667
2025-02-08,2025,2,Q1,UPI,5848.37,78394.48,1f9367ac-01b0-4c82-83a1-4069d4340667
2025-02-09,2025,2,Q1,IMPS,120.97,12707.59,1f9367ac-01b0-4c82-83a1-4069d4340667
2025-02-09,2025,2,Q1,NFS_ATM_CASH_WITHDRAWAL,97.78,4270.87,1f9367ac-01b0-4c82-83a1-4069d4340667
2025-02-09,2025,2,Q1,UPI,5846.95,67170.58,1f9367ac-01b0-4c82-83a1-4069d4340667
2025-02-10,2025,2,Q1,IMPS,158.69,24140.94,1f9367ac-01b0-4c82-83a1-4069d4340667
2025-02-10,2025,2,Q1,NFS_ATM_CASH_WITHDRAWAL,107.63,5097.7,1f9367ac-01b0-4c82-83a1-4069d4340667
2025-02-10,2025,2,Q1,UPI,5928.16,92183.3,1f9367ac-01b0-4c82-83a1-4069d4340667
2025-02-11,2025,2,Q1,IMPS,152.37,21789.69,1f9367ac-01b0-4c82-83a1-4069d4340667
2025-02-11,2025,2,Q1,NFS_ATM_CASH_WITHDRAWAL,104.5,4897.78,1f9367ac-01b0-4c82-83a1-4069d4340667
2025-02-11,2025,2,Q1,UPI,5810.57,85320.26,1f9367ac-01b0-4c82-83a1-4069d4340667
2025-02-12,2025,2,Q1,IMPS,151.06,21166.83,1f9367ac-01b0-4c82-83a1-4069d4340667
2025-02-12,2025,2,Q1,NFS_ATM_CASH_WITHDRAWAL,100.15,4614.22,1f9367ac-01b0-4c82-83a1-4069d4340667
2025-02-12,2025,2,Q1,UPI,5894.27,82436.06,1f9367ac-01b0-4c82-83a1-4069d4340667
2025-02-13,2025,2,Q1,IMPS,143.91,20062.28,1f9367ac-01b0-4c82-83a1-4069d4340667
2025-02-13,2025,2,Q1,NFS_ATM_CASH_WITHDRAWAL,95.24,4339.64,1f9367ac-01b0-4c82-83a1-4069d4340667
2025-02-13,2025,2,Q1,UPI,5742.83,77947.95,1f9367ac-01b0-4c82-83a1-4069d4340667
2025-02-14,2025,2,Q1,IMPS,145.96,20149.61,1f9367ac-01b0-4c82-83a1-4069d4340667
2025-02-14,2025,2,Q1,NFS_ATM_CASH_WITHDRAWAL,92.76,4159.53,1f9367ac-01b0-4c82-83a1-4069d4340667
2025-02-14,2025,2,Q1,UPI,5872.38,77266.11,1f9367ac-01b0-4c82-83a1-4069d4340667
2025-02-15,2025,2,Q1,IMPS,140.65,18617.42,1f9367ac-01b0-4c82-83a1-4069d4340667
2025-02-15,2025,2,Q1,NFS_ATM_CASH_WITHDRAWAL,99.77,4418.0,1f9367ac-01b0-4c82-83a1-4069d4340667
2025-02-15,2025,2,Q1,UPI,5710.54,76162.54,1f9367ac-01b0-4c82-83a1-4069d4340667
2025-02-16,2025,2,Q1,IMPS,117.47,11097.68,1f9367ac-01b0-4c82-83a1-4069d4340667
2025-02-16,2025,2,Q1,NFS_ATM_CASH_WITHDRAWAL,92.41,3706.62,1f9367ac-01b0-4c82-83a1-4069d4340667
2025-02-16,2025,2,Q1,UPI,5530.48,59017.87,1f9367ac-01b0-4c82-83a1-4069d4340667
2025-02-17,2025,2,Q1,IMPS,142.75,20553.09,1f9367ac-01b0-4c82-83a1-4069d4340667
2025-02-17,2025,2,Q1,NFS_ATM_CASH_WITHDRAWAL,92.11,4023.39,1f9367ac-01b0-4c82-83a1-4069d4340667
2025-02-17,2025,2,Q1,UPI,5624.3,77737.39,1f9367ac-01b0-4c82-83a1-4069d4340667
2025-02-18,2025,2,Q1,IMPS,141.24,19751.0,1f9367ac-01b0-4c82-83a1-4069d4340667
2025-02-18,2025,2,Q1,NFS_ATM_CASH_WITHDRAWAL,88.18,3821.27,1f9367ac-01b0-4c82-83a1-4069d4340667
2025-02-18,2025,2,Q1,UPI,5571.15,73824.81,1f9367ac-01b0-4c82-83a1-4069d4340667
2025-02-19,2025,2,Q1,IMPS,135.54,18838.37,1f9367ac-01b0-4c82-83a1-4069d4340667
2025-02-19,2025,2,Q1,NFS_ATM_CASH_WITHDRAWAL,86.14,3722.44,1f9367ac-01b0-4c82-83a1-4069d4340667
2025-02-19,2025,2,Q1,UPI,5647.58,73200.56,1f9367ac-01b0-4c82-83a1-4069d4340667
2025-02-20,2025,2,Q1,IMPS,139.65,19697.03,1f9367ac-01b0-4c82-83a1-4069d4340667
2025-02-20,2025,2,Q1,NFS_ATM_CASH_WITHDRAWAL,83.76,3620.99,1f9367ac-01b0-4c82-83a1-4069d4340667
2025-02-20,2025,2,Q1,UPI,5621.19,74075.68,1f9367ac-01b0-4c82-83a1-4069d4340667
2025-02-21,2025,2,Q1,IMPS,137.17,19435.42,1f9367ac-01b0-4c82-83a1-4069d4340667
2025-02-21,2025,2,Q1,NFS_ATM_CASH_WITHDRAWAL,84.62,3628.43,1f9367ac-01b0-4c82-83a1-4069d4340667
2025-02-21,2025,2,Q1,UPI,5647.7,71739.87,1f9367ac-01b0-4c82-83a1-4069d4340667
2025-02-22,2025,2,Q1,IMPS,131.19,16198.37,1f9367ac-01b0-4c82-83a1-4069d4340667
2025-02-22,2025,2,Q1,NFS_ATM_CASH_WITHDRAWAL,86.39,3728.16,1f9367ac-01b0-4c82-83a1-4069d4340667
2025-02-22,2025,2,Q1,UPI,5654.72,67795.92,1f9367ac-01b0-4c82-83a1-4069d4340667
2025-02-23,2025,2,Q1,IMPS,114.29,10319.1,1f9367ac-01b0-4c82-83a1-4069d4340667
2025-02-23,2025,2,Q1,NFS_ATM_CASH_WITHDRAWAL,79.68,3081.81,1f9367ac-01b0-4c82-83a1-4069d4340667
2025-02-23,2025,2,Q1,UPI,5605.4,54660.38,1f9367ac-01b0-4c82-83a1-4069d4340667
2025-02-24,2025,2,Q1,IMPS,143.89,20947.11,1f9367ac-01b0-4c82-83a1-4069d4340667
2025-02-24,2025,2,Q1,NFS_ATM_CASH_WITHDRAWAL,86.24,3670.35,1f9367ac-01b0-4c82-83a1-4069d4340667
2025-02-24,2025,2,Q1,UPI,5634.82,75820.65,1f9367ac-01b0-4c82-83a1-4069d4340667
2025-02-25,2025,2,Q1,IMPS,154.04,21884.91,1f9367ac-01b0-4c82-83a1-4069d4340667
2025-02-25,2025,2,Q1,NFS_ATM_CASH_WITHDRAWAL,93.37,3886.43,1f9367ac-01b0-4c82-83a1-4069d4340667
2025-02-25,2025,2,Q1,UPI,5765.01,76593.92,1f9367ac-01b0-4c82-83a1-4069d4340667
2025-02-26,2025,2,Q1,IMPS,136.75,16813.06,1f9367ac-01b0-4c82-83a1-4069d4340667
2025-02-26,2025,2,Q1,NFS_ATM_CASH_WITHDRAWAL,82.66,3289.99,1f9367ac-01b0-4c82-83a1-4069d4340667
2025-02-26,2025,2,Q1,UPI,5520.81,62994.82,1f9367ac-01b0-4c82-83a1-4069d4340667
2025-02-27,2025,2,Q1,IMPS,150.09,23003.61,1f9367ac-01b0-4c82-83a1-4069d4340667
2025-02-27,2025,2,Q1,NFS_ATM_CASH_WITHDRAWAL,84.43,3620.09,1f9367ac-01b0-4c82-83a1-4069d4340667
2025-02-27,2025,2,Q1,UPI,5554.77,75714.97,1f9367ac-01b0-4c82-83a1-4069d4340667
2025-02-28,2025,2,Q1,IMPS,164.69,28673.47,1f9367ac-01b0-4c82-83a1-4069d4340667
2025-02-28,2025,2,Q1,NFS_ATM_CASH_WITHDRAWAL,98.47,4596.86,1f9367ac-01b0-4c82-83a1-4069d4340667
2025-02-28,2025,2,Q1,UPI,6006.62,97508.29,1f9367ac-01b0-4c82-83a1-4069d4340667
2025-03-01,2025,3,Q1,IMPS,176.71,27119.01,1f9367ac-01b0-4c82-83a1-4069d4340667
2025-03-01,2025,3,Q1,NFS_ATM_CASH_WITHDRAWAL,117.6,5852.05,1f9367ac-01b0-4c82-83a1-4069d4340667
2025-03-01,2025,3,Q1,UPI,6314.25,101627.92,1f9367ac-01b0-4c82-83a1-4069d4340667
2025-03-02,2025,3,Q1,IMPS,144.57,16408.07,1f9367ac-01b0-4c82-83a1-4069d4340667
2025-03-02,2025,3,Q1,NFS_ATM_CASH_WITHDRAWAL,103.31,4688.88,1f9367ac-01b0-4c82-83a1-4069d4340667
2025-03-02,2025,3,Q1,UPI,6080.29,79157.48,1f9367ac-01b0-4c82-83a1-4069d4340667
2025-03-03,2025,3,Q1,IMPS,167.42,26726.99,1f9367ac-01b0-4c82-83a1-4069d4340667
2025-03-03,2025,3,Q1,NFS_ATM_CASH_WITHDRAWAL,105.12,5099.72,1f9367ac-01b0-4c82-83a1-4069d4340667
2025-03-03,2025,3,Q1,UPI,5994.47,97185.42,1f9367ac-01b0-4c82-83a1-4069d4340667
2025-03-04,2025,3,Q1,IMPS,164.97,25855.04,1f9367ac-01b0-4c82-83a1-4069d4340667
2025-03-04,2025,3,Q1,NFS_ATM_CASH_WITHDRAWAL,100.89,4851.45,1f9367ac-01b0-4c82-83a1-4069d4340667
2025-03-04,2025,3,Q1,UPI,5945.58,93483.95,1f9367ac-01b0-4c82-83a1-4069d4340667
2025-03-05,2025,3,Q1,IMPS,158.56,24933.61,1f9367ac-01b0-4c82-83a1-4069d4340667
2025-03-05,2025,3,Q1,NFS_ATM_CASH_WITHDRAWAL,103.07,4894.95,1f9367ac-01b0-4c82-83a1-4069d4340667
2025-03-05,2025,3,Q1,UPI,5962.65,93034.38,1f9367ac-01b0-4c82-83a1-4069d4340667
2025-03-06,2025,3,Q1,IMPS,154.02,23869.74,1f9367ac-01b0-4c82-83a1-4069d4340667
2025-03-06,2025,3,Q1,NFS_ATM_CASH_WITHDRAWAL,100.42,4720.3,1f9367ac-01b0-4c82-83a1-4069d4340667
2025-03-06,2025,3,Q1,UPI,5841.0,87477.02,1f9367ac-01b0-4c82-83a1-4069d4340667
2025-03-07,2025,3,Q1,IMPS,158.2,24111.52,1f9367ac-01b0-4c82-83a1-4069d4340667
2025-03-07,2025,3,Q1,NFS_ATM_CASH_WITHDRAWAL,104.96,4974.53,1f9367ac-01b0-4c82-83a1-4069d4340667
2025-03-07,2025,3,Q1,UPI,5979.96,87218.22,1f9367ac-01b0-4c82-83a1-4069d4340667
2025-03-08,2025,3,Q1,IMPS,146.57,19627.6,1f9367ac-01b0-4c82-83a1-4069d4340667
2025-03-08,2025,3,Q1,NFS_ATM_CASH_WITHDRAWAL,109.68,5215.26,1f9367ac-01b0-4c82-83a1-4069d4340667
2025-03-08,2025,3,Q1,UPI,6057.62,81507.5,1f9367ac-01b0-4c82-83a1-4069d4340667
2025-03-09,2025,3,Q1,IMPS,134.96,13525.73,1f9367ac-01b0-4c82-83a1-4069d4340667
2025-03-09,2025,3,Q1,NFS_ATM_CASH_WITHDRAWAL,96.84,4206.83,1f9367ac-01b0-4c82-83a1-4069d4340667
2025-03-09,2025,3,Q1,UPI,6047.83,68403.22,1f9367ac-01b0-4c82-83a1-4069d4340667
2025-03-10,2025,3,Q1,IMPS,167.09,26165.1,1f9367ac-01b0-4c82-83a1-4069d4340667
2025-03-10,2025,3,Q1,NFS_ATM_CASH_WITHDRAWAL,110.14,5251.65,1f9367ac-01b0-4c82-83a1-4069d4340667
2025-03-10,2025,3,Q1,UPI,6110.43,95763.57,1f9367ac-01b0-4c82-83a1-4069d4340667
2025-03-11,2025,3,Q1,IMPS,159.96,24429.29,1f9367ac-01b0-4c82-83a1-4069d4340667
2025-03-11,2025,3,Q1,NFS_ATM_CASH_WITHDRAWAL,110.93,5233.81,1f9367ac-01b0-4c82-83a1-4069d4340667
2025-03-11,2025,3,Q1,UPI,5778.13,84906.83,1f9367ac-01b0-4c82-83a1-4069d4340667
2025-03-12,2025,3,Q1,IMPS,160.87,23858.44,1f9367ac-01b0-4c82-83a1-4069d4340667
2025-03-12,2025,3,Q1,NFS_ATM_CASH_WITHDRAWAL,112.65,5241.21,1f9367ac-01b0-4c82-83a1-4069d4340667
2025-03-12,2025,3,Q1,UPI,6017.22,87615.79,1f9367ac-01b0-4c82-83a1-4069d4340667
2025-03-13,2025,3,Q1,IMPS,155.2,21598.4,1f9367ac-01b0-4c82-83a1-4069d4340667
2025-03-13,2025,3,Q1,NFS_ATM_CASH_WITHDRAWAL,112.18,5002.97,1f9367ac-01b0-4c82-83a1-4069d4340667
2025-03-13,2025,3,Q1,UPI,6421.01,85570.94,1f9367ac-01b0-4c82-83a1-4069d4340667
2025-03-14,2025,3,Q1,IMPS,108.13,11917.66,1f9367ac-01b0-4c82-83a1-4069d4340667
2025-03-14,2025,3,Q1,NFS_ATM_CASH_WITHDRAWAL,66.65,2687.62,1f9367ac-01b0-4c82-83a1-4069d4340667
2025-03-14,2025,3,Q1,UPI,5149.85,51067.26,1f9367ac-01b0-4c82-83a1-4069d4340667
2025-03-15,2025,3,Q1,IMPS,131.76,17649.28,1f9367ac-01b0-4c82-83a1-4069d4340667
2025-03-15,2025,3,Q1,NFS_ATM_CASH_WITHDRAWAL,93.71,4065.46,1f9367ac-01b0-4c82-83a1-4069d4340667
2025-03-15,2025,3,Q1,UPI,5807.63,71801.28,1f9367ac-01b0-4c82-83a1-4069d4340667
2025-03-16,2025,3,Q1,IMPS,123.0,11261.05,1f9367ac-01b0-4c82-83a1-4069d4340667
2025-03-16,2025,3,Q1,NFS_ATM_CASH_WITHDRAWAL,89.13,3582.38,1f9367ac-01b0-4c82-83a1-4069d4340667
2025-03-16,2025,3,Q1,UPI,5721.5,59622.54,1f9367ac-01b0-4c82-83a1-4069d4340667
2025-03-17,2025,3,Q1,IMPS,145.45,21653.8,1f9367ac-01b0-4c82-83a1-4069d4340667
2025-03-17,2025,3,Q1,NFS_ATM_CASH_WITHDRAWAL,94.37,4189.95,1f9367ac-01b0-4c82-83a1-4069d4340667
2025-03-17,2025,3,Q1,UPI,5803.52,80668.23,1f9367ac-01b0-4c82-83a1-4069d4340667
2025-03-18,2025,3,Q1,IMPS,142.96,20920.05,1f9367ac-01b0-4c82-83a1-4069d4340667
2025-03-18,2025,3,Q1,NFS_ATM_CASH_WITHDRAWAL,89.59,3963.13,1f9367ac-01b0-4c82-83a1-4069d4340667
2025-03-18,2025,3,Q1,UPI,5726.43,76988.31,1f9367ac-01b0-4c82-83a1-4069d4340667
2025-03-19,2025,3,Q1,IMPS,141.58,20778.0,1f9367ac-01b0-4c82-83a1-4069d4340667
2025-03-19,2025,3,Q1,NFS_ATM_CASH_WITHDRAWAL,87.46,3856.94,1f9367ac-01b0-4c82-83a1-4069d4340667
2025-03-19,2025,3,Q1,UPI,5761.34,76504.71,1f9367ac-01b0-4c82-83a1-4069d4340667
2025-03-20,2025,3,Q1,IMPS,142.14,21416.5,1f9367ac-01b0-4c82-83a1-4069d4340667
2025-03-20,2025,3,Q1,NFS_ATM_CASH_WITHDRAWAL,86.98,3850.99,1f9367ac-01b0-4c82-83a1-4069d4340667
2025-03-20,2025,3,Q1,UPI,5758.2,78037.44,1f9367ac-01b0-4c82-83a1-4069d4340667
2025-03-21,2025,3,Q1,IMPS,139.39,20907.41,1f9367ac-01b0-4c82-83a1-4069d4340667
2025-03-21,2025,3,Q1,NFS_ATM_CASH_WITHDRAWAL,84.56,3707.56,1f9367ac-01b0-4c82-83a1-4069d4340667
2025-03-21,2025,3,Q1,UPI,5763.75,74557.68,1f9367ac-01b0-4c82-83a1-4069d4340667
2025-03-22,2025,3,Q1,IMPS,134.15,17287.8,1f9367ac-01b0-4c82-83a1-4069d4340667
2025-03-22,2025,3,Q1,NFS_ATM_CASH_WITHDRAWAL,84.81,3748.1,1f9367ac-01b0-4c82-83a1-4069d4340667
2025-03-22,2025,3,Q1,UPI,5842.26,70233.03,1f9367ac-01b0-4c82-83a1-4069d4340667
2025-03-23,2025,3,Q1,IMPS,128.85,11750.32,1f9367ac-01b0-4c82-83a1-4069d4340667
2025-03-23,2025,3,Q1,NFS_ATM_CASH_WITHDRAWAL,80.8,3225.39,1f9367ac-01b0-4c82-83a1-4069d4340667
2025-03-23,2025,3,Q1,UPI,5874.4,58953.84,1f9367ac-01b0-4c82-83a1-4069d4340667
2025-03-24,2025,3,Q1,IMPS,152.25,23329.44,1f9367ac-01b0-4c82-83a1-4069d4340667
2025-03-24,2025,3,Q1,NFS_ATM_CASH_WITHDRAWAL,86.87,3838.51,1f9367ac-01b0-4c82-83a1-4069d4340667
2025-03-24,2025,3,Q1,UPI,5784.36,79820.41,1f9367ac-01b0-4c82-83a1-4069d4340667
2025-03-25,2025,3,Q1,IMPS,154.61,24149.74,1f9367ac-01b0-4c82-83a1-4069d4340667
2025-03-25,2025,3,Q1,NFS_ATM_CASH_WITHDRAWAL,85.11,3767.78,1f9367ac-01b0-4c82-83a1-4069d4340667
2025-03-25,2025,3,Q1,UPI,5817.44,79710.62,1f9367ac-01b0-4c82-83a1-4069d4340667
2025-03-26,2025,3,Q1,IMPS,152.96,24230.29,1f9367ac-01b0-4c82-83a1-4069d4340667
2025-03-26,2025,3,Q1,NFS_ATM_CASH_WITHDRAWAL,90.03,3879.78,1f9367ac-01b0-4c82-83a1-4069d4340667
2025-03-26,2025,3,Q1,UPI,5505.09,75842.65,1f9367ac-01b0-4c82-83a1-4069d4340667
2025-03-27,2025,3,Q1,IMPS,149.1,24784.37,1f9367ac-01b0-4c82-83a1-4069d4340667
2025-03-27,2025,3,Q1,NFS_ATM_CASH_WITHDRAWAL,87.36,3857.96,1f9367ac-01b0-4c82-83a1-4069d4340667
2025-03-27,2025,3,Q1,UPI,5974.65,81231.4,1f9367ac-01b0-4c82-83a1-4069d4340667
2025-03-28,2025,3,Q1,IMPS,155.14,27620.32,1f9367ac-01b0-4c82-83a1-4069d4340667
2025-03-28,2025,3,Q1,NFS_ATM_CASH_WITHDRAWAL,90.33,4043.17,1f9367ac-01b0-4c82-83a1-4069d4340667
2025-03-28,2025,3,Q1,UPI,6052.43,84515.18,1f9367ac-01b0-4c82-83a1-4069d4340667
2025-03-29,2025,3,Q1,IMPS,161.12,27522.03,1f9367ac-01b0-4c82-83a1-4069d4340667
2025-03-29,2025,3,Q1,NFS_ATM_CASH_WITHDRAWAL,100.9,4605.35,1f9367ac-01b0-4c82-83a1-4069d4340667
2025-03-29,2025,3,Q1,UPI,6271.91,87115.79,1f9367ac-01b0-4c82-83a1-4069d4340667
2025-03-30,2025,3,Q1,IMPS,141.43,16968.29,1f9367ac-01b0-4c82-83a1-4069d4340667
2025-03-30,2025,3,Q1,NFS_ATM_CASH_WITHDRAWAL,95.8,4085.21,1f9367ac-01b0-4c82-83a1-4069d4340667
2025-03-30,2025,3,Q1,UPI,6192.67,71617.99,1f9367ac-01b0-4c82-83a1-4069d4340667
2025-03-31,2025,3,Q1,IMPS,163.27,25437.91,1f9367ac-01b0-4c82-83a1-4069d4340667
2025-03-31,2025,3,Q1,NFS_ATM_CASH_WITHDRAWAL,85.71,3737.7,1f9367ac-01b0-4c82-83a1-4069d4340667
2025-03-31,2025,3,Q1,UPI,5657.21,75980.99,1f9367ac-01b0-4c82-83a1-4069d4340667
2025-04-01,2025,4,Q2,IMPS,207.65,24387.86,1f9367ac-01b0-4c82-83a1-4069d4340667
2025-04-01,2025,4,Q2,NFS_ATM_CASH_WITHDRAWAL,90.7,4018.58,1f9367ac-01b0-4c82-83a1-4069d4340667
2025-04-01,2025,4,Q2,UPI,5297.18,74937.0,1f9367ac-01b0-4c82-83a1-4069d4340667
2025-04-02,2025,4,Q2,IMPS,203.84,29841.6,1f9367ac-01b0-4c82-83a1-4069d4340667
2025-04-02,2025,4,Q2,NFS_ATM_CASH_WITHDRAWAL,109.25,5502.89,1f9367ac-01b0-4c82-83a1-4069d4340667
2025-04-02,2025,4,Q2,UPI,6192.75,102791.42,1f9367ac-01b0-4c82-83a1-4069d4340667
2025-04-03,2025,4,Q2,IMPS,160.46,25749.33,1f9367ac-01b0-4c82-83a1-4069d4340667
2025-04-03,2025,4,Q2,NFS_ATM_CASH_WITHDRAWAL,103.8,5186.53,1f9367ac-01b0-4c82-83a1-4069d4340667
2025-04-03,2025,4,Q2,UPI,6069.85,95332.97,1f9367ac-01b0-4c82-83a1-4069d4340667
2025-04-04,2025,4,Q2,IMPS,160.98,25478.59,1f9367ac-01b0-4c82-83a1-4069d4340667
2025-04-04,2025,4,Q2,NFS_ATM_CASH_WITHDRAWAL,101.09,4918.24,1f9367ac-01b0-4c82-83a1-4069d4340667
2025-04-04,2025,4,Q2,UPI,6186.86,94268.0,1f9367ac-01b0-4c82-83a1-4069d4340667
2025-04-05,2025,4,Q2,IMPS,157.52,22564.22,1f9367ac-01b0-4c82-83a1-4069d4340667
2025-04-05,2025,4,Q2,NFS_ATM_CASH_WITHDRAWAL,104.07,4983.16,1f9367ac-01b0-4c82-83a1-4069d4340667
2025-04-05,2025,4,Q2,UPI,6295.81,90299.35,1f9367ac-01b0-4c82-83a1-4069d4340667
2025-04-06,2025,4,Q2,IMPS,130.36,13689.48,1f9367ac-01b0-4c82-83a1-4069d4340667
2025-04-06,2025,4,Q2,NFS_ATM_CASH_WITHDRAWAL,90.04,3936.75,1f9367ac-01b0-4c82-83a1-4069d4340667
2025-04-06,2025,4,Q2,UPI,5882.73,68150.47,1f9367ac-01b0-4c82-83a1-4069d4340667
2025-04-07,2025,4,Q2,IMPS,160.24,25808.3,1f9367ac-01b0-4c82-83a1-4069d4340667
2025-04-07,2025,4,Q2,NFS_ATM_CASH_WITHDRAWAL,102.19,4864.48,1f9367ac-01b0-4c82-83a1-4069d4340667
2025-04-07,2025,4,Q2,UPI,6185.68,98216.32,1f9367ac-01b0-4c82-83a1-4069d4340667
2025-04-08,2025,4,Q2,IMPS,161.63,23545.17,1f9367ac-01b0-4c82-83a1-4069d4340667
2025-04-08,2025,4,Q2,NFS_ATM_CASH_WITHDRAWAL,103.74,4977.74,1f9367ac-01b0-4c82-83a1-4069d4340667
2025-04-08,2025,4,Q2,UPI,6248.95,89887.4,1f9367ac-01b0-4c82-83a1-4069d4340667
2025-04-09,2025,4,Q2,IMPS,157.99,23791.99,1f9367ac-01b0-4c82-83a1-4069d4340667
2025-04-09,2025,4,Q2,NFS_ATM_CASH_WITHDRAWAL,102.79,4895.5,1f9367ac-01b0-4c82-83a1-4069d4340667
2025-04-09,2025,4,Q2,UPI,6296.92,91452.18,1f9367ac-01b0-4c82-83a1-4069d4340667
2025-04-10,2025,4,Q2,IMPS,148.94,20343.02,1f9367ac-01b0-4c82-83a1-4069d4340667
2025-04-10,2025,4,Q2,NFS_ATM_CASH_WITHDRAWAL,96.84,4573.37,1f9367ac-01b0-4c82-83a1-4069d4340667
2025-04-10,2025,4,Q2,UPI,6054.15,83751.64,1f9367ac-01b0-4c82-83a1-4069d4340667
2025-04-11,2025,4,Q2,IMPS,152.48,22674.21,1f9367ac-01b0-4c82-83a1-4069d4340667
2025-04-11,2025,4,Q2,NFS_ATM_CASH_WITHDRAWAL,100.82,4711.27,1f9367ac-01b0-4c82-83a1-4069d4340667
2025-04-11,2025,4,Q2,UPI,6202.63,85297.83,1f9367ac-01b0-4c82-83a1-4069d4340667
2025-04-12,2025,4,Q2,IMPS,140.63,17463.7,1f9367ac-01b0-4c82-83a1-4069d4340667
2025-04-12,2025,4,Q2,NFS_ATM_CASH_WITHDRAWAL,107.56,4828.26,1f9367ac-01b0-4c82-83a1-4069d4340667
2025-04-12,2025,4,Q2,UPI,5542.96,68876.63,1f9367ac-01b0-4c82-83a1-4069d4340667
2025-04-13,2025,4,Q2,IMPS,131.32,11785.7,1f9367ac-01b0-4c82-83a1-4069d4340667
2025-04-13,2025,4,Q2,NFS_ATM_CASH_WITHDRAWAL,92.42,3883.48,1f9367ac-01b0-4c82-83a1-4069d4340667
2025-04-13,2025,4,Q2,UPI,6139.76,65305.33,1f9367ac-01b0-4c82-83a1-4069d4340667
2025-04-14,2025,4,Q2,IMPS,137.17,15907.33,1f9367ac-01b0-4c82-83a1-4069d4340667
2025-04-14,2025,4,Q2,NFS_ATM_CASH_WITHDRAWAL,79.9,3472.1,1f9367ac-01b0-4c82-83a1-4069d4340667
2025-04-14,2025,4,Q2,UPI,5826.86,70514.53,1f9367ac-01b0-4c82-83a1-4069d4340667
2025-04-15,2025,4,Q2,IMPS,151.0,22512.24,1f9367ac-01b0-4c82-83a1-4069d4340667
2025-04-15,2025,4,Q2,NFS_ATM_CASH_WITHDRAWAL,94.17,4237.52,1f9367ac-01b0-4c82-83a1-4069d4340667
2025-04-15,2025,4,Q2,UPI,6089.39,83768.29,1f9367ac-01b0-4c82-83a1-4069d4340667
2025-04-16,2025,4,Q2,IMPS,149.62,21881.24,1f9367ac-01b0-4c82-83a1-4069d4340667
2025-04-16,2025,4,Q2,NFS_ATM_CASH_WITHDRAWAL,93.37,4204.18,1f9367ac-01b0-4c82-83a1-4069d4340667
2025-04-16,2025,4,Q2,UPI,6063.92,82446.94,1f9367ac-01b0-4c82-83a1-4069d4340667
2025-04-17,2025,4,Q2,IMPS,147.63,21343.96,1f9367ac-01b0-4c82-83a1-4069d4340667
2025-04-17,2025,4,Q2,NFS_ATM_CASH_WITHDRAWAL,89.04,3994.35,1f9367ac-01b0-4c82-83a1-4069d4340667
2025-04-17,2025,4,Q2,UPI,5983.05,79567.11,1f9367ac-01b0-4c82-83a1-4069d4340667
2025-04-18,2025,4,Q2,IMPS,129.54,15659.83,1f9367ac-01b0-4c82-83a1-4069d4340667
2025-04-18,2025,4,Q2,NFS_ATM_CASH_WITHDRAWAL,80.75,3501.24,1f9367ac-01b0-4c82-83a1-4069d4340667
2025-04-18,2025,4,Q2,UPI,5781.75,67342.78,1f9367ac-01b0-4c82-83a1-4069d4340667
2025-04-19,2025,4,Q2,IMPS,140.91,18841.76,1f9367ac-01b0-4c82-83a1-4069d4340667
2025-04-19,2025,4,Q2,NFS_ATM_CASH_WITHDRAWAL,87.5,3865.68,1f9367ac-01b0-4c82-83a1-4069d4340667
2025-04-19,2025,4,Q2,UPI,6039.46,74613.71,1f9367ac-01b0-4c82-83a1-4069d4340667
2025-04-20,2025,4,Q2,IMPS,122.27,11497.17,1f9367ac-01b0-4c82-83a1-4069d4340667
2025-04-20,2025,4,Q2,NFS_ATM_CASH_WITHDRAWAL,80.94,3246.78,1f9367ac-01b0-4c82-83a1-4069d4340667
2025-04-20,2025,4,Q2,UPI,5878.92,60985.01,1f9367ac-01b0-4c82-83a1-4069d4340667
2025-04-21,2025,4,Q2,IMPS,146.15,21070.12,1f9367ac-01b0-4c82-83a1-4069d4340667
2025-04-21,2025,4,Q2,NFS_ATM_CASH_WITHDRAWAL,83.44,3648.93,1f9367ac-01b0-4c82-83a1-4069d4340667
2025-04-21,2025,4,Q2,UPI,5892.08,79430.34,1f9367ac-01b0-4c82-83a1-4069d4340667
2025-04-22,2025,4,Q2,IMPS,142.51,20612.75,1f9367ac-01b0-4c82-83a1-4069d4340667
2025-04-22,2025,4,Q2,NFS_ATM_CASH_WITHDRAWAL,79.77,3479.59,1f9367ac-01b0-4c82-83a1-4069d4340667
2025-04-22,2025,4,Q2,UPI,5820.08,75876.17,1f9367ac-01b0-4c82-83a1-4069d4340667
2025-04-23,2025,4,Q2,IMPS,139.34,20026.38,1f9367ac-01b0-4c82-83a1-4069d4340667
2025-04-23,2025,4,Q2,NFS_ATM_CASH_WITHDRAWAL,79.15,3433.0,1f9367ac-01b0-4c82-83a1-4069d4340667
2025-04-23,2025,4,Q2,UPI,5822.96,74632.32,1f9367ac-01b0-4c82-83a1-4069d4340667
2025-04-24,2025,4,Q2,IMPS,138.96,19977.01,1f9367ac-01b0-4c82-83a1-4069d4340667
2025-04-24,2025,4,Q2,NFS_ATM_CASH_WITHDRAWAL,78.24,3385.41,1f9367ac-01b0-4c82-83a1-4069d4340667
2025-04-24,2025,4,Q2,UPI,5801.95,73457.31,1f9367ac-01b0-4c82-83a1-4069d4340667
2025-04-25,2025,4,Q2,IMPS,143.04,20809.31,1f9367ac-01b0-4c82-83a1-4069d4340667
2025-04-25,2025,4,Q2,NFS_ATM_CASH_WITHDRAWAL,79.38,3423.72,1f9367ac-01b0-4c82-83a1-4069d4340667
2025-04-25,2025,4,Q2,UPI,5850.48,74213.96,1f9367ac-01b0-4c82-83a1-4069d4340667
2025-04-26,2025,4,Q2,IMPS,135.52,17174.29,1f9367ac-01b0-4c82-83a1-4069d4340667
2025-04-26,2025,4,Q2,NFS_ATM_CASH_WITHDRAWAL,80.15,3502.29,1f9367ac-01b0-4c82-83a1-4069d4340667
2025-04-26,2025,4,Q2,UPI,5831.23,69855.94,1f9367ac-01b0-4c82-83a1-4069d4340667
2025-04-27,2025,4,Q2,IMPS,122.73,11382.92,1f9367ac-01b0-4c82-83a1-4069d4340667
2025-04-27,2025,4,Q2,NFS_ATM_CASH_WITHDRAWAL,75.64,2992.71,1f9367ac-01b0-4c82-83a1-4069d4340667
2025-04-27,2025,4,Q2,UPI,5784.71,57359.23,1f9367ac-01b0-4c82-83a1-4069d4340667
2025-04-28,2025,4,Q2,IMPS,150.96,23050.16,1f9367ac-01b0-4c82-83a1-4069d4340667
2025-04-28,2025,4,Q2,NFS_ATM_CASH_WITHDRAWAL,82.8,3676.81,1f9367ac-01b0-4c82-83a1-4069d4340667
2025-04-28,2025,4,Q2,UPI,5832.17,79646.93,1f9367ac-01b0-4c82-83a1-4069d4340667
2025-04-29,2025,4,Q2,IMPS,153.71,23935.02,1f9367ac-01b0-4c82-83a1-4069d4340667
2025-04-29,2025,4,Q2,NFS_ATM_CASH_WITHDRAWAL,84.75,3770.29,1f9367ac-01b0-4c82-83a1-4069d4340667
2025-04-29,2025,4,Q2,UPI,5879.09,81121.96,1f9367ac-01b0-4c82-83a1-4069d4340667
2025-04-30,2025,4,Q2,IMPS,167.43,28861.71,1f9367ac-01b0-4c82-83a1-4069d4340667
2025-04-30,2025,4,Q2,NFS_ATM_CASH_WITHDRAWAL,97.97,4655.88,1f9367ac-01b0-4c82-83a1-4069d4340667
2025-04-30,2025,4,Q2,UPI,6159.91,101526.8,1f9367ac-01b0-4c82-83a1-4069d4340667
2025-05-01,2025,5,Q2,IMPS,171.11,24668.1,1f9367ac-01b0-4c82-83a1-4069d4340667
2025-05-01,2025,5,Q2,NFS_ATM_CASH_WITHDRAWAL,97.53,4741.45,1f9367ac-01b0-4c82-83a1-4069d4340667
2025-05-01,2025,5,Q2,UPI,6270.44,96949.94,1f9367ac-01b0-4c82-83a1-4069d4340667
2025-05-02,2025,5,Q2,IMPS,165.88,25877.73,1f9367ac-01b0-4c82-83a1-4069d4340667
2025-05-02,2025,5,Q2,NFS_ATM_CASH_WITHDRAWAL,100.05,4990.1,1f9367ac-01b0-4c82-83a1-4069d4340667
2025-05-02,2025,5,Q2,UPI,6372.71,100248.07,1f9367ac-01b0-4c82-83a1-4069d4340667
2025-05-03,2025,5,Q2,IMPS,160.62,23617.27,1f9367ac-01b0-4c82-83a1-4069d4340667
2025-05-03,2025,5,Q2,NFS_ATM_CASH_WITHDRAWAL,103.65,5106.0,1f9367ac-01b0-4c82-83a1-4069d4340667
2025-05-03,2025,5,Q2,UPI,6381.16,95776.08,1f9367ac-01b0-4c82-83a1-4069d4340667
2025-05-04,2025,5,Q2,IMPS,149.25,16166.9,1f9367ac-01b0-4c82-83a1-4069d4340667
2025-05-04,2025,5,Q2,NFS_ATM_CASH_WITHDRAWAL,92.24,4108.88,1f9367ac-01b0-4c82-83a1-4069d4340667
2025-05-04,2025,5,Q2,UPI,6276.41,78825.85,1f9367ac-01b0-4c82-83a1-4069d4340667
2025-05-05,2025,5,Q2,IMPS,167.81,25901.93,1f9367ac-01b0-4c82-83a1-4069d4340667
2025-05-05,2025,5,Q2,NFS_ATM_CASH_WITHDRAWAL,99.25,4764.36,1f9367ac-01b0-4c82-83a1-4069d4340667
2025-05-05,2025,5,Q2,UPI,6295.88,99229.03,1f9367ac-01b0-4c82-83a1-4069d4340667
2025-05-06,2025,5,Q2,IMPS,156.56,23654.59,1f9367ac-01b0-4c82-83a1-4069d4340667
2025-05-06,2025,5,Q2,NFS_ATM_CASH_WITHDRAWAL,95.86,4586.35,1f9367ac-01b0-4c82-83a1-4069d4340667
2025-05-06,2025,5,Q2,UPI,6084.19,89592.71,1f9367ac-01b0-4c82-83a1-4069d4340667
2025-05-07,2025,5,Q2,IMPS,159.53,23269.95,1f9367ac-01b0-4c82-83a1-4069d4340667
2025-05-07,2025,5,Q2,NFS_ATM_CASH_WITHDRAWAL,100.86,4952.35,1f9367ac-01b0-4c82-83a1-4069d4340667
2025-05-07,2025,5,Q2,UPI,6156.02,89345.34,1f9367ac-01b0-4c82-83a1-4069d4340667
2025-05-08,2025,5,Q2,IMPS,156.89,22669.22,1f9367ac-01b0-4c82-83a1-4069d4340667
2025-05-08,2025,5,Q2,NFS_ATM_CASH_WITHDRAWAL,104.17,5046.19,1f9367ac-01b0-4c82-83a1-4069d4340667
2025-05-08,2025,5,Q2,UPI,6220.41,88440.61,1f9367ac-01b0-4c82-83a1-4069d4340667
2025-05-09,2025,5,Q2,IMPS,156.6,22547.41,1f9367ac-01b0-4c82-83a1-4069d4340667
2025-05-09,2025,5,Q2,NFS_ATM_CASH_WITHDRAWAL,105.54,5156.51,1f9367ac-01b0-4c82-83a1-4069d4340667
2025-05-09,2025,5,Q2,UPI,6130.56,86292.19,1f9367ac-01b0-4c82-83a1-4069d4340667
2025-05-10,2025,5,Q2,IMPS,149.7,18864.66,1f9367ac-01b0-4c82-83a1-4069d4340667
2025-05-10,2025,5,Q2,NFS_ATM_CASH_WITHDRAWAL,102.63,4954.43,1f9367ac-01b0-4c82-83a1-4069d4340667
2025-05-10,2025,5,Q2,UPI,6176.41,83538.15,1f9367ac-01b0-4c82-83a1-4069d4340667
2025-05-11,2025,5,Q2,IMPS,126.85,11968.05,1f9367ac-01b0-4c82-83a1-4069d4340667
2025-05-11,2025,5,Q2,NFS_ATM_CASH_WITHDRAWAL,87.19,3743.87,1f9367ac-01b0-4c82-83a1-4069d4340667
2025-05-11,2025,5,Q2,UPI,6023.18,65341.59,1f9367ac-01b0-4c82-83a1-4069d4340667
2025-05-12,2025,5,Q2,IMPS,148.45,20548.08,1f9367ac-01b0-4c82-83a1-4069d4340667
2025-05-12,2025,5,Q2,NFS_ATM_CASH_WITHDRAWAL,90.99,4093.98,1f9367ac-01b0-4c82-83a1-4069d4340667
2025-05-12,2025,5,Q2,UPI,5586.78,78333.03,1f9367ac-01b0-4c82-83a1-4069d4340667
2025-05-13,2025,5,Q2,IMPS,151.3,22066.17,1f9367ac-01b0-4c82-83a1-4069d4340667
2025-05-13,2025,5,Q2,NFS_ATM_CASH_WITHDRAWAL,90.18,4156.97,1f9367ac-01b0-4c82-83a1-4069d4340667
2025-05-13,2025,5,Q2,UPI,6050.66,84780.86,1f9367ac-01b0-4c82-83a1-4069d4340667
2025-05-14,2025,5,Q2,IMPS,152.53,22108.19,1f9367ac-01b0-4c82-83a1-4069d4340667
2025-05-14,2025,5,Q2,NFS_ATM_CASH_WITHDRAWAL,90.46,4146.77,1f9367ac-01b0-4c82-83a1-4069d4340667
2025-05-14,2025,5,Q2,UPI,6097.36,84134.23,1f9367ac-01b0-4c82-83a1-4069d4340667
2025-05-15,2025,5,Q2,IMPS,148.61,21745.28,1f9367ac-01b0-4c82-83a1-4069d4340667
2025-05-15,2025,5,Q2,NFS_ATM_CASH_WITHDRAWAL,90.64,4063.93,1f9367ac-01b0-4c82-83a1-4069d4340667
2025-05-15,2025,5,Q2,UPI,6064.93,83793.22,1f9367ac-01b0-4c82-83a1-4069d4340667
2025-05-16,2025,5,Q2,IMPS,143.51,20345.93,1f9367ac-01b0-4c82-83a1-4069d4340667
2025-05-16,2025,5,Q2,NFS_ATM_CASH_WITHDRAWAL,86.16,3797.12,1f9367ac-01b0-4c82-83a1-4069d4340667
2025-05-16,2025,5,Q2,UPI,6031.17,78259.65,1f9367ac-01b0-4c82-83a1-4069d4340667
2025-05-17,2025,5,Q2,IMPS,137.53,18346.27,1f9367ac-01b0-4c82-83a1-4069d4340667
2025-05-17,2025,5,Q2,NFS_ATM_CASH_WITHDRAWAL,85.07,3771.47,1f9367ac-01b0-4c82-83a1-4069d4340667
2025-05-17,2025,5,Q2,UPI,6058.72,75787.32,1f9367ac-01b0-4c82-83a1-4069d4340667
2025-05-18,2025,5,Q2,IMPS,125.28,11279.79,1f9367ac-01b0-4c82-83a1-4069d4340667
2025-05-18,2025,5,Q2,NFS_ATM_CASH_WITHDRAWAL,79.57,3196.55,1f9367ac-01b0-4c82-83a1-4069d4340667
2025-05-18,2025,5,Q2,UPI,5950.87,60347.3,1f9367ac-01b0-4c82-83a1-4069d4340667
2025-05-19,2025,5,Q2,IMPS,150.37,21142.41,1f9367ac-01b0-4c82-83a1-4069d4340667
2025-05-19,2025,5,Q2,NFS_ATM_CASH_WITHDRAWAL,81.87,3580.06,1f9367ac-01b0-4c82-83a1-4069d4340667
2025-05-19,2025,5,Q2,UPI,5948.07,80321.57,1f9367ac-01b0-4c82-83a1-4069d4340667
2025-05-20,2025,5,Q2,IMPS,150.22,21024.04,1f9367ac-01b0-4c82-83a1-4069d4340667
2025-05-20,2025,5,Q2,NFS_ATM_CASH_WITHDRAWAL,77.84,3397.96,1f9367ac-01b0-4c82-83a1-4069d4340667
2025-05-20,2025,5,Q2,UPI,5844.7,78514.86,1f9367ac-01b0-4c82-83a1-4069d4340667
2025-05-21,2025,5,Q2,IMPS,147.34,20545.39,1f9367ac-01b0-4c82-83a1-4069d4340667
2025-05-21,2025,5,Q2,NFS_ATM_CASH_WITHDRAWAL,77.88,3371.96,1f9367ac-01b0-4c82-83a1-4069d4340667
2025-05-21,2025,5,Q2,UPI,5910.06,77375.62,1f9367ac-01b0-4c82-83a1-4069d4340667
2025-05-22,2025,5,Q2,IMPS,146.77,20153.52,1f9367ac-01b0-4c82-83a1-4069d4340667
2025-05-22,2025,5,Q2,NFS_ATM_CASH_WITHDRAWAL,77.61,3340.59,1f9367ac-01b0-4c82-83a1-4069d4340667
2025-05-22,2025,5,Q2,UPI,5895.76,75556.0,1f9367ac-01b0-4c82-83a1-4069d4340667
2025-05-23,2025,5,Q2,IMPS,147.97,20444.01,1f9367ac-01b0-4c82-83a1-4069d4340667
2025-05-23,2025,5,Q2,NFS_ATM_CASH_WITHDRAWAL,75.97,3244.65,1f9367ac-01b0-4c82-83a1-4069d4340667
2025-05-23,2025,5,Q2,UPI,5917.59,73524.04,1f9367ac-01b0-4c82-83a1-4069d4340667
2025-05-24,2025,5,Q2,IMPS,140.12,16417.8,1f9367ac-01b0-4c82-83a1-4069d4340667
2025-05-24,2025,5,Q2,NFS_ATM_CASH_WITHDRAWAL,76.68,3303.96,1f9367ac-01b0-4c82-83a1-4069d4340667
2025-05-24,2025,5,Q2,UPI,5854.68,69120.98,1f9367ac-01b0-4c82-83a1-4069d4340667
2025-05-25,2025,5,Q2,IMPS,127.58,11003.42,1f9367ac-01b0-4c82-83a1-4069d4340667
2025-05-25,2025,5,Q2,NFS_ATM_CASH_WITHDRAWAL,73.11,2850.16,1f9367ac-01b0-4c82-83a1-4069d4340667
2025-05-25,2025,5,Q2,UPI,5835.6,58284.01,1f9367ac-01b0-4c82-83a1-4069d4340667
2025-05-26,2025,5,Q2,IMPS,149.98,21220.72,1f9367ac-01b0-4c82-83a1-4069d4340667
2025-05-26,2025,5,Q2,NFS_ATM_CASH_WITHDRAWAL,74.79,3227.19,1f9367ac-01b0-4c82-83a1-4069d4340667
2025-05-26,2025,5,Q2,UPI,5785.37,76999.96,1f9367ac-01b0-4c82-83a1-4069d4340667
2025-05-27,2025,5,Q2,IMPS,143.83,20638.01,1f9367ac-01b0-4c82-83a1-4069d4340667
2025-05-27,2025,5,Q2,NFS_ATM_CASH_WITHDRAWAL,75.21,3226.94,1f9367ac-01b0-4c82-83a1-4069d4340667
2025-05-27,2025,5,Q2,UPI,5775.12,74452.63,1f9367ac-01b0-4c82-83a1-4069d4340667
2025-05-28,2025,5,Q2,IMPS,144.8,20842.62,1f9367ac-01b0-4c82-83a1-4069d4340667
2025-05-28,2025,5,Q2,NFS_ATM_CASH_WITHDRAWAL,77.48,3343.13,1f9367ac-01b0-4c82-83a1-4069d4340667
2025-05-28,2025,5,Q2,UPI,5817.54,75951.73,1f9367ac-01b0-4c82-83a1-4069d4340667
2025-05-29,2025,5,Q2,IMPS,147.31,21809.38,1f9367ac-01b0-4c82-83a1-4069d4340667
2025-05-29,2025,5,Q2,NFS_ATM_CASH_WITHDRAWAL,73.91,3207.19,1f9367ac-01b0-4c82-83a1-4069d4340667
2025-05-29,2025,5,Q2,UPI,5793.6,76027.13,1f9367ac-01b0-4c82-83a1-4069d4340667
2025-05-30,2025,5,Q2,IMPS,153.23,25046.57,1f9367ac-01b0-4c82-83a1-4069d4340667
2025-05-30,2025,5,Q2,NFS_ATM_CASH_WITHDRAWAL,81.05,3692.04,1f9367ac-01b0-4c82-83a1-4069d4340667
2025-05-30,2025,5,Q2,UPI,5992.32,86128.51,1f9367ac-01b0-4c82-83a1-4069d4340667
2025-05-31,2025,5,Q2,IMPS,159.07,24933.98,1f9367ac-01b0-4c82-83a1-4069d4340667
2025-05-31,2025,5,Q2,NFS_ATM_CASH_WITHDRAWAL,94.27,4528.37,1f9367ac-01b0-4c82-83a1-4069d4340667
2025-05-31,2025,5,Q2,UPI,6176.33,93024.8,1f9367ac-01b0-4c82-83a1-4069d4340667
2025-07-01,2025,7,Q3,IMPS,190.34,29733.77,1f9367ac-01b0-4c82-83a1-4069d4340667
2025-07-01,2025,7,Q3,NFS_ATM_CASH_WITHDRAWAL,100.35,5014.91,1f9367ac-01b0-4c82-83a1-4069d4340667
2025-07-01,2025,7,Q3,UPI,6535.13,110062.3,1f9367ac-01b0-4c82-83a1-4069d4340667
2025-07-02,2025,7,Q3,IMPS,177.12,26353.82,1f9367ac-01b0-4c82-83a1-4069d4340667
2025-07-02,2025,7,Q3,NFS_ATM_CASH_WITHDRAWAL,99.36,4924.25,1f9367ac-01b0-4c82-83a1-4069d4340667
2025-07-02,2025,7,Q3,UPI,6649.96,104976.26,1f9367ac-01b0-4c82-83a1-4069d4340667
2025-07-03,2025,7,Q3,IMPS,170.38,24593.26,1f9367ac-01b0-4c82-83a1-4069d4340667
2025-07-03,2025,7,Q3,NFS_ATM_CASH_WITHDRAWAL,93.46,4514.3,1f9367ac-01b0-4c82-83a1-4069d4340667
2025-07-03,2025,7,Q3,UPI,6446.99,95041.19,1f9367ac-01b0-4c82-83a1-4069d4340667
2025-07-04,2025,7,Q3,IMPS,171.07,24048.39,1f9367ac-01b0-4c82-83a1-4069d4340667
2025-07-04,2025,7,Q3,NFS_ATM_CASH_WITHDRAWAL,90.24,4248.12,1f9367ac-01b0-4c82-83a1-4069d4340667
2025-07-04,2025,7,Q3,UPI,6483.11,92737.86,1f9367ac-01b0-4c82-83a1-4069d4340667
2025-07-05,2025,7,Q3,IMPS,163.86,22049.58,1f9367ac-01b0-4c82-83a1-4069d4340667
2025-07-05,2025,7,Q3,NFS_ATM_CASH_WITHDRAWAL,96.08,4528.02,1f9367ac-01b0-4c82-83a1-4069d4340667
2025-07-05,2025,7,Q3,UPI,6561.36,92883.49,1f9367ac-01b0-4c82-83a1-4069d4340667
2025-07-06,2025,7,Q3,IMPS,135.92,13326.6,1f9367ac-01b0-4c82-83a1-4069d4340667
2025-07-06,2025,7,Q3,NFS_ATM_CASH_WITHDRAWAL,86.8,3739.15,1f9367ac-01b0-4c82-83a1-4069d4340667
2025-07-06,2025,7,Q3,UPI,6234.23,69207.26,1f9367ac-01b0-4c82-83a1-4069d4340667
2025-07-07,2025,7,Q3,IMPS,168.03,24276.02,1f9367ac-01b0-4c82-83a1-4069d4340667
2025-07-07,2025,7,Q3,NFS_ATM_CASH_WITHDRAWAL,95.18,4450.27,1f9367ac-01b0-4c82-83a1-4069d4340667
2025-07-07,2025,7,Q3,UPI,6415.8,95194.06,1f9367ac-01b0-4c82-83a1-4069d4340667
2025-07-08,2025,7,Q3,IMPS,162.66,22665.74,1f9367ac-01b0-4c82-83a1-4069d4340667
2025-07-08,2025,7,Q3,NFS_ATM_CASH_WITHDRAWAL,96.98,4550.59,1f9367ac-01b0-4c82-83a1-4069d4340667
2025-07-08,2025,7,Q3,UPI,6481.43,89965.21,1f9367ac-01b0-4c82-83a1-4069d4340667
2025-07-09,2025,7,Q3,IMPS,161.86,22130.75,1f9367ac-01b0-4c82-83a1-4069d4340667
2025-07-09,2025,7,Q3,NFS_ATM_CASH_WITHDRAWAL,89.33,4143.0,1f9367ac-01b0-4c82-83a1-4069d4340667
2025-07-09,2025,7,Q3,UPI,6381.36,87860.16,1f9367ac-01b0-4c82-83a1-4069d4340667
2025-07-10,2025,7,Q3,IMPS,165.39,22757.54,1f9367ac-01b0-4c82-83a1-4069d4340667
2025-07-10,2025,7,Q3,NFS_ATM_CASH_WITHDRAWAL,96.88,4485.56,1f9367ac-01b0-4c82-83a1-4069d4340667
2025-07-10,2025,7,Q3,UPI,6555.67,90757.83,1f9367ac-01b0-4c82-83a1-4069d4340667
2025-07-11,2025,7,Q3,IMPS,162.4,21686.86,1f9367ac-01b0-4c82-83a1-4069d4340667
2025-07-11,2025,7,Q3,NFS_ATM_CASH_WITHDRAWAL,93.59,4321.61,1f9367ac-01b0-4c82-83a1-4069d4340667
2025-07-11,2025,7,Q3,UPI,6460.48,85108.8,1f9367ac-01b0-4c82-83a1-4069d4340667
2025-07-12,2025,7,Q3,IMPS,152.06,17366.41,1f9367ac-01b0-4c82-83a1-4069d4340667
2025-07-12,2025,7,Q3,NFS_ATM_CASH_WITHDRAWAL,91.24,4158.73,1f9367ac-01b0-4c82-83a1-4069d4340667
2025-07-12,2025,7,Q3,UPI,6446.34,77724.93,1f9367ac-01b0-4c82-83a1-4069d4340667
2025-07-13,2025,7,Q3,IMPS,134.11,11509.29,1f9367ac-01b0-4c82-83a1-4069d4340667
2025-07-13,2025,7,Q3,NFS_ATM_CASH_WITHDRAWAL,82.13,3392.87,1f9367ac-01b0-4c82-83a1-4069d4340667
2025-07-13,2025,7,Q3,UPI,6348.89,64248.65,1f9367ac-01b0-4c82-83a1-4069d4340667
2025-07-14,2025,7,Q3,IMPS,162.06,22424.22,1f9367ac-01b0-4c82-83a1-4069d4340667
2025-07-14,2025,7,Q3,NFS_ATM_CASH_WITHDRAWAL,85.26,3836.68,1f9367ac-01b0-4c82-83a1-4069d4340667
2025-07-14,2025,7,Q3,UPI,6286.84,86145.07,1f9367ac-01b0-4c82-83a1-4069d4340667
2025-07-15,2025,7,Q3,IMPS,160.44,21457.39,1f9367ac-01b0-4c82-83a1-4069d4340667
2025-07-15,2025,7,Q3,NFS_ATM_CASH_WITHDRAWAL,89.8,3933.9,1f9367ac-01b0-4c82-83a1-4069d4340667
2025-07-15,2025,7,Q3,UPI,6346.66,84602.21,1f9367ac-01b0-4c82-83a1-4069d4340667
2025-07-16,2025,7,Q3,IMPS,155.44,21212.1,1f9367ac-01b0-4c82-83a1-4069d4340667
2025-07-16,2025,7,Q3,NFS_ATM_CASH_WITHDRAWAL,84.1,3630.86,1f9367ac-01b0-4c82-83a1-4069d4340667
2025-07-16,2025,7,Q3,UPI,6313.62,81454.6,1f9367ac-01b0-4c82-83a1-4069d4340667
2025-07-17,2025,7,Q3,IMPS,152.22,19518.07,1f9367ac-01b0-4c82-83a1-4069d4340667
2025-07-17,2025,7,Q3,NFS_ATM_CASH_WITHDRAWAL,79.1,3387.56,1f9367ac-01b0-4c82-83a1-4069d4340667
2025-07-17,2025,7,Q3,UPI,6182.45,76195.17,1f9367ac-01b0-4c82-83a1-4069d4340667
2025-07-18,2025,7,Q3,IMPS,147.02,19151.0,1f9367ac-01b0-4c82-83a1-4069d4340667
2025-07-18,2025,7,Q3,NFS_ATM_CASH_WITHDRAWAL,77.79,3293.39,1f9367ac-01b0-4c82-83a1-4069d4340667
2025-07-18,2025,7,Q3,UPI,6213.91,73841.65,1f9367ac-01b0-4c82-83a1-4069d4340667
2025-07-19,2025,7,Q3,IMPS,143.55,18011.16,1f9367ac-01b0-4c82-83a1-4069d4340667
2025-07-19,2025,7,Q3,NFS_ATM_CASH_WITHDRAWAL,80.84,3444.96,1f9367ac-01b0-4c82-83a1-4069d4340667
2025-07-19,2025,7,Q3,UPI,6244.42,72515.93,1f9367ac-01b0-4c82-83a1-4069d4340667
2025-07-20,2025,7,Q3,IMPS,127.77,11023.12,1f9367ac-01b0-4c82-83a1-4069d4340667
2025-07-20,2025,7,Q3,NFS_ATM_CASH_WITHDRAWAL,77.66,3030.41,1f9367ac-01b0-4c82-83a1-4069d4340667
2025-07-20,2025,7,Q3,UPI,6252.9,60707.39,1f9367ac-01b0-4c82-83a1-4069d4340667
2025-07-21,2025,7,Q3,IMPS,154.98,20204.96,1f9367ac-01b0-4c82-83a1-4069d4340667
2025-07-21,2025,7,Q3,NFS_ATM_CASH_WITHDRAWAL,76.74,3234.43,1f9367ac-01b0-4c82-83a1-4069d4340667
2025-07-21,2025,7,Q3,UPI,6126.68,77296.08,1f9367ac-01b0-4c82-83a1-4069d4340667
2025-07-22,2025,7,Q3,IMPS,149.79,19340.66,1f9367ac-01b0-4c82-83a1-4069d4340667
2025-07-22,2025,7,Q3,NFS_ATM_CASH_WITHDRAWAL,73.23,3049.63,1f9367ac-01b0-4c82-83a1-4069d4340667
2025-07-22,2025,7,Q3,UPI,6096.52,73274.46,1f9367ac-01b0-4c82-83a1-4069d4340667
2025-07-23,2025,7,Q3,IMPS,150.5,19513.33,1f9367ac-01b0-4c82-83a1-4069d4340667
2025-07-23,2025,7,Q3,NFS_ATM_CASH_WITHDRAWAL,73.47,3031.48,1f9367ac-01b0-4c82-83a1-4069d4340667
2025-07-23,2025,7,Q3,UPI,6094.14,72901.37,1f9367ac-01b0-4c82-83a1-4069d4340667
2025-07-24,2025,7,Q3,IMPS,149.33,19510.21,1f9367ac-01b0-4c82-83a1-4069d4340667
2025-07-24,2025,7,Q3,NFS_ATM_CASH_WITHDRAWAL,70.41,2871.56,1f9367ac-01b0-4c82-83a1-4069d4340667
2025-07-24,2025,7,Q3,UPI,6022.45,70319.08,1f9367ac-01b0-4c82-83a1-4069d4340667
2025-07-25,2025,7,Q3,IMPS,150.5,19903.67,1f9367ac-01b0-4c82-83a1-4069d4340667
2025-07-25,2025,7,Q3,NFS_ATM_CASH_WITHDRAWAL,70.6,2953.25,1f9367ac-01b0-4c82-83a1-4069d4340667
2025-07-25,2025,7,Q3,UPI,5974.38,72926.31,1f9367ac-01b0-4c82-83a1-4069d4340667
2025-07-26,2025,7,Q3,IMPS,141.53,15874.33,1f9367ac-01b0-4c82-83a1-4069d4340667
2025-07-26,2025,7,Q3,NFS_ATM_CASH_WITHDRAWAL,73.92,3088.25,1f9367ac-01b0-4c82-83a1-4069d4340667
2025-07-26,2025,7,Q3,UPI,6032.41,67031.53,1f9367ac-01b0-4c82-83a1-4069d4340667
2025-07-27,2025,7,Q3,IMPS,127.18,10359.3,1f9367ac-01b0-4c82-83a1-4069d4340667
2025-07-27,2025,7,Q3,NFS_ATM_CASH_WITHDRAWAL,72.5,2717.07,1f9367ac-01b0-4c82-83a1-4069d4340667
2025-07-27,2025,7,Q3,UPI,6094.34,55840.25,1f9367ac-01b0-4c82-83a1-4069d4340667
2025-07-28,2025,7,Q3,IMPS,156.73,21204.14,1f9367ac-01b0-4c82-83a1-4069d4340667
2025-07-28,2025,7,Q3,NFS_ATM_CASH_WITHDRAWAL,75.23,3166.76,1f9367ac-01b0-4c82-83a1-4069d4340667
2025-07-28,2025,7,Q3,UPI,6075.99,76306.71,1f9367ac-01b0-4c82-83a1-4069d4340667
2025-07-29,2025,7,Q3,IMPS,151.13,20539.38,1f9367ac-01b0-4c82-83a1-4069d4340667
2025-07-29,2025,7,Q3,NFS_ATM_CASH_WITHDRAWAL,71.53,2961.56,1f9367ac-01b0-4c82-83a1-4069d4340667
2025-07-29,2025,7,Q3,UPI,5908.51,73041.58,1f9367ac-01b0-4c82-83a1-4069d4340667
2025-07-30,2025,7,Q3,IMPS,155.75,22322.71,1f9367ac-01b0-4c82-83a1-4069d4340667
2025-07-30,2025,7,Q3,NFS_ATM_CASH_WITHDRAWAL,74.41,3157.2,1f9367ac-01b0-4c82-83a1-4069d4340667
2025-07-30,2025,7,Q3,UPI,6077.25,79458.74,1f9367ac-01b0-4c82-83a1-4069d4340667
2025-07-31,2025,7,Q3,IMPS,170.78,27343.46,1f9367ac-01b0-4c82-83a1-4069d4340667
2025-07-31,2025,7,Q3,NFS_ATM_CASH_WITHDRAWAL,86.23,4014.61,1f9367ac-01b0-4c82-83a1-4069d4340667
2025-07-31,2025,7,Q3,UPI,6335.26,98871.97,1f9367ac-01b0-4c82-83a1-4069d4340667
2026-07-01,2026,7,Q3,IMPS,158.9,33152.58,1f9367ac-01b0-4c82-83a1-4069d4340667
2026-07-01,2026,7,Q3,NFS_ATM_CASH_WITHDRAWAL,96.68,4932.44,1f9367ac-01b0-4c82-83a1-4069d4340667
2026-07-01,2026,7,Q3,UPI,8039.14,130532.57,1f9367ac-01b0-4c82-83a1-4069d4340667
2026-07-02,2026,7,Q3,IMPS,142.79,29280.81,1f9367ac-01b0-4c82-83a1-4069d4340667
2026-07-02,2026,7,Q3,NFS_ATM_CASH_WITHDRAWAL,93.21,4702.14,1f9367ac-01b0-4c82-83a1-4069d4340667
2026-07-02,2026,7,Q3,UPI,8096.92,125465.33,1f9367ac-01b0-4c82-83a1-4069d4340667
2026-07-03,2026,7,Q3,IMPS,132.72,26869.08,1f9367ac-01b0-4c82-83a1-4069d4340667
2026-07-03,2026,7,Q3,NFS_ATM_CASH_WITHDRAWAL,86.45,4260.82,1f9367ac-01b0-4c82-83a1-4069d4340667
2026-07-03,2026,7,Q3,UPI,7859.69,111514.38,1f9367ac-01b0-4c82-83a1-4069d4340667
2026-07-04,2026,7,Q3,IMPS,128.6,25451.94,1f9367ac-01b0-4c82-83a1-4069d4340667
2026-07-04,2026,7,Q3,NFS_ATM_CASH_WITHDRAWAL,88.3,4333.52,1f9367ac-01b0-4c82-83a1-4069d4340667
2026-07-04,2026,7,Q3,UPI,7840.45,113274.04,1f9367ac-01b0-4c82-83a1-4069d4340667
2026-07-05,2026,7,Q3,IMPS,102.97,15971.1,1f9367ac-01b0-4c82-83a1-4069d4340667
2026-07-05,2026,7,Q3,NFS_ATM_CASH_WITHDRAWAL,83.96,3763.69,1f9367ac-01b0-4c82-83a1-4069d4340667
2026-07-05,2026,7,Q3,UPI,7796.94,92186.73,1f9367ac-01b0-4c82-83a1-4069d4340667
2026-07-06,2026,7,Q3,IMPS,127.2,26497.24,1f9367ac-01b0-4c82-83a1-4069d4340667
2026-07-06,2026,7,Q3,NFS_ATM_CASH_WITHDRAWAL,85.65,4100.52,1f9367ac-01b0-4c82-83a1-4069d4340667
2026-07-06,2026,7,Q3,UPI,7557.95,111881.15,1f9367ac-01b0-4c82-83a1-4069d4340667
2026-07-07,2026,7,Q3,IMPS,127.94,25628.04,1f9367ac-01b0-4c82-83a1-4069d4340667
2026-07-07,2026,7,Q3,NFS_ATM_CASH_WITHDRAWAL,88.66,4269.17,1f9367ac-01b0-4c82-83a1-4069d4340667
2026-07-07,2026,7,Q3,UPI,7562.32,106541.71,1f9367ac-01b0-4c82-83a1-4069d4340667
2026-07-08,2026,7,Q3,IMPS,124.65,25205.93,1f9367ac-01b0-4c82-83a1-4069d4340667
2026-07-08,2026,7,Q3,NFS_ATM_CASH_WITHDRAWAL,93.91,4551.54,1f9367ac-01b0-4c82-83a1-4069d4340667
2026-07-08,2026,7,Q3,UPI,7802.53,108079.84,1f9367ac-01b0-4c82-83a1-4069d4340667
2026-07-09,2026,7,Q3,IMPS,124.66,25244.43,1f9367ac-01b0-4c82-83a1-4069d4340667
2026-07-09,2026,7,Q3,NFS_ATM_CASH_WITHDRAWAL,88.94,4242.29,1f9367ac-01b0-4c82-83a1-4069d4340667
2026-07-09,2026,7,Q3,UPI,7745.55,105535.17,1f9367ac-01b0-4c82-83a1-4069d4340667
2026-07-10,2026,7,Q3,IMPS,126.37,25149.66,1f9367ac-01b0-4c82-83a1-4069d4340667
2026-07-10,2026,7,Q3,NFS_ATM_CASH_WITHDRAWAL,90.82,4338.18,1f9367ac-01b0-4c82-83a1-4069d4340667
2026-07-10,2026,7,Q3,UPI,7908.56,105389.45,1f9367ac-01b0-4c82-83a1-4069d4340667
2026-07-11,2026,7,Q3,IMPS,114.38,19731.51,1f9367ac-01b0-4c82-83a1-4069d4340667
2026-07-11,2026,7,Q3,NFS_ATM_CASH_WITHDRAWAL,90.69,4277.79,1f9367ac-01b0-4c82-83a1-4069d4340667
2026-07-11,2026,7,Q3,UPI,7897.21,94773.46,1f9367ac-01b0-4c82-83a1-4069d4340667
2026-07-12,2026,7,Q3,IMPS,94.58,12715.96,1f9367ac-01b0-4c82-83a1-4069d4340667
2026-07-12,2026,7,Q3,NFS_ATM_CASH_WITHDRAWAL,82.66,3533.8,1f9367ac-01b0-4c82-83a1-4069d4340667
2026-07-12,2026,7,Q3,UPI,7792.13,77318.94,1f9367ac-01b0-4c82-83a1-4069d4340667
2026-07-13,2026,7,Q3,IMPS,124.66,25330.62,1f9367ac-01b0-4c82-83a1-4069d4340667
2026-07-13,2026,7,Q3,NFS_ATM_CASH_WITHDRAWAL,84.86,3917.9,1f9367ac-01b0-4c82-83a1-4069d4340667
2026-07-13,2026,7,Q3,UPI,7850.21,102831.27,1f9367ac-01b0-4c82-83a1-4069d4340667
2026-07-14,2026,7,Q3,IMPS,124.24,24392.57,1f9367ac-01b0-4c82-83a1-4069d4340667
2026-07-14,2026,7,Q3,NFS_ATM_CASH_WITHDRAWAL,82.34,3754.26,1f9367ac-01b0-4c82-83a1-4069d4340667
2026-07-14,2026,7,Q3,UPI,7768.85,98285.32,1f9367ac-01b0-4c82-83a1-4069d4340667
2026-07-15,2026,7,Q3,IMPS,126.19,25138.98,1f9367ac-01b0-4c82-83a1-4069d4340667
2026-07-15,2026,7,Q3,NFS_ATM_CASH_WITHDRAWAL,87.97,3887.66,1f9367ac-01b0-4c82-83a1-4069d4340667
2026-07-15,2026,7,Q3,UPI,7845.18,101320.32,1f9367ac-01b0-4c82-83a1-4069d4340667
2026-07-16,2026,7,Q3,IMPS,118.63,23932.62,1f9367ac-01b0-4c82-83a1-4069d4340667
2026-07-16,2026,7,Q3,NFS_ATM_CASH_WITHDRAWAL,80.57,3475.01,1f9367ac-01b0-4c82-83a1-4069d4340667
2026-07-16,2026,7,Q3,UPI,7667.78,94437.93,1f9367ac-01b0-4c82-83a1-4069d4340667
2026-07-17,2026,7,Q3,IMPS,112.29,21659.97,1f9367ac-01b0-4c82-83a1-4069d4340667
2026-07-17,2026,7,Q3,NFS_ATM_CASH_WITHDRAWAL,75.53,3262.49,1f9367ac-01b0-4c82-83a1-4069d4340667
2026-07-17,2026,7,Q3,UPI,7600.68,88022.78,1f9367ac-01b0-4c82-83a1-4069d4340667
2026-07-18,2026,7,Q3,IMPS,103.17,20317.16,1f9367ac-01b0-4c82-83a1-4069d4340667
2026-07-18,2026,7,Q3,NFS_ATM_CASH_WITHDRAWAL,77.83,3391.63,1f9367ac-01b0-4c82-83a1-4069d4340667
2026-07-18,2026,7,Q3,UPI,7627.39,90828.72,1f9367ac-01b0-4c82-83a1-4069d4340667
2026-07-19,2026,7,Q3,IMPS,84.74,12006.17,1f9367ac-01b0-4c82-83a1-4069d4340667
2026-07-19,2026,7,Q3,NFS_ATM_CASH_WITHDRAWAL,74.31,2950.1,1f9367ac-01b0-4c82-83a1-4069d4340667
2026-07-19,2026,7,Q3,UPI,7608.94,71872.78,1f9367ac-01b0-4c82-83a1-4069d4340667
2026-07-20,2026,7,Q3,IMPS,113.96,23306.63,1f9367ac-01b0-4c82-83a1-4069d4340667
2026-07-20,2026,7,Q3,NFS_ATM_CASH_WITHDRAWAL,74.14,3218.13,1f9367ac-01b0-4c82-83a1-4069d4340667
2026-07-20,2026,7,Q3,UPI,7408.3,93935.68,1f9367ac-01b0-4c82-83a1-4069d4340667
2026-07-21,2026,7,Q3,IMPS,107.72,21745.12,1f9367ac-01b0-4c82-83a1-4069d4340667
2026-07-21,2026,7,Q3,NFS_ATM_CASH_WITHDRAWAL,69.56,2971.25,1f9367ac-01b0-4c82-83a1-4069d4340667
2026-07-21,2026,7,Q3,UPI,7256.22,87535.98,1f9367ac-01b0-4c82-83a1-4069d4340667
2026-07-22,2026,7,Q3,IMPS,112.62,21985.92,1f9367ac-01b0-4c82-83a1-4069d4340667
2026-07-22,2026,7,Q3,NFS_ATM_CASH_WITHDRAWAL,70.13,3010.31,1f9367ac-01b0-4c82-83a1-4069d4340667
2026-07-22,2026,7,Q3,UPI,7337.26,87658.93,1f9367ac-01b0-4c82-83a1-4069d4340667
2026-07-23,2026,7,Q3,IMPS,109.02,21354.96,1f9367ac-01b0-4c82-83a1-4069d4340667
2026-07-23,2026,7,Q3,NFS_ATM_CASH_WITHDRAWAL,67.81,2894.43,1f9367ac-01b0-4c82-83a1-4069d4340667
2026-07-23,2026,7,Q3,UPI,7274.6,84830.29,1f9367ac-01b0-4c82-83a1-4069d4340667
2026-07-24,2026,7,Q3,IMPS,110.29,21806.16,1f9367ac-01b0-4c82-83a1-4069d4340667
2026-07-24,2026,7,Q3,NFS_ATM_CASH_WITHDRAWAL,69.59,2922.41,1f9367ac-01b0-4c82-83a1-4069d4340667
2026-07-24,2026,7,Q3,UPI,7423.69,83349.45,1f9367ac-01b0-4c82-83a1-4069d4340667
2026-07-25,2026,7,Q3,IMPS,103.42,18312.36,1f9367ac-01b0-4c82-83a1-4069d4340667
2026-07-25,2026,7,Q3,NFS_ATM_CASH_WITHDRAWAL,72.8,3096.5,1f9367ac-01b0-4c82-83a1-4069d4340667
2026-07-25,2026,7,Q3,UPI,7423.51,80714.08,1f9367ac-01b0-4c82-83a1-4069d4340667
2026-07-26,2026,7,Q3,IMPS,87.96,11989.0,1f9367ac-01b0-4c82-83a1-4069d4340667
2026-07-26,2026,7,Q3,NFS_ATM_CASH_WITHDRAWAL,69.26,2672.02,1f9367ac-01b0-4c82-83a1-4069d4340667
2026-07-26,2026,7,Q3,UPI,7442.02,67697.46,1f9367ac-01b0-4c82-83a1-4069d4340667
2026-07-27,2026,7,Q3,IMPS,117.78,24607.7,1f9367ac-01b0-4c82-83a1-4069d4340667
2026-07-27,2026,7,Q3,NFS_ATM_CASH_WITHDRAWAL,70.59,3004.74,1f9367ac-01b0-4c82-83a1-4069d4340667
2026-07-27,2026,7,Q3,UPI,7410.91,90954.66,1f9367ac-01b0-4c82-83a1-4069d4340667
2026-07-28,2026,7,Q3,IMPS,113.62,23010.26,1f9367ac-01b0-4c82-83a1-4069d4340667
2026-07-28,2026,7,Q3,NFS_ATM_CASH_WITHDRAWAL,68.86,2920.65,1f9367ac-01b0-4c82-83a1-4069d4340667
2026-07-28,2026,7,Q3,UPI,7300.73,87253.63,1f9367ac-01b0-4c82-83a1-4069d4340667
2026-07-29,2026,7,Q3,IMPS,115.69,23725.46,1f9367ac-01b0-4c82-83a1-4069d4340667
2026-07-29,2026,7,Q3,NFS_ATM_CASH_WITHDRAWAL,69.59,2938.67,1f9367ac-01b0-4c82-83a1-4069d4340667
2026-07-29,2026,7,Q3,UPI,7412.53,88600.32,1f9367ac-01b0-4c82-83a1-4069d4340667
2026-07-30,2026,7,Q3,IMPS,118.47,25627.66,1f9367ac-01b0-4c82-83a1-4069d4340667
2026-07-30,2026,7,Q3,NFS_ATM_CASH_WITHDRAWAL,68.07,2941.13,1f9367ac-01b0-4c82-83a1-4069d4340667
2026-07-30,2026,7,Q3,UPI,7323.33,92466.43,1f9367ac-01b0-4c82-83a1-4069d4340667
2026-07-31,2026,7,Q3,IMPS,133.16,30556.77,1f9367ac-01b0-4c82-83a1-4069d4340667
2026-07-31,2026,7,Q3,NFS_ATM_CASH_WITHDRAWAL,80.08,3797.3,1f9367ac-01b0-4c82-83a1-4069d4340667
2026-07-31,2026,7,Q3,UPI,7702.01,112791.68,1f9367ac-01b0-4c82-83a1-4069d4340667
