year,month,month_start_date,app_name,customer_initiated_volume_mn,customer_initiated_value_crore,b2c_volume_mn,b2c_value_crore,b2b_volume_mn,b2b_value_crore,total_volume_mn,total_value_crore,source_reference
2022,1,2022-01-01,AU Small Finance Bank App,0.23,81.15,,,,,0.23,81.15,NPCI UPI Ecosystem Statistics via https://github.com/luckisalive/npci_upi_analytics@5c007daef0b69f30dd8e555c548ba6f3bd85c43f
2022,1,2022-01-01,Airtel Payments Bank Apps,8.53,2047.45,,,,,13.22,4729.77,NPCI UPI Ecosystem Statistics via https://github.com/luckisalive/npci_upi_analytics@5c007daef0b69f30dd8e555c548ba6f3bd85c43f
2022,1,2022-01-01,Allahabad Bank App,0.02,7.36,,,,,0.02,7.36,NPCI UPI Ecosystem Statistics via https://github.com/luckisalive/npci_upi_analytics@5c007daef0b69f30dd8e555c548ba6f3bd85c43f
2022,1,2022-01-01,Amazon Pay,73.5,6729.66,,,,,73.5,6729.66,NPCI UPI Ecosystem Statistics via https://github.com/luckisalive/npci_upi_analytics@5c007daef0b69f30dd8e555c548ba6f3bd85c43f
2022,1,2022-01-01,Axis Bank Apps,6.78,1058.77,40.47,34.25,,,47.25,1093.02,NPCI UPI Ecosystem Statistics via https://github.com/luckisalive/npci_upi_analytics@5c007daef0b69f30dd8e555c548ba6f3bd85c43f
2022,1,2022-01-01,BHIM,25.82,8511.91,,,,,25.82,8511.91,NPCI UPI Ecosystem Statistics via https://github.com/luckisalive/npci_upi_analytics@5c007daef0b69f30dd8e555c548ba6f3bd85c43f
2022,1,2022-01-01,Bajaj Finserv,0.24,12.88,,,,,0.24,12.88,NPCI UPI Ecosystem Statistics via https://github.com/luckisalive/npci_upi_analytics@5c007daef0b69f30dd8e555c548ba6f3bd85c43f
2022,1,2022-01-01,Bank of Baroda Apps,0.71,342.85,,,,,0.71,342.85,NPCI UPI Ecosystem Statistics via https://github.com/luckisalive/npci_upi_analytics@5c007daef0b69f30dd8e555c548ba6f3bd85c43f
2022,1,2022-01-01,Bank of India App,0.05,20.23,,,,,0.05,20.23,NPCI UPI Ecosystem Statistics via https://github.com/luckisalive/npci_upi_analytics@5c007daef0b69f30dd8e555c548ba6f3bd85c43f
2022,1,2022-01-01,Bank of Maharashtra App,0.05,12.46,,,,,0.05,12.46,NPCI UPI Ecosystem Statistics via https://github.com/luckisalive/npci_upi_analytics@5c007daef0b69f30dd8e555c548ba6f3bd85c43f
2022,1,2022-01-01,Canara Bank App,0.26,98.95,,,,,0.26,98.95,NPCI UPI Ecosystem Statistics via https://github.com/luckisalive/npci_upi_analytics@5c007daef0b69f30dd8e555c548ba6f3bd85c43f
2022,1,2022-01-01,Central Bank of India App,0.13,47.33,,,,,0.13,47.33,NPCI UPI Ecosystem Statistics via https://github.com/luckisalive/npci_upi_analytics@5c007daef0b69f30dd8e555c548ba6f3bd85c43f
2022,1,2022-01-01,Citi Bank App,0.09,77.8,,,,,0.09,77.8,NPCI UPI Ecosystem Statistics via https://github.com/luckisalive/npci_upi_analytics@5c007daef0b69f30dd8e555c548ba6f3bd85c43f
2022,1,2022-01-01,City Union Bank App,0.02,4.92,,,,,0.02,4.92,NPCI UPI Ecosystem Statistics via https://github.com/luckisalive/npci_upi_analytics@5c007daef0b69f30dd8e555c548ba6f3bd85c43f
2022,1,2022-01-01,Cointab,1.21,179.22,,,,,1.21,179.22,NPCI UPI Ecosystem Statistics via https://github.com/luckisalive/npci_upi_analytics@5c007daef0b69f30dd8e555c548ba6f3bd85c43f
2022,1,2022-01-01,Cred,10.68,14189.86,,,,,10.68,14189.86,NPCI UPI Ecosystem Statistics via https://github.com/luckisalive/npci_upi_analytics@5c007daef0b69f30dd8e555c548ba6f3bd85c43f
2022,1,2022-01-01,DBS Digibank App,0.51,186.79,,,,,0.51,186.79,NPCI UPI Ecosystem Statistics via https://github.com/luckisalive/npci_upi_analytics@5c007daef0b69f30dd8e555c548ba6f3bd85c43f
2022,1,2022-01-01,Dena Bank App,0.02,26.5,,,,,0.02,26.5,NPCI UPI Ecosystem Statistics via https://github.com/luckisalive/npci_upi_analytics@5c007daef0b69f30dd8e555c548ba6f3bd85c43f
2022,1,2022-01-01,Deutsche Bank App,0.92,61.95,,,,0.13,0.92,62.08,NPCI UPI Ecosystem Statistics via https://github.com/luckisalive/npci_upi_analytics@5c007daef0b69f30dd8e555c548ba6f3bd85c43f
2022,1,2022-01-01,Dhanlaxmi Bank App,0.01,2.95,,,,,0.01,2.95,NPCI UPI Ecosystem Statistics via https://github.com/luckisalive/npci_upi_analytics@5c007daef0b69f30dd8e555c548ba6f3bd85c43f
2022,1,2022-01-01,Federal Bank App,0.54,109.25,,,,,0.54,109.25,NPCI UPI Ecosystem Statistics via https://github.com/luckisalive/npci_upi_analytics@5c007daef0b69f30dd8e555c548ba6f3bd85c43f
2022,1,2022-01-01,Fino Payments bank App,0.03,2.79,,,,,0.03,2.79,NPCI UPI Ecosystem Statistics via https://github.com/luckisalive/npci_upi_analytics@5c007daef0b69f30dd8e555c548ba6f3bd85c43f
2022,1,2022-01-01,Finshell Pay,0.07,3.69,,,,,0.07,3.69,NPCI UPI Ecosystem Statistics via https://github.com/luckisalive/npci_upi_analytics@5c007daef0b69f30dd8e555c548ba6f3bd85c43f
2022,1,2022-01-01,Google Pay,1584.2,298267.07,,,,,1584.2,,NPCI UPI Ecosystem Statistics via https://github.com/luckisalive/npci_upi_analytics@5c007daef0b69f30dd8e555c548ba6f3bd85c43f
2022,1,2022-01-01,HDFC Bank Apps,4.94,1366.89,,,,,4.94,1366.89,NPCI UPI Ecosystem Statistics via https://github.com/luckisalive/npci_upi_analytics@5c007daef0b69f30dd8e555c548ba6f3bd85c43f
2022,1,2022-01-01,HSBC Bank App,0.08,54.47,0.0,0.09,,,0.08,54.57,NPCI UPI Ecosystem Statistics via https://github.com/luckisalive/npci_upi_analytics@5c007daef0b69f30dd8e555c548ba6f3bd85c43f
2022,1,2022-01-01,ICICI Bank Apps,29.87,8491.18,3.57,215.87,,,33.43,8707.05,NPCI UPI Ecosystem Statistics via https://github.com/luckisalive/npci_upi_analytics@5c007daef0b69f30dd8e555c548ba6f3bd85c43f
2022,1,2022-01-01,IDBI Bank App,0.02,12.54,,,,,0.02,12.54,NPCI UPI Ecosystem Statistics via https://github.com/luckisalive/npci_upi_analytics@5c007daef0b69f30dd8e555c548ba6f3bd85c43f
2022,1,2022-01-01,IDFC Bank App,1.22,316.37,,,,,1.22,316.37,NPCI UPI Ecosystem Statistics via https://github.com/luckisalive/npci_upi_analytics@5c007daef0b69f30dd8e555c548ba6f3bd85c43f
2022,1,2022-01-01,India Post Payments Bank App,2.65,309.42,,,,,2.65,309.42,NPCI UPI Ecosystem Statistics via https://github.com/luckisalive/npci_upi_analytics@5c007daef0b69f30dd8e555c548ba6f3bd85c43f
2022,1,2022-01-01,Indian Bank Apps,0.13,47.42,,,,,0.13,47.42,NPCI UPI Ecosystem Statistics via https://github.com/luckisalive/npci_upi_analytics@5c007daef0b69f30dd8e555c548ba6f3bd85c43f
2022,1,2022-01-01,IndusInd Bank App,0.74,1218.79,,,,,0.74,1218.79,NPCI UPI Ecosystem Statistics via https://github.com/luckisalive/npci_upi_analytics@5c007daef0b69f30dd8e555c548ba6f3bd85c43f
2022,1,2022-01-01,Jammu and Kashmir Bank App,0.01,2.47,,,,,0.01,2.47,NPCI UPI Ecosystem Statistics via https://github.com/luckisalive/npci_upi_analytics@5c007daef0b69f30dd8e555c548ba6f3bd85c43f
2022,1,2022-01-01,Janta Sahakari Bank App,0.01,4.46,,,,,0.01,4.46,NPCI UPI Ecosystem Statistics via https://github.com/luckisalive/npci_upi_analytics@5c007daef0b69f30dd8e555c548ba6f3bd85c43f
2022,1,2022-01-01,Jio Payments Bank App,2.05,114.39,,,,,2.05,114.39,NPCI UPI Ecosystem Statistics via https://github.com/luckisalive/npci_upi_analytics@5c007daef0b69f30dd8e555c548ba6f3bd85c43f
2022,1,2022-01-01,Jupiter Money,1.02,156.15,,,,,1.02,156.15,NPCI UPI Ecosystem Statistics via https://github.com/luckisalive/npci_upi_analytics@5c007daef0b69f30dd8e555c548ba6f3bd85c43f
2022,1,2022-01-01,Karnataka Bank App,0.25,31.19,,,,,0.25,31.19,NPCI UPI Ecosystem Statistics via https://github.com/luckisalive/npci_upi_analytics@5c007daef0b69f30dd8e555c548ba6f3bd85c43f
2022,1,2022-01-01,Karur Vysya Bank App,0.04,17.37,,,,,0.04,17.37,NPCI UPI Ecosystem Statistics via https://github.com/luckisalive/npci_upi_analytics@5c007daef0b69f30dd8e555c548ba6f3bd85c43f
2022,1,2022-01-01,Kotak Mahindra Bank Apps,6.88,1333.06,,,,,6.88,1333.06,NPCI UPI Ecosystem Statistics via https://github.com/luckisalive/npci_upi_analytics@5c007daef0b69f30dd8e555c548ba6f3bd85c43f
2022,1,2022-01-01,MI Pay,0.27,40.51,,,,,0.27,40.51,NPCI UPI Ecosystem Statistics via https://github.com/luckisalive/npci_upi_analytics@5c007daef0b69f30dd8e555c548ba6f3bd85c43f
2022,1,2022-01-01,MakeMy Trip,0.06,19.63,,,,,0.06,19.63,NPCI UPI Ecosystem Statistics via https://github.com/luckisalive/npci_upi_analytics@5c007daef0b69f30dd8e555c548ba6f3bd85c43f
2022,1,2022-01-01,Mobikwik,3.87,886.55,,,,,3.87,886.55,NPCI UPI Ecosystem Statistics via https://github.com/luckisalive/npci_upi_analytics@5c007daef0b69f30dd8e555c548ba6f3bd85c43f
2022,1,2022-01-01,NSDL Payments Bank App,0.02,1.45,,,,,0.02,1.45,NPCI UPI Ecosystem Statistics via https://github.com/luckisalive/npci_upi_analytics@5c007daef0b69f30dd8e555c548ba6f3bd85c43f
2022,1,2022-01-01,Other,0.02,9.08,,,,,0.02,9.08,NPCI UPI Ecosystem Statistics via https://github.com/luckisalive/npci_upi_analytics@5c007daef0b69f30dd8e555c548ba6f3bd85c43f
2022,1,2022-01-01,Paytm,615.9,70892.01,8.0,13.36,,,710.28,85125.97,NPCI UPI Ecosystem Statistics via https://github.com/luckisalive/npci_upi_analytics@5c007daef0b69f30dd8e555c548ba6f3bd85c43f
2022,1,2022-01-01,PhonePe,2140.28,405173.78,,,,,2140.28,,NPCI UPI Ecosystem Statistics via https://github.com/luckisalive/npci_upi_analytics@5c007daef0b69f30dd8e555c548ba6f3bd85c43f
2022,1,2022-01-01,Punjab National Bank App,0.09,44.86,,,,0.0,0.09,44.86,NPCI UPI Ecosystem Statistics via https://github.com/luckisalive/npci_upi_analytics@5c007daef0b69f30dd8e555c548ba6f3bd85c43f
2022,1,2022-01-01,Punjab Sindh Bank App,0.01,2.87,,,,,0.01,2.87,NPCI UPI Ecosystem Statistics via https://github.com/luckisalive/npci_upi_analytics@5c007daef0b69f30dd8e555c548ba6f3bd85c43f
2022,1,2022-01-01,RBL Bank App,0.42,101.45,,,0.01,0.0,0.43,101.45,NPCI UPI Ecosystem Statistics via https://github.com/luckisalive/npci_upi_analytics@5c007daef0b69f30dd8e555c548ba6f3bd85c43f
2022,1,2022-01-01,Samsung Pay,3.17,431.07,,,,,3.17,431.07,NPCI UPI Ecosystem Statistics via https://github.com/luckisalive/npci_upi_analytics@5c007daef0b69f30dd8e555c548ba6f3bd85c43f
2022,1,2022-01-01,South Indian Bank App,0.13,41.4,,,,,0.13,41.4,NPCI UPI Ecosystem Statistics via https://github.com/luckisalive/npci_upi_analytics@5c007daef0b69f30dd8e555c548ba6f3bd85c43f
2022,1,2022-01-01,Standard Chartered Bank App,0.11,60.49,,,,,0.11,60.49,NPCI UPI Ecosystem Statistics via https://github.com/luckisalive/npci_upi_analytics@5c007daef0b69f30dd8e555c548ba6f3bd85c43f
2022,1,2022-01-01,State Bank of India Apps,3.62,1967.04,,,0.0,0.01,3.62,1967.05,NPCI UPI Ecosystem Statistics via https://github.com/luckisalive/npci_upi_analytics@5c007daef0b69f30dd8e555c548ba6f3bd85c43f
2022,1,2022-01-01,UCO Bank App,0.16,37.26,,,,,0.16,37.26,NPCI UPI Ecosystem Statistics via https://github.com/luckisalive/npci_upi_analytics@5c007daef0b69f30dd8e555c548ba6f3bd85c43f
2022,1,2022-01-01,Ultracash,2.14,177.63,,,,,2.14,177.63,NPCI UPI Ecosystem Statistics via https://github.com/luckisalive/npci_upi_analytics@5c007daef0b69f30dd8e555c548ba6f3bd85c43f
2022,1,2022-01-01,Union Bank Apps,0.39,182.27,,,,,0.39,182.27,NPCI UPI Ecosystem Statistics via https://github.com/luckisalive/npci_upi_analytics@5c007daef0b69f30dd8e555c548ba6f3bd85c43f
2022,1,2022-01-01,WhatsApp,2.34,205.83,,,,,2.34,205.83,NPCI UPI Ecosystem Statistics via https://github.com/luckisalive/npci_upi_analytics@5c007daef0b69f30dd8e555c548ba6f3bd85c43f
2022,1,2022-01-01,Yes Bank Apps,27.24,5816.96,0.35,0.2,,,27.59,5817.16,NPCI UPI Ecosystem Statistics via https://github.com/luckisalive/npci_upi_analytics@5c007daef0b69f30dd8e555c548ba6f3bd85c43f
2022,1,2022-01-01,YuvaPay,0.05,77.12,,,,,0.05,77.12,NPCI UPI Ecosystem Statistics via https://github.com/luckisalive/npci_upi_analytics@5c007daef0b69f30dd8e555c548ba6f3bd85c43f
2022,2,2022-02-01,AU Small Finance Bank App,0.25,89.36,0.0,0.0,0.0,0.0,0.25,89.36,NPCI UPI Ecosystem Statistics via https://github.com/luckisalive/npci_upi_analytics@5c007daef0b69f30dd8e555c548ba6f3bd85c43f
2022,2,2022-02-01,Airtel Payments Bank Apps,5.8,1199.46,0.0,0.0,0.0,0.0,7.58,2210.17,NPCI UPI Ecosystem Statistics via https://github.com/luckisalive/npci_upi_analytics@5c007daef0b69f30dd8e555c548ba6f3bd85c43f
2022,2,2022-02-01,Allahabad Bank App,0.02,6.28,0.0,0.0,0.0,0.0,0.02,6.28,NPCI UPI Ecosystem Statistics via https://github.com/luckisalive/npci_upi_analytics@5c007daef0b69f30dd8e555c548ba6f3bd85c43f
2022,2,2022-02-01,Amazon Pay,63.49,6044.47,0.0,0.0,0.0,0.0,63.49,6044.47,NPCI UPI Ecosystem Statistics via https://github.com/luckisalive/npci_upi_analytics@5c007daef0b69f30dd8e555c548ba6f3bd85c43f
2022,2,2022-02-01,Axis Bank Apps,6.9,1366.34,47.88,38.91,0.0,0.0,54.78,1405.26,NPCI UPI Ecosystem Statistics via https://github.com/luckisalive/npci_upi_analytics@5c007daef0b69f30dd8e555c548ba6f3bd85c43f
2022,2,2022-02-01,BHIM,23.25,7891.86,0.0,0.0,0.0,0.0,23.25,7891.86,NPCI UPI Ecosystem Statistics via https://github.com/luckisalive/npci_upi_analytics@5c007daef0b69f30dd8e555c548ba6f3bd85c43f
2022,2,2022-02-01,Bajaj Finserv,0.33,19.32,0.0,0.0,0.0,0.0,0.33,19.32,NPCI UPI Ecosystem Statistics via https://github.com/luckisalive/npci_upi_analytics@5c007daef0b69f30dd8e555c548ba6f3bd85c43f
2022,2,2022-02-01,Bank of Baroda Apps,0.67,330.69,0.0,0.0,0.0,0.0,0.67,330.69,NPCI UPI Ecosystem Statistics via https://github.com/luckisalive/npci_upi_analytics@5c007daef0b69f30dd8e555c548ba6f3bd85c43f
2022,2,2022-02-01,Bank of India App,0.05,21.28,0.0,0.0,0.0,0.0,0.05,21.28,NPCI UPI Ecosystem Statistics via https://github.com/luckisalive/npci_upi_analytics@5c007daef0b69f30dd8e555c548ba6f3bd85c43f
2022,2,2022-02-01,Bank of Maharashtra App,0.05,12.49,0.0,0.0,0.0,0.0,0.05,12.49,NPCI UPI Ecosystem Statistics via https://github.com/luckisalive/npci_upi_analytics@5c007daef0b69f30dd8e555c548ba6f3bd85c43f
2022,2,2022-02-01,Canara Bank App,0.26,95.78,0.0,0.0,0.0,0.0,0.26,95.78,NPCI UPI Ecosystem Statistics via https://github.com/luckisalive/npci_upi_analytics@5c007daef0b69f30dd8e555c548ba6f3bd85c43f
2022,2,2022-02-01,Central Bank of India App,0.12,45.26,0.0,0.0,0.0,0.0,0.12,45.26,NPCI UPI Ecosystem Statistics via https://github.com/luckisalive/npci_upi_analytics@5c007daef0b69f30dd8e555c548ba6f3bd85c43f
2022,2,2022-02-01,Citi Bank App,0.08,69.22,0.0,0.0,0.0,0.0,0.08,69.22,NPCI UPI Ecosystem Statistics via https://github.com/luckisalive/npci_upi_analytics@5c007daef0b69f30dd8e555c548ba6f3bd85c43f
2022,2,2022-02-01,City Union Bank App,0.02,5.49,0.0,0.0,0.0,0.0,0.02,5.49,NPCI UPI Ecosystem Statistics via https://github.com/luckisalive/npci_upi_analytics@5c007daef0b69f30dd8e555c548ba6f3bd85c43f
2022,2,2022-02-01,Cointab,1.73,280.57,0.0,0.0,0.0,0.0,1.73,280.57,NPCI UPI Ecosystem Statistics via https://github.com/luckisalive/npci_upi_analytics@5c007daef0b69f30dd8e555c548ba6f3bd85c43f
2022,2,2022-02-01,Cred,10.08,13364.09,0.0,0.0,0.0,0.0,10.08,13364.09,NPCI UPI Ecosystem Statistics via https://github.com/luckisalive/npci_upi_analytics@5c007daef0b69f30dd8e555c548ba6f3bd85c43f
2022,2,2022-02-01,DBS Digibank App,0.46,173.63,0.0,0.0,0.0,0.0,0.46,173.63,NPCI UPI Ecosystem Statistics via https://github.com/luckisalive/npci_upi_analytics@5c007daef0b69f30dd8e555c548ba6f3bd85c43f
2022,2,2022-02-01,Dena Bank App,0.02,23.93,0.0,0.0,0.0,0.0,0.02,23.93,NPCI UPI Ecosystem Statistics via https://github.com/luckisalive/npci_upi_analytics@5c007daef0b69f30dd8e555c548ba6f3bd85c43f
2022,2,2022-02-01,Deutsche Bank App,0.87,70.43,0.0,0.0,0.0,0.0,0.87,70.43,NPCI UPI Ecosystem Statistics via https://github.com/luckisalive/npci_upi_analytics@5c007daef0b69f30dd8e555c548ba6f3bd85c43f
2022,2,2022-02-01,Dhanlaxmi Bank App,0.01,2.83,0.0,0.0,0.0,0.0,0.01,2.83,NPCI UPI Ecosystem Statistics via https://github.com/luckisalive/npci_upi_analytics@5c007daef0b69f30dd8e555c548ba6f3bd85c43f
2022,2,2022-02-01,Federal Bank App,0.55,108.21,0.0,0.0,0.0,0.0,0.55,108.21,NPCI UPI Ecosystem Statistics via https://github.com/luckisalive/npci_upi_analytics@5c007daef0b69f30dd8e555c548ba6f3bd85c43f
2022,2,2022-02-01,Fino Payments bank App,0.03,3.25,0.0,0.0,0.0,0.0,0.03,3.25,NPCI UPI Ecosystem Statistics via https://github.com/luckisalive/npci_upi_analytics@5c007daef0b69f30dd8e555c548ba6f3bd85c43f
2022,2,2022-02-01,Finshell Pay,0.06,3.8,0.0,0.0,0.0,0.0,0.06,3.8,NPCI UPI Ecosystem Statistics via https://github.com/luckisalive/npci_upi_analytics@5c007daef0b69f30dd8e555c548ba6f3bd85c43f
2022,2,2022-02-01,Google Pay,1524.09,,0.0,0.0,0.0,0.0,1524.09,,NPCI UPI Ecosystem Statistics via https://github.com/luckisalive/npci_upi_analytics@5c007daef0b69f30dd8e555c548ba6f3bd85c43f
2022,2,2022-02-01,HDFC Bank Apps,4.59,1370.03,0.0,0.0,0.0,0.0,4.59,1370.03,NPCI UPI Ecosystem Statistics via https://github.com/luckisalive/npci_upi_analytics@5c007daef0b69f30dd8e555c548ba6f3bd85c43f
2022,2,2022-02-01,HSBC Bank App,0.08,52.94,0.0,0.04,0.0,0.0,0.08,52.97,NPCI UPI Ecosystem Statistics via https://github.com/luckisalive/npci_upi_analytics@5c007daef0b69f30dd8e555c548ba6f3bd85c43f
2022,2,2022-02-01,ICICI Bank Apps,27.39,8537.11,3.27,190.34,0.0,0.0,30.66,8727.44,NPCI UPI Ecosystem Statistics via https://github.com/luckisalive/npci_upi_analytics@5c007daef0b69f30dd8e555c548ba6f3bd85c43f
2022,2,2022-02-01,IDBI Bank App,0.02,14.6,0.0,0.0,0.0,0.0,0.02,14.6,NPCI UPI Ecosystem Statistics via https://github.com/luckisalive/npci_upi_analytics@5c007daef0b69f30dd8e555c548ba6f3bd85c43f
2022,2,2022-02-01,IDFC Bank App,1.21,321.93,0.0,0.0,0.0,0.0,1.21,321.93,NPCI UPI Ecosystem Statistics via https://github.com/luckisalive/npci_upi_analytics@5c007daef0b69f30dd8e555c548ba6f3bd85c43f
2022,2,2022-02-01,India Post Payments Bank App,2.21,268.9,0.0,0.0,0.0,0.0,2.21,268.9,NPCI UPI Ecosystem Statistics via https://github.com/luckisalive/npci_upi_analytics@5c007daef0b69f30dd8e555c548ba6f3bd85c43f
2022,2,2022-02-01,Indian Bank Apps,0.11,42.07,0.0,0.0,0.0,0.0,0.11,42.07,NPCI UPI Ecosystem Statistics via https://github.com/luckisalive/npci_upi_analytics@5c007daef0b69f30dd8e555c548ba6f3bd85c43f
2022,2,2022-02-01,IndusInd Bank App,0.77,1358.24,0.0,0.0,0.0,0.0,0.77,1358.24,NPCI UPI Ecosystem Statistics via https://github.com/luckisalive/npci_upi_analytics@5c007daef0b69f30dd8e555c548ba6f3bd85c43f
2022,2,2022-02-01,Jammu and Kashmir Bank App,0.01,3.43,0.0,0.0,0.0,0.0,0.01,3.43,NPCI UPI Ecosystem Statistics via https://github.com/luckisalive/npci_upi_analytics@5c007daef0b69f30dd8e555c548ba6f3bd85c43f
2022,2,2022-02-01,Janta Sahakari Bank App,0.01,4.33,0.0,0.0,0.0,0.0,0.01,4.33,NPCI UPI Ecosystem Statistics via https://github.com/luckisalive/npci_upi_analytics@5c007daef0b69f30dd8e555c548ba6f3bd85c43f
2022,2,2022-02-01,Jio Payments Bank App,1.97,111.85,0.0,0.0,0.0,0.0,1.97,111.85,NPCI UPI Ecosystem Statistics via https://github.com/luckisalive/npci_upi_analytics@5c007daef0b69f30dd8e555c548ba6f3bd85c43f
2022,2,2022-02-01,Jupiter Money,1.13,140.79,0.0,0.0,0.0,0.0,1.13,140.79,NPCI UPI Ecosystem Statistics via https://github.com/luckisalive/npci_upi_analytics@5c007daef0b69f30dd8e555c548ba6f3bd85c43f
2022,2,2022-02-01,Karnataka Bank App,0.25,31.35,0.0,0.0,0.0,0.0,0.25,31.35,NPCI UPI Ecosystem Statistics via https://github.com/luckisalive/npci_upi_analytics@5c007daef0b69f30dd8e555c548ba6f3bd85c43f
2022,2,2022-02-01,Karur Vysya Bank App,0.04,17.17,0.0,0.0,0.0,0.0,0.04,17.17,NPCI UPI Ecosystem Statistics via https://github.com/luckisalive/npci_upi_analytics@5c007daef0b69f30dd8e555c548ba6f3bd85c43f
2022,2,2022-02-01,Kotak Mahindra Bank Apps,6.91,1383.3,0.0,0.0,0.0,0.0,6.91,1383.3,NPCI UPI Ecosystem Statistics via https://github.com/luckisalive/npci_upi_analytics@5c007daef0b69f30dd8e555c548ba6f3bd85c43f
2022,2,2022-02-01,MI Pay,0.25,38.46,0.0,0.0,0.0,0.0,0.25,38.46,NPCI UPI Ecosystem Statistics via https://github.com/luckisalive/npci_upi_analytics@5c007daef0b69f30dd8e555c548ba6f3bd85c43f
2022,2,2022-02-01,MakeMy Trip,0.08,33.03,0.0,0.0,0.0,0.0,0.08,33.03,NPCI UPI Ecosystem Statistics via https://github.com/luckisalive/npci_upi_analytics@5c007daef0b69f30dd8e555c548ba6f3bd85c43f
2022,2,2022-02-01,Mobikwik,3.78,755.89,0.0,0.0,0.0,0.0,3.78,755.89,NPCI UPI Ecosystem Statistics via https://github.com/luckisalive/npci_upi_analytics@5c007daef0b69f30dd8e555c548ba6f3bd85c43f
2022,2,2022-02-01,NSDL Payments Bank App,0.02,1.77,0.0,0.0,0.0,0.0,0.02,1.77,NPCI UPI Ecosystem Statistics via https://github.com/luckisalive/npci_upi_analytics@5c007daef0b69f30dd8e555c548ba6f3bd85c43f
2022,2,2022-02-01,Other,0.02,8.15,0.0,0.0,0.0,0.0,0.02,8.15,NPCI UPI Ecosystem Statistics via https://github.com/luckisalive/npci_upi_analytics@5c007daef0b69f30dd8e555c548ba6f3bd85c43f
2022,2,2022-02-01,Paytm,613.77,72204.32,8.48,18.96,0.0,0.0,706.77,86299.22,NPCI UPI Ecosystem Statistics via https://github.com/luckisalive/npci_upi_analytics@5c007daef0b69f30dd8e555c548ba6f3bd85c43f
2022,2,2022-02-01,PhonePe,2120.2,,0.0,0.0,0.0,0.0,2120.2,,NPCI UPI Ecosystem Statistics via https://github.com/luckisalive/npci_upi_analytics@5c007daef0b69f30dd8e555c548ba6f3bd85c43f
2022,2,2022-02-01,Punjab National Bank App,0.08,43.49,0.0,0.0,0.0,0.0,0.08,43.49,NPCI UPI Ecosystem Statistics via https://github.com/luckisalive/npci_upi_analytics@5c007daef0b69f30dd8e555c548ba6f3bd85c43f
2022,2,2022-02-01,Punjab Sindh Bank Apps,0.01,2.66,0.0,0.0,0.0,0.0,0.01,2.66,NPCI UPI Ecosystem Statistics via https://github.com/luckisalive/npci_upi_analytics@5c007daef0b69f30dd8e555c548ba6f3bd85c43f
2022,2,2022-02-01,RBL Bank App,0.51,107.25,0.0,0.0,0.0,0.0,0.51,107.25,NPCI UPI Ecosystem Statistics via https://github.com/luckisalive/npci_upi_analytics@5c007daef0b69f30dd8e555c548ba6f3bd85c43f
2022,2,2022-02-01,Samsung Pay,3.14,421.97,0.0,0.0,0.0,0.0,3.14,421.97,NPCI UPI Ecosystem Statistics via https://github.com/luckisalive/npci_upi_analytics@5c007daef0b69f30dd8e555c548ba6f3bd85c43f
2022,2,2022-02-01,South Indian Bank App,0.12,38.69,0.0,0.0,0.0,0.0,0.12,38.69,NPCI UPI Ecosystem Statistics via https://github.com/luckisalive/npci_upi_analytics@5c007daef0b69f30dd8e555c548ba6f3bd85c43f
2022,2,2022-02-01,Standard Chartered Bank App,0.12,64.7,0.0,0.0,0.0,0.0,0.12,64.7,NPCI UPI Ecosystem Statistics via https://github.com/luckisalive/npci_upi_analytics@5c007daef0b69f30dd8e555c548ba6f3bd85c43f
2022,2,2022-02-01,State Bank of India Apps,3.38,1863.42,0.0,0.0,0.0,0.0,3.38,1863.42,NPCI UPI Ecosystem Statistics via https://github.com/luckisalive/npci_upi_analytics@5c007daef0b69f30dd8e555c548ba6f3bd85c43f
2022,2,2022-02-01,UCO Bank App,0.16,35.05,0.0,0.0,0.0,0.0,0.16,35.05,NPCI UPI Ecosystem Statistics via https://github.com/luckisalive/npci_upi_analytics@5c007daef0b69f30dd8e555c548ba6f3bd85c43f
2022,2,2022-02-01,Ultracash,1.51,158.7,0.0,0.0,0.0,0.0,1.51,158.7,NPCI UPI Ecosystem Statistics via https://github.com/luckisalive/npci_upi_analytics@5c007daef0b69f30dd8e555c548ba6f3bd85c43f
2022,2,2022-02-01,Union Bank Apps,0.35,166.72,0.0,0.0,0.0,0.0,0.35,166.72,NPCI UPI Ecosystem Statistics via https://github.com/luckisalive/npci_upi_analytics@5c007daef0b69f30dd8e555c548ba6f3bd85c43f
2022,2,2022-02-01,Utkarsh Small Finance Bank,0.01,2.42,0.0,0.0,0.0,0.0,0.01,2.42,NPCI UPI Ecosystem Statistics via https://github.com/luckisalive/npci_upi_analytics@5c007daef0b69f30dd8e555c548ba6f3bd85c43f
2022,2,2022-02-01,WhatsApp,2.24,207.09,0.0,0.0,0.0,0.0,2.24,207.09,NPCI UPI Ecosystem Statistics via https://github.com/luckisalive/npci_upi_analytics@5c007daef0b69f30dd8e555c548ba6f3bd85c43f
2022,2,2022-02-01,Yes Bank Apps,31.99,6551.55,0.19,0.06,0.0,0.0,32.17,6551.61,NPCI UPI Ecosystem Statistics via https://github.com/luckisalive/npci_upi_analytics@5c007daef0b69f30dd8e555c548ba6f3bd85c43f
2022,2,2022-02-01,YuvaPay,0.05,89.7,0.0,0.0,0.0,0.0,0.05,89.7,NPCI UPI Ecosystem Statistics via https://github.com/luckisalive/npci_upi_analytics@5c007daef0b69f30dd8e555c548ba6f3bd85c43f
2022,3,2022-03-01,AU Small Finance Bank Apps,0.29,104.48,0.0,0.0,0.0,0.0,0.29,104.48,NPCI UPI Ecosystem Statistics via https://github.com/luckisalive/npci_upi_analytics@5c007daef0b69f30dd8e555c548ba6f3bd85c43f
2022,3,2022-03-01,Airtel Payments Bank Apps,8.33,1934.41,0.0,0.0,0.0,0.0,13.16,4492.25,NPCI UPI Ecosystem Statistics via https://github.com/luckisalive/npci_upi_analytics@5c007daef0b69f30dd8e555c548ba6f3bd85c43f
2022,3,2022-03-01,Allahabad Bank Apps,0.02,6.15,0.0,0.0,0.0,0.0,0.02,6.15,NPCI UPI Ecosystem Statistics via https://github.com/luckisalive/npci_upi_analytics@5c007daef0b69f30dd8e555c548ba6f3bd85c43f
2022,3,2022-03-01,Amazon Pay,76.34,6894.78,0.0,0.0,0.0,0.0,76.34,6894.78,NPCI UPI Ecosystem Statistics via https://github.com/luckisalive/npci_upi_analytics@5c007daef0b69f30dd8e555c548ba6f3bd85c43f
2022,3,2022-03-01,Axis Bank Apps,7.09,1045.13,54.21,39.81,0.0,0.0,61.29,1084.94,NPCI UPI Ecosystem Statistics via https://github.com/luckisalive/npci_upi_analytics@5c007daef0b69f30dd8e555c548ba6f3bd85c43f
2022,3,2022-03-01,BHIM,24.88,8050.24,0.0,0.0,0.0,0.0,24.88,8050.24,NPCI UPI Ecosystem Statistics via https://github.com/luckisalive/npci_upi_analytics@5c007daef0b69f30dd8e555c548ba6f3bd85c43f
2022,3,2022-03-01,Bajaj Finserv,0.35,24.08,0.0,0.0,0.0,0.0,0.35,24.08,NPCI UPI Ecosystem Statistics via https://github.com/luckisalive/npci_upi_analytics@5c007daef0b69f30dd8e555c548ba6f3bd85c43f
2022,3,2022-03-01,Bank of Baroda Apps,0.69,328.61,0.0,0.0,0.0,0.0,0.69,328.61,NPCI UPI Ecosystem Statistics via https://github.com/luckisalive/npci_upi_analytics@5c007daef0b69f30dd8e555c548ba6f3bd85c43f
2022,3,2022-03-01,Bank of India Apps,0.08,26.22,0.0,0.0,0.0,0.0,0.08,26.22,NPCI UPI Ecosystem Statistics via https://github.com/luckisalive/npci_upi_analytics@5c007daef0b69f30dd8e555c548ba6f3bd85c43f
2022,3,2022-03-01,Bank of Maharashtra Apps,0.05,15.0,0.0,0.0,0.0,0.0,0.05,15.0,NPCI UPI Ecosystem Statistics via https://github.com/luckisalive/npci_upi_analytics@5c007daef0b69f30dd8e555c548ba6f3bd85c43f
2022,3,2022-03-01,Canara Bank Apps,0.31,109.68,0.0,0.0,0.0,0.0,0.31,109.68,NPCI UPI Ecosystem Statistics via https://github.com/luckisalive/npci_upi_analytics@5c007daef0b69f30dd8e555c548ba6f3bd85c43f
2022,3,2022-03-01,Central Bank of India Apps,0.14,50.67,0.0,0.0,0.0,0.0,0.14,50.67,NPCI UPI Ecosystem Statistics via https://github.com/luckisalive/npci_upi_analytics@5c007daef0b69f30dd8e555c548ba6f3bd85c43f
2022,3,2022-03-01,Citi Bank Apps,0.11,68.41,0.0,0.0,0.0,0.0,0.11,68.41,NPCI UPI Ecosystem Statistics via https://github.com/luckisalive/npci_upi_analytics@5c007daef0b69f30dd8e555c548ba6f3bd85c43f
2022,3,2022-03-01,City Union Bank Apps,0.03,7.3,0.0,0.0,0.0,0.0,0.03,7.3,NPCI UPI Ecosystem Statistics via https://github.com/luckisalive/npci_upi_analytics@5c007daef0b69f30dd8e555c548ba6f3bd85c43f
2022,3,2022-03-01,Cointab,0.08,33.22,0.0,0.0,0.0,0.0,0.08,33.22,NPCI UPI Ecosystem Statistics via https://github.com/luckisalive/npci_upi_analytics@5c007daef0b69f30dd8e555c548ba6f3bd85c43f
2022,3,2022-03-01,Cred,12.11,16136.11,0.0,0.0,0.0,0.0,12.11,16136.11,NPCI UPI Ecosystem Statistics via https://github.com/luckisalive/npci_upi_analytics@5c007daef0b69f30dd8e555c548ba6f3bd85c43f
2022,3,2022-03-01,DBS Digibank Apps,0.49,185.52,0.0,0.0,0.0,0.0,0.49,185.52,NPCI UPI Ecosystem Statistics via https://github.com/luckisalive/npci_upi_analytics@5c007daef0b69f30dd8e555c548ba6f3bd85c43f
2022,3,2022-03-01,Dena Bank Apps,0.02,29.32,0.0,0.0,0.0,0.0,0.02,29.32,NPCI UPI Ecosystem Statistics via https://github.com/luckisalive/npci_upi_analytics@5c007daef0b69f30dd8e555c548ba6f3bd85c43f
2022,3,2022-03-01,Deutsche Bank Apps,1.02,91.66,0.0,0.0,0.0,1.36,1.02,93.02,NPCI UPI Ecosystem Statistics via https://github.com/luckisalive/npci_upi_analytics@5c007daef0b69f30dd8e555c548ba6f3bd85c43f
2022,3,2022-03-01,Dhanlaxmi Bank Apps,0.01,3.29,0.0,0.0,0.0,0.0,0.01,3.29,NPCI UPI Ecosystem Statistics via https://github.com/luckisalive/npci_upi_analytics@5c007daef0b69f30dd8e555c548ba6f3bd85c43f
2022,3,2022-03-01,Fave,0.37,13.0,0.0,0.0,0.0,0.0,0.37,13.0,NPCI UPI Ecosystem Statistics via https://github.com/luckisalive/npci_upi_analytics@5c007daef0b69f30dd8e555c548ba6f3bd85c43f
2022,3,2022-03-01,Federal Bank App,2.45,360.96,0.0,0.0,0.0,0.0,2.45,360.96,NPCI UPI Ecosystem Statistics via https://github.com/luckisalive/npci_upi_analytics@5c007daef0b69f30dd8e555c548ba6f3bd85c43f
2022,3,2022-03-01,Fino Payments bank Apps,0.04,3.47,0.0,0.0,0.0,0.0,0.04,3.47,NPCI UPI Ecosystem Statistics via https://github.com/luckisalive/npci_upi_analytics@5c007daef0b69f30dd8e555c548ba6f3bd85c43f
2022,3,2022-03-01,Finserv Markets,0.03,1.49,0.0,0.0,0.0,0.0,0.03,1.49,NPCI UPI Ecosystem Statistics via https://github.com/luckisalive/npci_upi_analytics@5c007daef0b69f30dd8e555c548ba6f3bd85c43f
2022,3,2022-03-01,Finshell Pay,0.08,4.0,0.0,0.0,0.0,0.0,0.08,4.0,NPCI UPI Ecosystem Statistics via https://github.com/luckisalive/npci_upi_analytics@5c007daef0b69f30dd8e555c548ba6f3bd85c43f
2022,3,2022-03-01,GoIbibo,0.02,5.91,0.0,0.0,0.0,0.0,0.02,5.91,NPCI UPI Ecosystem Statistics via https://github.com/luckisalive/npci_upi_analytics@5c007daef0b69f30dd8e555c548ba6f3bd85c43f
2022,3,2022-03-01,Google Pay,1838.12,,0.0,0.0,0.0,0.0,1838.12,,NPCI UPI Ecosystem Statistics via https://github.com/luckisalive/npci_upi_analytics@5c007daef0b69f30dd8e555c548ba6f3bd85c43f
2022,3,2022-03-01,Groww,0.83,472.71,0.0,0.0,0.0,0.0,0.83,472.71,NPCI UPI Ecosystem Statistics via https://github.com/luckisalive/npci_upi_analytics@5c007daef0b69f30dd8e555c548ba6f3bd85c43f
2022,3,2022-03-01,HDFC Bank Apps,5.45,1624.54,0.0,0.0,0.0,0.0,5.45,1624.54,NPCI UPI Ecosystem Statistics via https://github.com/luckisalive/npci_upi_analytics@5c007daef0b69f30dd8e555c548ba6f3bd85c43f
2022,3,2022-03-01,HSBC Bank Apps,0.1,61.85,0.0,0.16,0.0,0.0,0.1,62.0,NPCI UPI Ecosystem Statistics via https://github.com/luckisalive/npci_upi_analytics@5c007daef0b69f30dd8e555c548ba6f3bd85c43f
2022,3,2022-03-01,ICICI Bank Apps,31.49,10304.08,3.65,234.61,0.0,0.0,35.13,10538.69,NPCI UPI Ecosystem Statistics via https://github.com/luckisalive/npci_upi_analytics@5c007daef0b69f30dd8e555c548ba6f3bd85c43f
2022,3,2022-03-01,IDBI Bank Apps,0.03,16.25,0.0,0.0,0.0,0.0,0.03,16.25,NPCI UPI Ecosystem Statistics via https://github.com/luckisalive/npci_upi_analytics@5c007daef0b69f30dd8e555c548ba6f3bd85c43f
2022,3,2022-03-01,IDFC Bank Apps,2.7,534.56,0.0,0.0,0.0,0.0,2.7,534.56,NPCI UPI Ecosystem Statistics via https://github.com/luckisalive/npci_upi_analytics@5c007daef0b69f30dd8e555c548ba6f3bd85c43f
2022,3,2022-03-01,India Post Payments Bank Apps,2.95,321.14,0.0,0.0,0.0,0.0,2.95,321.14,NPCI UPI Ecosystem Statistics via https://github.com/luckisalive/npci_upi_analytics@5c007daef0b69f30dd8e555c548ba6f3bd85c43f
2022,3,2022-03-01,Indian Bank Apps,0.11,42.26,0.0,0.0,0.0,0.0,0.11,42.26,NPCI UPI Ecosystem Statistics via https://github.com/luckisalive/npci_upi_analytics@5c007daef0b69f30dd8e555c548ba6f3bd85c43f
2022,3,2022-03-01,Indian Overseas Bank Apps,0.01,1.62,0.0,0.0,0.0,0.0,0.01,1.62,NPCI UPI Ecosystem Statistics via https://github.com/luckisalive/npci_upi_analytics@5c007daef0b69f30dd8e555c548ba6f3bd85c43f
2022,3,2022-03-01,IndusInd Bank Apps,1.03,2252.3,0.0,0.0,0.0,0.0,1.03,2252.3,NPCI UPI Ecosystem Statistics via https://github.com/luckisalive/npci_upi_analytics@5c007daef0b69f30dd8e555c548ba6f3bd85c43f
2022,3,2022-03-01,Jammu and Kashmir Bank Apps,0.01,2.15,0.0,0.0,0.0,0.0,0.01,2.15,NPCI UPI Ecosystem Statistics via https://github.com/luckisalive/npci_upi_analytics@5c007daef0b69f30dd8e555c548ba6f3bd85c43f
2022,3,2022-03-01,Janata Sahakari Bank Apps,0.01,4.51,0.0,0.0,0.0,0.0,0.01,4.51,NPCI UPI Ecosystem Statistics via https://github.com/luckisalive/npci_upi_analytics@5c007daef0b69f30dd8e555c548ba6f3bd85c43f
2022,3,2022-03-01,Jio Payments Bank Apps,2.27,129.5,0.0,0.0,0.0,0.0,2.27,129.5,NPCI UPI Ecosystem Statistics via https://github.com/luckisalive/npci_upi_analytics@5c007daef0b69f30dd8e555c548ba6f3bd85c43f
2022,3,2022-03-01,Jupiter,1.32,164.8,0.0,0.0,0.0,0.0,1.32,164.8,NPCI UPI Ecosystem Statistics via https://github.com/luckisalive/npci_upi_analytics@5c007daef0b69f30dd8e555c548ba6f3bd85c43f
2022,3,2022-03-01,Karnataka Bank Apps,0.3,37.96,0.0,0.0,0.0,0.0,0.3,37.96,NPCI UPI Ecosystem Statistics via https://github.com/luckisalive/npci_upi_analytics@5c007daef0b69f30dd8e555c548ba6f3bd85c43f
2022,3,2022-03-01,Karur Vysya Bank Apps,0.04,18.29,0.0,0.0,0.0,0.0,0.04,18.29,NPCI UPI Ecosystem Statistics via https://github.com/luckisalive/npci_upi_analytics@5c007daef0b69f30dd8e555c548ba6f3bd85c43f
2022,3,2022-03-01,Kotak Mahindra Bank Apps,7.92,1587.51,0.0,0.0,0.0,0.0,7.92,1587.51,NPCI UPI Ecosystem Statistics via https://github.com/luckisalive/npci_upi_analytics@5c007daef0b69f30dd8e555c548ba6f3bd85c43f
2022,3,2022-03-01,MI Pay,0.24,36.02,0.0,0.0,0.0,0.0,0.24,36.02,NPCI UPI Ecosystem Statistics via https://github.com/luckisalive/npci_upi_analytics@5c007daef0b69f30dd8e555c548ba6f3bd85c43f
2022,3,2022-03-01,MakeMyTrip,0.1,47.1,0.0,0.0,0.0,0.0,0.1,47.1,NPCI UPI Ecosystem Statistics via https://github.com/luckisalive/npci_upi_analytics@5c007daef0b69f30dd8e555c548ba6f3bd85c43f
2022,3,2022-03-01,Mobikwik,3.6,739.25,0.0,0.0,0.0,0.0,3.6,739.25,NPCI UPI Ecosystem Statistics via https://github.com/luckisalive/npci_upi_analytics@5c007daef0b69f30dd8e555c548ba6f3bd85c43f
2022,3,2022-03-01,NSDL Payments Bank Apps,0.02,2.28,0.0,0.0,0.0,0.0,0.02,2.28,NPCI UPI Ecosystem Statistics via https://github.com/luckisalive/npci_upi_analytics@5c007daef0b69f30dd8e555c548ba6f3bd85c43f
2022,3,2022-03-01,Other,0.02,8.11,0.0,0.0,0.0,0.0,0.02,8.11,NPCI UPI Ecosystem Statistics via https://github.com/luckisalive/npci_upi_analytics@5c007daef0b69f30dd8e555c548ba6f3bd85c43f
2022,3,2022-03-01,Paytm,729.63,83840.44,9.77,17.68,0.0,0.0,837.14,95650.36,NPCI UPI Ecosystem Statistics via https://github.com/luckisalive/npci_upi_analytics@5c007daef0b69f30dd8e555c548ba6f3bd85c43f
2022,3,2022-03-01,PhonePe,2527.15,,0.0,0.0,0.0,0.0,2527.15,,NPCI UPI Ecosystem Statistics via https://github.com/luckisalive/npci_upi_analytics@5c007daef0b69f30dd8e555c548ba6f3bd85c43f
2022,3,2022-03-01,Punjab National Bank Apps,0.09,46.64,0.0,0.0,0.0,0.0,0.09,46.64,NPCI UPI Ecosystem Statistics via https://github.com/luckisalive/npci_upi_analytics@5c007daef0b69f30dd8e555c548ba6f3bd85c43f
2022,3,2022-03-01,Punjab Sind Bank Apps,0.01,3.8,0.0,0.0,0.0,0.0,0.01,3.8,NPCI UPI Ecosystem Statistics via https://github.com/luckisalive/npci_upi_analytics@5c007daef0b69f30dd8e555c548ba6f3bd85c43f
2022,3,2022-03-01,RBL Bank Apps,0.46,126.74,0.0,0.0,0.0,0.0,0.46,126.75,NPCI UPI Ecosystem Statistics via https://github.com/luckisalive/npci_upi_analytics@5c007daef0b69f30dd8e555c548ba6f3bd85c43f
2022,3,2022-03-01,Samsung Pay,3.73,473.5,0.0,0.0,0.0,0.0,3.73,473.5,NPCI UPI Ecosystem Statistics via https://github.com/luckisalive/npci_upi_analytics@5c007daef0b69f30dd8e555c548ba6f3bd85c43f
2022,3,2022-03-01,South Indian Bank Apps,0.13,44.63,0.0,0.0,0.0,0.0,0.13,44.63,NPCI UPI Ecosystem Statistics via https://github.com/luckisalive/npci_upi_analytics@5c007daef0b69f30dd8e555c548ba6f3bd85c43f
2022,3,2022-03-01,Standard Chartered Bank Apps,0.13,69.84,0.0,0.0,0.0,0.0,0.13,69.84,NPCI UPI Ecosystem Statistics via https://github.com/luckisalive/npci_upi_analytics@5c007daef0b69f30dd8e555c548ba6f3bd85c43f
2022,3,2022-03-01,State Bank of India Apps,4.01,2130.56,0.0,0.0,0.0,0.0,4.01,2130.56,NPCI UPI Ecosystem Statistics via https://github.com/luckisalive/npci_upi_analytics@5c007daef0b69f30dd8e555c548ba6f3bd85c43f
2022,3,2022-03-01,SuperPay,0.1,0.64,0.0,0.0,0.0,0.0,0.1,0.64,NPCI UPI Ecosystem Statistics via https://github.com/luckisalive/npci_upi_analytics@5c007daef0b69f30dd8e555c548ba6f3bd85c43f
2022,3,2022-03-01,UCO Bank Apps,0.19,40.88,0.0,0.0,0.0,0.0,0.19,40.88,NPCI UPI Ecosystem Statistics via https://github.com/luckisalive/npci_upi_analytics@5c007daef0b69f30dd8e555c548ba6f3bd85c43f
2022,3,2022-03-01,Ultracash,0.03,1.12,0.0,0.0,0.0,0.0,0.03,1.12,NPCI UPI Ecosystem Statistics via https://github.com/luckisalive/npci_upi_analytics@5c007daef0b69f30dd8e555c548ba6f3bd85c43f
2022,3,2022-03-01,Union Bank Apps,0.41,197.01,0.0,0.0,0.0,0.0,0.41,197.01,NPCI UPI Ecosystem Statistics via https://github.com/luckisalive/npci_upi_analytics@5c007daef0b69f30dd8e555c548ba6f3bd85c43f
2022,3,2022-03-01,Utkarsh Small Finance Bank Apps,0.01,3.9,0.0,0.0,0.0,0.0,0.01,3.9,NPCI UPI Ecosystem Statistics via https://github.com/luckisalive/npci_upi_analytics@5c007daef0b69f30dd8e555c548ba6f3bd85c43f
2022,3,2022-03-01,WhatsApp,2.54,239.78,0.0,0.0,0.0,0.0,2.54,239.78,NPCI UPI Ecosystem Statistics via https://github.com/luckisalive/npci_upi_analytics@5c007daef0b69f30dd8e555c548ba6f3bd85c43f
2022,3,2022-03-01,Yes Bank Apps,35.25,8746.74,0.0,0.0,0.0,0.0,35.25,8746.74,NPCI UPI Ecosystem Statistics via https://github.com/luckisalive/npci_upi_analytics@5c007daef0b69f30dd8e555c548ba6f3bd85c43f
2022,3,2022-03-01,YuvaPay,0.06,105.39,0.0,0.0,0.0,0.0,0.06,105.39,NPCI UPI Ecosystem Statistics via https://github.com/luckisalive/npci_upi_analytics@5c007daef0b69f30dd8e555c548ba6f3bd85c43f
2022,4,2022-04-01,AU Small Finance Bank Apps,0.32,109.89,0.0,0.0,0.0,0.0,0.32,109.89,NPCI UPI Ecosystem Statistics via https://github.com/luckisalive/npci_upi_analytics@5c007daef0b69f30dd8e555c548ba6f3bd85c43f
2022,4,2022-04-01,Airtel Payments Bank Apps,5.29,454.64,0.0,0.0,0.0,0.0,5.3,460.9,NPCI UPI Ecosystem Statistics via https://github.com/luckisalive/npci_upi_analytics@5c007daef0b69f30dd8e555c548ba6f3bd85c43f
2022,4,2022-04-01,Amazon Pay,73.21,6699.57,0.0,0.0,0.0,0.0,73.21,6699.57,NPCI UPI Ecosystem Statistics via https://github.com/luckisalive/npci_upi_analytics@5c007daef0b69f30dd8e555c548ba6f3bd85c43f
2022,4,2022-04-01,Axis Bank Apps,7.19,1213.44,56.84,43.71,0.0,0.0,64.03,1257.15,NPCI UPI Ecosystem Statistics via https://github.com/luckisalive/npci_upi_analytics@5c007daef0b69f30dd8e555c548ba6f3bd85c43f
2022,4,2022-04-01,BHIM,25.69,8354.34,0.0,0.0,0.0,0.0,25.69,8354.34,NPCI UPI Ecosystem Statistics via https://github.com/luckisalive/npci_upi_analytics@5c007daef0b69f30dd8e555c548ba6f3bd85c43f
2022,4,2022-04-01,Bajaj Finserv,0.52,38.61,0.0,0.0,0.0,0.0,0.52,38.61,NPCI UPI Ecosystem Statistics via https://github.com/luckisalive/npci_upi_analytics@5c007daef0b69f30dd8e555c548ba6f3bd85c43f
2022,4,2022-04-01,Bank of Baroda Apps,0.77,344.65,0.0,0.0,0.0,0.0,0.77,344.65,NPCI UPI Ecosystem Statistics via https://github.com/luckisalive/npci_upi_analytics@5c007daef0b69f30dd8e555c548ba6f3bd85c43f
2022,4,2022-04-01,Bank of India Apps,0.1,32.62,0.0,0.0,0.0,0.0,0.1,32.62,NPCI UPI Ecosystem Statistics via https://github.com/luckisalive/npci_upi_analytics@5c007daef0b69f30dd8e555c548ba6f3bd85c43f
2022,4,2022-04-01,Bank of Maharashtra Apps,0.05,14.56,0.0,0.0,0.0,0.0,0.05,14.56,NPCI UPI Ecosystem Statistics via https://github.com/luckisalive/npci_upi_analytics@5c007daef0b69f30dd8e555c548ba6f3bd85c43f
2022,4,2022-04-01,Canara Bank Apps,0.31,110.31,0.0,0.0,0.0,0.0,0.31,110.31,NPCI UPI Ecosystem Statistics via https://github.com/luckisalive/npci_upi_analytics@5c007daef0b69f30dd8e555c548ba6f3bd85c43f
2022,4,2022-04-01,Central Bank of India Apps,0.13,51.04,0.0,0.0,0.0,0.0,0.13,51.04,NPCI UPI Ecosystem Statistics via https://github.com/luckisalive/npci_upi_analytics@5c007daef0b69f30dd8e555c548ba6f3bd85c43f
2022,4,2022-04-01,Citi Bank Apps,0.08,66.03,0.0,0.0,0.0,0.0,0.08,66.03,NPCI UPI Ecosystem Statistics via https://github.com/luckisalive/npci_upi_analytics@5c007daef0b69f30dd8e555c548ba6f3bd85c43f
2022,4,2022-04-01,City Union Bank Apps,0.03,8.41,0.0,0.0,0.0,0.0,0.03,8.41,NPCI UPI Ecosystem Statistics via https://github.com/luckisalive/npci_upi_analytics@5c007daef0b69f30dd8e555c548ba6f3bd85c43f
2022,4,2022-04-01,Cointab,0.07,28.5,0.0,0.0,0.0,0.0,0.07,28.5,NPCI UPI Ecosystem Statistics via https://github.com/luckisalive/npci_upi_analytics@5c007daef0b69f30dd8e555c548ba6f3bd85c43f
2022,4,2022-04-01,Cred,13.05,16372.92,0.0,0.0,0.0,0.0,13.05,16372.92,NPCI UPI Ecosystem Statistics via https://github.com/luckisalive/npci_upi_analytics@5c007daef0b69f30dd8e555c548ba6f3bd85c43f
2022,4,2022-04-01,DBS Digibank Apps,0.47,175.45,0.0,0.0,0.0,0.0,0.47,175.45,NPCI UPI Ecosystem Statistics via https://github.com/luckisalive/npci_upi_analytics@5c007daef0b69f30dd8e555c548ba6f3bd85c43f
2022,4,2022-04-01,Deutsche Bank Apps,1.51,128.13,0.0,0.0,0.0,0.3,1.51,128.43,NPCI UPI Ecosystem Statistics via https://github.com/luckisalive/npci_upi_analytics@5c007daef0b69f30dd8e555c548ba6f3bd85c43f
2022,4,2022-04-01,Dhanlaxmi Bank Apps,0.01,3.02,0.0,0.0,0.0,0.0,0.01,3.02,NPCI UPI Ecosystem Statistics via https://github.com/luckisalive/npci_upi_analytics@5c007daef0b69f30dd8e555c548ba6f3bd85c43f
2022,4,2022-04-01,Fave,0.18,7.73,0.0,0.0,0.0,0.0,0.18,7.73,NPCI UPI Ecosystem Statistics via https://github.com/luckisalive/npci_upi_analytics@5c007daef0b69f30dd8e555c548ba6f3bd85c43f
2022,4,2022-04-01,Federal Bank App,2.7,375.64,0.0,0.0,0.0,0.0,2.7,375.64,NPCI UPI Ecosystem Statistics via https://github.com/luckisalive/npci_upi_analytics@5c007daef0b69f30dd8e555c548ba6f3bd85c43f
2022,4,2022-04-01,Fino Payments bank Apps,0.04,3.26,0.0,0.0,0.0,0.0,0.04,3.26,NPCI UPI Ecosystem Statistics via https://github.com/luckisalive/npci_upi_analytics@5c007daef0b69f30dd8e555c548ba6f3bd85c43f
2022,4,2022-04-01,Finserv Markets,0.01,1.06,0.0,0.0,0.0,0.0,0.01,1.06,NPCI UPI Ecosystem Statistics via https://github.com/luckisalive/npci_upi_analytics@5c007daef0b69f30dd8e555c548ba6f3bd85c43f
2022,4,2022-04-01,Finshell Pay,0.08,4.45,0.0,0.0,0.0,0.0,0.08,4.45,NPCI UPI Ecosystem Statistics via https://github.com/luckisalive/npci_upi_analytics@5c007daef0b69f30dd8e555c548ba6f3bd85c43f
2022,4,2022-04-01,GoIbibo,0.01,3.31,0.0,0.0,0.0,0.0,0.01,3.31,NPCI UPI Ecosystem Statistics via https://github.com/luckisalive/npci_upi_analytics@5c007daef0b69f30dd8e555c548ba6f3bd85c43f
2022,4,2022-04-01,Google Pay,1914.77,344791.35,0.0,0.0,0.0,0.0,1914.77,344791.35,NPCI UPI Ecosystem Statistics via https://github.com/luckisalive/npci_upi_analytics@5c007daef0b69f30dd8e555c548ba6f3bd85c43f
2022,4,2022-04-01,Groww,0.61,376.18,0.0,0.0,0.0,0.0,0.61,376.18,NPCI UPI Ecosystem Statistics via https://github.com/luckisalive/npci_upi_analytics@5c007daef0b69f30dd8e555c548ba6f3bd85c43f
2022,4,2022-04-01,HDFC Bank Apps,5.9,1759.12,0.0,0.0,0.0,0.0,5.9,1759.12,NPCI UPI Ecosystem Statistics via https://github.com/luckisalive/npci_upi_analytics@5c007daef0b69f30dd8e555c548ba6f3bd85c43f
2022,4,2022-04-01,HSBC Bank Apps,0.11,59.7,0.0,0.02,0.0,0.0,0.11,59.72,NPCI UPI Ecosystem Statistics via https://github.com/luckisalive/npci_upi_analytics@5c007daef0b69f30dd8e555c548ba6f3bd85c43f
2022,4,2022-04-01,ICICI Bank Apps,32.82,9086.72,4.83,269.45,0.0,0.0,37.65,9356.17,NPCI UPI Ecosystem Statistics via https://github.com/luckisalive/npci_upi_analytics@5c007daef0b69f30dd8e555c548ba6f3bd85c43f
2022,4,2022-04-01,IDBI Bank Apps,0.03,16.78,0.0,0.0,0.0,0.0,0.03,16.78,NPCI UPI Ecosystem Statistics via https://github.com/luckisalive/npci_upi_analytics@5c007daef0b69f30dd8e555c548ba6f3bd85c43f
2022,4,2022-04-01,IDFC Bank Apps,2.49,532.69,0.0,0.0,0.0,0.0,2.49,532.69,NPCI UPI Ecosystem Statistics via https://github.com/luckisalive/npci_upi_analytics@5c007daef0b69f30dd8e555c548ba6f3bd85c43f
2022,4,2022-04-01,India Post Payments Bank Apps,2.8,328.53,0.0,0.0,0.0,0.0,2.8,328.53,NPCI UPI Ecosystem Statistics via https://github.com/luckisalive/npci_upi_analytics@5c007daef0b69f30dd8e555c548ba6f3bd85c43f
2022,4,2022-04-01,Indian Bank Apps,0.14,49.9,0.0,0.0,0.0,0.0,0.14,49.9,NPCI UPI Ecosystem Statistics via https://github.com/luckisalive/npci_upi_analytics@5c007daef0b69f30dd8e555c548ba6f3bd85c43f
2022,4,2022-04-01,Indian Overseas Bank Apps,0.01,1.52,0.0,0.0,0.0,0.0,0.01,1.52,NPCI UPI Ecosystem Statistics via https://github.com/luckisalive/npci_upi_analytics@5c007daef0b69f30dd8e555c548ba6f3bd85c43f
2022,4,2022-04-01,IndusInd Bank Apps,1.02,2596.71,0.0,0.0,0.0,0.0,1.02,2596.71,NPCI UPI Ecosystem Statistics via https://github.com/luckisalive/npci_upi_analytics@5c007daef0b69f30dd8e555c548ba6f3bd85c43f
2022,4,2022-04-01,Janata Sahakari Bank Apps,0.01,4.28,0.0,0.0,0.0,0.0,0.01,4.28,NPCI UPI Ecosystem Statistics via https://github.com/luckisalive/npci_upi_analytics@5c007daef0b69f30dd8e555c548ba6f3bd85c43f
2022,4,2022-04-01,Jio Payments Bank Apps,2.1,126.25,0.0,0.0,0.0,0.0,2.1,126.25,NPCI UPI Ecosystem Statistics via https://github.com/luckisalive/npci_upi_analytics@5c007daef0b69f30dd8e555c548ba6f3bd85c43f
2022,4,2022-04-01,Jupiter,1.47,186.13,0.0,0.0,0.0,0.0,1.47,186.13,NPCI UPI Ecosystem Statistics via https://github.com/luckisalive/npci_upi_analytics@5c007daef0b69f30dd8e555c548ba6f3bd85c43f
2022,4,2022-04-01,Jupiter Edge (LivQuick PPI App),0.01,0.43,0.0,0.0,0.0,0.0,0.01,0.43,NPCI UPI Ecosystem Statistics via https://github.com/luckisalive/npci_upi_analytics@5c007daef0b69f30dd8e555c548ba6f3bd85c43f
2022,4,2022-04-01,Karnataka Bank Apps,0.27,35.58,0.0,0.0,0.0,0.0,0.27,35.58,NPCI UPI Ecosystem Statistics via https://github.com/luckisalive/npci_upi_analytics@5c007daef0b69f30dd8e555c548ba6f3bd85c43f
2022,4,2022-04-01,Karur Vysya Bank Apps,0.04,18.54,0.0,0.0,0.0,0.0,0.04,18.54,NPCI UPI Ecosystem Statistics via https://github.com/luckisalive/npci_upi_analytics@5c007daef0b69f30dd8e555c548ba6f3bd85c43f
2022,4,2022-04-01,Kotak Mahindra Bank Apps,7.96,1684.35,0.0,0.0,0.0,0.0,7.96,1684.35,NPCI UPI Ecosystem Statistics via https://github.com/luckisalive/npci_upi_analytics@5c007daef0b69f30dd8e555c548ba6f3bd85c43f
2022,4,2022-04-01,MI Pay,0.19,28.58,0.0,0.0,0.0,0.0,0.19,28.58,NPCI UPI Ecosystem Statistics via https://github.com/luckisalive/npci_upi_analytics@5c007daef0b69f30dd8e555c548ba6f3bd85c43f
2022,4,2022-04-01,MakeMyTrip,0.09,41.18,0.0,0.0,0.0,0.0,0.09,41.18,NPCI UPI Ecosystem Statistics via https://github.com/luckisalive/npci_upi_analytics@5c007daef0b69f30dd8e555c548ba6f3bd85c43f
2022,4,2022-04-01,Mobikwik,2.37,421.47,0.0,0.0,0.0,0.0,2.37,421.47,NPCI UPI Ecosystem Statistics via https://github.com/luckisalive/npci_upi_analytics@5c007daef0b69f30dd8e555c548ba6f3bd85c43f
2022,4,2022-04-01,NSDL Payments Bank Apps,0.02,2.32,0.0,0.0,0.0,0.0,0.02,2.32,NPCI UPI Ecosystem Statistics via https://github.com/luckisalive/npci_upi_analytics@5c007daef0b69f30dd8e555c548ba6f3bd85c43f
2022,4,2022-04-01,Other,0.02,8.26,0.0,0.0,0.0,0.0,0.02,8.26,NPCI UPI Ecosystem Statistics via https://github.com/luckisalive/npci_upi_analytics@5c007daef0b69f30dd8e555c548ba6f3bd85c43f
2022,4,2022-04-01,Paytm,740.76,85918.88,11.15,15.98,0.0,0.0,851.61,101649.06,NPCI UPI Ecosystem Statistics via https://github.com/luckisalive/npci_upi_analytics@5c007daef0b69f30dd8e555c548ba6f3bd85c43f
2022,4,2022-04-01,PhonePe,2616.26,486557.03,0.0,0.0,0.0,0.0,2616.26,486557.03,NPCI UPI Ecosystem Statistics via https://github.com/luckisalive/npci_upi_analytics@5c007daef0b69f30dd8e555c548ba6f3bd85c43f
2022,4,2022-04-01,Punjab National Bank Apps,0.09,46.27,0.0,0.0,0.0,0.0,0.09,46.27,NPCI UPI Ecosystem Statistics via https://github.com/luckisalive/npci_upi_analytics@5c007daef0b69f30dd8e555c548ba6f3bd85c43f
2022,4,2022-04-01,Punjab Sind Bank Apps,0.01,5.38,0.0,0.0,0.0,0.0,0.01,5.38,NPCI UPI Ecosystem Statistics via https://github.com/luckisalive/npci_upi_analytics@5c007daef0b69f30dd8e555c548ba6f3bd85c43f
2022,4,2022-04-01,RBL Bank Apps,0.3,113.65,0.0,0.0,0.0,0.0,0.3,113.65,NPCI UPI Ecosystem Statistics via https://github.com/luckisalive/npci_upi_analytics@5c007daef0b69f30dd8e555c548ba6f3bd85c43f
2022,4,2022-04-01,Samsung Pay,3.81,470.11,0.0,0.0,0.0,0.0,3.81,470.11,NPCI UPI Ecosystem Statistics via https://github.com/luckisalive/npci_upi_analytics@5c007daef0b69f30dd8e555c548ba6f3bd85c43f
2022,4,2022-04-01,South Indian Bank Apps,0.13,45.03,0.0,0.0,0.0,0.0,0.13,45.03,NPCI UPI Ecosystem Statistics via https://github.com/luckisalive/npci_upi_analytics@5c007daef0b69f30dd8e555c548ba6f3bd85c43f
2022,4,2022-04-01,Standard Chartered Bank Apps,0.12,68.15,0.0,0.0,0.0,0.0,0.12,68.15,NPCI UPI Ecosystem Statistics via https://github.com/luckisalive/npci_upi_analytics@5c007daef0b69f30dd8e555c548ba6f3bd85c43f
2022,4,2022-04-01,State Bank of India Apps,4.03,2118.0,0.0,0.0,0.0,0.0,4.03,2118.0,NPCI UPI Ecosystem Statistics via https://github.com/luckisalive/npci_upi_analytics@5c007daef0b69f30dd8e555c548ba6f3bd85c43f
2022,4,2022-04-01,SuperPay,0.02,0.4,0.0,0.0,0.0,0.0,0.02,0.4,NPCI UPI Ecosystem Statistics via https://github.com/luckisalive/npci_upi_analytics@5c007daef0b69f30dd8e555c548ba6f3bd85c43f
2022,4,2022-04-01,Tamilnad Mercantile Bank Apps,0.01,0.26,0.0,0.0,0.0,0.0,0.01,0.26,NPCI UPI Ecosystem Statistics via https://github.com/luckisalive/npci_upi_analytics@5c007daef0b69f30dd8e555c548ba6f3bd85c43f
2022,4,2022-04-01,TataNeu,0.35,32.82,0.0,0.0,0.0,0.0,0.35,32.82,NPCI UPI Ecosystem Statistics via https://github.com/luckisalive/npci_upi_analytics@5c007daef0b69f30dd8e555c548ba6f3bd85c43f
2022,4,2022-04-01,UCO Bank Apps,0.21,41.48,0.0,0.0,0.0,0.0,0.21,41.48,NPCI UPI Ecosystem Statistics via https://github.com/luckisalive/npci_upi_analytics@5c007daef0b69f30dd8e555c548ba6f3bd85c43f
2022,4,2022-04-01,Ultracash,0.03,2.22,0.0,0.0,0.0,0.0,0.03,2.22,NPCI UPI Ecosystem Statistics via https://github.com/luckisalive/npci_upi_analytics@5c007daef0b69f30dd8e555c548ba6f3bd85c43f
2022,4,2022-04-01,Union Bank Apps,0.42,198.34,0.0,0.0,0.0,0.0,0.42,198.34,NPCI UPI Ecosystem Statistics via https://github.com/luckisalive/npci_upi_analytics@5c007daef0b69f30dd8e555c548ba6f3bd85c43f
2022,4,2022-04-01,Utkarsh Small Finance Bank Apps,0.01,3.88,0.0,0.0,0.0,0.0,0.01,3.88,NPCI UPI Ecosystem Statistics via https://github.com/luckisalive/npci_upi_analytics@5c007daef0b69f30dd8e555c548ba6f3bd85c43f
2022,4,2022-04-01,WhatsApp,2.5,242.4,0.0,0.0,0.0,0.0,2.5,242.4,NPCI UPI Ecosystem Statistics via https://github.com/luckisalive/npci_upi_analytics@5c007daef0b69f30dd8e555c548ba6f3bd85c43f
2022,4,2022-04-01,Yes Bank Apps,34.07,10246.99,0.0,0.0,0.0,0.0,34.07,10246.99,NPCI UPI Ecosystem Statistics via https://github.com/luckisalive/npci_upi_analytics@5c007daef0b69f30dd8e555c548ba6f3bd85c43f
2022,4,2022-04-01,YuvaPay,0.06,103.34,0.0,0.0,0.0,0.0,0.06,103.34,NPCI UPI Ecosystem Statistics via https://github.com/luckisalive/npci_upi_analytics@5c007daef0b69f30dd8e555c548ba6f3bd85c43f
2022,5,2022-05-01,AU Small Finance Bank Apps,0.35,107.22,0.0,0.0,0.0,0.0,0.35,107.22,NPCI UPI Ecosystem Statistics via https://github.com/luckisalive/npci_upi_analytics@5c007daef0b69f30dd8e555c548ba6f3bd85c43f
2022,5,2022-05-01,Airtel Payments Bank Apps,6.1,486.55,0.0,0.0,0.0,0.0,6.11,486.62,NPCI UPI Ecosystem Statistics via https://github.com/luckisalive/npci_upi_analytics@5c007daef0b69f30dd8e555c548ba6f3bd85c43f
2022,5,2022-05-01,Allahabad Bank Apps,0.02,6.25,0.0,0.0,0.0,0.0,0.02,6.25,NPCI UPI Ecosystem Statistics via https://github.com/luckisalive/npci_upi_analytics@5c007daef0b69f30dd8e555c548ba6f3bd85c43f
2022,5,2022-05-01,Amazon Pay,74.83,6954.18,0.0,0.0,0.0,0.0,74.83,6954.18,NPCI UPI Ecosystem Statistics via https://github.com/luckisalive/npci_upi_analytics@5c007daef0b69f30dd8e555c548ba6f3bd85c43f
2022,5,2022-05-01,Axis Bank Apps,7.46,1372.31,51.14,48.08,0.06,4.77,58.66,1425.16,NPCI UPI Ecosystem Statistics via https://github.com/luckisalive/npci_upi_analytics@5c007daef0b69f30dd8e555c548ba6f3bd85c43f
2022,5,2022-05-01,BHIM,26.57,9559.66,0.0,0.0,0.0,0.0,26.57,9559.66,NPCI UPI Ecosystem Statistics via https://github.com/luckisalive/npci_upi_analytics@5c007daef0b69f30dd8e555c548ba6f3bd85c43f
2022,5,2022-05-01,Bajaj Finserv,0.79,58.53,0.0,0.0,0.0,0.0,0.79,58.53,NPCI UPI Ecosystem Statistics via https://github.com/luckisalive/npci_upi_analytics@5c007daef0b69f30dd8e555c548ba6f3bd85c43f
2022,5,2022-05-01,Bank of Baroda Apps,0.88,406.79,0.0,0.0,0.0,0.0,0.88,406.79,NPCI UPI Ecosystem Statistics via https://github.com/luckisalive/npci_upi_analytics@5c007daef0b69f30dd8e555c548ba6f3bd85c43f
2022,5,2022-05-01,Bank of India Apps,0.12,40.04,0.0,0.0,0.0,0.0,0.12,40.04,NPCI UPI Ecosystem Statistics via https://github.com/luckisalive/npci_upi_analytics@5c007daef0b69f30dd8e555c548ba6f3bd85c43f
2022,5,2022-05-01,Bank of Maharashtra Apps,0.06,16.47,0.0,0.0,0.0,0.0,0.06,16.47,NPCI UPI Ecosystem Statistics via https://github.com/luckisalive/npci_upi_analytics@5c007daef0b69f30dd8e555c548ba6f3bd85c43f
2022,5,2022-05-01,Canara Bank Apps,0.33,114.09,0.0,0.0,0.0,0.0,0.33,114.09,NPCI UPI Ecosystem Statistics via https://github.com/luckisalive/npci_upi_analytics@5c007daef0b69f30dd8e555c548ba6f3bd85c43f
2022,5,2022-05-01,Central Bank of India Apps,0.15,55.4,0.0,0.0,0.0,0.0,0.15,55.4,NPCI UPI Ecosystem Statistics via https://github.com/luckisalive/npci_upi_analytics@5c007daef0b69f30dd8e555c548ba6f3bd85c43f
2022,5,2022-05-01,Citi Bank Apps,0.13,78.71,0.0,0.0,0.0,0.0,0.13,78.71,NPCI UPI Ecosystem Statistics via https://github.com/luckisalive/npci_upi_analytics@5c007daef0b69f30dd8e555c548ba6f3bd85c43f
2022,5,2022-05-01,City Union Bank Apps,0.03,10.06,0.0,0.0,0.0,0.0,0.03,10.06,NPCI UPI Ecosystem Statistics via https://github.com/luckisalive/npci_upi_analytics@5c007daef0b69f30dd8e555c548ba6f3bd85c43f
2022,5,2022-05-01,Cointab,0.06,23.77,0.0,0.0,0.0,0.0,0.06,23.77,NPCI UPI Ecosystem Statistics via https://github.com/luckisalive/npci_upi_analytics@5c007daef0b69f30dd8e555c548ba6f3bd85c43f
2022,5,2022-05-01,Cred,13.89,18174.61,0.0,0.0,0.0,0.0,13.89,18174.61,NPCI UPI Ecosystem Statistics via https://github.com/luckisalive/npci_upi_analytics@5c007daef0b69f30dd8e555c548ba6f3bd85c43f
2022,5,2022-05-01,DBS Digibank Apps,0.47,186.33,0.0,0.0,0.0,0.0,0.47,186.33,NPCI UPI Ecosystem Statistics via https://github.com/luckisalive/npci_upi_analytics@5c007daef0b69f30dd8e555c548ba6f3bd85c43f
2022,5,2022-05-01,Deutsche Bank Apps,1.64,116.54,0.0,0.0,0.0,0.0,1.64,116.55,NPCI UPI Ecosystem Statistics via https://github.com/luckisalive/npci_upi_analytics@5c007daef0b69f30dd8e555c548ba6f3bd85c43f
2022,5,2022-05-01,Dhanlaxmi Bank Apps,0.01,3.35,0.0,0.0,0.0,0.0,0.01,3.35,NPCI UPI Ecosystem Statistics via https://github.com/luckisalive/npci_upi_analytics@5c007daef0b69f30dd8e555c548ba6f3bd85c43f
2022,5,2022-05-01,Fave,0.1,6.12,0.0,0.0,0.0,0.0,0.1,6.12,NPCI UPI Ecosystem Statistics via https://github.com/luckisalive/npci_upi_analytics@5c007daef0b69f30dd8e555c548ba6f3bd85c43f
2022,5,2022-05-01,Federal Bank App,3.42,474.12,0.0,0.0,0.0,0.0,3.42,474.12,NPCI UPI Ecosystem Statistics via https://github.com/luckisalive/npci_upi_analytics@5c007daef0b69f30dd8e555c548ba6f3bd85c43f
2022,5,2022-05-01,Fino Payments bank Apps,0.04,3.83,0.0,0.0,0.0,0.0,0.04,3.83,NPCI UPI Ecosystem Statistics via https://github.com/luckisalive/npci_upi_analytics@5c007daef0b69f30dd8e555c548ba6f3bd85c43f
2022,5,2022-05-01,Finserv Markets,0.01,1.01,0.0,0.0,0.0,0.0,0.01,1.01,NPCI UPI Ecosystem Statistics via https://github.com/luckisalive/npci_upi_analytics@5c007daef0b69f30dd8e555c548ba6f3bd85c43f
2022,5,2022-05-01,Finshell Pay,0.09,4.68,0.0,0.0,0.0,0.0,0.09,4.68,NPCI UPI Ecosystem Statistics via https://github.com/luckisalive/npci_upi_analytics@5c007daef0b69f30dd8e555c548ba6f3bd85c43f
2022,5,2022-05-01,GoIbibo,0.01,2.41,0.0,0.0,0.0,0.0,0.01,2.41,NPCI UPI Ecosystem Statistics via https://github.com/luckisalive/npci_upi_analytics@5c007daef0b69f30dd8e555c548ba6f3bd85c43f
2022,5,2022-05-01,Google Pay,2079.92,365989.27,0.0,0.0,0.0,0.0,2079.92,365989.27,NPCI UPI Ecosystem Statistics via https://github.com/luckisalive/npci_upi_analytics@5c007daef0b69f30dd8e555c548ba6f3bd85c43f
2022,5,2022-05-01,Groww,0.51,335.28,0.0,0.0,0.0,0.0,0.51,335.28,NPCI UPI Ecosystem Statistics via https://github.com/luckisalive/npci_upi_analytics@5c007daef0b69f30dd8e555c548ba6f3bd85c43f
2022,5,2022-05-01,HDFC Bank Apps,6.95,1981.11,0.0,0.0,0.0,0.0,6.95,1981.11,NPCI UPI Ecosystem Statistics via https://github.com/luckisalive/npci_upi_analytics@5c007daef0b69f30dd8e555c548ba6f3bd85c43f
2022,5,2022-05-01,HSBC Bank Apps,0.1,63.07,0.0,0.1,0.0,0.0,0.1,63.17,NPCI UPI Ecosystem Statistics via https://github.com/luckisalive/npci_upi_analytics@5c007daef0b69f30dd8e555c548ba6f3bd85c43f
2022,5,2022-05-01,ICICI Bank Apps,32.75,9221.65,2.01,120.93,2.82,1714.32,37.59,11056.9,NPCI UPI Ecosystem Statistics via https://github.com/luckisalive/npci_upi_analytics@5c007daef0b69f30dd8e555c548ba6f3bd85c43f
2022,5,2022-05-01,IDBI Bank Apps,0.03,18.48,0.0,0.0,0.0,0.0,0.03,18.48,NPCI UPI Ecosystem Statistics via https://github.com/luckisalive/npci_upi_analytics@5c007daef0b69f30dd8e555c548ba6f3bd85c43f
2022,5,2022-05-01,IDFC Bank Apps,4.75,626.34,0.0,0.0,0.0,0.0,4.75,626.34,NPCI UPI Ecosystem Statistics via https://github.com/luckisalive/npci_upi_analytics@5c007daef0b69f30dd8e555c548ba6f3bd85c43f
2022,5,2022-05-01,India Post Payments Bank Apps,3.1,351.88,0.0,0.0,0.0,0.0,3.1,351.88,NPCI UPI Ecosystem Statistics via https://github.com/luckisalive/npci_upi_analytics@5c007daef0b69f30dd8e555c548ba6f3bd85c43f
2022,5,2022-05-01,Indian Bank Apps,0.16,53.11,0.0,0.0,0.0,0.02,0.16,53.13,NPCI UPI Ecosystem Statistics via https://github.com/luckisalive/npci_upi_analytics@5c007daef0b69f30dd8e555c548ba6f3bd85c43f
2022,5,2022-05-01,Indian Overseas Bank Apps,0.01,2.35,0.0,0.0,0.0,0.0,0.01,2.35,NPCI UPI Ecosystem Statistics via https://github.com/luckisalive/npci_upi_analytics@5c007daef0b69f30dd8e555c548ba6f3bd85c43f
2022,5,2022-05-01,IndusInd Bank Apps,1.01,1711.21,0.0,0.0,0.0,0.0,1.01,1711.21,NPCI UPI Ecosystem Statistics via https://github.com/luckisalive/npci_upi_analytics@5c007daef0b69f30dd8e555c548ba6f3bd85c43f
2022,5,2022-05-01,Janata Sahakari Bank Apps,0.01,4.79,0.0,0.0,0.0,0.0,0.01,4.79,NPCI UPI Ecosystem Statistics via https://github.com/luckisalive/npci_upi_analytics@5c007daef0b69f30dd8e555c548ba6f3bd85c43f
2022,5,2022-05-01,Jio Payments Bank Apps,2.08,127.88,0.0,0.0,0.0,0.0,2.08,127.88,NPCI UPI Ecosystem Statistics via https://github.com/luckisalive/npci_upi_analytics@5c007daef0b69f30dd8e555c548ba6f3bd85c43f
2022,5,2022-05-01,Jupiter,1.79,215.44,0.0,0.0,0.0,0.0,1.79,215.44,NPCI UPI Ecosystem Statistics via https://github.com/luckisalive/npci_upi_analytics@5c007daef0b69f30dd8e555c548ba6f3bd85c43f
2022,5,2022-05-01,Jupiter Edge (LivQuick PPI),0.1,5.74,0.0,0.0,0.0,0.0,0.1,5.74,NPCI UPI Ecosystem Statistics via https://github.com/luckisalive/npci_upi_analytics@5c007daef0b69f30dd8e555c548ba6f3bd85c43f
2022,5,2022-05-01,Karnataka Bank Apps,0.33,40.34,0.0,0.0,0.0,0.0,0.33,40.34,NPCI UPI Ecosystem Statistics via https://github.com/luckisalive/npci_upi_analytics@5c007daef0b69f30dd8e555c548ba6f3bd85c43f
2022,5,2022-05-01,Karur Vysya Bank Apps,0.04,17.69,0.0,0.0,0.0,0.0,0.04,17.69,NPCI UPI Ecosystem Statistics via https://github.com/luckisalive/npci_upi_analytics@5c007daef0b69f30dd8e555c548ba6f3bd85c43f
2022,5,2022-05-01,Kotak Mahindra Bank Apps,8.5,1882.81,0.0,0.0,0.0,2.19,8.5,1885.0,NPCI UPI Ecosystem Statistics via https://github.com/luckisalive/npci_upi_analytics@5c007daef0b69f30dd8e555c548ba6f3bd85c43f
2022,5,2022-05-01,MI Pay,0.2,33.9,0.0,0.0,0.0,0.0,0.2,33.9,NPCI UPI Ecosystem Statistics via https://github.com/luckisalive/npci_upi_analytics@5c007daef0b69f30dd8e555c548ba6f3bd85c43f
2022,5,2022-05-01,MakeMyTrip,0.09,43.26,0.0,0.0,0.0,0.0,0.09,43.26,NPCI UPI Ecosystem Statistics via https://github.com/luckisalive/npci_upi_analytics@5c007daef0b69f30dd8e555c548ba6f3bd85c43f
2022,5,2022-05-01,Mobikwik,2.46,397.7,0.0,0.0,0.0,0.0,2.46,397.7,NPCI UPI Ecosystem Statistics via https://github.com/luckisalive/npci_upi_analytics@5c007daef0b69f30dd8e555c548ba6f3bd85c43f
2022,5,2022-05-01,NSDL Payments Bank Apps,0.02,2.39,0.0,0.0,0.0,0.0,0.02,2.39,NPCI UPI Ecosystem Statistics via https://github.com/luckisalive/npci_upi_analytics@5c007daef0b69f30dd8e555c548ba6f3bd85c43f
2022,5,2022-05-01,Other,0.03,10.7,0.0,0.0,0.0,0.0,0.03,10.7,NPCI UPI Ecosystem Statistics via https://github.com/luckisalive/npci_upi_analytics@5c007daef0b69f30dd8e555c548ba6f3bd85c43f
2022,5,2022-05-01,Paytm,780.87,91546.5,3.66,5.96,0.19,224.61,887.45,108276.78,NPCI UPI Ecosystem Statistics via https://github.com/luckisalive/npci_upi_analytics@5c007daef0b69f30dd8e555c548ba6f3bd85c43f
2022,5,2022-05-01,PhonePe,2778.75,511028.81,0.0,0.0,0.0,0.0,2778.75,511028.81,NPCI UPI Ecosystem Statistics via https://github.com/luckisalive/npci_upi_analytics@5c007daef0b69f30dd8e555c548ba6f3bd85c43f
2022,5,2022-05-01,Punjab National Bank Apps,0.09,43.77,0.0,0.0,0.0,0.0,0.09,43.77,NPCI UPI Ecosystem Statistics via https://github.com/luckisalive/npci_upi_analytics@5c007daef0b69f30dd8e555c548ba6f3bd85c43f
2022,5,2022-05-01,Punjab Sind Bank Apps,0.01,6.39,0.0,0.0,0.0,0.0,0.01,6.39,NPCI UPI Ecosystem Statistics via https://github.com/luckisalive/npci_upi_analytics@5c007daef0b69f30dd8e555c548ba6f3bd85c43f
2022,5,2022-05-01,RBL Bank Apps,0.32,124.01,0.0,0.0,0.05,1.38,0.38,125.39,NPCI UPI Ecosystem Statistics via https://github.com/luckisalive/npci_upi_analytics@5c007daef0b69f30dd8e555c548ba6f3bd85c43f
2022,5,2022-05-01,Samsung Pay,4.11,490.3,0.0,0.0,0.0,0.0,4.11,490.3,NPCI UPI Ecosystem Statistics via https://github.com/luckisalive/npci_upi_analytics@5c007daef0b69f30dd8e555c548ba6f3bd85c43f
2022,5,2022-05-01,South Indian Bank Apps,0.14,49.73,0.0,0.0,0.0,0.0,0.14,49.73,NPCI UPI Ecosystem Statistics via https://github.com/luckisalive/npci_upi_analytics@5c007daef0b69f30dd8e555c548ba6f3bd85c43f
2022,5,2022-05-01,Standard Chartered Bank Apps,0.13,70.48,0.0,0.0,0.0,0.0,0.13,70.48,NPCI UPI Ecosystem Statistics via https://github.com/luckisalive/npci_upi_analytics@5c007daef0b69f30dd8e555c548ba6f3bd85c43f
2022,5,2022-05-01,State Bank of India Apps,4.18,2195.66,0.0,0.0,0.0,0.0,4.18,2195.66,NPCI UPI Ecosystem Statistics via https://github.com/luckisalive/npci_upi_analytics@5c007daef0b69f30dd8e555c548ba6f3bd85c43f
2022,5,2022-05-01,Tamilnad Mercantile Bank Apps,0.01,1.13,0.0,0.0,0.0,0.0,0.01,1.13,NPCI UPI Ecosystem Statistics via https://github.com/luckisalive/npci_upi_analytics@5c007daef0b69f30dd8e555c548ba6f3bd85c43f
2022,5,2022-05-01,TataNeu,0.22,30.33,0.0,0.0,0.0,0.0,0.22,30.33,NPCI UPI Ecosystem Statistics via https://github.com/luckisalive/npci_upi_analytics@5c007daef0b69f30dd8e555c548ba6f3bd85c43f
2022,5,2022-05-01,UCO Bank Apps,0.22,46.39,0.0,0.0,0.0,0.0,0.22,46.39,NPCI UPI Ecosystem Statistics via https://github.com/luckisalive/npci_upi_analytics@5c007daef0b69f30dd8e555c548ba6f3bd85c43f
2022,5,2022-05-01,Ultracash,0.05,4.4,0.0,0.0,0.0,0.0,0.05,4.4,NPCI UPI Ecosystem Statistics via https://github.com/luckisalive/npci_upi_analytics@5c007daef0b69f30dd8e555c548ba6f3bd85c43f
2022,5,2022-05-01,Union Bank Apps,0.45,211.85,0.0,0.0,0.0,0.0,0.45,211.85,NPCI UPI Ecosystem Statistics via https://github.com/luckisalive/npci_upi_analytics@5c007daef0b69f30dd8e555c548ba6f3bd85c43f
2022,5,2022-05-01,Utkarsh Small Finance Bank Apps,0.01,4.43,0.0,0.0,0.0,0.0,0.01,4.43,NPCI UPI Ecosystem Statistics via https://github.com/luckisalive/npci_upi_analytics@5c007daef0b69f30dd8e555c548ba6f3bd85c43f
2022,5,2022-05-01,WhatsApp,3.48,294.98,0.0,0.0,0.0,0.0,3.48,294.98,NPCI UPI Ecosystem Statistics via https://github.com/luckisalive/npci_upi_analytics@5c007daef0b69f30dd8e555c548ba6f3bd85c43f
2022,5,2022-05-01,Yes Bank Apps,38.19,10760.55,0.0,0.0,1.5,999.61,39.69,11760.16,NPCI UPI Ecosystem Statistics via https://github.com/luckisalive/npci_upi_analytics@5c007daef0b69f30dd8e555c548ba6f3bd85c43f
2022,5,2022-05-01,YuvaPay,0.04,88.95,0.0,0.0,0.0,0.0,0.04,88.95,NPCI UPI Ecosystem Statistics via https://github.com/luckisalive/npci_upi_analytics@5c007daef0b69f30dd8e555c548ba6f3bd85c43f
2022,6,2022-06-01,AU Small Finance Bank Apps,0.38,120.24,0.0,0.0,0.0,0.0,0.38,120.24,NPCI UPI Ecosystem Statistics via https://github.com/luckisalive/npci_upi_analytics@5c007daef0b69f30dd8e555c548ba6f3bd85c43f
2022,6,2022-06-01,Airtel Payments Bank Apps,6.38,506.14,0.0,0.0,0.0,0.0,6.38,506.2,NPCI UPI Ecosystem Statistics via https://github.com/luckisalive/npci_upi_analytics@5c007daef0b69f30dd8e555c548ba6f3bd85c43f
2022,6,2022-06-01,Allahabad Bank Apps,0.02,6.79,0.0,0.0,0.0,0.0,0.02,6.79,NPCI UPI Ecosystem Statistics via https://github.com/luckisalive/npci_upi_analytics@5c007daef0b69f30dd8e555c548ba6f3bd85c43f
2022,6,2022-06-01,Amazon Pay,68.4,6541.84,0.0,0.0,0.0,0.0,68.4,6541.84,NPCI UPI Ecosystem Statistics via https://github.com/luckisalive/npci_upi_analytics@5c007daef0b69f30dd8e555c548ba6f3bd85c43f
2022,6,2022-06-01,Axis Bank Apps,6.96,1217.71,0.11,11.05,45.53,39.61,52.6,1268.38,NPCI UPI Ecosystem Statistics via https://github.com/luckisalive/npci_upi_analytics@5c007daef0b69f30dd8e555c548ba6f3bd85c43f
2022,6,2022-06-01,BHIM,22.6,7527.98,0.0,0.0,0.0,0.0,22.6,7527.98,NPCI UPI Ecosystem Statistics via https://github.com/luckisalive/npci_upi_analytics@5c007daef0b69f30dd8e555c548ba6f3bd85c43f
2022,6,2022-06-01,Bajaj Finserv,1.17,86.69,0.0,0.0,0.0,0.0,1.17,86.69,NPCI UPI Ecosystem Statistics via https://github.com/luckisalive/npci_upi_analytics@5c007daef0b69f30dd8e555c548ba6f3bd85c43f
2022,6,2022-06-01,Bank of Baroda Apps,0.83,347.72,0.0,0.0,0.0,0.0,0.83,347.72,NPCI UPI Ecosystem Statistics via https://github.com/luckisalive/npci_upi_analytics@5c007daef0b69f30dd8e555c548ba6f3bd85c43f
2022,6,2022-06-01,Bank of India Apps,0.13,41.82,0.0,0.0,0.0,0.0,0.13,41.82,NPCI UPI Ecosystem Statistics via https://github.com/luckisalive/npci_upi_analytics@5c007daef0b69f30dd8e555c548ba6f3bd85c43f
2022,6,2022-06-01,Bank of Maharashtra Apps,0.06,15.77,0.0,0.0,0.0,0.0,0.06,15.77,NPCI UPI Ecosystem Statistics via https://github.com/luckisalive/npci_upi_analytics@5c007daef0b69f30dd8e555c548ba6f3bd85c43f
2022,6,2022-06-01,Canara Bank Apps,0.34,109.78,0.0,0.0,0.0,0.0,0.34,109.78,NPCI UPI Ecosystem Statistics via https://github.com/luckisalive/npci_upi_analytics@5c007daef0b69f30dd8e555c548ba6f3bd85c43f
2022,6,2022-06-01,Central Bank of India Apps,0.15,54.06,0.0,0.0,0.0,0.0,0.15,54.06,NPCI UPI Ecosystem Statistics via https://github.com/luckisalive/npci_upi_analytics@5c007daef0b69f30dd8e555c548ba6f3bd85c43f
2022,6,2022-06-01,Citi Bank Apps,0.13,63.54,0.0,0.0,0.0,0.0,0.13,63.54,NPCI UPI Ecosystem Statistics via https://github.com/luckisalive/npci_upi_analytics@5c007daef0b69f30dd8e555c548ba6f3bd85c43f
2022,6,2022-06-01,City Union Bank Apps,0.03,8.72,0.0,0.0,0.0,0.0,0.03,8.72,NPCI UPI Ecosystem Statistics via https://github.com/luckisalive/npci_upi_analytics@5c007daef0b69f30dd8e555c548ba6f3bd85c43f
2022,6,2022-06-01,Cointab,0.06,23.99,0.0,0.0,0.0,0.0,0.06,23.99,NPCI UPI Ecosystem Statistics via https://github.com/luckisalive/npci_upi_analytics@5c007daef0b69f30dd8e555c548ba6f3bd85c43f
2022,6,2022-06-01,Cred,13.4,17583.25,0.0,0.0,0.0,0.0,13.4,17583.25,NPCI UPI Ecosystem Statistics via https://github.com/luckisalive/npci_upi_analytics@5c007daef0b69f30dd8e555c548ba6f3bd85c43f
2022,6,2022-06-01,DBS Digibank Apps,0.46,171.69,0.0,0.0,0.0,0.0,0.46,171.69,NPCI UPI Ecosystem Statistics via https://github.com/luckisalive/npci_upi_analytics@5c007daef0b69f30dd8e555c548ba6f3bd85c43f
2022,6,2022-06-01,Deutsche Bank Apps,1.51,99.12,0.0,0.0,0.0,0.0,1.51,99.12,NPCI UPI Ecosystem Statistics via https://github.com/luckisalive/npci_upi_analytics@5c007daef0b69f30dd8e555c548ba6f3bd85c43f
2022,6,2022-06-01,Dhanlaxmi Bank Apps,0.01,2.7,0.0,0.0,0.0,0.0,0.01,2.7,NPCI UPI Ecosystem Statistics via https://github.com/luckisalive/npci_upi_analytics@5c007daef0b69f30dd8e555c548ba6f3bd85c43f
2022,6,2022-06-01,Equitas Small Finance Bank Apps,0.01,3.87,0.0,0.0,0.0,0.0,0.01,3.87,NPCI UPI Ecosystem Statistics via https://github.com/luckisalive/npci_upi_analytics@5c007daef0b69f30dd8e555c548ba6f3bd85c43f
2022,6,2022-06-01,Fave,0.12,6.94,0.0,0.0,0.0,0.0,0.12,6.94,NPCI UPI Ecosystem Statistics via https://github.com/luckisalive/npci_upi_analytics@5c007daef0b69f30dd8e555c548ba6f3bd85c43f
2022,6,2022-06-01,Federal Bank App,3.55,494.21,0.0,0.0,0.0,0.0,3.55,494.21,NPCI UPI Ecosystem Statistics via https://github.com/luckisalive/npci_upi_analytics@5c007daef0b69f30dd8e555c548ba6f3bd85c43f
2022,6,2022-06-01,Fino Payments bank Apps,0.05,3.17,0.0,0.0,0.0,0.0,0.05,3.17,NPCI UPI Ecosystem Statistics via https://github.com/luckisalive/npci_upi_analytics@5c007daef0b69f30dd8e555c548ba6f3bd85c43f
2022,6,2022-06-01,Finshell Pay,0.1,5.3,0.0,0.0,0.0,0.0,0.1,5.3,NPCI UPI Ecosystem Statistics via https://github.com/luckisalive/npci_upi_analytics@5c007daef0b69f30dd8e555c548ba6f3bd85c43f
2022,6,2022-06-01,GoIbibo,0.01,3.87,0.0,0.0,0.0,0.0,0.01,3.87,NPCI UPI Ecosystem Statistics via https://github.com/luckisalive/npci_upi_analytics@5c007daef0b69f30dd8e555c548ba6f3bd85c43f
2022,6,2022-06-01,Google Pay,2025.89,355137.2,0.0,0.0,0.0,0.0,2025.89,355137.2,NPCI UPI Ecosystem Statistics via https://github.com/luckisalive/npci_upi_analytics@5c007daef0b69f30dd8e555c548ba6f3bd85c43f
2022,6,2022-06-01,Groww,0.72,416.73,0.0,0.0,0.0,0.0,0.72,416.73,NPCI UPI Ecosystem Statistics via https://github.com/luckisalive/npci_upi_analytics@5c007daef0b69f30dd8e555c548ba6f3bd85c43f
2022,6,2022-06-01,HDFC Bank Apps,8.24,2066.22,0.0,0.0,0.0,0.0,8.24,2066.22,NPCI UPI Ecosystem Statistics via https://github.com/luckisalive/npci_upi_analytics@5c007daef0b69f30dd8e555c548ba6f3bd85c43f
2022,6,2022-06-01,HSBC Bank Apps,0.11,61.38,0.0,0.0,0.0,0.0,0.11,61.39,NPCI UPI Ecosystem Statistics via https://github.com/luckisalive/npci_upi_analytics@5c007daef0b69f30dd8e555c548ba6f3bd85c43f
2022,6,2022-06-01,ICICI Bank Apps,35.25,6931.44,4.11,3270.67,0.01,0.03,39.37,10202.14,NPCI UPI Ecosystem Statistics via https://github.com/luckisalive/npci_upi_analytics@5c007daef0b69f30dd8e555c548ba6f3bd85c43f
2022,6,2022-06-01,IDBI Bank Apps,0.03,15.71,0.0,0.0,0.0,0.0,0.03,15.71,NPCI UPI Ecosystem Statistics via https://github.com/luckisalive/npci_upi_analytics@5c007daef0b69f30dd8e555c548ba6f3bd85c43f
2022,6,2022-06-01,IDFC Bank Apps,7.03,663.65,0.0,0.0,0.0,0.0,7.03,663.65,NPCI UPI Ecosystem Statistics via https://github.com/luckisalive/npci_upi_analytics@5c007daef0b69f30dd8e555c548ba6f3bd85c43f
2022,6,2022-06-01,India Post Payments Bank Apps,3.98,467.34,0.0,0.0,0.0,0.0,3.98,467.34,NPCI UPI Ecosystem Statistics via https://github.com/luckisalive/npci_upi_analytics@5c007daef0b69f30dd8e555c548ba6f3bd85c43f
2022,6,2022-06-01,Indian Bank Apps,0.17,53.3,0.0,0.38,0.0,0.0,0.17,53.68,NPCI UPI Ecosystem Statistics via https://github.com/luckisalive/npci_upi_analytics@5c007daef0b69f30dd8e555c548ba6f3bd85c43f
2022,6,2022-06-01,Indian Overseas Bank Apps,0.01,2.98,0.0,0.0,0.0,0.0,0.01,2.98,NPCI UPI Ecosystem Statistics via https://github.com/luckisalive/npci_upi_analytics@5c007daef0b69f30dd8e555c548ba6f3bd85c43f
2022,6,2022-06-01,IndusInd Bank Apps,1.0,1645.13,0.0,0.0,0.0,0.0,1.0,1645.13,NPCI UPI Ecosystem Statistics via https://github.com/luckisalive/npci_upi_analytics@5c007daef0b69f30dd8e555c548ba6f3bd85c43f
2022,6,2022-06-01,Janata Sahakari Bank Apps,0.01,4.47,0.0,0.0,0.0,0.0,0.01,4.47,NPCI UPI Ecosystem Statistics via https://github.com/luckisalive/npci_upi_analytics@5c007daef0b69f30dd8e555c548ba6f3bd85c43f
2022,6,2022-06-01,Jio Payments Bank Apps,1.87,116.34,0.0,0.0,0.0,0.0,1.87,116.34,NPCI UPI Ecosystem Statistics via https://github.com/luckisalive/npci_upi_analytics@5c007daef0b69f30dd8e555c548ba6f3bd85c43f
2022,6,2022-06-01,Jupiter,1.89,223.22,0.0,0.0,0.0,0.0,1.89,223.22,NPCI UPI Ecosystem Statistics via https://github.com/luckisalive/npci_upi_analytics@5c007daef0b69f30dd8e555c548ba6f3bd85c43f
2022,6,2022-06-01,Jupiter Edge (LivQuick PPI),0.13,8.72,0.0,0.0,0.0,0.0,0.13,8.72,NPCI UPI Ecosystem Statistics via https://github.com/luckisalive/npci_upi_analytics@5c007daef0b69f30dd8e555c548ba6f3bd85c43f
2022,6,2022-06-01,Karnataka Bank Apps,0.32,43.13,0.0,0.0,0.0,0.0,0.32,43.13,NPCI UPI Ecosystem Statistics via https://github.com/luckisalive/npci_upi_analytics@5c007daef0b69f30dd8e555c548ba6f3bd85c43f
2022,6,2022-06-01,Karur Vysya Bank Apps,0.04,15.91,0.0,0.0,0.0,0.0,0.04,15.91,NPCI UPI Ecosystem Statistics via https://github.com/luckisalive/npci_upi_analytics@5c007daef0b69f30dd8e555c548ba6f3bd85c43f
2022,6,2022-06-01,Kotak Mahindra Bank Apps,8.33,1758.64,0.01,3.64,0.0,0.0,8.33,1762.28,NPCI UPI Ecosystem Statistics via https://github.com/luckisalive/npci_upi_analytics@5c007daef0b69f30dd8e555c548ba6f3bd85c43f
2022,6,2022-06-01,MI Pay,0.17,29.61,0.0,0.0,0.0,0.0,0.17,29.61,NPCI UPI Ecosystem Statistics via https://github.com/luckisalive/npci_upi_analytics@5c007daef0b69f30dd8e555c548ba6f3bd85c43f
2022,6,2022-06-01,MakeMyTrip,0.11,51.45,0.0,0.0,0.0,0.0,0.11,51.45,NPCI UPI Ecosystem Statistics via https://github.com/luckisalive/npci_upi_analytics@5c007daef0b69f30dd8e555c548ba6f3bd85c43f
2022,6,2022-06-01,Mobikwik,2.31,404.63,0.0,0.0,0.0,0.0,2.31,404.63,NPCI UPI Ecosystem Statistics via https://github.com/luckisalive/npci_upi_analytics@5c007daef0b69f30dd8e555c548ba6f3bd85c43f
2022,6,2022-06-01,NSDL Payments Bank Apps,0.02,2.44,0.0,0.0,0.0,0.0,0.02,2.44,NPCI UPI Ecosystem Statistics via https://github.com/luckisalive/npci_upi_analytics@5c007daef0b69f30dd8e555c548ba6f3bd85c43f
2022,6,2022-06-01,Other,0.02,6.34,0.0,0.0,0.0,0.0,0.02,6.34,NPCI UPI Ecosystem Statistics via https://github.com/luckisalive/npci_upi_analytics@5c007daef0b69f30dd8e555c548ba6f3bd85c43f
2022,6,2022-06-01,Paytm,778.87,89388.78,0.35,412.2,0.0,0.0,877.5,102119.9,NPCI UPI Ecosystem Statistics via https://github.com/luckisalive/npci_upi_analytics@5c007daef0b69f30dd8e555c548ba6f3bd85c43f
2022,6,2022-06-01,PhonePe,2732.59,501474.48,0.0,0.0,0.0,0.0,2732.59,501474.48,NPCI UPI Ecosystem Statistics via https://github.com/luckisalive/npci_upi_analytics@5c007daef0b69f30dd8e555c548ba6f3bd85c43f
2022,6,2022-06-01,Punjab National Bank Apps,0.08,40.68,0.0,0.0,0.0,0.0,0.08,40.68,NPCI UPI Ecosystem Statistics via https://github.com/luckisalive/npci_upi_analytics@5c007daef0b69f30dd8e555c548ba6f3bd85c43f
2022,6,2022-06-01,Punjab Sind Bank Apps,0.01,5.93,0.0,0.0,0.0,0.0,0.01,5.93,NPCI UPI Ecosystem Statistics via https://github.com/luckisalive/npci_upi_analytics@5c007daef0b69f30dd8e555c548ba6f3bd85c43f
2022,6,2022-06-01,RBL Bank Apps,0.35,121.0,0.07,2.89,0.0,0.0,0.42,123.89,NPCI UPI Ecosystem Statistics via https://github.com/luckisalive/npci_upi_analytics@5c007daef0b69f30dd8e555c548ba6f3bd85c43f
2022,6,2022-06-01,Samsung Pay,4.07,468.23,0.0,0.0,0.0,0.0,4.07,468.23,NPCI UPI Ecosystem Statistics via https://github.com/luckisalive/npci_upi_analytics@5c007daef0b69f30dd8e555c548ba6f3bd85c43f
2022,6,2022-06-01,South Indian Bank Apps,0.14,46.66,0.0,0.0,0.0,0.0,0.14,46.66,NPCI UPI Ecosystem Statistics via https://github.com/luckisalive/npci_upi_analytics@5c007daef0b69f30dd8e555c548ba6f3bd85c43f
2022,6,2022-06-01,Standard Chartered Bank Apps,0.13,69.13,0.0,0.0,0.0,0.0,0.13,69.13,NPCI UPI Ecosystem Statistics via https://github.com/luckisalive/npci_upi_analytics@5c007daef0b69f30dd8e555c548ba6f3bd85c43f
2022,6,2022-06-01,State Bank of India Apps,3.83,1947.1,0.0,0.0,0.0,0.0,3.83,1947.1,NPCI UPI Ecosystem Statistics via https://github.com/luckisalive/npci_upi_analytics@5c007daef0b69f30dd8e555c548ba6f3bd85c43f
2022,6,2022-06-01,TJSB Bank Apps,0.01,2.1,0.0,0.0,0.0,0.0,0.01,2.1,NPCI UPI Ecosystem Statistics via https://github.com/luckisalive/npci_upi_analytics@5c007daef0b69f30dd8e555c548ba6f3bd85c43f
2022,6,2022-06-01,Tamilnad Mercantile Bank Apps,0.03,4.02,0.0,0.0,0.0,0.0,0.03,4.02,NPCI UPI Ecosystem Statistics via https://github.com/luckisalive/npci_upi_analytics@5c007daef0b69f30dd8e555c548ba6f3bd85c43f
2022,6,2022-06-01,TataNeu,0.12,19.41,0.0,0.0,0.0,0.0,0.12,19.41,NPCI UPI Ecosystem Statistics via https://github.com/luckisalive/npci_upi_analytics@5c007daef0b69f30dd8e555c548ba6f3bd85c43f
2022,6,2022-06-01,UCO Bank Apps,0.22,42.3,0.0,0.0,0.0,0.0,0.22,42.3,NPCI UPI Ecosystem Statistics via https://github.com/luckisalive/npci_upi_analytics@5c007daef0b69f30dd8e555c548ba6f3bd85c43f
2022,6,2022-06-01,Ultracash,0.03,3.32,0.0,0.0,0.0,0.0,0.03,3.32,NPCI UPI Ecosystem Statistics via https://github.com/luckisalive/npci_upi_analytics@5c007daef0b69f30dd8e555c548ba6f3bd85c43f
2022,6,2022-06-01,Union Bank Apps,0.45,199.8,0.0,0.0,0.0,0.0,0.45,199.8,NPCI UPI Ecosystem Statistics via https://github.com/luckisalive/npci_upi_analytics@5c007daef0b69f30dd8e555c548ba6f3bd85c43f
2022,6,2022-06-01,Utkarsh Small Finance Bank Apps,0.01,3.47,0.0,0.0,0.0,0.0,0.01,3.47,NPCI UPI Ecosystem Statistics via https://github.com/luckisalive/npci_upi_analytics@5c007daef0b69f30dd8e555c548ba6f3bd85c43f
2022,6,2022-06-01,WhatsApp,23.04,429.06,0.0,0.0,0.0,0.0,23.04,429.06,NPCI UPI Ecosystem Statistics via https://github.com/luckisalive/npci_upi_analytics@5c007daef0b69f30dd8e555c548ba6f3bd85c43f
2022,6,2022-06-01,Yes Bank Apps,41.67,9889.56,2.35,1257.6,0.0,0.0,44.03,11147.17,NPCI UPI Ecosystem Statistics via https://github.com/luckisalive/npci_upi_analytics@5c007daef0b69f30dd8e555c548ba6f3bd85c43f
2022,6,2022-06-01,YuvaPay,0.03,58.31,0.0,0.0,0.0,0.0,0.03,58.31,NPCI UPI Ecosystem Statistics via https://github.com/luckisalive/npci_upi_analytics@5c007daef0b69f30dd8e555c548ba6f3bd85c43f
2022,7,2022-07-01,AU Small Finance Bank Apps,0.42,131.49,0.0,0.0,0.0,0.0,0.42,131.49,NPCI UPI Ecosystem Statistics via https://github.com/luckisalive/npci_upi_analytics@5c007daef0b69f30dd8e555c548ba6f3bd85c43f
2022,7,2022-07-01,Airtel Payments Bank Apps,7.4,555.09,0.0,0.0,0.0,0.0,7.41,555.26,NPCI UPI Ecosystem Statistics via https://github.com/luckisalive/npci_upi_analytics@5c007daef0b69f30dd8e555c548ba6f3bd85c43f
2022,7,2022-07-01,Allahabad Bank Apps,0.03,6.95,0.0,0.0,0.0,0.0,0.03,6.95,NPCI UPI Ecosystem Statistics via https://github.com/luckisalive/npci_upi_analytics@5c007daef0b69f30dd8e555c548ba6f3bd85c43f
2022,7,2022-07-01,Amazon Pay,68.77,6751.8,0.0,0.0,0.0,0.0,68.77,6751.8,NPCI UPI Ecosystem Statistics via https://github.com/luckisalive/npci_upi_analytics@5c007daef0b69f30dd8e555c548ba6f3bd85c43f
2022,7,2022-07-01,Axis Bank Apps,7.35,1174.32,46.63,38.1,0.02,1.53,53.99,1213.95,NPCI UPI Ecosystem Statistics via https://github.com/luckisalive/npci_upi_analytics@5c007daef0b69f30dd8e555c548ba6f3bd85c43f
2022,7,2022-07-01,BHIM,24.48,7823.95,0.0,0.0,0.0,0.0,24.48,7823.95,NPCI UPI Ecosystem Statistics via https://github.com/luckisalive/npci_upi_analytics@5c007daef0b69f30dd8e555c548ba6f3bd85c43f
2022,7,2022-07-01,Bajaj Finserv,1.97,130.18,0.0,0.0,0.0,0.0,1.97,130.18,NPCI UPI Ecosystem Statistics via https://github.com/luckisalive/npci_upi_analytics@5c007daef0b69f30dd8e555c548ba6f3bd85c43f
2022,7,2022-07-01,Bandhan Bank Apps,0.01,1.35,0.0,0.0,0.0,0.0,0.01,1.35,NPCI UPI Ecosystem Statistics via https://github.com/luckisalive/npci_upi_analytics@5c007daef0b69f30dd8e555c548ba6f3bd85c43f
2022,7,2022-07-01,Bank of Baroda Apps,0.88,354.45,0.0,0.0,0.0,0.0,0.88,354.45,NPCI UPI Ecosystem Statistics via https://github.com/luckisalive/npci_upi_analytics@5c007daef0b69f30dd8e555c548ba6f3bd85c43f
2022,7,2022-07-01,Bank of India Apps,0.15,46.44,0.0,0.0,0.0,0.0,0.15,46.44,NPCI UPI Ecosystem Statistics via https://github.com/luckisalive/npci_upi_analytics@5c007daef0b69f30dd8e555c548ba6f3bd85c43f
2022,7,2022-07-01,Bank of Maharashtra Apps,0.06,16.47,0.0,0.0,0.0,0.0,0.06,16.47,NPCI UPI Ecosystem Statistics via https://github.com/luckisalive/npci_upi_analytics@5c007daef0b69f30dd8e555c548ba6f3bd85c43f
2022,7,2022-07-01,Canara Bank Apps,0.47,128.79,0.0,0.0,0.0,0.0,0.47,128.79,NPCI UPI Ecosystem Statistics via https://github.com/luckisalive/npci_upi_analytics@5c007daef0b69f30dd8e555c548ba6f3bd85c43f
2022,7,2022-07-01,Central Bank of India Apps,0.22,58.37,0.0,0.0,0.0,0.0,0.22,58.37,NPCI UPI Ecosystem Statistics via https://github.com/luckisalive/npci_upi_analytics@5c007daef0b69f30dd8e555c548ba6f3bd85c43f
2022,7,2022-07-01,Citi Bank Apps,0.11,63.66,0.0,0.0,0.0,0.0,0.11,63.66,NPCI UPI Ecosystem Statistics via https://github.com/luckisalive/npci_upi_analytics@5c007daef0b69f30dd8e555c548ba6f3bd85c43f
2022,7,2022-07-01,City Union Bank Apps,0.03,10.19,0.0,0.0,0.0,0.0,0.03,10.19,NPCI UPI Ecosystem Statistics via https://github.com/luckisalive/npci_upi_analytics@5c007daef0b69f30dd8e555c548ba6f3bd85c43f
2022,7,2022-07-01,Cointab,0.07,27.3,0.0,0.0,0.0,0.0,0.07,27.3,NPCI UPI Ecosystem Statistics via https://github.com/luckisalive/npci_upi_analytics@5c007daef0b69f30dd8e555c548ba6f3bd85c43f
2022,7,2022-07-01,Cred,14.89,19716.43,0.0,0.0,0.0,0.0,14.89,19716.43,NPCI UPI Ecosystem Statistics via https://github.com/luckisalive/npci_upi_analytics@5c007daef0b69f30dd8e555c548ba6f3bd85c43f
2022,7,2022-07-01,DBS Digibank Apps,0.47,179.27,0.0,0.0,0.0,0.0,0.47,179.27,NPCI UPI Ecosystem Statistics via https://github.com/luckisalive/npci_upi_analytics@5c007daef0b69f30dd8e555c548ba6f3bd85c43f
2022,7,2022-07-01,Deutsche Bank Apps,1.87,116.0,0.0,0.0,0.0,0.01,1.87,116.01,NPCI UPI Ecosystem Statistics via https://github.com/luckisalive/npci_upi_analytics@5c007daef0b69f30dd8e555c548ba6f3bd85c43f
2022,7,2022-07-01,Dhanlaxmi Bank Apps,0.01,2.86,0.0,0.0,0.0,0.0,0.01,2.86,NPCI UPI Ecosystem Statistics via https://github.com/luckisalive/npci_upi_analytics@5c007daef0b69f30dd8e555c548ba6f3bd85c43f
2022,7,2022-07-01,Equitas Small Finance Bank Apps,0.01,4.89,0.0,0.0,0.0,0.0,0.01,4.89,NPCI UPI Ecosystem Statistics via https://github.com/luckisalive/npci_upi_analytics@5c007daef0b69f30dd8e555c548ba6f3bd85c43f
2022,7,2022-07-01,Fave,0.16,11.06,0.0,0.0,0.0,0.0,0.16,11.06,NPCI UPI Ecosystem Statistics via https://github.com/luckisalive/npci_upi_analytics@5c007daef0b69f30dd8e555c548ba6f3bd85c43f
2022,7,2022-07-01,Federal Bank App,3.85,539.55,0.0,0.0,0.0,0.0,3.85,539.55,NPCI UPI Ecosystem Statistics via https://github.com/luckisalive/npci_upi_analytics@5c007daef0b69f30dd8e555c548ba6f3bd85c43f
2022,7,2022-07-01,Fino Payments Bank Apps,0.06,4.26,0.0,0.0,0.0,0.0,0.06,4.26,NPCI UPI Ecosystem Statistics via https://github.com/luckisalive/npci_upi_analytics@5c007daef0b69f30dd8e555c548ba6f3bd85c43f
2022,7,2022-07-01,GoIbibo,0.01,5.1,0.0,0.0,0.0,0.0,0.01,5.1,NPCI UPI Ecosystem Statistics via https://github.com/luckisalive/npci_upi_analytics@5c007daef0b69f30dd8e555c548ba6f3bd85c43f
2022,7,2022-07-01,Google Pay,2130.63,366669.09,0.0,0.0,0.0,0.0,2130.63,366669.09,NPCI UPI Ecosystem Statistics via https://github.com/luckisalive/npci_upi_analytics@5c007daef0b69f30dd8e555c548ba6f3bd85c43f
2022,7,2022-07-01,Groww,0.49,290.31,0.0,0.0,0.0,0.0,0.49,290.31,NPCI UPI Ecosystem Statistics via https://github.com/luckisalive/npci_upi_analytics@5c007daef0b69f30dd8e555c548ba6f3bd85c43f
2022,7,2022-07-01,HDFC Bank Apps,9.38,2341.28,0.0,0.0,0.0,0.0,9.38,2341.28,NPCI UPI Ecosystem Statistics via https://github.com/luckisalive/npci_upi_analytics@5c007daef0b69f30dd8e555c548ba6f3bd85c43f
2022,7,2022-07-01,HSBC Bank Apps,0.11,68.43,0.0,0.04,0.0,0.0,0.11,68.47,NPCI UPI Ecosystem Statistics via https://github.com/luckisalive/npci_upi_analytics@5c007daef0b69f30dd8e555c548ba6f3bd85c43f
2022,7,2022-07-01,ICICI Bank Apps,32.53,7745.19,0.46,32.24,4.36,3731.87,37.34,11509.29,NPCI UPI Ecosystem Statistics via https://github.com/luckisalive/npci_upi_analytics@5c007daef0b69f30dd8e555c548ba6f3bd85c43f
2022,7,2022-07-01,IDBI Bank Apps,0.03,16.42,0.0,0.0,0.0,0.0,0.03,16.42,NPCI UPI Ecosystem Statistics via https://github.com/luckisalive/npci_upi_analytics@5c007daef0b69f30dd8e555c548ba6f3bd85c43f
2022,7,2022-07-01,IDFC Bank Apps,8.28,645.34,0.0,0.0,0.0,0.0,8.28,645.34,NPCI UPI Ecosystem Statistics via https://github.com/luckisalive/npci_upi_analytics@5c007daef0b69f30dd8e555c548ba6f3bd85c43f
2022,7,2022-07-01,India Post Payments Bank Apps,4.08,480.59,0.0,0.0,0.0,0.0,4.08,480.59,NPCI UPI Ecosystem Statistics via https://github.com/luckisalive/npci_upi_analytics@5c007daef0b69f30dd8e555c548ba6f3bd85c43f
2022,7,2022-07-01,Indian Bank Apps,0.2,58.15,0.0,0.0,0.01,13.23,0.21,71.39,NPCI UPI Ecosystem Statistics via https://github.com/luckisalive/npci_upi_analytics@5c007daef0b69f30dd8e555c548ba6f3bd85c43f
2022,7,2022-07-01,Indian Overseas Bank Apps,0.01,3.74,0.0,0.0,0.0,0.0,0.01,3.74,NPCI UPI Ecosystem Statistics via https://github.com/luckisalive/npci_upi_analytics@5c007daef0b69f30dd8e555c548ba6f3bd85c43f
2022,7,2022-07-01,IndusInd Bank Apps,0.99,1652.26,0.0,0.0,0.0,0.0,0.99,1652.26,NPCI UPI Ecosystem Statistics via https://github.com/luckisalive/npci_upi_analytics@5c007daef0b69f30dd8e555c548ba6f3bd85c43f
2022,7,2022-07-01,Janata Sahakari Bank Apps,0.01,4.15,0.0,0.0,0.0,0.0,0.01,4.15,NPCI UPI Ecosystem Statistics via https://github.com/luckisalive/npci_upi_analytics@5c007daef0b69f30dd8e555c548ba6f3bd85c43f
2022,7,2022-07-01,Jio Payments Bank Apps,1.9,116.59,0.0,0.0,0.0,0.0,1.9,116.59,NPCI UPI Ecosystem Statistics via https://github.com/luckisalive/npci_upi_analytics@5c007daef0b69f30dd8e555c548ba6f3bd85c43f
2022,7,2022-07-01,Jupiter,2.1,254.14,0.0,0.0,0.0,0.0,2.1,254.14,NPCI UPI Ecosystem Statistics via https://github.com/luckisalive/npci_upi_analytics@5c007daef0b69f30dd8e555c548ba6f3bd85c43f
2022,7,2022-07-01,Karnataka Bank Apps,0.35,48.01,0.0,0.0,0.0,0.0,0.35,48.01,NPCI UPI Ecosystem Statistics via https://github.com/luckisalive/npci_upi_analytics@5c007daef0b69f30dd8e555c548ba6f3bd85c43f
2022,7,2022-07-01,Karur Vysya Bank Apps,0.04,15.66,0.0,0.0,0.0,0.0,0.04,15.66,NPCI UPI Ecosystem Statistics via https://github.com/luckisalive/npci_upi_analytics@5c007daef0b69f30dd8e555c548ba6f3bd85c43f
2022,7,2022-07-01,Kotak Mahindra Bank Apps,8.86,1815.87,0.0,0.0,0.0,0.46,8.86,1816.33,NPCI UPI Ecosystem Statistics via https://github.com/luckisalive/npci_upi_analytics@5c007daef0b69f30dd8e555c548ba6f3bd85c43f
2022,7,2022-07-01,MI Pay,0.16,26.98,0.0,0.0,0.0,0.0,0.16,26.98,NPCI UPI Ecosystem Statistics via https://github.com/luckisalive/npci_upi_analytics@5c007daef0b69f30dd8e555c548ba6f3bd85c43f
2022,7,2022-07-01,MakeMyTrip,0.13,58.19,0.0,0.0,0.0,0.0,0.13,58.19,NPCI UPI Ecosystem Statistics via https://github.com/luckisalive/npci_upi_analytics@5c007daef0b69f30dd8e555c548ba6f3bd85c43f
2022,7,2022-07-01,Mobikwik,2.48,462.17,0.0,0.0,0.0,0.0,2.48,462.17,NPCI UPI Ecosystem Statistics via https://github.com/luckisalive/npci_upi_analytics@5c007daef0b69f30dd8e555c548ba6f3bd85c43f
2022,7,2022-07-01,NSDL Payments Bank Apps,0.02,3.5,0.0,0.0,0.0,0.0,0.02,3.5,NPCI UPI Ecosystem Statistics via https://github.com/luckisalive/npci_upi_analytics@5c007daef0b69f30dd8e555c548ba6f3bd85c43f
2022,7,2022-07-01,Other,0.02,5.15,0.0,0.0,0.0,0.0,0.02,5.15,NPCI UPI Ecosystem Statistics via https://github.com/luckisalive/npci_upi_analytics@5c007daef0b69f30dd8e555c548ba6f3bd85c43f
2022,7,2022-07-01,Paytm,828.63,94507.77,0.55,1.91,0.38,465.62,933.88,111149.66,NPCI UPI Ecosystem Statistics via https://github.com/luckisalive/npci_upi_analytics@5c007daef0b69f30dd8e555c548ba6f3bd85c43f
2022,7,2022-07-01,PhonePe,2993.83,524742.49,0.0,0.0,0.0,0.0,2993.83,524742.49,NPCI UPI Ecosystem Statistics via https://github.com/luckisalive/npci_upi_analytics@5c007daef0b69f30dd8e555c548ba6f3bd85c43f
2022,7,2022-07-01,Punjab National Bank Apps,0.07,35.7,0.0,0.0,0.0,0.0,0.07,35.7,NPCI UPI Ecosystem Statistics via https://github.com/luckisalive/npci_upi_analytics@5c007daef0b69f30dd8e555c548ba6f3bd85c43f
2022,7,2022-07-01,Punjab Sind Bank Apps,0.01,4.03,0.0,0.0,0.0,0.0,0.01,4.03,NPCI UPI Ecosystem Statistics via https://github.com/luckisalive/npci_upi_analytics@5c007daef0b69f30dd8e555c548ba6f3bd85c43f
2022,7,2022-07-01,RBL Bank Apps,0.52,120.48,0.0,0.0,0.02,0.69,0.54,121.17,NPCI UPI Ecosystem Statistics via https://github.com/luckisalive/npci_upi_analytics@5c007daef0b69f30dd8e555c548ba6f3bd85c43f
2022,7,2022-07-01,Samsung Pay,4.05,472.39,0.0,0.0,0.0,0.0,4.05,472.39,NPCI UPI Ecosystem Statistics via https://github.com/luckisalive/npci_upi_analytics@5c007daef0b69f30dd8e555c548ba6f3bd85c43f
2022,7,2022-07-01,South Indian Bank Apps,0.15,46.97,0.0,0.0,0.0,0.0,0.15,46.97,NPCI UPI Ecosystem Statistics via https://github.com/luckisalive/npci_upi_analytics@5c007daef0b69f30dd8e555c548ba6f3bd85c43f
2022,7,2022-07-01,Standard Chartered Bank Apps,0.14,74.11,0.0,0.0,0.0,0.0,0.14,74.11,NPCI UPI Ecosystem Statistics via https://github.com/luckisalive/npci_upi_analytics@5c007daef0b69f30dd8e555c548ba6f3bd85c43f
2022,7,2022-07-01,State Bank of India Apps,4.15,2013.47,0.0,0.0,0.0,0.0,4.15,2013.47,NPCI UPI Ecosystem Statistics via https://github.com/luckisalive/npci_upi_analytics@5c007daef0b69f30dd8e555c548ba6f3bd85c43f
2022,7,2022-07-01,TJSB Bank Apps,0.01,2.26,0.0,0.0,0.0,0.0,0.01,2.26,NPCI UPI Ecosystem Statistics via https://github.com/luckisalive/npci_upi_analytics@5c007daef0b69f30dd8e555c548ba6f3bd85c43f
2022,7,2022-07-01,Tamilnad Mercantile Bank Apps,0.05,6.78,0.0,0.0,0.0,0.0,0.05,6.78,NPCI UPI Ecosystem Statistics via https://github.com/luckisalive/npci_upi_analytics@5c007daef0b69f30dd8e555c548ba6f3bd85c43f
2022,7,2022-07-01,TataNeu,0.11,17.26,0.0,0.0,0.0,0.0,0.11,17.26,NPCI UPI Ecosystem Statistics via https://github.com/luckisalive/npci_upi_analytics@5c007daef0b69f30dd8e555c548ba6f3bd85c43f
2022,7,2022-07-01,UCO Bank Apps,0.22,46.83,0.0,0.0,0.0,0.0,0.22,46.83,NPCI UPI Ecosystem Statistics via https://github.com/luckisalive/npci_upi_analytics@5c007daef0b69f30dd8e555c548ba6f3bd85c43f
2022,7,2022-07-01,Ultracash,0.03,2.08,0.0,0.0,0.0,0.0,0.03,2.08,NPCI UPI Ecosystem Statistics via https://github.com/luckisalive/npci_upi_analytics@5c007daef0b69f30dd8e555c548ba6f3bd85c43f
2022,7,2022-07-01,Union Bank Apps,0.49,208.03,0.0,0.0,0.0,0.0,0.49,208.03,NPCI UPI Ecosystem Statistics via https://github.com/luckisalive/npci_upi_analytics@5c007daef0b69f30dd8e555c548ba6f3bd85c43f
2022,7,2022-07-01,Utkarsh Small Finance Bank Apps,0.02,4.55,0.0,0.0,0.0,0.0,0.02,4.55,NPCI UPI Ecosystem Statistics via https://github.com/luckisalive/npci_upi_analytics@5c007daef0b69f30dd8e555c548ba6f3bd85c43f
2022,7,2022-07-01,WhatsApp,6.18,502.0,0.0,0.0,0.0,0.0,6.18,502.0,NPCI UPI Ecosystem Statistics via https://github.com/luckisalive/npci_upi_analytics@5c007daef0b69f30dd8e555c548ba6f3bd85c43f
2022,7,2022-07-01,Yes Bank Apps,55.35,13868.41,0.0,0.0,5.45,1367.63,60.8,15236.04,NPCI UPI Ecosystem Statistics via https://github.com/luckisalive/npci_upi_analytics@5c007daef0b69f30dd8e555c548ba6f3bd85c43f
2022,7,2022-07-01,YuvaPay,0.01,21.38,0.0,0.0,0.0,0.0,0.01,21.38,NPCI UPI Ecosystem Statistics via https://github.com/luckisalive/npci_upi_analytics@5c007daef0b69f30dd8e555c548ba6f3bd85c43f
2022,8,2022-08-01,AU Small Finance Bank Apps,0.45,138.7,0.0,0.0,0.0,0.0,0.45,138.7,NPCI UPI Ecosystem Statistics via https://github.com/luckisalive/npci_upi_analytics@5c007daef0b69f30dd8e555c548ba6f3bd85c43f
2022,8,2022-08-01,Airtel Payments Bank Apps,7.96,608.38,0.0,0.0,0.0,0.01,7.96,608.5,NPCI UPI Ecosystem Statistics via https://github.com/luckisalive/npci_upi_analytics@5c007daef0b69f30dd8e555c548ba6f3bd85c43f
2022,8,2022-08-01,Allahabad Bank Apps,0.03,7.7,0.0,0.0,0.0,0.0,0.03,7.7,NPCI UPI Ecosystem Statistics via https://github.com/luckisalive/npci_upi_analytics@5c007daef0b69f30dd8e555c548ba6f3bd85c43f
2022,8,2022-08-01,Amazon Pay,62.43,6353.15,0.0,0.0,0.0,0.0,62.43,6353.15,NPCI UPI Ecosystem Statistics via https://github.com/luckisalive/npci_upi_analytics@5c007daef0b69f30dd8e555c548ba6f3bd85c43f
2022,8,2022-08-01,Axis Bank Apps,7.39,1313.76,50.7,42.71,0.02,1.42,58.11,1357.89,NPCI UPI Ecosystem Statistics via https://github.com/luckisalive/npci_upi_analytics@5c007daef0b69f30dd8e555c548ba6f3bd85c43f
2022,8,2022-08-01,BHIM,24.99,7860.48,0.0,0.0,0.0,0.0,24.99,7860.48,NPCI UPI Ecosystem Statistics via https://github.com/luckisalive/npci_upi_analytics@5c007daef0b69f30dd8e555c548ba6f3bd85c43f
2022,8,2022-08-01,Bajaj Finserv,2.47,180.17000000000002,0.0,0.0,0.0,0.0,2.47,180.17000000000002,NPCI UPI Ecosystem Statistics via https://github.com/luckisalive/npci_upi_analytics@5c007daef0b69f30dd8e555c548ba6f3bd85c43f
2022,8,2022-08-01,Bandhan Bank Apps,0.01,1.25,0.0,0.0,0.0,0.0,0.01,1.25,NPCI UPI Ecosystem Statistics via https://github.com/luckisalive/npci_upi_analytics@5c007daef0b69f30dd8e555c548ba6f3bd85c43f
2022,8,2022-08-01,Bank of Baroda Apps,0.99,383.42,0.0,0.0,0.0,0.0,0.99,383.43,NPCI UPI Ecosystem Statistics via https://github.com/luckisalive/npci_upi_analytics@5c007daef0b69f30dd8e555c548ba6f3bd85c43f
2022,8,2022-08-01,Bank of India Apps,0.17,54.81,0.0,0.0,0.0,0.0,0.17,54.81,NPCI UPI Ecosystem Statistics via https://github.com/luckisalive/npci_upi_analytics@5c007daef0b69f30dd8e555c548ba6f3bd85c43f
2022,8,2022-08-01,Bank of Maharashtra Apps,0.07,17.19,0.0,0.0,0.0,0.0,0.07,17.19,NPCI UPI Ecosystem Statistics via https://github.com/luckisalive/npci_upi_analytics@5c007daef0b69f30dd8e555c548ba6f3bd85c43f
2022,8,2022-08-01,Canara Bank Apps,0.67,176.37,0.0,0.0,0.0,0.0,0.67,176.37,NPCI UPI Ecosystem Statistics via https://github.com/luckisalive/npci_upi_analytics@5c007daef0b69f30dd8e555c548ba6f3bd85c43f
2022,8,2022-08-01,Central Bank of India Apps,0.24,64.59,0.0,0.0,0.0,0.01,0.24,64.59,NPCI UPI Ecosystem Statistics via https://github.com/luckisalive/npci_upi_analytics@5c007daef0b69f30dd8e555c548ba6f3bd85c43f
2022,8,2022-08-01,Citi Bank Apps,0.11,63.08,0.0,0.0,0.0,0.0,0.11,63.08,NPCI UPI Ecosystem Statistics via https://github.com/luckisalive/npci_upi_analytics@5c007daef0b69f30dd8e555c548ba6f3bd85c43f
2022,8,2022-08-01,City Union Bank Apps,0.04,11.45,0.0,0.0,0.0,0.0,0.04,11.45,NPCI UPI Ecosystem Statistics via https://github.com/luckisalive/npci_upi_analytics@5c007daef0b69f30dd8e555c548ba6f3bd85c43f
2022,8,2022-08-01,Cointab,0.06,24.98,0.0,0.0,0.0,0.0,0.06,24.98,NPCI UPI Ecosystem Statistics via https://github.com/luckisalive/npci_upi_analytics@5c007daef0b69f30dd8e555c548ba6f3bd85c43f
2022,8,2022-08-01,Cred,14.81,19084.3,0.0,0.0,0.0,0.0,14.81,19084.3,NPCI UPI Ecosystem Statistics via https://github.com/luckisalive/npci_upi_analytics@5c007daef0b69f30dd8e555c548ba6f3bd85c43f
2022,8,2022-08-01,DBS Digibank Apps,0.48,178.76,0.0,0.0,0.0,0.0,0.48,178.76,NPCI UPI Ecosystem Statistics via https://github.com/luckisalive/npci_upi_analytics@5c007daef0b69f30dd8e555c548ba6f3bd85c43f
2022,8,2022-08-01,Deutsche Bank Apps,1.98,119.21,0.0,0.0,0.0,0.01,1.98,119.21,NPCI UPI Ecosystem Statistics via https://github.com/luckisalive/npci_upi_analytics@5c007daef0b69f30dd8e555c548ba6f3bd85c43f
2022,8,2022-08-01,Dhanlaxmi Bank Apps,0.01,3.1,0.0,0.0,0.0,0.0,0.01,3.1,NPCI UPI Ecosystem Statistics via https://github.com/luckisalive/npci_upi_analytics@5c007daef0b69f30dd8e555c548ba6f3bd85c43f
2022,8,2022-08-01,Equitas Small Finance Bank Apps,0.01,4.94,0.0,0.0,0.0,0.0,0.01,4.94,NPCI UPI Ecosystem Statistics via https://github.com/luckisalive/npci_upi_analytics@5c007daef0b69f30dd8e555c548ba6f3bd85c43f
2022,8,2022-08-01,Fave,0.14,7.71,0.0,0.0,0.0,0.0,0.14,7.71,NPCI UPI Ecosystem Statistics via https://github.com/luckisalive/npci_upi_analytics@5c007daef0b69f30dd8e555c548ba6f3bd85c43f
2022,8,2022-08-01,Federal Bank App,3.8,520.2,0.0,0.0,0.0,0.0,3.8,520.2,NPCI UPI Ecosystem Statistics via https://github.com/luckisalive/npci_upi_analytics@5c007daef0b69f30dd8e555c548ba6f3bd85c43f
2022,8,2022-08-01,Fino Payments bank Apps,0.08,5.05,0.0,0.0,0.0,0.0,0.08,5.05,NPCI UPI Ecosystem Statistics via https://github.com/luckisalive/npci_upi_analytics@5c007daef0b69f30dd8e555c548ba6f3bd85c43f
2022,8,2022-08-01,GoIbibo,0.01,4.82,0.0,0.0,0.0,0.0,0.01,4.82,NPCI UPI Ecosystem Statistics via https://github.com/luckisalive/npci_upi_analytics@5c007daef0b69f30dd8e555c548ba6f3bd85c43f
2022,8,2022-08-01,Google Pay,2212.73,371081.16,0.0,0.0,0.0,0.0,2212.73,371081.16,NPCI UPI Ecosystem Statistics via https://github.com/luckisalive/npci_upi_analytics@5c007daef0b69f30dd8e555c548ba6f3bd85c43f
2022,8,2022-08-01,Groww,0.8,490.93,0.0,0.0,0.0,0.0,0.8,490.93,NPCI UPI Ecosystem Statistics via https://github.com/luckisalive/npci_upi_analytics@5c007daef0b69f30dd8e555c548ba6f3bd85c43f
2022,8,2022-08-01,HDFC Bank Apps,9.83,2415.47,0.0,0.0,0.0,0.0,9.83,2415.47,NPCI UPI Ecosystem Statistics via https://github.com/luckisalive/npci_upi_analytics@5c007daef0b69f30dd8e555c548ba6f3bd85c43f
2022,8,2022-08-01,HSBC Bank Apps,0.11,65.7,0.0,0.44,0.0,0.0,0.11,66.14,NPCI UPI Ecosystem Statistics via https://github.com/luckisalive/npci_upi_analytics@5c007daef0b69f30dd8e555c548ba6f3bd85c43f
2022,8,2022-08-01,ICICI Bank Apps,36.96,8334.98,4.96,406.52,3.68,1983.75,45.59,10725.25,NPCI UPI Ecosystem Statistics via https://github.com/luckisalive/npci_upi_analytics@5c007daef0b69f30dd8e555c548ba6f3bd85c43f
2022,8,2022-08-01,IDBI Bank Apps,0.04,20.31,0.0,0.0,0.0,0.0,0.04,20.31,NPCI UPI Ecosystem Statistics via https://github.com/luckisalive/npci_upi_analytics@5c007daef0b69f30dd8e555c548ba6f3bd85c43f
2022,8,2022-08-01,IDFC Bank Apps,10.19,762.41,0.0,0.0,0.0,0.0,10.19,762.41,NPCI UPI Ecosystem Statistics via https://github.com/luckisalive/npci_upi_analytics@5c007daef0b69f30dd8e555c548ba6f3bd85c43f
2022,8,2022-08-01,India Post Payments Bank Apps,4.3,504.41,0.0,0.0,0.0,0.0,4.3,504.41,NPCI UPI Ecosystem Statistics via https://github.com/luckisalive/npci_upi_analytics@5c007daef0b69f30dd8e555c548ba6f3bd85c43f
2022,8,2022-08-01,Indian Bank Apps,0.22,63.1,0.0,0.0,0.0,0.23,0.22,63.33,NPCI UPI Ecosystem Statistics via https://github.com/luckisalive/npci_upi_analytics@5c007daef0b69f30dd8e555c548ba6f3bd85c43f
2022,8,2022-08-01,Indian Overseas Bank Apps,0.01,4.66,0.0,0.0,0.0,0.0,0.01,4.66,NPCI UPI Ecosystem Statistics via https://github.com/luckisalive/npci_upi_analytics@5c007daef0b69f30dd8e555c548ba6f3bd85c43f
2022,8,2022-08-01,IndusInd Bank Apps,1.01,1605.56,0.0,0.0,0.0,0.0,1.01,1605.56,NPCI UPI Ecosystem Statistics via https://github.com/luckisalive/npci_upi_analytics@5c007daef0b69f30dd8e555c548ba6f3bd85c43f
2022,8,2022-08-01,Janata Sahakari Bank Apps,0.01,4.56,0.0,0.0,0.0,0.0,0.01,4.56,NPCI UPI Ecosystem Statistics via https://github.com/luckisalive/npci_upi_analytics@5c007daef0b69f30dd8e555c548ba6f3bd85c43f
2022,8,2022-08-01,Jio Payments Bank Apps,1.85,113.28,0.0,0.0,0.0,0.0,1.85,113.28,NPCI UPI Ecosystem Statistics via https://github.com/luckisalive/npci_upi_analytics@5c007daef0b69f30dd8e555c548ba6f3bd85c43f
2022,8,2022-08-01,Jupiter,2.03,249.2,0.0,0.0,0.0,0.0,2.03,249.2,NPCI UPI Ecosystem Statistics via https://github.com/luckisalive/npci_upi_analytics@5c007daef0b69f30dd8e555c548ba6f3bd85c43f
2022,8,2022-08-01,Karnataka Bank Apps,0.38,55.32,0.0,0.0,0.0,0.0,0.38,55.32,NPCI UPI Ecosystem Statistics via https://github.com/luckisalive/npci_upi_analytics@5c007daef0b69f30dd8e555c548ba6f3bd85c43f
2022,8,2022-08-01,Karur Vysya Bank Apps,0.04,16.54,0.0,0.0,0.0,0.0,0.04,16.54,NPCI UPI Ecosystem Statistics via https://github.com/luckisalive/npci_upi_analytics@5c007daef0b69f30dd8e555c548ba6f3bd85c43f
2022,8,2022-08-01,Kotak Mahindra Bank Apps,9.28,1939.14,0.0,0.0,0.0,0.0,9.28,1939.14,NPCI UPI Ecosystem Statistics via https://github.com/luckisalive/npci_upi_analytics@5c007daef0b69f30dd8e555c548ba6f3bd85c43f
2022,8,2022-08-01,MI Pay,0.15,24.8,0.0,0.0,0.0,0.0,0.15,24.8,NPCI UPI Ecosystem Statistics via https://github.com/luckisalive/npci_upi_analytics@5c007daef0b69f30dd8e555c548ba6f3bd85c43f
2022,8,2022-08-01,MakeMyTrip,0.15,62.67,0.0,0.0,0.0,0.0,0.15,62.67,NPCI UPI Ecosystem Statistics via https://github.com/luckisalive/npci_upi_analytics@5c007daef0b69f30dd8e555c548ba6f3bd85c43f
2022,8,2022-08-01,Mobikwik,2.84,562.95,0.0,0.0,0.0,0.0,2.84,562.95,NPCI UPI Ecosystem Statistics via https://github.com/luckisalive/npci_upi_analytics@5c007daef0b69f30dd8e555c548ba6f3bd85c43f
2022,8,2022-08-01,NSDL Payments Bank Apps,0.02,2.85,0.0,0.0,0.0,0.0,0.02,2.85,NPCI UPI Ecosystem Statistics via https://github.com/luckisalive/npci_upi_analytics@5c007daef0b69f30dd8e555c548ba6f3bd85c43f
2022,8,2022-08-01,Other,0.01,5.72,0.0,0.0,0.0,0.0,0.01,5.72,NPCI UPI Ecosystem Statistics via https://github.com/luckisalive/npci_upi_analytics@5c007daef0b69f30dd8e555c548ba6f3bd85c43f
2022,8,2022-08-01,Paytm,871.86,96034.11,4.11,10.37,0.38,458.24,986.39,114217.1,NPCI UPI Ecosystem Statistics via https://github.com/luckisalive/npci_upi_analytics@5c007daef0b69f30dd8e555c548ba6f3bd85c43f
2022,8,2022-08-01,PhonePe,3146.71,528433.49,0.0,0.0,0.0,0.0,3146.71,528433.49,NPCI UPI Ecosystem Statistics via https://github.com/luckisalive/npci_upi_analytics@5c007daef0b69f30dd8e555c548ba6f3bd85c43f
2022,8,2022-08-01,Punjab National Bank Apps,0.09,43.41,0.0,0.0,0.0,0.0,0.09,43.41,NPCI UPI Ecosystem Statistics via https://github.com/luckisalive/npci_upi_analytics@5c007daef0b69f30dd8e555c548ba6f3bd85c43f
2022,8,2022-08-01,Punjab Sind Bank Apps,0.01,5.25,0.0,0.0,0.0,0.0,0.01,5.25,NPCI UPI Ecosystem Statistics via https://github.com/luckisalive/npci_upi_analytics@5c007daef0b69f30dd8e555c548ba6f3bd85c43f
2022,8,2022-08-01,RBL Bank Apps,0.82,162.46,0.0,0.0,0.01,0.56,0.82,163.02,NPCI UPI Ecosystem Statistics via https://github.com/luckisalive/npci_upi_analytics@5c007daef0b69f30dd8e555c548ba6f3bd85c43f
2022,8,2022-08-01,Samsung Pay,4.09,468.37,0.0,0.0,0.0,0.0,4.09,468.37,NPCI UPI Ecosystem Statistics via https://github.com/luckisalive/npci_upi_analytics@5c007daef0b69f30dd8e555c548ba6f3bd85c43f
2022,8,2022-08-01,South Indian Bank Apps,0.16,52.73,0.0,0.0,0.0,0.0,0.16,52.73,NPCI UPI Ecosystem Statistics via https://github.com/luckisalive/npci_upi_analytics@5c007daef0b69f30dd8e555c548ba6f3bd85c43f
2022,8,2022-08-01,Standard Chartered Bank Apps,0.14,73.6,0.0,0.0,0.0,0.0,0.14,73.6,NPCI UPI Ecosystem Statistics via https://github.com/luckisalive/npci_upi_analytics@5c007daef0b69f30dd8e555c548ba6f3bd85c43f
2022,8,2022-08-01,State Bank of India Apps,4.1,1926.51,0.0,0.0,0.0,0.0,4.1,1926.51,NPCI UPI Ecosystem Statistics via https://github.com/luckisalive/npci_upi_analytics@5c007daef0b69f30dd8e555c548ba6f3bd85c43f
2022,8,2022-08-01,TJSB Bank Apps,0.01,2.2,0.0,0.0,0.0,0.0,0.01,2.2,NPCI UPI Ecosystem Statistics via https://github.com/luckisalive/npci_upi_analytics@5c007daef0b69f30dd8e555c548ba6f3bd85c43f
2022,8,2022-08-01,Tamilnad Mercantile Bank Apps,0.06,7.94,0.0,0.0,0.0,0.0,0.06,7.94,NPCI UPI Ecosystem Statistics via https://github.com/luckisalive/npci_upi_analytics@5c007daef0b69f30dd8e555c548ba6f3bd85c43f
2022,8,2022-08-01,TataNeu,0.1,15.78,0.0,0.0,0.0,0.0,0.1,15.78,NPCI UPI Ecosystem Statistics via https://github.com/luckisalive/npci_upi_analytics@5c007daef0b69f30dd8e555c548ba6f3bd85c43f
2022,8,2022-08-01,UCO Bank Apps,0.25,65.69,0.0,0.0,0.0,0.0,0.25,65.69,NPCI UPI Ecosystem Statistics via https://github.com/luckisalive/npci_upi_analytics@5c007daef0b69f30dd8e555c548ba6f3bd85c43f
2022,8,2022-08-01,Ultracash,0.02,1.54,0.0,0.0,0.0,0.0,0.02,1.54,NPCI UPI Ecosystem Statistics via https://github.com/luckisalive/npci_upi_analytics@5c007daef0b69f30dd8e555c548ba6f3bd85c43f
2022,8,2022-08-01,Union Bank Apps,0.52,215.23,0.0,0.0,0.0,0.0,0.52,215.23,NPCI UPI Ecosystem Statistics via https://github.com/luckisalive/npci_upi_analytics@5c007daef0b69f30dd8e555c548ba6f3bd85c43f
2022,8,2022-08-01,Utkarsh Small Finance Bank Apps,0.02,4.71,0.0,0.0,0.0,0.0,0.02,4.71,NPCI UPI Ecosystem Statistics via https://github.com/luckisalive/npci_upi_analytics@5c007daef0b69f30dd8e555c548ba6f3bd85c43f
2022,8,2022-08-01,WhatsApp,6.72,567.17,0.0,0.0,0.0,0.0,6.72,567.17,NPCI UPI Ecosystem Statistics via https://github.com/luckisalive/npci_upi_analytics@5c007daef0b69f30dd8e555c548ba6f3bd85c43f
2022,8,2022-08-01,Yes Bank Apps,54.6,13008.95,0.0,0.0,3.2,3225.97,57.8,16234.92,NPCI UPI Ecosystem Statistics via https://github.com/luckisalive/npci_upi_analytics@5c007daef0b69f30dd8e555c548ba6f3bd85c43f
2022,9,2022-09-01,AU Small Finance Bank Apps,0.48,148.9,0.0,0.0,0.0,0.0,0.48,148.9,NPCI UPI Ecosystem Statistics via https://github.com/luckisalive/npci_upi_analytics@5c007daef0b69f30dd8e555c548ba6f3bd85c43f
2022,9,2022-09-01,Airtel Payments Bank Apps,9.14,680.76,0.0,0.0,0.0,0.02,9.15,680.89,NPCI UPI Ecosystem Statistics via https://github.com/luckisalive/npci_upi_analytics@5c007daef0b69f30dd8e555c548ba6f3bd85c43f
2022,9,2022-09-01,Allahabad Bank Apps,0.03,8.1,0.0,0.0,0.0,0.0,0.03,8.1,NPCI UPI Ecosystem Statistics via https://github.com/luckisalive/npci_upi_analytics@5c007daef0b69f30dd8e555c548ba6f3bd85c43f
2022,9,2022-09-01,Amazon Pay,57.38,6015.31,0.0,0.0,0.0,0.0,57.38,6015.31,NPCI UPI Ecosystem Statistics via https://github.com/luckisalive/npci_upi_analytics@5c007daef0b69f30dd8e555c548ba6f3bd85c43f
2022,9,2022-09-01,Axis Bank Apps,7.46,1421.09,50.24,46.13,0.02,1.85,57.72,1469.07,NPCI UPI Ecosystem Statistics via https://github.com/luckisalive/npci_upi_analytics@5c007daef0b69f30dd8e555c548ba6f3bd85c43f
2022,9,2022-09-01,BHIM,25.17,8308.65,0.0,0.0,0.0,0.0,25.17,8308.65,NPCI UPI Ecosystem Statistics via https://github.com/luckisalive/npci_upi_analytics@5c007daef0b69f30dd8e555c548ba6f3bd85c43f
2022,9,2022-09-01,Bajaj Finserv,3.3,236.19,0.0,0.0,0.0,0.0,3.3,236.19,NPCI UPI Ecosystem Statistics via https://github.com/luckisalive/npci_upi_analytics@5c007daef0b69f30dd8e555c548ba6f3bd85c43f
2022,9,2022-09-01,Bandhan Bank Apps,0.01,1.88,0.0,0.0,0.0,0.0,0.01,1.88,NPCI UPI Ecosystem Statistics via https://github.com/luckisalive/npci_upi_analytics@5c007daef0b69f30dd8e555c548ba6f3bd85c43f
2022,9,2022-09-01,Bank of Baroda Apps,1.11,443.84,0.0,0.0,0.0,0.0,1.11,443.85,NPCI UPI Ecosystem Statistics via https://github.com/luckisalive/npci_upi_analytics@5c007daef0b69f30dd8e555c548ba6f3bd85c43f
2022,9,2022-09-01,Bank of India Apps,0.18,54.59,0.0,0.0,0.0,0.0,0.18,54.59,NPCI UPI Ecosystem Statistics via https://github.com/luckisalive/npci_upi_analytics@5c007daef0b69f30dd8e555c548ba6f3bd85c43f
2022,9,2022-09-01,Bank of Maharashtra Apps,0.07,17.23,0.0,0.0,0.0,0.0,0.07,17.23,NPCI UPI Ecosystem Statistics via https://github.com/luckisalive/npci_upi_analytics@5c007daef0b69f30dd8e555c548ba6f3bd85c43f
2022,9,2022-09-01,Canara Bank Apps,0.78,207.18,0.0,0.0,0.0,0.0,0.78,207.18,NPCI UPI Ecosystem Statistics via https://github.com/luckisalive/npci_upi_analytics@5c007daef0b69f30dd8e555c548ba6f3bd85c43f
2022,9,2022-09-01,Central Bank of India Apps,0.28,68.37,0.0,0.0,0.0,0.01,0.28,68.38,NPCI UPI Ecosystem Statistics via https://github.com/luckisalive/npci_upi_analytics@5c007daef0b69f30dd8e555c548ba6f3bd85c43f
2022,9,2022-09-01,Citi Bank Apps,0.1,67.0,0.0,0.0,0.0,0.0,0.1,67.0,NPCI UPI Ecosystem Statistics via https://github.com/luckisalive/npci_upi_analytics@5c007daef0b69f30dd8e555c548ba6f3bd85c43f
2022,9,2022-09-01,City Union Bank Apps,0.04,12.45,0.0,0.0,0.0,0.0,0.04,12.45,NPCI UPI Ecosystem Statistics via https://github.com/luckisalive/npci_upi_analytics@5c007daef0b69f30dd8e555c548ba6f3bd85c43f
2022,9,2022-09-01,Cointab,0.04,19.35,0.0,0.0,0.0,0.0,0.04,19.35,NPCI UPI Ecosystem Statistics via https://github.com/luckisalive/npci_upi_analytics@5c007daef0b69f30dd8e555c548ba6f3bd85c43f
2022,9,2022-09-01,Cred,14.96,19237.92,0.0,0.0,0.0,0.0,14.96,19237.92,NPCI UPI Ecosystem Statistics via https://github.com/luckisalive/npci_upi_analytics@5c007daef0b69f30dd8e555c548ba6f3bd85c43f
2022,9,2022-09-01,DBS Digibank Apps,0.43,176.91,0.0,0.0,0.0,0.0,0.43,176.91,NPCI UPI Ecosystem Statistics via https://github.com/luckisalive/npci_upi_analytics@5c007daef0b69f30dd8e555c548ba6f3bd85c43f
2022,9,2022-09-01,Deutsche Bank Apps,1.58,98.43,0.0,0.0,0.0,0.01,1.58,98.43,NPCI UPI Ecosystem Statistics via https://github.com/luckisalive/npci_upi_analytics@5c007daef0b69f30dd8e555c548ba6f3bd85c43f
2022,9,2022-09-01,Dhanlaxmi Bank Apps,0.01,2.87,0.0,0.0,0.0,0.0,0.01,2.87,NPCI UPI Ecosystem Statistics via https://github.com/luckisalive/npci_upi_analytics@5c007daef0b69f30dd8e555c548ba6f3bd85c43f
2022,9,2022-09-01,Equitas Small Finance Bank Apps,0.02,8.76,0.0,0.0,0.0,0.0,0.02,8.76,NPCI UPI Ecosystem Statistics via https://github.com/luckisalive/npci_upi_analytics@5c007daef0b69f30dd8e555c548ba6f3bd85c43f
2022,9,2022-09-01,Fave,0.08,4.4,0.0,0.0,0.0,0.0,0.08,4.4,NPCI UPI Ecosystem Statistics via https://github.com/luckisalive/npci_upi_analytics@5c007daef0b69f30dd8e555c548ba6f3bd85c43f
2022,9,2022-09-01,Federal Bank App,3.84,549.95,0.0,0.0,0.0,0.0,3.84,549.95,NPCI UPI Ecosystem Statistics via https://github.com/luckisalive/npci_upi_analytics@5c007daef0b69f30dd8e555c548ba6f3bd85c43f
2022,9,2022-09-01,Fino Payments bank Apps,0.08,5.66,0.0,0.0,0.0,0.0,0.08,5.66,NPCI UPI Ecosystem Statistics via https://github.com/luckisalive/npci_upi_analytics@5c007daef0b69f30dd8e555c548ba6f3bd85c43f
2022,9,2022-09-01,GoIbibo,0.01,3.58,0.0,0.0,0.0,0.0,0.01,3.58,NPCI UPI Ecosystem Statistics via https://github.com/luckisalive/npci_upi_analytics@5c007daef0b69f30dd8e555c548ba6f3bd85c43f
2022,9,2022-09-01,Google Pay,2296.14,387996.14,0.0,0.0,0.0,0.0,2296.14,387996.14,NPCI UPI Ecosystem Statistics via https://github.com/luckisalive/npci_upi_analytics@5c007daef0b69f30dd8e555c548ba6f3bd85c43f
2022,9,2022-09-01,Groww,0.11,68.03,0.0,0.0,0.0,0.0,0.11,68.03,NPCI UPI Ecosystem Statistics via https://github.com/luckisalive/npci_upi_analytics@5c007daef0b69f30dd8e555c548ba6f3bd85c43f
2022,9,2022-09-01,HDFC Bank Apps,10.98,2686.1,0.0,0.0,0.0,0.0,10.98,2686.1,NPCI UPI Ecosystem Statistics via https://github.com/luckisalive/npci_upi_analytics@5c007daef0b69f30dd8e555c548ba6f3bd85c43f
2022,9,2022-09-01,HSBC Bank Apps,0.12,70.14,0.0,0.43,0.0,0.0,0.12,70.56,NPCI UPI Ecosystem Statistics via https://github.com/luckisalive/npci_upi_analytics@5c007daef0b69f30dd8e555c548ba6f3bd85c43f
2022,9,2022-09-01,ICICI Bank Apps,26.54,6862.5,4.84,366.84,3.45,3172.47,34.84,10401.81,NPCI UPI Ecosystem Statistics via https://github.com/luckisalive/npci_upi_analytics@5c007daef0b69f30dd8e555c548ba6f3bd85c43f
2022,9,2022-09-01,IDBI Bank Apps,0.05,24.18,0.0,0.0,0.0,0.0,0.05,24.18,NPCI UPI Ecosystem Statistics via https://github.com/luckisalive/npci_upi_analytics@5c007daef0b69f30dd8e555c548ba6f3bd85c43f
2022,9,2022-09-01,IDFC Bank Apps,11.53,824.51,0.0,0.0,0.0,0.01,11.53,824.52,NPCI UPI Ecosystem Statistics via https://github.com/luckisalive/npci_upi_analytics@5c007daef0b69f30dd8e555c548ba6f3bd85c43f
2022,9,2022-09-01,India Post Payments Bank Apps,5.22,572.75,0.0,0.0,0.0,0.0,5.22,572.75,NPCI UPI Ecosystem Statistics via https://github.com/luckisalive/npci_upi_analytics@5c007daef0b69f30dd8e555c548ba6f3bd85c43f
2022,9,2022-09-01,Indian Bank Apps,0.21,63.62,0.0,0.0,0.0,1.96,0.21,65.58,NPCI UPI Ecosystem Statistics via https://github.com/luckisalive/npci_upi_analytics@5c007daef0b69f30dd8e555c548ba6f3bd85c43f
2022,9,2022-09-01,Indian Overseas Bank Apps,0.02,4.79,0.0,0.0,0.0,0.0,0.02,4.79,NPCI UPI Ecosystem Statistics via https://github.com/luckisalive/npci_upi_analytics@5c007daef0b69f30dd8e555c548ba6f3bd85c43f
2022,9,2022-09-01,IndusInd Bank Apps,1.04,1439.51,0.0,0.0,0.0,0.0,1.04,1439.51,NPCI UPI Ecosystem Statistics via https://github.com/luckisalive/npci_upi_analytics@5c007daef0b69f30dd8e555c548ba6f3bd85c43f
2022,9,2022-09-01,Janata Sahakari Bank Apps,0.01,4.42,0.0,0.0,0.0,0.0,0.01,4.42,NPCI UPI Ecosystem Statistics via https://github.com/luckisalive/npci_upi_analytics@5c007daef0b69f30dd8e555c548ba6f3bd85c43f
2022,9,2022-09-01,Jio Payments Bank Apps,1.4,90.36,0.0,0.0,0.0,0.0,1.4,90.36,NPCI UPI Ecosystem Statistics via https://github.com/luckisalive/npci_upi_analytics@5c007daef0b69f30dd8e555c548ba6f3bd85c43f
2022,9,2022-09-01,Jupiter,2.09,259.71,0.0,0.0,0.0,0.0,2.09,259.71,NPCI UPI Ecosystem Statistics via https://github.com/luckisalive/npci_upi_analytics@5c007daef0b69f30dd8e555c548ba6f3bd85c43f
2022,9,2022-09-01,Karnataka Bank Apps,0.4,63.84,0.0,0.0,0.0,0.0,0.4,63.84,NPCI UPI Ecosystem Statistics via https://github.com/luckisalive/npci_upi_analytics@5c007daef0b69f30dd8e555c548ba6f3bd85c43f
2022,9,2022-09-01,Karur Vysya Bank Apps,0.04,16.74,0.0,0.0,0.0,0.0,0.04,16.74,NPCI UPI Ecosystem Statistics via https://github.com/luckisalive/npci_upi_analytics@5c007daef0b69f30dd8e555c548ba6f3bd85c43f
2022,9,2022-09-01,Kotak Mahindra Bank Apps,10.52,2230.6,0.0,0.0,0.0,0.0,10.52,2230.61,NPCI UPI Ecosystem Statistics via https://github.com/luckisalive/npci_upi_analytics@5c007daef0b69f30dd8e555c548ba6f3bd85c43f
2022,9,2022-09-01,MI Pay,0.03,3.87,0.0,0.0,0.0,0.0,0.03,3.87,NPCI UPI Ecosystem Statistics via https://github.com/luckisalive/npci_upi_analytics@5c007daef0b69f30dd8e555c548ba6f3bd85c43f
2022,9,2022-09-01,MakeMyTrip,0.1,47.83,0.0,0.0,0.0,0.0,0.1,47.83,NPCI UPI Ecosystem Statistics via https://github.com/luckisalive/npci_upi_analytics@5c007daef0b69f30dd8e555c548ba6f3bd85c43f
2022,9,2022-09-01,Mobikwik,3.04,632.71,0.0,0.0,0.0,0.0,3.04,632.71,NPCI UPI Ecosystem Statistics via https://github.com/luckisalive/npci_upi_analytics@5c007daef0b69f30dd8e555c548ba6f3bd85c43f
2022,9,2022-09-01,NSDL Payments Bank Apps,0.02,2.79,0.0,0.0,0.0,0.0,0.02,2.79,NPCI UPI Ecosystem Statistics via https://github.com/luckisalive/npci_upi_analytics@5c007daef0b69f30dd8e555c548ba6f3bd85c43f
2022,9,2022-09-01,Other,0.01,4.85,0.0,0.0,0.0,0.0,0.01,4.85,NPCI UPI Ecosystem Statistics via https://github.com/luckisalive/npci_upi_analytics@5c007daef0b69f30dd8e555c548ba6f3bd85c43f
2022,9,2022-09-01,Paytm,924.77,101163.26,2.92,9.55,0.4,489.04,1037.2,120805.34,NPCI UPI Ecosystem Statistics via https://github.com/luckisalive/npci_upi_analytics@5c007daef0b69f30dd8e555c548ba6f3bd85c43f
2022,9,2022-09-01,PhonePe,3216.78,549583.77,0.0,0.0,0.0,0.0,3216.78,549583.77,NPCI UPI Ecosystem Statistics via https://github.com/luckisalive/npci_upi_analytics@5c007daef0b69f30dd8e555c548ba6f3bd85c43f
2022,9,2022-09-01,Punjab National Bank Apps,0.13,59.01,0.0,0.0,0.0,0.0,0.13,59.01,NPCI UPI Ecosystem Statistics via https://github.com/luckisalive/npci_upi_analytics@5c007daef0b69f30dd8e555c548ba6f3bd85c43f
2022,9,2022-09-01,Punjab Sind Bank Apps,0.02,6.88,0.0,0.0,0.0,0.0,0.02,6.88,NPCI UPI Ecosystem Statistics via https://github.com/luckisalive/npci_upi_analytics@5c007daef0b69f30dd8e555c548ba6f3bd85c43f
2022,9,2022-09-01,RBL Bank Apps,0.96,199.7,0.0,0.0,0.03,1.21,0.99,200.91,NPCI UPI Ecosystem Statistics via https://github.com/luckisalive/npci_upi_analytics@5c007daef0b69f30dd8e555c548ba6f3bd85c43f
2022,9,2022-09-01,Samsung Pay,4.55,495.89,0.0,0.0,0.0,0.0,4.55,495.89,NPCI UPI Ecosystem Statistics via https://github.com/luckisalive/npci_upi_analytics@5c007daef0b69f30dd8e555c548ba6f3bd85c43f
2022,9,2022-09-01,South Indian Bank Apps,0.17,56.54,0.0,0.0,0.0,0.0,0.17,56.54,NPCI UPI Ecosystem Statistics via https://github.com/luckisalive/npci_upi_analytics@5c007daef0b69f30dd8e555c548ba6f3bd85c43f
2022,9,2022-09-01,Standard Chartered Bank Apps,0.14,78.49,0.0,0.0,0.0,0.01,0.14,78.5,NPCI UPI Ecosystem Statistics via https://github.com/luckisalive/npci_upi_analytics@5c007daef0b69f30dd8e555c548ba6f3bd85c43f
2022,9,2022-09-01,State Bank of India Apps,3.57,1818.89,0.0,0.0,0.0,0.0,3.57,1818.89,NPCI UPI Ecosystem Statistics via https://github.com/luckisalive/npci_upi_analytics@5c007daef0b69f30dd8e555c548ba6f3bd85c43f
2022,9,2022-09-01,TJSB Bank Apps,0.01,2.06,0.0,0.0,0.0,0.0,0.01,2.06,NPCI UPI Ecosystem Statistics via https://github.com/luckisalive/npci_upi_analytics@5c007daef0b69f30dd8e555c548ba6f3bd85c43f
2022,9,2022-09-01,Tamilnad Mercantile Bank Apps,0.06,9.21,0.0,0.0,0.0,0.0,0.06,9.21,NPCI UPI Ecosystem Statistics via https://github.com/luckisalive/npci_upi_analytics@5c007daef0b69f30dd8e555c548ba6f3bd85c43f
2022,9,2022-09-01,TataNeu,0.13,17.23,0.0,0.0,0.0,0.0,0.13,17.23,NPCI UPI Ecosystem Statistics via https://github.com/luckisalive/npci_upi_analytics@5c007daef0b69f30dd8e555c548ba6f3bd85c43f
2022,9,2022-09-01,UCO Bank Apps,0.26,75.02,0.0,0.0,0.0,0.0,0.26,75.02,NPCI UPI Ecosystem Statistics via https://github.com/luckisalive/npci_upi_analytics@5c007daef0b69f30dd8e555c548ba6f3bd85c43f
2022,9,2022-09-01,Ultracash,0.01,0.7,0.0,0.0,0.0,0.0,0.01,0.7,NPCI UPI Ecosystem Statistics via https://github.com/luckisalive/npci_upi_analytics@5c007daef0b69f30dd8e555c548ba6f3bd85c43f
2022,9,2022-09-01,Union Bank Apps,0.55,237.54,0.0,0.0,0.0,0.0,0.55,237.54,NPCI UPI Ecosystem Statistics via https://github.com/luckisalive/npci_upi_analytics@5c007daef0b69f30dd8e555c548ba6f3bd85c43f
2022,9,2022-09-01,Utkarsh Small Finance Bank Apps,0.02,5.59,0.0,0.0,0.0,0.0,0.02,5.59,NPCI UPI Ecosystem Statistics via https://github.com/luckisalive/npci_upi_analytics@5c007daef0b69f30dd8e555c548ba6f3bd85c43f
2022,9,2022-09-01,WhatsApp,7.43,631.63,0.0,0.0,0.0,0.0,7.43,631.63,NPCI UPI Ecosystem Statistics via https://github.com/luckisalive/npci_upi_analytics@5c007daef0b69f30dd8e555c548ba6f3bd85c43f
2022,9,2022-09-01,Yes Bank Apps,60.8,14034.34,0.0,0.0,2.3,2103.46,63.1,16137.8,NPCI UPI Ecosystem Statistics via https://github.com/luckisalive/npci_upi_analytics@5c007daef0b69f30dd8e555c548ba6f3bd85c43f
2022,10,2022-10-01,AU Small Finance Bank Apps,0.54,161.99,0.0,0.0,0.0,0.0,0.54,161.99,NPCI UPI Ecosystem Statistics via https://github.com/luckisalive/npci_upi_analytics@5c007daef0b69f30dd8e555c548ba6f3bd85c43f
2022,10,2022-10-01,Airtel Payments Bank Apps,9.44,775.04,0.0,0.0,0.0,0.0,9.44,775.19,NPCI UPI Ecosystem Statistics via https://github.com/luckisalive/npci_upi_analytics@5c007daef0b69f30dd8e555c548ba6f3bd85c43f
2022,10,2022-10-01,Allahabad Bank Apps,0.03,9.33,0.0,0.0,0.0,0.0,0.03,9.33,NPCI UPI Ecosystem Statistics via https://github.com/luckisalive/npci_upi_analytics@5c007daef0b69f30dd8e555c548ba6f3bd85c43f
2022,10,2022-10-01,Amazon Pay,56.42,6060.5,0.0,0.0,0.0,0.0,56.42,6060.5,NPCI UPI Ecosystem Statistics via https://github.com/luckisalive/npci_upi_analytics@5c007daef0b69f30dd8e555c548ba6f3bd85c43f
2022,10,2022-10-01,Axis Bank Apps,7.83,1502.28,52.13,51.48,0.03,2.09,59.99,1555.84,NPCI UPI Ecosystem Statistics via https://github.com/luckisalive/npci_upi_analytics@5c007daef0b69f30dd8e555c548ba6f3bd85c43f
2022,10,2022-10-01,BHIM,25.49,8523.17,0.0,0.0,0.0,0.0,25.49,8523.17,NPCI UPI Ecosystem Statistics via https://github.com/luckisalive/npci_upi_analytics@5c007daef0b69f30dd8e555c548ba6f3bd85c43f
2022,10,2022-10-01,Bajaj Finserv,4.12,472.71,0.0,0.0,0.0,0.0,4.12,472.71,NPCI UPI Ecosystem Statistics via https://github.com/luckisalive/npci_upi_analytics@5c007daef0b69f30dd8e555c548ba6f3bd85c43f
2022,10,2022-10-01,Bank of Baroda Apps,1.23,466.23,0.0,0.0,0.0,0.0,1.23,466.23,NPCI UPI Ecosystem Statistics via https://github.com/luckisalive/npci_upi_analytics@5c007daef0b69f30dd8e555c548ba6f3bd85c43f
2022,10,2022-10-01,Bank of India Apps,0.2,59.97,0.0,0.0,0.0,0.0,0.2,59.97,NPCI UPI Ecosystem Statistics via https://github.com/luckisalive/npci_upi_analytics@5c007daef0b69f30dd8e555c548ba6f3bd85c43f
2022,10,2022-10-01,Bank of Maharashtra Apps,0.07,20.1,0.0,0.0,0.0,0.0,0.07,20.1,NPCI UPI Ecosystem Statistics via https://github.com/luckisalive/npci_upi_analytics@5c007daef0b69f30dd8e555c548ba6f3bd85c43f
2022,10,2022-10-01,Canara Bank Apps,0.81,219.07,0.0,0.0,0.0,0.0,0.81,219.07,NPCI UPI Ecosystem Statistics via https://github.com/luckisalive/npci_upi_analytics@5c007daef0b69f30dd8e555c548ba6f3bd85c43f
2022,10,2022-10-01,Central Bank of India Apps,0.3,71.64,0.0,0.0,0.0,0.02,0.3,71.66,NPCI UPI Ecosystem Statistics via https://github.com/luckisalive/npci_upi_analytics@5c007daef0b69f30dd8e555c548ba6f3bd85c43f
2022,10,2022-10-01,Citi Bank Apps,0.09,66.83,0.0,0.0,0.0,0.0,0.09,66.83,NPCI UPI Ecosystem Statistics via https://github.com/luckisalive/npci_upi_analytics@5c007daef0b69f30dd8e555c548ba6f3bd85c43f
2022,10,2022-10-01,City Union Bank Apps,0.04,12.85,0.0,0.0,0.0,0.0,0.04,12.85,NPCI UPI Ecosystem Statistics via https://github.com/luckisalive/npci_upi_analytics@5c007daef0b69f30dd8e555c548ba6f3bd85c43f
2022,10,2022-10-01,Cointab,0.03,11.67,0.0,0.0,0.0,0.0,0.03,11.67,NPCI UPI Ecosystem Statistics via https://github.com/luckisalive/npci_upi_analytics@5c007daef0b69f30dd8e555c548ba6f3bd85c43f
2022,10,2022-10-01,Cred,21.28,20259.7,0.0,0.0,0.0,0.0,21.28,20259.7,NPCI UPI Ecosystem Statistics via https://github.com/luckisalive/npci_upi_analytics@5c007daef0b69f30dd8e555c548ba6f3bd85c43f
2022,10,2022-10-01,DBS Digibank Apps,0.43,179.26,0.0,0.0,0.0,0.0,0.43,179.26,NPCI UPI Ecosystem Statistics via https://github.com/luckisalive/npci_upi_analytics@5c007daef0b69f30dd8e555c548ba6f3bd85c43f
2022,10,2022-10-01,Deutsche Bank Apps,1.25,111.93,0.0,0.0,0.0,0.01,1.26,111.93,NPCI UPI Ecosystem Statistics via https://github.com/luckisalive/npci_upi_analytics@5c007daef0b69f30dd8e555c548ba6f3bd85c43f
2022,10,2022-10-01,Dhanlaxmi Bank Apps,0.01,3.21,0.0,0.0,0.0,0.0,0.01,3.21,NPCI UPI Ecosystem Statistics via https://github.com/luckisalive/npci_upi_analytics@5c007daef0b69f30dd8e555c548ba6f3bd85c43f
2022,10,2022-10-01,Equitas Small Finance Bank Apps,0.02,8.28,0.0,0.0,0.0,0.0,0.02,8.28,NPCI UPI Ecosystem Statistics via https://github.com/luckisalive/npci_upi_analytics@5c007daef0b69f30dd8e555c548ba6f3bd85c43f
2022,10,2022-10-01,Fampay PPI,4.06,56.79,0.0,0.0,0.0,0.01,4.06,56.79,NPCI UPI Ecosystem Statistics via https://github.com/luckisalive/npci_upi_analytics@5c007daef0b69f30dd8e555c548ba6f3bd85c43f
2022,10,2022-10-01,Fave,0.04,2.53,0.0,0.0,0.0,0.0,0.04,2.53,NPCI UPI Ecosystem Statistics via https://github.com/luckisalive/npci_upi_analytics@5c007daef0b69f30dd8e555c548ba6f3bd85c43f
2022,10,2022-10-01,Federal Bank App,4.19,574.92,0.0,0.0,0.0,0.0,4.19,574.92,NPCI UPI Ecosystem Statistics via https://github.com/luckisalive/npci_upi_analytics@5c007daef0b69f30dd8e555c548ba6f3bd85c43f
2022,10,2022-10-01,Fino Payments bank Apps,0.09,6.46,0.0,0.0,0.0,0.0,0.09,6.46,NPCI UPI Ecosystem Statistics via https://github.com/luckisalive/npci_upi_analytics@5c007daef0b69f30dd8e555c548ba6f3bd85c43f
2022,10,2022-10-01,GoIbibo,0.01,1.84,0.0,0.0,0.0,0.0,0.01,1.84,NPCI UPI Ecosystem Statistics via https://github.com/luckisalive/npci_upi_analytics@5c007daef0b69f30dd8e555c548ba6f3bd85c43f
2022,10,2022-10-01,Google Pay,2496.42,420978.38,0.0,0.0,0.0,0.0,2496.42,420978.38,NPCI UPI Ecosystem Statistics via https://github.com/luckisalive/npci_upi_analytics@5c007daef0b69f30dd8e555c548ba6f3bd85c43f
2022,10,2022-10-01,HDFC Bank Apps,11.96,2997.27,0.0,0.0,0.0,0.03,11.96,2997.29,NPCI UPI Ecosystem Statistics via https://github.com/luckisalive/npci_upi_analytics@5c007daef0b69f30dd8e555c548ba6f3bd85c43f
2022,10,2022-10-01,HSBC Bank Apps,0.14,77.42,0.0,0.38,0.0,0.0,0.14,77.8,NPCI UPI Ecosystem Statistics via https://github.com/luckisalive/npci_upi_analytics@5c007daef0b69f30dd8e555c548ba6f3bd85c43f
2022,10,2022-10-01,ICICI Bank Apps,31.22,8073.99,5.04,381.41,5.34,6074.12,41.61,14529.52,NPCI UPI Ecosystem Statistics via https://github.com/luckisalive/npci_upi_analytics@5c007daef0b69f30dd8e555c548ba6f3bd85c43f
2022,10,2022-10-01,IDBI Bank Apps,0.06,25.92,0.0,0.0,0.0,0.0,0.06,25.92,NPCI UPI Ecosystem Statistics via https://github.com/luckisalive/npci_upi_analytics@5c007daef0b69f30dd8e555c548ba6f3bd85c43f
2022,10,2022-10-01,IDFC Bank Apps,9.98,888.44,0.0,0.0,0.0,0.0,9.98,888.45,NPCI UPI Ecosystem Statistics via https://github.com/luckisalive/npci_upi_analytics@5c007daef0b69f30dd8e555c548ba6f3bd85c43f
2022,10,2022-10-01,India Post Payments Bank Apps,4.7,630.43,0.0,0.0,0.0,0.0,4.7,630.43,NPCI UPI Ecosystem Statistics via https://github.com/luckisalive/npci_upi_analytics@5c007daef0b69f30dd8e555c548ba6f3bd85c43f
2022,10,2022-10-01,Indian Bank Apps,0.23,68.97,0.0,0.0,0.0,0.0,0.23,68.97,NPCI UPI Ecosystem Statistics via https://github.com/luckisalive/npci_upi_analytics@5c007daef0b69f30dd8e555c548ba6f3bd85c43f
2022,10,2022-10-01,Indian Overseas Bank Apps,0.01,4.72,0.0,0.0,0.0,0.0,0.01,4.72,NPCI UPI Ecosystem Statistics via https://github.com/luckisalive/npci_upi_analytics@5c007daef0b69f30dd8e555c548ba6f3bd85c43f
2022,10,2022-10-01,IndusInd Bank Apps,1.15,1516.68,0.0,0.0,0.0,0.0,1.15,1516.68,NPCI UPI Ecosystem Statistics via https://github.com/luckisalive/npci_upi_analytics@5c007daef0b69f30dd8e555c548ba6f3bd85c43f
2022,10,2022-10-01,Janata Sahakari Bank Apps,0.01,4.8,0.0,0.0,0.0,0.0,0.01,4.8,NPCI UPI Ecosystem Statistics via https://github.com/luckisalive/npci_upi_analytics@5c007daef0b69f30dd8e555c548ba6f3bd85c43f
2022,10,2022-10-01,Jio Payments Bank Apps,1.38,98.87,0.0,0.0,0.0,0.0,1.38,98.87,NPCI UPI Ecosystem Statistics via https://github.com/luckisalive/npci_upi_analytics@5c007daef0b69f30dd8e555c548ba6f3bd85c43f
2022,10,2022-10-01,Jupiter,2.18,280.43,0.0,0.0,0.0,0.0,2.18,280.43,NPCI UPI Ecosystem Statistics via https://github.com/luckisalive/npci_upi_analytics@5c007daef0b69f30dd8e555c548ba6f3bd85c43f
2022,10,2022-10-01,Karnataka Bank Apps,0.43,76.62,0.0,0.0,0.0,0.0,0.43,76.62,NPCI UPI Ecosystem Statistics via https://github.com/luckisalive/npci_upi_analytics@5c007daef0b69f30dd8e555c548ba6f3bd85c43f
2022,10,2022-10-01,Karur Vysya Bank Apps,0.04,17.62,0.0,0.0,0.0,0.0,0.04,17.62,NPCI UPI Ecosystem Statistics via https://github.com/luckisalive/npci_upi_analytics@5c007daef0b69f30dd8e555c548ba6f3bd85c43f
2022,10,2022-10-01,Kotak Mahindra Bank Apps,11.46,2426.65,0.0,0.0,0.0,0.0,11.46,2426.65,NPCI UPI Ecosystem Statistics via https://github.com/luckisalive/npci_upi_analytics@5c007daef0b69f30dd8e555c548ba6f3bd85c43f
2022,10,2022-10-01,MakeMyTrip,0.07,31.85,0.0,0.0,0.0,0.0,0.07,31.85,NPCI UPI Ecosystem Statistics via https://github.com/luckisalive/npci_upi_analytics@5c007daef0b69f30dd8e555c548ba6f3bd85c43f
2022,10,2022-10-01,Mobikwik,3.28,708.12,0.0,0.0,0.0,0.0,3.28,708.12,NPCI UPI Ecosystem Statistics via https://github.com/luckisalive/npci_upi_analytics@5c007daef0b69f30dd8e555c548ba6f3bd85c43f
2022,10,2022-10-01,NSDL Payments Bank Apps,0.02,3.13,0.0,0.0,0.0,0.0,0.02,3.13,NPCI UPI Ecosystem Statistics via https://github.com/luckisalive/npci_upi_analytics@5c007daef0b69f30dd8e555c548ba6f3bd85c43f
2022,10,2022-10-01,Other,0.02,5.87,0.0,0.0,0.0,0.0,0.02,5.87,NPCI UPI Ecosystem Statistics via https://github.com/luckisalive/npci_upi_analytics@5c007daef0b69f30dd8e555c548ba6f3bd85c43f
2022,10,2022-10-01,Paytm,995.34,112062.51,4.9,14.36,0.43,541.32,1109.6,133620.54,NPCI UPI Ecosystem Statistics via https://github.com/luckisalive/npci_upi_analytics@5c007daef0b69f30dd8e555c548ba6f3bd85c43f
2022,10,2022-10-01,PhonePe,3452.87,593759.02,0.0,0.0,0.0,0.0,3452.87,593759.02,NPCI UPI Ecosystem Statistics via https://github.com/luckisalive/npci_upi_analytics@5c007daef0b69f30dd8e555c548ba6f3bd85c43f
2022,10,2022-10-01,Punjab National Bank Apps,0.15,62.77,0.0,0.0,0.0,0.0,0.15,62.77,NPCI UPI Ecosystem Statistics via https://github.com/luckisalive/npci_upi_analytics@5c007daef0b69f30dd8e555c548ba6f3bd85c43f
2022,10,2022-10-01,Punjab Sind Bank Apps,0.02,8.05,0.0,0.0,0.0,0.0,0.02,8.05,NPCI UPI Ecosystem Statistics via https://github.com/luckisalive/npci_upi_analytics@5c007daef0b69f30dd8e555c548ba6f3bd85c43f
2022,10,2022-10-01,RBL Bank Apps,1.07,243.44,0.0,0.01,0.01,1.71,1.08,245.16,NPCI UPI Ecosystem Statistics via https://github.com/luckisalive/npci_upi_analytics@5c007daef0b69f30dd8e555c548ba6f3bd85c43f
2022,10,2022-10-01,Samsung Pay,5.09,554.33,0.0,0.0,0.0,0.0,5.09,554.33,NPCI UPI Ecosystem Statistics via https://github.com/luckisalive/npci_upi_analytics@5c007daef0b69f30dd8e555c548ba6f3bd85c43f
2022,10,2022-10-01,South Indian Bank Apps,0.19,58.2,0.0,0.0,0.0,0.0,0.19,58.2,NPCI UPI Ecosystem Statistics via https://github.com/luckisalive/npci_upi_analytics@5c007daef0b69f30dd8e555c548ba6f3bd85c43f
2022,10,2022-10-01,Standard Chartered Bank Apps,0.15,86.63,0.07,2.29,0.0,0.0,0.22,88.92,NPCI UPI Ecosystem Statistics via https://github.com/luckisalive/npci_upi_analytics@5c007daef0b69f30dd8e555c548ba6f3bd85c43f
2022,10,2022-10-01,State Bank of India Apps,4.1,1936.72,0.0,0.0,0.0,0.01,4.1,1936.72,NPCI UPI Ecosystem Statistics via https://github.com/luckisalive/npci_upi_analytics@5c007daef0b69f30dd8e555c548ba6f3bd85c43f
2022,10,2022-10-01,TJSB Bank Apps,0.01,1.86,0.0,0.0,0.0,0.0,0.01,1.86,NPCI UPI Ecosystem Statistics via https://github.com/luckisalive/npci_upi_analytics@5c007daef0b69f30dd8e555c548ba6f3bd85c43f
2022,10,2022-10-01,Tamilnad Mercantile Bank Apps,0.06,9.81,0.0,0.0,0.0,0.0,0.06,9.81,NPCI UPI Ecosystem Statistics via https://github.com/luckisalive/npci_upi_analytics@5c007daef0b69f30dd8e555c548ba6f3bd85c43f
2022,10,2022-10-01,TataNeu,0.14,18.3,0.0,0.0,0.0,0.0,0.14,18.3,NPCI UPI Ecosystem Statistics via https://github.com/luckisalive/npci_upi_analytics@5c007daef0b69f30dd8e555c548ba6f3bd85c43f
2022,10,2022-10-01,UCO Bank Apps,0.28,80.38,0.0,0.0,0.0,0.0,0.28,80.38,NPCI UPI Ecosystem Statistics via https://github.com/luckisalive/npci_upi_analytics@5c007daef0b69f30dd8e555c548ba6f3bd85c43f
2022,10,2022-10-01,Ultracash,0.02,0.24,0.0,0.0,0.0,0.0,0.02,0.24,NPCI UPI Ecosystem Statistics via https://github.com/luckisalive/npci_upi_analytics@5c007daef0b69f30dd8e555c548ba6f3bd85c43f
2022,10,2022-10-01,Union Bank Apps,0.82,290.75,0.0,0.0,0.0,0.0,0.82,290.75,NPCI UPI Ecosystem Statistics via https://github.com/luckisalive/npci_upi_analytics@5c007daef0b69f30dd8e555c548ba6f3bd85c43f
2022,10,2022-10-01,Utkarsh Small Finance Bank Apps,0.02,6.31,0.0,0.0,0.0,0.0,0.02,6.31,NPCI UPI Ecosystem Statistics via https://github.com/luckisalive/npci_upi_analytics@5c007daef0b69f30dd8e555c548ba6f3bd85c43f
2022,10,2022-10-01,WhatsApp,8.38,708.56,0.0,0.0,0.0,0.0,8.38,708.56,NPCI UPI Ecosystem Statistics via https://github.com/luckisalive/npci_upi_analytics@5c007daef0b69f30dd8e555c548ba6f3bd85c43f
2022,10,2022-10-01,Yes Bank Apps,55.43,15984.43,0.0,0.0,0.52,86.46,55.94,16070.88,NPCI UPI Ecosystem Statistics via https://github.com/luckisalive/npci_upi_analytics@5c007daef0b69f30dd8e555c548ba6f3bd85c43f
2022,11,2022-11-01,AU Small Finance Bank Apps,0.53,160.3,0.0,0.0,0.0,0.0,0.53,160.3,NPCI UPI Ecosystem Statistics via https://github.com/luckisalive/npci_upi_analytics@5c007daef0b69f30dd8e555c548ba6f3bd85c43f
2022,11,2022-11-01,Airtel Payments Bank Apps,8.73,671.0,0.0,0.0,0.0,0.0,8.73,671.09,NPCI UPI Ecosystem Statistics via https://github.com/luckisalive/npci_upi_analytics@5c007daef0b69f30dd8e555c548ba6f3bd85c43f
2022,11,2022-11-01,Allahabad Bank Apps,0.03,8.98,0.0,0.0,0.0,0.0,0.03,8.98,NPCI UPI Ecosystem Statistics via https://github.com/luckisalive/npci_upi_analytics@5c007daef0b69f30dd8e555c548ba6f3bd85c43f
2022,11,2022-11-01,Amazon Pay,59.76,5873.36,0.0,0.0,0.0,0.0,59.76,5873.36,NPCI UPI Ecosystem Statistics via https://github.com/luckisalive/npci_upi_analytics@5c007daef0b69f30dd8e555c548ba6f3bd85c43f
2022,11,2022-11-01,Andhra Bank Apps,0.01,1.53,0.0,0.0,0.0,0.0,0.01,1.53,NPCI UPI Ecosystem Statistics via https://github.com/luckisalive/npci_upi_analytics@5c007daef0b69f30dd8e555c548ba6f3bd85c43f
2022,11,2022-11-01,Axis Bank Apps,6.16,1061.61,71.59,57.35,0.03,2.28,77.77,1121.24,NPCI UPI Ecosystem Statistics via https://github.com/luckisalive/npci_upi_analytics@5c007daef0b69f30dd8e555c548ba6f3bd85c43f
2022,11,2022-11-01,BHIM,25.01,8144.83,0.0,0.0,0.0,0.0,25.01,8144.83,NPCI UPI Ecosystem Statistics via https://github.com/luckisalive/npci_upi_analytics@5c007daef0b69f30dd8e555c548ba6f3bd85c43f
2022,11,2022-11-01,Bajaj Finserv,3.9,464.41,0.0,0.0,0.0,0.0,3.9,464.41,NPCI UPI Ecosystem Statistics via https://github.com/luckisalive/npci_upi_analytics@5c007daef0b69f30dd8e555c548ba6f3bd85c43f
2022,11,2022-11-01,Bandhan Bank Apps,0.01,1.21,0.0,0.0,0.0,0.0,0.01,1.21,NPCI UPI Ecosystem Statistics via https://github.com/luckisalive/npci_upi_analytics@5c007daef0b69f30dd8e555c548ba6f3bd85c43f
2022,11,2022-11-01,Bank of Baroda Apps,1.26,455.8,0.0,0.0,0.0,0.0,1.26,455.8,NPCI UPI Ecosystem Statistics via https://github.com/luckisalive/npci_upi_analytics@5c007daef0b69f30dd8e555c548ba6f3bd85c43f
2022,11,2022-11-01,Bank of India Apps,0.2,57.87,0.0,0.0,0.0,0.0,0.2,57.87,NPCI UPI Ecosystem Statistics via https://github.com/luckisalive/npci_upi_analytics@5c007daef0b69f30dd8e555c548ba6f3bd85c43f
2022,11,2022-11-01,Bank of Maharashtra Apps,0.07,18.29,0.0,0.0,0.0,0.0,0.07,18.29,NPCI UPI Ecosystem Statistics via https://github.com/luckisalive/npci_upi_analytics@5c007daef0b69f30dd8e555c548ba6f3bd85c43f
2022,11,2022-11-01,Canara Bank Apps,0.86,232.51,0.0,0.0,0.0,0.0,0.86,232.51,NPCI UPI Ecosystem Statistics via https://github.com/luckisalive/npci_upi_analytics@5c007daef0b69f30dd8e555c548ba6f3bd85c43f
2022,11,2022-11-01,Central Bank of India Apps,0.27,63.29,0.0,0.0,0.0,0.02,0.27,63.31,NPCI UPI Ecosystem Statistics via https://github.com/luckisalive/npci_upi_analytics@5c007daef0b69f30dd8e555c548ba6f3bd85c43f
2022,11,2022-11-01,Citi Bank Apps,0.13,60.76,0.0,0.0,0.0,0.0,0.13,60.76,NPCI UPI Ecosystem Statistics via https://github.com/luckisalive/npci_upi_analytics@5c007daef0b69f30dd8e555c548ba6f3bd85c43f
2022,11,2022-11-01,City Union Bank Apps,0.04,12.58,0.0,0.0,0.0,0.0,0.04,12.58,NPCI UPI Ecosystem Statistics via https://github.com/luckisalive/npci_upi_analytics@5c007daef0b69f30dd8e555c548ba6f3bd85c43f
2022,11,2022-11-01,Cointab,0.03,13.87,0.0,0.0,0.0,0.0,0.03,13.87,NPCI UPI Ecosystem Statistics via https://github.com/luckisalive/npci_upi_analytics@5c007daef0b69f30dd8e555c548ba6f3bd85c43f
2022,11,2022-11-01,Cred,25.63,18599.72,0.0,0.0,0.0,0.0,25.63,18599.72,NPCI UPI Ecosystem Statistics via https://github.com/luckisalive/npci_upi_analytics@5c007daef0b69f30dd8e555c548ba6f3bd85c43f
2022,11,2022-11-01,DBS Digibank Apps,0.4,169.55,0.0,0.0,0.0,0.0,0.41,169.55,NPCI UPI Ecosystem Statistics via https://github.com/luckisalive/npci_upi_analytics@5c007daef0b69f30dd8e555c548ba6f3bd85c43f
2022,11,2022-11-01,Deutsche Bank Apps,1.3,104.2,0.0,0.0,0.0,0.01,1.3,104.21,NPCI UPI Ecosystem Statistics via https://github.com/luckisalive/npci_upi_analytics@5c007daef0b69f30dd8e555c548ba6f3bd85c43f
2022,11,2022-11-01,Dhanlaxmi Bank Apps,0.01,2.75,0.0,0.0,0.0,0.0,0.01,2.75,NPCI UPI Ecosystem Statistics via https://github.com/luckisalive/npci_upi_analytics@5c007daef0b69f30dd8e555c548ba6f3bd85c43f
2022,11,2022-11-01,Equitas Small Finance Bank Apps,0.02,9.82,0.0,0.0,0.0,0.0,0.02,9.82,NPCI UPI Ecosystem Statistics via https://github.com/luckisalive/npci_upi_analytics@5c007daef0b69f30dd8e555c548ba6f3bd85c43f
2022,11,2022-11-01,Fampay PPI,4.88,64.75,0.0,0.0,0.0,0.0,4.88,64.75,NPCI UPI Ecosystem Statistics via https://github.com/luckisalive/npci_upi_analytics@5c007daef0b69f30dd8e555c548ba6f3bd85c43f
2022,11,2022-11-01,Fave,0.05,2.83,0.0,0.0,0.0,0.0,0.05,2.83,NPCI UPI Ecosystem Statistics via https://github.com/luckisalive/npci_upi_analytics@5c007daef0b69f30dd8e555c548ba6f3bd85c43f
2022,11,2022-11-01,Federal Bank App,4.11,553.97,0.0,0.0,0.0,0.0,4.11,553.97,NPCI UPI Ecosystem Statistics via https://github.com/luckisalive/npci_upi_analytics@5c007daef0b69f30dd8e555c548ba6f3bd85c43f
2022,11,2022-11-01,Fino Payments bank Apps,0.1,6.61,0.0,0.0,0.0,0.0,0.1,6.61,NPCI UPI Ecosystem Statistics via https://github.com/luckisalive/npci_upi_analytics@5c007daef0b69f30dd8e555c548ba6f3bd85c43f
2022,11,2022-11-01,Google Pay,2541.14,409714.75,0.0,0.0,0.0,0.0,2541.14,409714.75,NPCI UPI Ecosystem Statistics via https://github.com/luckisalive/npci_upi_analytics@5c007daef0b69f30dd8e555c548ba6f3bd85c43f
2022,11,2022-11-01,Groww,0.05,36.46,0.0,0.0,0.0,0.0,0.05,36.46,NPCI UPI Ecosystem Statistics via https://github.com/luckisalive/npci_upi_analytics@5c007daef0b69f30dd8e555c548ba6f3bd85c43f
2022,11,2022-11-01,HDFC Bank Apps,10.66,2758.27,0.0,0.0,0.0,0.18,10.66,2758.45,NPCI UPI Ecosystem Statistics via https://github.com/luckisalive/npci_upi_analytics@5c007daef0b69f30dd8e555c548ba6f3bd85c43f
2022,11,2022-11-01,HSBC Bank Apps,0.12,72.51,0.0,0.06,0.0,0.0,0.12,72.58,NPCI UPI Ecosystem Statistics via https://github.com/luckisalive/npci_upi_analytics@5c007daef0b69f30dd8e555c548ba6f3bd85c43f
2022,11,2022-11-01,ICICI Bank Apps,33.4,7829.07,4.32,334.5,6.36,6587.24,44.07,14750.8,NPCI UPI Ecosystem Statistics via https://github.com/luckisalive/npci_upi_analytics@5c007daef0b69f30dd8e555c548ba6f3bd85c43f
2022,11,2022-11-01,IDBI Bank Apps,0.06,24.78,0.0,0.0,0.0,0.0,0.06,24.78,NPCI UPI Ecosystem Statistics via https://github.com/luckisalive/npci_upi_analytics@5c007daef0b69f30dd8e555c548ba6f3bd85c43f
2022,11,2022-11-01,IDFC Bank Apps,10.46,895.21,0.0,0.0,0.01,8.16,10.47,903.37,NPCI UPI Ecosystem Statistics via https://github.com/luckisalive/npci_upi_analytics@5c007daef0b69f30dd8e555c548ba6f3bd85c43f
2022,11,2022-11-01,India Post Payments Bank Apps,4.66,589.14,0.0,0.0,0.0,0.0,4.66,589.14,NPCI UPI Ecosystem Statistics via https://github.com/luckisalive/npci_upi_analytics@5c007daef0b69f30dd8e555c548ba6f3bd85c43f
2022,11,2022-11-01,Indian Bank Apps,0.23,67.2,0.0,0.0,0.0,0.0,0.23,67.2,NPCI UPI Ecosystem Statistics via https://github.com/luckisalive/npci_upi_analytics@5c007daef0b69f30dd8e555c548ba6f3bd85c43f
2022,11,2022-11-01,Indian Overseas Bank Apps,0.01,2.48,0.0,0.0,0.0,0.0,0.01,2.48,NPCI UPI Ecosystem Statistics via https://github.com/luckisalive/npci_upi_analytics@5c007daef0b69f30dd8e555c548ba6f3bd85c43f
2022,11,2022-11-01,IndusInd Bank Apps,1.2,1224.13,0.0,0.0,0.0,0.0,1.2,1224.13,NPCI UPI Ecosystem Statistics via https://github.com/luckisalive/npci_upi_analytics@5c007daef0b69f30dd8e555c548ba6f3bd85c43f
2022,11,2022-11-01,Janata Sahakari Bank Apps,0.01,3.99,0.0,0.0,0.0,0.0,0.01,3.99,NPCI UPI Ecosystem Statistics via https://github.com/luckisalive/npci_upi_analytics@5c007daef0b69f30dd8e555c548ba6f3bd85c43f
2022,11,2022-11-01,Jio Payments Bank Apps,1.31,96.23,0.0,0.0,0.0,0.0,1.31,96.23,NPCI UPI Ecosystem Statistics via https://github.com/luckisalive/npci_upi_analytics@5c007daef0b69f30dd8e555c548ba6f3bd85c43f
2022,11,2022-11-01,Jupiter,2.16,275.52,0.0,0.0,0.0,0.0,2.16,275.52,NPCI UPI Ecosystem Statistics via https://github.com/luckisalive/npci_upi_analytics@5c007daef0b69f30dd8e555c548ba6f3bd85c43f
2022,11,2022-11-01,Karnataka Bank Apps,0.4,74.82,0.0,0.0,0.0,0.0,0.4,74.82,NPCI UPI Ecosystem Statistics via https://github.com/luckisalive/npci_upi_analytics@5c007daef0b69f30dd8e555c548ba6f3bd85c43f
2022,11,2022-11-01,Karur Vysya Bank Apps,0.04,16.23,0.0,0.0,0.0,0.0,0.04,16.23,NPCI UPI Ecosystem Statistics via https://github.com/luckisalive/npci_upi_analytics@5c007daef0b69f30dd8e555c548ba6f3bd85c43f
2022,11,2022-11-01,Kotak Mahindra Bank Apps,10.93,2304.9,0.0,0.0,0.0,0.0,10.93,2304.9,NPCI UPI Ecosystem Statistics via https://github.com/luckisalive/npci_upi_analytics@5c007daef0b69f30dd8e555c548ba6f3bd85c43f
2022,11,2022-11-01,MakeMyTrip,0.02,7.69,0.0,0.0,0.0,0.0,0.02,7.69,NPCI UPI Ecosystem Statistics via https://github.com/luckisalive/npci_upi_analytics@5c007daef0b69f30dd8e555c548ba6f3bd85c43f
2022,11,2022-11-01,Mobikwik,3.46,762.67,0.0,0.0,0.0,0.0,3.46,762.67,NPCI UPI Ecosystem Statistics via https://github.com/luckisalive/npci_upi_analytics@5c007daef0b69f30dd8e555c548ba6f3bd85c43f
2022,11,2022-11-01,NSDL Payments Bank Apps,0.02,2.7,0.0,0.0,0.0,0.0,0.02,2.7,NPCI UPI Ecosystem Statistics via https://github.com/luckisalive/npci_upi_analytics@5c007daef0b69f30dd8e555c548ba6f3bd85c43f
2022,11,2022-11-01,Other,0.02,4.07,0.0,0.0,0.0,0.0,0.02,4.07,NPCI UPI Ecosystem Statistics via https://github.com/luckisalive/npci_upi_analytics@5c007daef0b69f30dd8e555c548ba6f3bd85c43f
2022,11,2022-11-01,Paytm,973.85,109008.43,4.12,14.81,0.37,491.76,1081.47,128805.91,NPCI UPI Ecosystem Statistics via https://github.com/luckisalive/npci_upi_analytics@5c007daef0b69f30dd8e555c548ba6f3bd85c43f
2022,11,2022-11-01,PhonePe,3418.75,591327.61,0.0,0.0,0.0,0.0,3418.75,591327.61,NPCI UPI Ecosystem Statistics via https://github.com/luckisalive/npci_upi_analytics@5c007daef0b69f30dd8e555c548ba6f3bd85c43f
2022,11,2022-11-01,Punjab National Bank Apps,0.16,60.47,0.0,0.0,0.0,0.0,0.16,60.47,NPCI UPI Ecosystem Statistics via https://github.com/luckisalive/npci_upi_analytics@5c007daef0b69f30dd8e555c548ba6f3bd85c43f
2022,11,2022-11-01,Punjab Sind Bank Apps,0.03,8.97,0.0,0.0,0.0,0.0,0.03,8.97,NPCI UPI Ecosystem Statistics via https://github.com/luckisalive/npci_upi_analytics@5c007daef0b69f30dd8e555c548ba6f3bd85c43f
2022,11,2022-11-01,RBL Bank Apps,1.14,268.54,0.0,0.0,0.04,2.26,1.18,270.81,NPCI UPI Ecosystem Statistics via https://github.com/luckisalive/npci_upi_analytics@5c007daef0b69f30dd8e555c548ba6f3bd85c43f
2022,11,2022-11-01,Samsung Pay,5.07,506.82,0.0,0.0,0.0,0.0,5.07,506.82,NPCI UPI Ecosystem Statistics via https://github.com/luckisalive/npci_upi_analytics@5c007daef0b69f30dd8e555c548ba6f3bd85c43f
2022,11,2022-11-01,Slash,0.01,0.28,0.0,0.0,0.0,0.0,0.01,0.28,NPCI UPI Ecosystem Statistics via https://github.com/luckisalive/npci_upi_analytics@5c007daef0b69f30dd8e555c548ba6f3bd85c43f
2022,11,2022-11-01,South Indian Bank Apps,0.2,58.1,0.0,0.0,0.0,0.0,0.2,58.1,NPCI UPI Ecosystem Statistics via https://github.com/luckisalive/npci_upi_analytics@5c007daef0b69f30dd8e555c548ba6f3bd85c43f
2022,11,2022-11-01,Standard Chartered Bank Apps,0.15,79.67,0.4,12.9,0.0,0.0,0.55,92.57,NPCI UPI Ecosystem Statistics via https://github.com/luckisalive/npci_upi_analytics@5c007daef0b69f30dd8e555c548ba6f3bd85c43f
2022,11,2022-11-01,State Bank of India Apps,4.07,1876.46,0.0,0.0,0.0,0.0,4.07,1876.46,NPCI UPI Ecosystem Statistics via https://github.com/luckisalive/npci_upi_analytics@5c007daef0b69f30dd8e555c548ba6f3bd85c43f
2022,11,2022-11-01,TJSB Bank Apps,0.01,2.25,0.0,0.0,0.0,0.0,0.01,2.25,NPCI UPI Ecosystem Statistics via https://github.com/luckisalive/npci_upi_analytics@5c007daef0b69f30dd8e555c548ba6f3bd85c43f
2022,11,2022-11-01,Tamilnad Mercantile Bank Apps,0.07,10.48,0.0,0.0,0.0,0.0,0.07,10.48,NPCI UPI Ecosystem Statistics via https://github.com/luckisalive/npci_upi_analytics@5c007daef0b69f30dd8e555c548ba6f3bd85c43f
2022,11,2022-11-01,TataNeu,0.14,17.17,0.0,0.0,0.0,0.0,0.14,17.17,NPCI UPI Ecosystem Statistics via https://github.com/luckisalive/npci_upi_analytics@5c007daef0b69f30dd8e555c548ba6f3bd85c43f
2022,11,2022-11-01,UCO Bank Apps,0.26,78.38,0.0,0.0,0.0,0.0,0.26,78.38,NPCI UPI Ecosystem Statistics via https://github.com/luckisalive/npci_upi_analytics@5c007daef0b69f30dd8e555c548ba6f3bd85c43f
2022,11,2022-11-01,Ultracash,0.02,0.27,0.0,0.0,0.0,0.0,0.02,0.27,NPCI UPI Ecosystem Statistics via https://github.com/luckisalive/npci_upi_analytics@5c007daef0b69f30dd8e555c548ba6f3bd85c43f
2022,11,2022-11-01,Union Bank Apps,1.11,313.3,0.0,0.0,0.0,0.0,1.11,313.3,NPCI UPI Ecosystem Statistics via https://github.com/luckisalive/npci_upi_analytics@5c007daef0b69f30dd8e555c548ba6f3bd85c43f
2022,11,2022-11-01,Utkarsh Small Finance Bank Apps,0.02,7.1,0.0,0.0,0.0,0.0,0.02,7.1,NPCI UPI Ecosystem Statistics via https://github.com/luckisalive/npci_upi_analytics@5c007daef0b69f30dd8e555c548ba6f3bd85c43f
2022,11,2022-11-01,WhatsApp,9.25,769.29,0.0,0.0,0.0,0.0,9.25,769.29,NPCI UPI Ecosystem Statistics via https://github.com/luckisalive/npci_upi_analytics@5c007daef0b69f30dd8e555c548ba6f3bd85c43f
2022,11,2022-11-01,Yes Bank Apps,43.18,14682.54,0.0,0.0,0.41,219.88,43.58,14902.42,NPCI UPI Ecosystem Statistics via https://github.com/luckisalive/npci_upi_analytics@5c007daef0b69f30dd8e555c548ba6f3bd85c43f
2022,11,2022-11-01,slice,0.51,206.66,0.0,0.0,0.0,0.0,0.51,206.66,NPCI UPI Ecosystem Statistics via https://github.com/luckisalive/npci_upi_analytics@5c007daef0b69f30dd8e555c548ba6f3bd85c43f
2022,12,2022-12-01,AU Small Finance Bank Apps,0.58,177.47,0.0,0.0,0.0,0.0,0.58,177.47,NPCI UPI Ecosystem Statistics via https://github.com/luckisalive/npci_upi_analytics@5c007daef0b69f30dd8e555c548ba6f3bd85c43f
2022,12,2022-12-01,Airtel Payments Bank Apps,8.69,681.55,0.0,0.0,0.0,0.0,8.7,681.67,NPCI UPI Ecosystem Statistics via https://github.com/luckisalive/npci_upi_analytics@5c007daef0b69f30dd8e555c548ba6f3bd85c43f
2022,12,2022-12-01,Allahabad Bank Apps,0.03,9.75,0.0,0.0,0.0,0.0,0.03,9.75,NPCI UPI Ecosystem Statistics via https://github.com/luckisalive/npci_upi_analytics@5c007daef0b69f30dd8e555c548ba6f3bd85c43f
2022,12,2022-12-01,Amazon Pay,69.61,6621.66,0.0,0.0,0.0,0.0,69.61,6621.66,NPCI UPI Ecosystem Statistics via https://github.com/luckisalive/npci_upi_analytics@5c007daef0b69f30dd8e555c548ba6f3bd85c43f
2022,12,2022-12-01,Axis Bank Apps,7.26,1246.36,58.27,56.3,0.03,2.44,65.56,1305.09,NPCI UPI Ecosystem Statistics via https://github.com/luckisalive/npci_upi_analytics@5c007daef0b69f30dd8e555c548ba6f3bd85c43f
2022,12,2022-12-01,BHIM,25.5,8400.04,0.0,0.0,0.0,0.0,25.5,8400.04,NPCI UPI Ecosystem Statistics via https://github.com/luckisalive/npci_upi_analytics@5c007daef0b69f30dd8e555c548ba6f3bd85c43f
2022,12,2022-12-01,Bajaj Finserv,4.56,647.71,0.0,0.0,0.0,0.0,4.56,647.71,NPCI UPI Ecosystem Statistics via https://github.com/luckisalive/npci_upi_analytics@5c007daef0b69f30dd8e555c548ba6f3bd85c43f
2022,12,2022-12-01,Bandhan Bank Apps,0.01,1.53,0.0,0.0,0.0,0.0,0.01,1.53,NPCI UPI Ecosystem Statistics via https://github.com/luckisalive/npci_upi_analytics@5c007daef0b69f30dd8e555c548ba6f3bd85c43f
2022,12,2022-12-01,Bank of Baroda Apps,1.02,397.56,0.0,0.0,0.0,0.0,1.02,397.56,NPCI UPI Ecosystem Statistics via https://github.com/luckisalive/npci_upi_analytics@5c007daef0b69f30dd8e555c548ba6f3bd85c43f
2022,12,2022-12-01,Bank of India Apps,0.22,64.32,0.0,0.0,0.0,0.0,0.22,64.32,NPCI UPI Ecosystem Statistics via https://github.com/luckisalive/npci_upi_analytics@5c007daef0b69f30dd8e555c548ba6f3bd85c43f
2022,12,2022-12-01,Bank of Maharashtra Apps,0.08,19.91,0.0,0.0,0.0,0.0,0.08,19.91,NPCI UPI Ecosystem Statistics via https://github.com/luckisalive/npci_upi_analytics@5c007daef0b69f30dd8e555c548ba6f3bd85c43f
2022,12,2022-12-01,Canara Bank Apps,1.02,275.7,0.0,0.0,0.0,0.0,1.02,275.7,NPCI UPI Ecosystem Statistics via https://github.com/luckisalive/npci_upi_analytics@5c007daef0b69f30dd8e555c548ba6f3bd85c43f
2022,12,2022-12-01,Central Bank of India Apps,0.26,60.28,0.0,0.0,0.0,0.05,0.26,60.32,NPCI UPI Ecosystem Statistics via https://github.com/luckisalive/npci_upi_analytics@5c007daef0b69f30dd8e555c548ba6f3bd85c43f
2022,12,2022-12-01,Citi Bank Apps,0.09,68.38,0.0,0.0,0.0,0.0,0.09,68.38,NPCI UPI Ecosystem Statistics via https://github.com/luckisalive/npci_upi_analytics@5c007daef0b69f30dd8e555c548ba6f3bd85c43f
2022,12,2022-12-01,City Union Bank Apps,0.05,14.38,0.0,0.0,0.0,0.0,0.05,14.38,NPCI UPI Ecosystem Statistics via https://github.com/luckisalive/npci_upi_analytics@5c007daef0b69f30dd8e555c548ba6f3bd85c43f
2022,12,2022-12-01,Cointab,0.05,18.98,0.0,0.0,0.0,0.0,0.05,18.98,NPCI UPI Ecosystem Statistics via https://github.com/luckisalive/npci_upi_analytics@5c007daef0b69f30dd8e555c548ba6f3bd85c43f
2022,12,2022-12-01,Cred,31.42,19622.29,0.0,0.0,0.0,0.0,31.42,19622.29,NPCI UPI Ecosystem Statistics via https://github.com/luckisalive/npci_upi_analytics@5c007daef0b69f30dd8e555c548ba6f3bd85c43f
2022,12,2022-12-01,DBS Digibank Apps,0.41,171.59,0.0,0.0,0.0,0.0,0.41,171.59,NPCI UPI Ecosystem Statistics via https://github.com/luckisalive/npci_upi_analytics@5c007daef0b69f30dd8e555c548ba6f3bd85c43f
2022,12,2022-12-01,Deutsche Bank Apps,1.28,104.47,0.0,0.0,0.0,0.01,1.28,104.49,NPCI UPI Ecosystem Statistics via https://github.com/luckisalive/npci_upi_analytics@5c007daef0b69f30dd8e555c548ba6f3bd85c43f
2022,12,2022-12-01,Dhanlaxmi Bank Apps,0.01,3.16,0.0,0.0,0.0,0.0,0.01,3.16,NPCI UPI Ecosystem Statistics via https://github.com/luckisalive/npci_upi_analytics@5c007daef0b69f30dd8e555c548ba6f3bd85c43f
2022,12,2022-12-01,Equitas Small Finance Bank Apps,0.02,11.69,0.0,0.0,0.0,0.0,0.02,11.69,NPCI UPI Ecosystem Statistics via https://github.com/luckisalive/npci_upi_analytics@5c007daef0b69f30dd8e555c548ba6f3bd85c43f
2022,12,2022-12-01,Fampay PPI,9.7,127.18,0.0,0.0,0.0,0.01,9.7,127.19,NPCI UPI Ecosystem Statistics via https://github.com/luckisalive/npci_upi_analytics@5c007daef0b69f30dd8e555c548ba6f3bd85c43f
2022,12,2022-12-01,Fave,0.08,5.01,0.0,0.0,0.0,0.0,0.08,5.01,NPCI UPI Ecosystem Statistics via https://github.com/luckisalive/npci_upi_analytics@5c007daef0b69f30dd8e555c548ba6f3bd85c43f
2022,12,2022-12-01,Federal Bank App,4.57,595.17,0.0,0.0,0.0,0.01,4.57,595.18,NPCI UPI Ecosystem Statistics via https://github.com/luckisalive/npci_upi_analytics@5c007daef0b69f30dd8e555c548ba6f3bd85c43f
2022,12,2022-12-01,Fino Payments bank Apps,0.11,7.49,0.0,0.0,0.0,0.0,0.11,7.49,NPCI UPI Ecosystem Statistics via https://github.com/luckisalive/npci_upi_analytics@5c007daef0b69f30dd8e555c548ba6f3bd85c43f
2022,12,2022-12-01,Google Pay,2712.34,440370.99,0.0,0.0,0.0,0.0,2712.34,440370.99,NPCI UPI Ecosystem Statistics via https://github.com/luckisalive/npci_upi_analytics@5c007daef0b69f30dd8e555c548ba6f3bd85c43f
2022,12,2022-12-01,Groww,0.21,153.02,0.0,0.0,0.0,0.0,0.21,153.02,NPCI UPI Ecosystem Statistics via https://github.com/luckisalive/npci_upi_analytics@5c007daef0b69f30dd8e555c548ba6f3bd85c43f
2022,12,2022-12-01,HDFC Bank Apps,11.81,3143.08,0.0,0.0,0.0,0.15,11.81,3143.24,NPCI UPI Ecosystem Statistics via https://github.com/luckisalive/npci_upi_analytics@5c007daef0b69f30dd8e555c548ba6f3bd85c43f
2022,12,2022-12-01,HSBC Bank Apps,0.15,78.59,0.0,0.05,0.0,0.0,0.15,78.63,NPCI UPI Ecosystem Statistics via https://github.com/luckisalive/npci_upi_analytics@5c007daef0b69f30dd8e555c548ba6f3bd85c43f
2022,12,2022-12-01,ICICI Bank Apps,36.74,8815.95,5.17,418.68,6.38,6890.51,48.29,16125.15,NPCI UPI Ecosystem Statistics via https://github.com/luckisalive/npci_upi_analytics@5c007daef0b69f30dd8e555c548ba6f3bd85c43f
2022,12,2022-12-01,IDBI Bank Apps,0.07,29.5,0.0,0.0,0.0,0.0,0.07,29.5,NPCI UPI Ecosystem Statistics via https://github.com/luckisalive/npci_upi_analytics@5c007daef0b69f30dd8e555c548ba6f3bd85c43f
2022,12,2022-12-01,IDFC Bank Apps,9.55,1184.6,0.0,0.0,0.16,138.38,9.7,1322.98,NPCI UPI Ecosystem Statistics via https://github.com/luckisalive/npci_upi_analytics@5c007daef0b69f30dd8e555c548ba6f3bd85c43f
2022,12,2022-12-01,India Post Payments Bank Apps,5.55,682.59,0.0,0.0,0.0,0.0,5.55,682.59,NPCI UPI Ecosystem Statistics via https://github.com/luckisalive/npci_upi_analytics@5c007daef0b69f30dd8e555c548ba6f3bd85c43f
2022,12,2022-12-01,Indian Bank Apps,0.25,73.71,0.0,0.0,0.0,0.0,0.25,73.71,NPCI UPI Ecosystem Statistics via https://github.com/luckisalive/npci_upi_analytics@5c007daef0b69f30dd8e555c548ba6f3bd85c43f
2022,12,2022-12-01,Indian Overseas Bank Apps,0.01,2.9,0.0,0.0,0.0,0.0,0.01,2.9,NPCI UPI Ecosystem Statistics via https://github.com/luckisalive/npci_upi_analytics@5c007daef0b69f30dd8e555c548ba6f3bd85c43f
2022,12,2022-12-01,IndusInd Bank Apps,1.26,1062.4,0.0,0.0,0.0,0.0,1.26,1062.4,NPCI UPI Ecosystem Statistics via https://github.com/luckisalive/npci_upi_analytics@5c007daef0b69f30dd8e555c548ba6f3bd85c43f
2022,12,2022-12-01,Janata Sahakari Bank Apps,0.01,4.58,0.0,0.0,0.0,0.0,0.01,4.58,NPCI UPI Ecosystem Statistics via https://github.com/luckisalive/npci_upi_analytics@5c007daef0b69f30dd8e555c548ba6f3bd85c43f
2022,12,2022-12-01,Jio Payments Bank Apps,1.48,104.71,0.0,0.0,0.0,0.0,1.48,104.71,NPCI UPI Ecosystem Statistics via https://github.com/luckisalive/npci_upi_analytics@5c007daef0b69f30dd8e555c548ba6f3bd85c43f
2022,12,2022-12-01,Jupiter,2.53,318.03,0.0,0.0,0.0,0.0,2.53,318.03,NPCI UPI Ecosystem Statistics via https://github.com/luckisalive/npci_upi_analytics@5c007daef0b69f30dd8e555c548ba6f3bd85c43f
2022,12,2022-12-01,Karnataka Bank Apps,0.48,91.09,0.0,0.0,0.0,0.0,0.48,91.09,NPCI UPI Ecosystem Statistics via https://github.com/luckisalive/npci_upi_analytics@5c007daef0b69f30dd8e555c548ba6f3bd85c43f
2022,12,2022-12-01,Karur Vysya Bank Apps,0.04,14.87,0.0,0.0,0.0,0.0,0.04,14.87,NPCI UPI Ecosystem Statistics via https://github.com/luckisalive/npci_upi_analytics@5c007daef0b69f30dd8e555c548ba6f3bd85c43f
2022,12,2022-12-01,Kotak Mahindra Bank Apps,11.53,2480.17,0.0,0.0,0.0,0.01,11.53,2480.18,NPCI UPI Ecosystem Statistics via https://github.com/luckisalive/npci_upi_analytics@5c007daef0b69f30dd8e555c548ba6f3bd85c43f
2022,12,2022-12-01,MakeMyTrip,0.1,52.3,0.0,0.0,0.0,0.0,0.1,52.3,NPCI UPI Ecosystem Statistics via https://github.com/luckisalive/npci_upi_analytics@5c007daef0b69f30dd8e555c548ba6f3bd85c43f
2022,12,2022-12-01,Mobikwik,3.62,806.82,0.0,0.0,0.0,0.0,3.62,806.82,NPCI UPI Ecosystem Statistics via https://github.com/luckisalive/npci_upi_analytics@5c007daef0b69f30dd8e555c548ba6f3bd85c43f
2022,12,2022-12-01,NSDL Payments Bank Apps,0.02,2.95,0.0,0.0,0.0,0.0,0.02,2.95,NPCI UPI Ecosystem Statistics via https://github.com/luckisalive/npci_upi_analytics@5c007daef0b69f30dd8e555c548ba6f3bd85c43f
2022,12,2022-12-01,Other,0.03,7.64,0.0,0.0,0.0,0.0,0.03,7.64,NPCI UPI Ecosystem Statistics via https://github.com/luckisalive/npci_upi_analytics@5c007daef0b69f30dd8e555c548ba6f3bd85c43f
2022,12,2022-12-01,Paytm,1054.05,118069.81,6.08,16.86,0.43,580.52,1170.34,138821.66,NPCI UPI Ecosystem Statistics via https://github.com/luckisalive/npci_upi_analytics@5c007daef0b69f30dd8e555c548ba6f3bd85c43f
2022,12,2022-12-01,PhonePe,3674.24,639348.78,0.0,0.0,0.0,0.0,3674.24,639348.78,NPCI UPI Ecosystem Statistics via https://github.com/luckisalive/npci_upi_analytics@5c007daef0b69f30dd8e555c548ba6f3bd85c43f
2022,12,2022-12-01,Punjab National Bank Apps,0.22,76.7,0.0,0.0,0.0,0.0,0.22,76.7,NPCI UPI Ecosystem Statistics via https://github.com/luckisalive/npci_upi_analytics@5c007daef0b69f30dd8e555c548ba6f3bd85c43f
2022,12,2022-12-01,Punjab Sind Bank Apps,0.03,10.48,0.0,0.0,0.0,0.0,0.03,10.48,NPCI UPI Ecosystem Statistics via https://github.com/luckisalive/npci_upi_analytics@5c007daef0b69f30dd8e555c548ba6f3bd85c43f
2022,12,2022-12-01,RBL Bank Apps,0.92,214.4,0.0,0.01,0.18,0.89,1.1,215.3,NPCI UPI Ecosystem Statistics via https://github.com/luckisalive/npci_upi_analytics@5c007daef0b69f30dd8e555c548ba6f3bd85c43f
2022,12,2022-12-01,Samsung Pay,5.49,531.12,0.0,0.0,0.0,0.0,5.49,531.12,NPCI UPI Ecosystem Statistics via https://github.com/luckisalive/npci_upi_analytics@5c007daef0b69f30dd8e555c548ba6f3bd85c43f
2022,12,2022-12-01,Slash,0.01,0.79,0.0,0.0,0.0,0.0,0.01,0.79,NPCI UPI Ecosystem Statistics via https://github.com/luckisalive/npci_upi_analytics@5c007daef0b69f30dd8e555c548ba6f3bd85c43f
2022,12,2022-12-01,Slice,0.15,15.74,0.0,0.0,0.0,0.0,0.15,15.74,NPCI UPI Ecosystem Statistics via https://github.com/luckisalive/npci_upi_analytics@5c007daef0b69f30dd8e555c548ba6f3bd85c43f
2022,12,2022-12-01,South Indian Bank Apps,0.18,53.2,0.0,0.0,0.0,0.0,0.18,53.2,NPCI UPI Ecosystem Statistics via https://github.com/luckisalive/npci_upi_analytics@5c007daef0b69f30dd8e555c548ba6f3bd85c43f
2022,12,2022-12-01,Standard Chartered Bank Apps,0.16,90.42,0.0,0.0,0.0,0.0,0.16,90.42,NPCI UPI Ecosystem Statistics via https://github.com/luckisalive/npci_upi_analytics@5c007daef0b69f30dd8e555c548ba6f3bd85c43f
2022,12,2022-12-01,State Bank of India Apps,4.22,1928.43,0.0,0.0,0.0,0.0,4.22,1928.43,NPCI UPI Ecosystem Statistics via https://github.com/luckisalive/npci_upi_analytics@5c007daef0b69f30dd8e555c548ba6f3bd85c43f
2022,12,2022-12-01,Tamilnad Mercantile Bank Apps,0.08,12.13,0.0,0.0,0.0,0.0,0.08,12.13,NPCI UPI Ecosystem Statistics via https://github.com/luckisalive/npci_upi_analytics@5c007daef0b69f30dd8e555c548ba6f3bd85c43f
2022,12,2022-12-01,TataNeu,0.15,17.64,0.0,0.0,0.0,0.0,0.15,17.64,NPCI UPI Ecosystem Statistics via https://github.com/luckisalive/npci_upi_analytics@5c007daef0b69f30dd8e555c548ba6f3bd85c43f
2022,12,2022-12-01,UCO Bank Apps,0.31,93.32,0.0,0.0,0.0,0.0,0.31,93.32,NPCI UPI Ecosystem Statistics via https://github.com/luckisalive/npci_upi_analytics@5c007daef0b69f30dd8e555c548ba6f3bd85c43f
2022,12,2022-12-01,Ultracash,0.03,1.65,0.0,0.0,0.0,0.0,0.03,1.65,NPCI UPI Ecosystem Statistics via https://github.com/luckisalive/npci_upi_analytics@5c007daef0b69f30dd8e555c548ba6f3bd85c43f
2022,12,2022-12-01,Union Bank Apps,0.92,310.63,0.0,0.0,0.0,0.0,0.92,310.63,NPCI UPI Ecosystem Statistics via https://github.com/luckisalive/npci_upi_analytics@5c007daef0b69f30dd8e555c548ba6f3bd85c43f
2022,12,2022-12-01,Utkarsh Small Finance Bank Apps,0.02,7.81,0.0,0.0,0.0,0.0,0.02,7.81,NPCI UPI Ecosystem Statistics via https://github.com/luckisalive/npci_upi_analytics@5c007daef0b69f30dd8e555c548ba6f3bd85c43f
2022,12,2022-12-01,WhatsApp,11.05,917.49,0.0,0.0,0.0,0.0,11.05,917.49,NPCI UPI Ecosystem Statistics via https://github.com/luckisalive/npci_upi_analytics@5c007daef0b69f30dd8e555c548ba6f3bd85c43f
2022,12,2022-12-01,Yes Bank Apps,35.98,13324.11,0.0,0.0,0.18,91.35,36.16,13415.46,NPCI UPI Ecosystem Statistics via https://github.com/luckisalive/npci_upi_analytics@5c007daef0b69f30dd8e555c548ba6f3bd85c43f
2023,1,2023-01-01,AU Small Finance Bank Apps,0.58,181.45,0.0,0.0,0.0,0.0,0.58,181.45,NPCI UPI Ecosystem Statistics via https://github.com/luckisalive/npci_upi_analytics@5c007daef0b69f30dd8e555c548ba6f3bd85c43f
2023,1,2023-01-01,Airtel Payments Bank Apps,9.77,834.52,0.0,0.0,0.0,0.02,9.77,834.63,NPCI UPI Ecosystem Statistics via https://github.com/luckisalive/npci_upi_analytics@5c007daef0b69f30dd8e555c548ba6f3bd85c43f
2023,1,2023-01-01,Allahabad Bank Apps,0.03,9.17,0.0,0.0,0.0,0.0,0.03,9.17,NPCI UPI Ecosystem Statistics via https://github.com/luckisalive/npci_upi_analytics@5c007daef0b69f30dd8e555c548ba6f3bd85c43f
2023,1,2023-01-01,Amazon Pay,57.75,5797.03,0.0,0.0,0.0,0.0,57.75,5797.03,NPCI UPI Ecosystem Statistics via https://github.com/luckisalive/npci_upi_analytics@5c007daef0b69f30dd8e555c548ba6f3bd85c43f
2023,1,2023-01-01,Axis Bank Apps,8.24,1419.65,48.0,43.47,0.03,4.51,56.28,1467.64,NPCI UPI Ecosystem Statistics via https://github.com/luckisalive/npci_upi_analytics@5c007daef0b69f30dd8e555c548ba6f3bd85c43f
2023,1,2023-01-01,BHIM,24.96,8164.65,0.0,0.0,0.0,0.0,24.96,8164.65,NPCI UPI Ecosystem Statistics via https://github.com/luckisalive/npci_upi_analytics@5c007daef0b69f30dd8e555c548ba6f3bd85c43f
2023,1,2023-01-01,Bajaj Finserv,5.02,812.9,0.0,0.0,0.0,0.0,5.02,812.9,NPCI UPI Ecosystem Statistics via https://github.com/luckisalive/npci_upi_analytics@5c007daef0b69f30dd8e555c548ba6f3bd85c43f
2023,1,2023-01-01,Bandhan Bank Apps,0.01,1.47,0.0,0.0,0.0,0.0,0.01,1.47,NPCI UPI Ecosystem Statistics via https://github.com/luckisalive/npci_upi_analytics@5c007daef0b69f30dd8e555c548ba6f3bd85c43f
2023,1,2023-01-01,Bank of Baroda Apps,1.1,423.46,0.0,0.0,0.0,0.0,1.1,423.46,NPCI UPI Ecosystem Statistics via https://github.com/luckisalive/npci_upi_analytics@5c007daef0b69f30dd8e555c548ba6f3bd85c43f
2023,1,2023-01-01,Bank of India Apps,0.24,70.34,0.0,0.0,0.0,0.0,0.24,70.34,NPCI UPI Ecosystem Statistics via https://github.com/luckisalive/npci_upi_analytics@5c007daef0b69f30dd8e555c548ba6f3bd85c43f
2023,1,2023-01-01,Bank of Maharashtra Apps,0.08,20.39,0.0,0.0,0.0,0.0,0.08,20.39,NPCI UPI Ecosystem Statistics via https://github.com/luckisalive/npci_upi_analytics@5c007daef0b69f30dd8e555c548ba6f3bd85c43f
2023,1,2023-01-01,Canara Bank Apps,1.08,289.29,0.0,0.0,0.0,0.0,1.08,289.29,NPCI UPI Ecosystem Statistics via https://github.com/luckisalive/npci_upi_analytics@5c007daef0b69f30dd8e555c548ba6f3bd85c43f
2023,1,2023-01-01,Central Bank of India Apps,0.31,68.65,0.0,0.0,0.0,0.02,0.31,68.68,NPCI UPI Ecosystem Statistics via https://github.com/luckisalive/npci_upi_analytics@5c007daef0b69f30dd8e555c548ba6f3bd85c43f
2023,1,2023-01-01,Citi Bank Apps,0.12,71.81,0.0,0.0,0.0,0.0,0.12,71.81,NPCI UPI Ecosystem Statistics via https://github.com/luckisalive/npci_upi_analytics@5c007daef0b69f30dd8e555c548ba6f3bd85c43f
2023,1,2023-01-01,City Union Bank Apps,0.05,15.51,0.0,0.0,0.0,0.0,0.05,15.51,NPCI UPI Ecosystem Statistics via https://github.com/luckisalive/npci_upi_analytics@5c007daef0b69f30dd8e555c548ba6f3bd85c43f
2023,1,2023-01-01,Cointab,0.05,21.16,0.0,0.0,0.0,0.0,0.05,21.16,NPCI UPI Ecosystem Statistics via https://github.com/luckisalive/npci_upi_analytics@5c007daef0b69f30dd8e555c548ba6f3bd85c43f
2023,1,2023-01-01,Cred,35.18,19106.82,0.0,0.0,0.0,0.0,35.18,19106.82,NPCI UPI Ecosystem Statistics via https://github.com/luckisalive/npci_upi_analytics@5c007daef0b69f30dd8e555c548ba6f3bd85c43f
2023,1,2023-01-01,DBS Digibank Apps,0.41,174.02,0.0,0.0,0.0,0.0,0.41,174.02,NPCI UPI Ecosystem Statistics via https://github.com/luckisalive/npci_upi_analytics@5c007daef0b69f30dd8e555c548ba6f3bd85c43f
2023,1,2023-01-01,Deutsche Bank Apps,1.3,131.72,0.0,0.0,0.02,18.58,1.31,150.29,NPCI UPI Ecosystem Statistics via https://github.com/luckisalive/npci_upi_analytics@5c007daef0b69f30dd8e555c548ba6f3bd85c43f
2023,1,2023-01-01,Dhanlaxmi Bank Apps,0.01,2.76,0.0,0.0,0.0,0.0,0.01,2.76,NPCI UPI Ecosystem Statistics via https://github.com/luckisalive/npci_upi_analytics@5c007daef0b69f30dd8e555c548ba6f3bd85c43f
2023,1,2023-01-01,Equitas Small Finance Bank Apps,0.02,13.02,0.0,0.0,0.0,0.0,0.02,13.02,NPCI UPI Ecosystem Statistics via https://github.com/luckisalive/npci_upi_analytics@5c007daef0b69f30dd8e555c548ba6f3bd85c43f
2023,1,2023-01-01,Eroute,0.08,2.29,0.0,0.0,0.0,0.0,0.08,2.29,NPCI UPI Ecosystem Statistics via https://github.com/luckisalive/npci_upi_analytics@5c007daef0b69f30dd8e555c548ba6f3bd85c43f
2023,1,2023-01-01,Fampay PPI,12.8,175.63,0.0,0.0,0.0,0.01,12.8,175.64,NPCI UPI Ecosystem Statistics via https://github.com/luckisalive/npci_upi_analytics@5c007daef0b69f30dd8e555c548ba6f3bd85c43f
2023,1,2023-01-01,Fave,0.11,7.87,0.0,0.0,0.0,0.0,0.11,7.87,NPCI UPI Ecosystem Statistics via https://github.com/luckisalive/npci_upi_analytics@5c007daef0b69f30dd8e555c548ba6f3bd85c43f
2023,1,2023-01-01,Federal Bank App,4.72,604.6,0.0,0.0,0.0,0.0,4.72,604.61,NPCI UPI Ecosystem Statistics via https://github.com/luckisalive/npci_upi_analytics@5c007daef0b69f30dd8e555c548ba6f3bd85c43f
2023,1,2023-01-01,Fino Payments bank Apps,0.11,7.51,0.0,0.0,0.0,0.0,0.11,7.51,NPCI UPI Ecosystem Statistics via https://github.com/luckisalive/npci_upi_analytics@5c007daef0b69f30dd8e555c548ba6f3bd85c43f
2023,1,2023-01-01,GoIbibo,0.01,1.6,0.0,0.0,0.0,0.0,0.01,1.6,NPCI UPI Ecosystem Statistics via https://github.com/luckisalive/npci_upi_analytics@5c007daef0b69f30dd8e555c548ba6f3bd85c43f
2023,1,2023-01-01,Google Pay,2782.42,443725.01,0.0,0.0,0.0,0.0,2782.42,443725.01,NPCI UPI Ecosystem Statistics via https://github.com/luckisalive/npci_upi_analytics@5c007daef0b69f30dd8e555c548ba6f3bd85c43f
2023,1,2023-01-01,Groww,0.19,152.17,0.0,0.0,0.0,0.0,0.19,152.17,NPCI UPI Ecosystem Statistics via https://github.com/luckisalive/npci_upi_analytics@5c007daef0b69f30dd8e555c548ba6f3bd85c43f
2023,1,2023-01-01,HDFC Bank Apps,12.3,3324.64,0.0,0.0,0.0,0.16,12.3,3324.81,NPCI UPI Ecosystem Statistics via https://github.com/luckisalive/npci_upi_analytics@5c007daef0b69f30dd8e555c548ba6f3bd85c43f
2023,1,2023-01-01,HSBC Bank Apps,0.13,75.54,0.0,0.04,0.0,0.0,0.13,75.58,NPCI UPI Ecosystem Statistics via https://github.com/luckisalive/npci_upi_analytics@5c007daef0b69f30dd8e555c548ba6f3bd85c43f
2023,1,2023-01-01,ICICI Bank Apps,32.96,8950.32,5.27,376.42,6.9,7761.41,45.14,17088.16,NPCI UPI Ecosystem Statistics via https://github.com/luckisalive/npci_upi_analytics@5c007daef0b69f30dd8e555c548ba6f3bd85c43f
2023,1,2023-01-01,IDBI Bank Apps,0.07,30.81,0.0,0.0,0.0,0.0,0.07,30.81,NPCI UPI Ecosystem Statistics via https://github.com/luckisalive/npci_upi_analytics@5c007daef0b69f30dd8e555c548ba6f3bd85c43f
2023,1,2023-01-01,IDFC Bank Apps,10.82,1635.62,0.0,0.0,0.66,586.58,11.47,2222.2,NPCI UPI Ecosystem Statistics via https://github.com/luckisalive/npci_upi_analytics@5c007daef0b69f30dd8e555c548ba6f3bd85c43f
2023,1,2023-01-01,India Post Payments Bank Apps,5.43,707.37,0.0,0.0,0.0,0.0,5.43,707.37,NPCI UPI Ecosystem Statistics via https://github.com/luckisalive/npci_upi_analytics@5c007daef0b69f30dd8e555c548ba6f3bd85c43f
2023,1,2023-01-01,Indian Bank Apps,0.26,73.38,0.0,0.0,0.0,0.0,0.26,73.38,NPCI UPI Ecosystem Statistics via https://github.com/luckisalive/npci_upi_analytics@5c007daef0b69f30dd8e555c548ba6f3bd85c43f
2023,1,2023-01-01,Indian Overseas Bank Apps,0.01,2.31,0.0,0.0,0.0,0.0,0.01,2.31,NPCI UPI Ecosystem Statistics via https://github.com/luckisalive/npci_upi_analytics@5c007daef0b69f30dd8e555c548ba6f3bd85c43f
2023,1,2023-01-01,IndusInd Bank Apps,0.84,962.09,0.0,0.0,0.0,0.0,0.84,962.09,NPCI UPI Ecosystem Statistics via https://github.com/luckisalive/npci_upi_analytics@5c007daef0b69f30dd8e555c548ba6f3bd85c43f
2023,1,2023-01-01,Janata Sahakari Bank Apps,0.01,3.98,0.0,0.0,0.0,0.0,0.01,3.98,NPCI UPI Ecosystem Statistics via https://github.com/luckisalive/npci_upi_analytics@5c007daef0b69f30dd8e555c548ba6f3bd85c43f
2023,1,2023-01-01,Jio Payments Bank Apps,1.59,108.84,0.0,0.0,0.0,0.0,1.59,108.84,NPCI UPI Ecosystem Statistics via https://github.com/luckisalive/npci_upi_analytics@5c007daef0b69f30dd8e555c548ba6f3bd85c43f
2023,1,2023-01-01,Jupiter,2.49,323.88,0.0,0.0,0.0,0.0,2.49,323.88,NPCI UPI Ecosystem Statistics via https://github.com/luckisalive/npci_upi_analytics@5c007daef0b69f30dd8e555c548ba6f3bd85c43f
2023,1,2023-01-01,Karnataka Bank Apps,0.4,85.81,0.0,0.0,0.0,0.0,0.4,85.81,NPCI UPI Ecosystem Statistics via https://github.com/luckisalive/npci_upi_analytics@5c007daef0b69f30dd8e555c548ba6f3bd85c43f
2023,1,2023-01-01,Karur Vysya Bank Apps,0.04,15.27,0.0,0.0,0.0,0.0,0.04,15.27,NPCI UPI Ecosystem Statistics via https://github.com/luckisalive/npci_upi_analytics@5c007daef0b69f30dd8e555c548ba6f3bd85c43f
2023,1,2023-01-01,Kotak Mahindra Bank Apps,12.14,2612.59,0.0,0.0,0.0,0.01,12.14,2612.6,NPCI UPI Ecosystem Statistics via https://github.com/luckisalive/npci_upi_analytics@5c007daef0b69f30dd8e555c548ba6f3bd85c43f
2023,1,2023-01-01,MakeMyTrip,0.08,35.59,0.0,0.0,0.0,0.0,0.08,35.59,NPCI UPI Ecosystem Statistics via https://github.com/luckisalive/npci_upi_analytics@5c007daef0b69f30dd8e555c548ba6f3bd85c43f
2023,1,2023-01-01,Mobikwik,3.49,785.48,0.0,0.0,0.0,0.0,3.49,785.48,NPCI UPI Ecosystem Statistics via https://github.com/luckisalive/npci_upi_analytics@5c007daef0b69f30dd8e555c548ba6f3bd85c43f
2023,1,2023-01-01,NSDL Payments Bank Apps,0.02,3.0,0.0,0.0,0.0,0.0,0.02,3.0,NPCI UPI Ecosystem Statistics via https://github.com/luckisalive/npci_upi_analytics@5c007daef0b69f30dd8e555c548ba6f3bd85c43f
2023,1,2023-01-01,Other,0.02,5.57,0.0,0.0,0.0,0.0,0.02,5.57,NPCI UPI Ecosystem Statistics via https://github.com/luckisalive/npci_upi_analytics@5c007daef0b69f30dd8e555c548ba6f3bd85c43f
2023,1,2023-01-01,Paytm,1076.75,119647.31,7.75,18.1,0.46,638.22,1190.89,139673.0,NPCI UPI Ecosystem Statistics via https://github.com/luckisalive/npci_upi_analytics@5c007daef0b69f30dd8e555c548ba6f3bd85c43f
2023,1,2023-01-01,PhonePe,3802.67,651108.51,0.0,0.0,0.0,0.0,3802.67,651108.51,NPCI UPI Ecosystem Statistics via https://github.com/luckisalive/npci_upi_analytics@5c007daef0b69f30dd8e555c548ba6f3bd85c43f
2023,1,2023-01-01,Punjab National Bank Apps,0.25,82.15,0.0,0.0,0.0,0.0,0.25,82.15,NPCI UPI Ecosystem Statistics via https://github.com/luckisalive/npci_upi_analytics@5c007daef0b69f30dd8e555c548ba6f3bd85c43f
2023,1,2023-01-01,Punjab Sind Bank Apps,0.04,13.08,0.0,0.0,0.0,0.0,0.04,13.08,NPCI UPI Ecosystem Statistics via https://github.com/luckisalive/npci_upi_analytics@5c007daef0b69f30dd8e555c548ba6f3bd85c43f
2023,1,2023-01-01,RBL Bank Apps,1.22,241.36,0.0,0.0,0.09,1.52,1.32,242.88,NPCI UPI Ecosystem Statistics via https://github.com/luckisalive/npci_upi_analytics@5c007daef0b69f30dd8e555c548ba6f3bd85c43f
2023,1,2023-01-01,Samsung Pay,5.52,523.73,0.0,0.0,0.0,0.0,5.52,523.73,NPCI UPI Ecosystem Statistics via https://github.com/luckisalive/npci_upi_analytics@5c007daef0b69f30dd8e555c548ba6f3bd85c43f
2023,1,2023-01-01,Slash,0.01,0.68,0.0,0.0,0.0,0.0,0.01,0.68,NPCI UPI Ecosystem Statistics via https://github.com/luckisalive/npci_upi_analytics@5c007daef0b69f30dd8e555c548ba6f3bd85c43f
2023,1,2023-01-01,South Indian Bank Apps,0.19,56.75,0.0,0.0,0.0,0.0,0.19,56.75,NPCI UPI Ecosystem Statistics via https://github.com/luckisalive/npci_upi_analytics@5c007daef0b69f30dd8e555c548ba6f3bd85c43f
2023,1,2023-01-01,Standard Chartered Bank Apps,0.15,85.16,0.0,0.0,0.0,0.0,0.15,85.16,NPCI UPI Ecosystem Statistics via https://github.com/luckisalive/npci_upi_analytics@5c007daef0b69f30dd8e555c548ba6f3bd85c43f
2023,1,2023-01-01,State Bank of India Apps,4.06,1901.92,0.0,0.0,0.0,0.0,4.06,1901.92,NPCI UPI Ecosystem Statistics via https://github.com/luckisalive/npci_upi_analytics@5c007daef0b69f30dd8e555c548ba6f3bd85c43f
2023,1,2023-01-01,Tamilnad Mercantile Bank Apps,0.07,11.67,0.0,0.0,0.0,0.0,0.07,11.67,NPCI UPI Ecosystem Statistics via https://github.com/luckisalive/npci_upi_analytics@5c007daef0b69f30dd8e555c548ba6f3bd85c43f
2023,1,2023-01-01,TataNeu,0.11,14.79,0.0,0.0,0.0,0.0,0.11,14.79,NPCI UPI Ecosystem Statistics via https://github.com/luckisalive/npci_upi_analytics@5c007daef0b69f30dd8e555c548ba6f3bd85c43f
2023,1,2023-01-01,Transerv,0.01,0.71,0.0,0.0,0.0,0.0,0.01,0.71,NPCI UPI Ecosystem Statistics via https://github.com/luckisalive/npci_upi_analytics@5c007daef0b69f30dd8e555c548ba6f3bd85c43f
2023,1,2023-01-01,UCO Bank Apps,0.32,101.06,0.0,0.0,0.0,0.0,0.32,101.06,NPCI UPI Ecosystem Statistics via https://github.com/luckisalive/npci_upi_analytics@5c007daef0b69f30dd8e555c548ba6f3bd85c43f
2023,1,2023-01-01,Ultracash,0.04,2.25,0.0,0.0,0.0,0.0,0.04,2.25,NPCI UPI Ecosystem Statistics via https://github.com/luckisalive/npci_upi_analytics@5c007daef0b69f30dd8e555c548ba6f3bd85c43f
2023,1,2023-01-01,Union Bank Apps,0.8,303.93,0.0,0.0,0.0,0.0,0.8,303.93,NPCI UPI Ecosystem Statistics via https://github.com/luckisalive/npci_upi_analytics@5c007daef0b69f30dd8e555c548ba6f3bd85c43f
2023,1,2023-01-01,Utkarsh Small Finance Bank Apps,0.02,8.35,0.0,0.0,0.0,0.0,0.02,8.35,NPCI UPI Ecosystem Statistics via https://github.com/luckisalive/npci_upi_analytics@5c007daef0b69f30dd8e555c548ba6f3bd85c43f
2023,1,2023-01-01,WhatsApp,11.47,963.12,0.0,0.0,0.0,0.0,11.47,963.12,NPCI UPI Ecosystem Statistics via https://github.com/luckisalive/npci_upi_analytics@5c007daef0b69f30dd8e555c548ba6f3bd85c43f
2023,1,2023-01-01,Yes Bank Apps,33.37,12047.35,0.0,0.0,0.59,69.27,33.96,12116.61,NPCI UPI Ecosystem Statistics via https://github.com/luckisalive/npci_upi_analytics@5c007daef0b69f30dd8e555c548ba6f3bd85c43f
2023,1,2023-01-01,slice,0.22,45.82,0.0,0.0,0.0,0.0,0.22,45.82,NPCI UPI Ecosystem Statistics via https://github.com/luckisalive/npci_upi_analytics@5c007daef0b69f30dd8e555c548ba6f3bd85c43f
2023,2,2023-02-01,AU Small Finance Bank Apps,0.55,165.07,0.0,0.0,0.0,0.0,0.55,165.07,NPCI UPI Ecosystem Statistics via https://github.com/luckisalive/npci_upi_analytics@5c007daef0b69f30dd8e555c548ba6f3bd85c43f
2023,2,2023-02-01,Airtel Payments Bank Apps,8.71,730.35,0.0,0.0,0.0,0.01,8.71,730.45,NPCI UPI Ecosystem Statistics via https://github.com/luckisalive/npci_upi_analytics@5c007daef0b69f30dd8e555c548ba6f3bd85c43f
2023,2,2023-02-01,Allahabad Bank Apps,0.03,8.47,0.0,0.0,0.0,0.0,0.03,8.47,NPCI UPI Ecosystem Statistics via https://github.com/luckisalive/npci_upi_analytics@5c007daef0b69f30dd8e555c548ba6f3bd85c43f
2023,2,2023-02-01,Amazon Pay,47.8,4981.82,0.0,0.0,0.0,0.0,47.8,4981.82,NPCI UPI Ecosystem Statistics via https://github.com/luckisalive/npci_upi_analytics@5c007daef0b69f30dd8e555c548ba6f3bd85c43f
2023,2,2023-02-01,Axis Bank Apps,7.74,1352.53,44.19,58.61,0.03,2.82,51.95,1413.95,NPCI UPI Ecosystem Statistics via https://github.com/luckisalive/npci_upi_analytics@5c007daef0b69f30dd8e555c548ba6f3bd85c43f
2023,2,2023-02-01,BHIM,23.21,7158.37,0.0,0.0,0.0,0.0,23.21,7158.37,NPCI UPI Ecosystem Statistics via https://github.com/luckisalive/npci_upi_analytics@5c007daef0b69f30dd8e555c548ba6f3bd85c43f
2023,2,2023-02-01,Bajaj Finserv,5.45,886.18,0.0,0.0,0.0,0.0,5.45,886.18,NPCI UPI Ecosystem Statistics via https://github.com/luckisalive/npci_upi_analytics@5c007daef0b69f30dd8e555c548ba6f3bd85c43f
2023,2,2023-02-01,Bandhan Bank Apps,0.01,1.71,0.0,0.0,0.0,0.0,0.01,1.71,NPCI UPI Ecosystem Statistics via https://github.com/luckisalive/npci_upi_analytics@5c007daef0b69f30dd8e555c548ba6f3bd85c43f
2023,2,2023-02-01,Bank of Baroda Apps,1.14,408.18,0.0,0.0,0.0,1.15,1.14,409.33,NPCI UPI Ecosystem Statistics via https://github.com/luckisalive/npci_upi_analytics@5c007daef0b69f30dd8e555c548ba6f3bd85c43f
2023,2,2023-02-01,Bank of India Apps,0.24,68.69,0.0,0.0,0.0,0.0,0.24,68.69,NPCI UPI Ecosystem Statistics via https://github.com/luckisalive/npci_upi_analytics@5c007daef0b69f30dd8e555c548ba6f3bd85c43f
2023,2,2023-02-01,Bank of Maharashtra Apps,0.07,19.02,0.0,0.0,0.0,0.0,0.07,19.02,NPCI UPI Ecosystem Statistics via https://github.com/luckisalive/npci_upi_analytics@5c007daef0b69f30dd8e555c548ba6f3bd85c43f
2023,2,2023-02-01,Canara Bank Apps,1.09,284.23,0.0,0.0,0.0,0.0,1.09,284.23,NPCI UPI Ecosystem Statistics via https://github.com/luckisalive/npci_upi_analytics@5c007daef0b69f30dd8e555c548ba6f3bd85c43f
2023,2,2023-02-01,Central Bank of India Apps,0.32,72.05,0.0,0.0,0.0,0.1,0.32,72.15,NPCI UPI Ecosystem Statistics via https://github.com/luckisalive/npci_upi_analytics@5c007daef0b69f30dd8e555c548ba6f3bd85c43f
2023,2,2023-02-01,Citi Bank Apps,0.08,59.37,0.0,0.0,0.0,0.0,0.08,59.37,NPCI UPI Ecosystem Statistics via https://github.com/luckisalive/npci_upi_analytics@5c007daef0b69f30dd8e555c548ba6f3bd85c43f
2023,2,2023-02-01,City Union Bank Apps,0.06,15.94,0.0,0.0,0.0,0.0,0.06,15.94,NPCI UPI Ecosystem Statistics via https://github.com/luckisalive/npci_upi_analytics@5c007daef0b69f30dd8e555c548ba6f3bd85c43f
2023,2,2023-02-01,Cointab,0.04,16.4,0.0,0.0,0.0,0.0,0.04,16.4,NPCI UPI Ecosystem Statistics via https://github.com/luckisalive/npci_upi_analytics@5c007daef0b69f30dd8e555c548ba6f3bd85c43f
2023,2,2023-02-01,Cred,36.57,17902.2,0.0,0.0,0.0,0.0,36.57,17902.2,NPCI UPI Ecosystem Statistics via https://github.com/luckisalive/npci_upi_analytics@5c007daef0b69f30dd8e555c548ba6f3bd85c43f
2023,2,2023-02-01,DBS Digibank Apps,0.39,161.51,0.0,0.0,0.0,0.0,0.39,161.51,NPCI UPI Ecosystem Statistics via https://github.com/luckisalive/npci_upi_analytics@5c007daef0b69f30dd8e555c548ba6f3bd85c43f
2023,2,2023-02-01,Deutsche Bank Apps,1.31,112.45,0.0,0.0,0.01,5.9,1.32,118.35,NPCI UPI Ecosystem Statistics via https://github.com/luckisalive/npci_upi_analytics@5c007daef0b69f30dd8e555c548ba6f3bd85c43f
2023,2,2023-02-01,Dhanlaxmi Bank Apps,0.01,2.67,0.0,0.0,0.0,0.0,0.01,2.67,NPCI UPI Ecosystem Statistics via https://github.com/luckisalive/npci_upi_analytics@5c007daef0b69f30dd8e555c548ba6f3bd85c43f
2023,2,2023-02-01,EROUTE,0.17,6.08,0.0,0.0,0.0,0.0,0.17,6.08,NPCI UPI Ecosystem Statistics via https://github.com/luckisalive/npci_upi_analytics@5c007daef0b69f30dd8e555c548ba6f3bd85c43f
2023,2,2023-02-01,Equitas Small Finance Bank Apps,0.02,11.41,0.0,0.0,0.0,0.0,0.02,11.41,NPCI UPI Ecosystem Statistics via https://github.com/luckisalive/npci_upi_analytics@5c007daef0b69f30dd8e555c548ba6f3bd85c43f
2023,2,2023-02-01,FamPay PPI,1.6,21.73,0.0,0.0,0.0,0.0,1.6,21.73,NPCI UPI Ecosystem Statistics via https://github.com/luckisalive/npci_upi_analytics@5c007daef0b69f30dd8e555c548ba6f3bd85c43f
2023,2,2023-02-01,Fave,0.11,7.08,0.0,0.0,0.0,0.0,0.11,7.08,NPCI UPI Ecosystem Statistics via https://github.com/luckisalive/npci_upi_analytics@5c007daef0b69f30dd8e555c548ba6f3bd85c43f
2023,2,2023-02-01,Federal Bank App,4.76,590.97,0.0,0.0,0.0,0.0,4.76,590.97,NPCI UPI Ecosystem Statistics via https://github.com/luckisalive/npci_upi_analytics@5c007daef0b69f30dd8e555c548ba6f3bd85c43f
2023,2,2023-02-01,Fino Payments bank Apps,0.1,6.5,0.0,0.0,0.0,0.0,0.1,6.5,NPCI UPI Ecosystem Statistics via https://github.com/luckisalive/npci_upi_analytics@5c007daef0b69f30dd8e555c548ba6f3bd85c43f
2023,2,2023-02-01,Google Pay,2639.55,424442.48,0.0,0.0,0.0,0.0,2639.55,424442.48,NPCI UPI Ecosystem Statistics via https://github.com/luckisalive/npci_upi_analytics@5c007daef0b69f30dd8e555c548ba6f3bd85c43f
2023,2,2023-02-01,Groww,0.21,158.9,0.0,0.0,0.0,0.0,0.21,158.9,NPCI UPI Ecosystem Statistics via https://github.com/luckisalive/npci_upi_analytics@5c007daef0b69f30dd8e555c548ba6f3bd85c43f
2023,2,2023-02-01,HDFC Bank Apps,11.87,3116.03,0.0,0.0,0.0,0.14,11.87,3116.17,NPCI UPI Ecosystem Statistics via https://github.com/luckisalive/npci_upi_analytics@5c007daef0b69f30dd8e555c548ba6f3bd85c43f
2023,2,2023-02-01,HSBC Bank Apps,0.12,73.02,0.0,0.02,0.0,0.0,0.12,73.04,NPCI UPI Ecosystem Statistics via https://github.com/luckisalive/npci_upi_analytics@5c007daef0b69f30dd8e555c548ba6f3bd85c43f
2023,2,2023-02-01,ICICI Bank Apps,28.99,8054.44,5.68,390.6,5.84,6386.36,40.52,14831.4,NPCI UPI Ecosystem Statistics via https://github.com/luckisalive/npci_upi_analytics@5c007daef0b69f30dd8e555c548ba6f3bd85c43f
2023,2,2023-02-01,IDBI Bank Apps,0.07,29.25,0.0,0.0,0.0,0.0,0.07,29.25,NPCI UPI Ecosystem Statistics via https://github.com/luckisalive/npci_upi_analytics@5c007daef0b69f30dd8e555c548ba6f3bd85c43f
2023,2,2023-02-01,IDFC Bank Apps,21.31,2176.07,0.0,0.0,0.98,868.14,22.28,3044.21,NPCI UPI Ecosystem Statistics via https://github.com/luckisalive/npci_upi_analytics@5c007daef0b69f30dd8e555c548ba6f3bd85c43f
2023,2,2023-02-01,India Post Payments Bank Apps,4.05,609.49,0.0,0.0,0.0,0.0,4.05,609.49,NPCI UPI Ecosystem Statistics via https://github.com/luckisalive/npci_upi_analytics@5c007daef0b69f30dd8e555c548ba6f3bd85c43f
2023,2,2023-02-01,Indian Bank Apps,0.24,68.44,0.0,0.0,0.0,0.13,0.24,68.57,NPCI UPI Ecosystem Statistics via https://github.com/luckisalive/npci_upi_analytics@5c007daef0b69f30dd8e555c548ba6f3bd85c43f
2023,2,2023-02-01,Indian Overseas Bank Apps,0.01,2.31,0.0,0.0,0.0,0.0,0.01,2.31,NPCI UPI Ecosystem Statistics via https://github.com/luckisalive/npci_upi_analytics@5c007daef0b69f30dd8e555c548ba6f3bd85c43f
2023,2,2023-02-01,IndusInd Bank Apps,0.78,848.43,0.0,0.0,0.0,0.0,0.78,848.43,NPCI UPI Ecosystem Statistics via https://github.com/luckisalive/npci_upi_analytics@5c007daef0b69f30dd8e555c548ba6f3bd85c43f
2023,2,2023-02-01,Jio Payments Bank Apps,1.5,104.03,0.0,0.0,0.0,0.0,1.5,104.03,NPCI UPI Ecosystem Statistics via https://github.com/luckisalive/npci_upi_analytics@5c007daef0b69f30dd8e555c548ba6f3bd85c43f
2023,2,2023-02-01,Jupiter,2.39,314.07,0.0,0.0,0.0,0.0,2.39,314.07,NPCI UPI Ecosystem Statistics via https://github.com/luckisalive/npci_upi_analytics@5c007daef0b69f30dd8e555c548ba6f3bd85c43f
2023,2,2023-02-01,Karnataka Bank Apps,0.39,88.38,0.0,0.0,0.0,0.0,0.39,88.38,NPCI UPI Ecosystem Statistics via https://github.com/luckisalive/npci_upi_analytics@5c007daef0b69f30dd8e555c548ba6f3bd85c43f
2023,2,2023-02-01,Karur Vysya Bank Apps,0.04,14.78,0.0,0.0,0.0,0.0,0.04,14.78,NPCI UPI Ecosystem Statistics via https://github.com/luckisalive/npci_upi_analytics@5c007daef0b69f30dd8e555c548ba6f3bd85c43f
2023,2,2023-02-01,Kotak Mahindra Bank Apps,12.09,2521.61,0.0,0.0,0.0,0.03,12.09,2521.65,NPCI UPI Ecosystem Statistics via https://github.com/luckisalive/npci_upi_analytics@5c007daef0b69f30dd8e555c548ba6f3bd85c43f
2023,2,2023-02-01,MakeMyTrip,0.05,22.7,0.0,0.0,0.0,0.0,0.05,22.7,NPCI UPI Ecosystem Statistics via https://github.com/luckisalive/npci_upi_analytics@5c007daef0b69f30dd8e555c548ba6f3bd85c43f
2023,2,2023-02-01,Mobikwik,3.39,804.92,0.0,0.0,0.0,0.0,3.39,804.92,NPCI UPI Ecosystem Statistics via https://github.com/luckisalive/npci_upi_analytics@5c007daef0b69f30dd8e555c548ba6f3bd85c43f
2023,2,2023-02-01,NSDL Payments Bank Apps,0.02,3.0,0.0,0.0,0.0,0.0,0.02,3.0,NPCI UPI Ecosystem Statistics via https://github.com/luckisalive/npci_upi_analytics@5c007daef0b69f30dd8e555c548ba6f3bd85c43f
2023,2,2023-02-01,Other,0.03,9.01,0.0,0.0,0.0,0.0,0.03,9.01,NPCI UPI Ecosystem Statistics via https://github.com/luckisalive/npci_upi_analytics@5c007daef0b69f30dd8e555c548ba6f3bd85c43f
2023,2,2023-02-01,Paytm,1027.97,116864.36,10.52,17.08,0.43,621.78,1137.53,136528.25,NPCI UPI Ecosystem Statistics via https://github.com/luckisalive/npci_upi_analytics@5c007daef0b69f30dd8e555c548ba6f3bd85c43f
2023,2,2023-02-01,PhonePe,3519.12,620121.97,0.0,0.0,0.0,0.0,3519.12,620121.97,NPCI UPI Ecosystem Statistics via https://github.com/luckisalive/npci_upi_analytics@5c007daef0b69f30dd8e555c548ba6f3bd85c43f
2023,2,2023-02-01,Punjab National Bank Apps,0.33,90.01,0.0,0.0,0.0,0.0,0.33,90.01,NPCI UPI Ecosystem Statistics via https://github.com/luckisalive/npci_upi_analytics@5c007daef0b69f30dd8e555c548ba6f3bd85c43f
2023,2,2023-02-01,Punjab Sind Bank Apps,0.04,12.34,0.0,0.0,0.0,0.0,0.04,12.34,NPCI UPI Ecosystem Statistics via https://github.com/luckisalive/npci_upi_analytics@5c007daef0b69f30dd8e555c548ba6f3bd85c43f
2023,2,2023-02-01,RBL Bank Apps,1.65,487.72,0.0,0.0,0.1,1.72,1.74,489.45,NPCI UPI Ecosystem Statistics via https://github.com/luckisalive/npci_upi_analytics@5c007daef0b69f30dd8e555c548ba6f3bd85c43f
2023,2,2023-02-01,Samsung Pay,5.24,488.33,0.0,0.0,0.0,0.0,5.24,488.33,NPCI UPI Ecosystem Statistics via https://github.com/luckisalive/npci_upi_analytics@5c007daef0b69f30dd8e555c548ba6f3bd85c43f
2023,2,2023-02-01,Slash,0.01,0.49,0.0,0.0,0.0,0.0,0.01,0.49,NPCI UPI Ecosystem Statistics via https://github.com/luckisalive/npci_upi_analytics@5c007daef0b69f30dd8e555c548ba6f3bd85c43f
2023,2,2023-02-01,South Indian Bank Apps,0.2,54.81,0.0,0.0,0.0,0.0,0.2,54.81,NPCI UPI Ecosystem Statistics via https://github.com/luckisalive/npci_upi_analytics@5c007daef0b69f30dd8e555c548ba6f3bd85c43f
2023,2,2023-02-01,Standard Chartered Bank Apps,0.14,82.79,0.0,0.0,0.0,0.0,0.14,82.79,NPCI UPI Ecosystem Statistics via https://github.com/luckisalive/npci_upi_analytics@5c007daef0b69f30dd8e555c548ba6f3bd85c43f
2023,2,2023-02-01,State Bank of India Apps,3.72,1753.88,0.0,0.0,0.0,0.05,3.72,1753.93,NPCI UPI Ecosystem Statistics via https://github.com/luckisalive/npci_upi_analytics@5c007daef0b69f30dd8e555c548ba6f3bd85c43f
2023,2,2023-02-01,Tamilnad Mercantile Bank Apps,0.06,10.21,0.0,0.0,0.0,0.0,0.06,10.21,NPCI UPI Ecosystem Statistics via https://github.com/luckisalive/npci_upi_analytics@5c007daef0b69f30dd8e555c548ba6f3bd85c43f
2023,2,2023-02-01,TataNeu,0.13,14.54,0.0,0.0,0.0,0.0,0.13,14.54,NPCI UPI Ecosystem Statistics via https://github.com/luckisalive/npci_upi_analytics@5c007daef0b69f30dd8e555c548ba6f3bd85c43f
2023,2,2023-02-01,Transerv,0.02,3.13,0.0,0.0,0.0,0.0,0.02,3.13,NPCI UPI Ecosystem Statistics via https://github.com/luckisalive/npci_upi_analytics@5c007daef0b69f30dd8e555c548ba6f3bd85c43f
2023,2,2023-02-01,UCO Bank Apps,0.31,97.44,0.0,0.0,0.0,0.0,0.31,97.44,NPCI UPI Ecosystem Statistics via https://github.com/luckisalive/npci_upi_analytics@5c007daef0b69f30dd8e555c548ba6f3bd85c43f
2023,2,2023-02-01,Ultracash,0.03,1.67,0.0,0.0,0.0,0.0,0.03,1.67,NPCI UPI Ecosystem Statistics via https://github.com/luckisalive/npci_upi_analytics@5c007daef0b69f30dd8e555c548ba6f3bd85c43f
2023,2,2023-02-01,Union Bank Apps,0.71,280.27,0.0,0.0,0.0,0.0,0.71,280.27,NPCI UPI Ecosystem Statistics via https://github.com/luckisalive/npci_upi_analytics@5c007daef0b69f30dd8e555c548ba6f3bd85c43f
2023,2,2023-02-01,Utkarsh Small Finance Bank Apps,0.02,9.01,0.0,0.0,0.0,0.0,0.02,9.01,NPCI UPI Ecosystem Statistics via https://github.com/luckisalive/npci_upi_analytics@5c007daef0b69f30dd8e555c548ba6f3bd85c43f
2023,2,2023-02-01,WhatsApp,11.63,970.67,0.0,0.0,0.0,0.0,11.63,970.67,NPCI UPI Ecosystem Statistics via https://github.com/luckisalive/npci_upi_analytics@5c007daef0b69f30dd8e555c548ba6f3bd85c43f
2023,2,2023-02-01,Yes Bank Apps,25.89,7481.18,0.0,0.0,0.66,37.06,26.55,7518.24,NPCI UPI Ecosystem Statistics via https://github.com/luckisalive/npci_upi_analytics@5c007daef0b69f30dd8e555c548ba6f3bd85c43f
2023,2,2023-02-01,slice,0.47,117.78,0.0,0.0,0.0,0.0,0.47,117.78,NPCI UPI Ecosystem Statistics via https://github.com/luckisalive/npci_upi_analytics@5c007daef0b69f30dd8e555c548ba6f3bd85c43f
2023,3,2023-03-01,AU Small Finance Bank Apps,0.62,186.48,0.0,0.0,0.0,0.0,0.62,186.48,NPCI UPI Ecosystem Statistics via https://github.com/luckisalive/npci_upi_analytics@5c007daef0b69f30dd8e555c548ba6f3bd85c43f
2023,3,2023-03-01,Airtel Payments Bank Apps,10.66,761.39,0.0,0.0,0.0,0.0,10.66,761.51,NPCI UPI Ecosystem Statistics via https://github.com/luckisalive/npci_upi_analytics@5c007daef0b69f30dd8e555c548ba6f3bd85c43f
2023,3,2023-03-01,Allahabad Bank Apps,0.03,8.33,0.0,0.0,0.0,0.0,0.03,8.33,NPCI UPI Ecosystem Statistics via https://github.com/luckisalive/npci_upi_analytics@5c007daef0b69f30dd8e555c548ba6f3bd85c43f
2023,3,2023-03-01,Amazon Pay,50.56,5360.9,0.0,0.0,0.0,0.0,50.56,5360.9,NPCI UPI Ecosystem Statistics via https://github.com/luckisalive/npci_upi_analytics@5c007daef0b69f30dd8e555c548ba6f3bd85c43f
2023,3,2023-03-01,Axis Bank Apps,9.31,1700.48,48.9,273.18,0.03,3.0,58.24,1976.67,NPCI UPI Ecosystem Statistics via https://github.com/luckisalive/npci_upi_analytics@5c007daef0b69f30dd8e555c548ba6f3bd85c43f
2023,3,2023-03-01,BHIM,23.68,7498.24,0.0,0.0,0.0,0.0,23.68,7498.24,NPCI UPI Ecosystem Statistics via https://github.com/luckisalive/npci_upi_analytics@5c007daef0b69f30dd8e555c548ba6f3bd85c43f
2023,3,2023-03-01,Bajaj Finserv,6.76,977.9200000000001,0.0,0.0,0.0,0.0,6.76,977.9200000000001,NPCI UPI Ecosystem Statistics via https://github.com/luckisalive/npci_upi_analytics@5c007daef0b69f30dd8e555c548ba6f3bd85c43f
2023,3,2023-03-01,Bandhan Bank Apps,0.01,1.5,0.0,0.0,0.0,0.0,0.01,1.5,NPCI UPI Ecosystem Statistics via https://github.com/luckisalive/npci_upi_analytics@5c007daef0b69f30dd8e555c548ba6f3bd85c43f
2023,3,2023-03-01,Bank of America Apps,0.01,2.06,0.0,0.0,0.0,0.0,0.01,2.07,NPCI UPI Ecosystem Statistics via https://github.com/luckisalive/npci_upi_analytics@5c007daef0b69f30dd8e555c548ba6f3bd85c43f
2023,3,2023-03-01,Bank of Baroda Apps,1.16,446.84,0.0,0.0,0.0,0.42,1.16,447.25,NPCI UPI Ecosystem Statistics via https://github.com/luckisalive/npci_upi_analytics@5c007daef0b69f30dd8e555c548ba6f3bd85c43f
2023,3,2023-03-01,Bank of India Apps,0.23,71.14,0.0,0.0,0.0,0.0,0.23,71.14,NPCI UPI Ecosystem Statistics via https://github.com/luckisalive/npci_upi_analytics@5c007daef0b69f30dd8e555c548ba6f3bd85c43f
2023,3,2023-03-01,Bank of Maharashtra Apps,0.06,21.29,0.0,0.0,0.0,0.0,0.06,21.29,NPCI UPI Ecosystem Statistics via https://github.com/luckisalive/npci_upi_analytics@5c007daef0b69f30dd8e555c548ba6f3bd85c43f
2023,3,2023-03-01,Canara Bank Apps,1.39,374.43,0.0,0.0,0.0,0.0,1.39,374.43,NPCI UPI Ecosystem Statistics via https://github.com/luckisalive/npci_upi_analytics@5c007daef0b69f30dd8e555c548ba6f3bd85c43f
2023,3,2023-03-01,Central Bank of India Apps,0.36,83.48,0.0,0.0,0.0,0.09,0.36,83.56,NPCI UPI Ecosystem Statistics via https://github.com/luckisalive/npci_upi_analytics@5c007daef0b69f30dd8e555c548ba6f3bd85c43f
2023,3,2023-03-01,Citi Bank Apps,0.12,67.55,0.0,0.0,0.0,0.01,0.12,67.55,NPCI UPI Ecosystem Statistics via https://github.com/luckisalive/npci_upi_analytics@5c007daef0b69f30dd8e555c548ba6f3bd85c43f
2023,3,2023-03-01,City Union Bank Apps,0.06,18.93,0.0,0.0,0.0,0.0,0.06,18.93,NPCI UPI Ecosystem Statistics via https://github.com/luckisalive/npci_upi_analytics@5c007daef0b69f30dd8e555c548ba6f3bd85c43f
2023,3,2023-03-01,Cointab,0.04,19.07,0.0,0.0,0.0,0.0,0.04,19.07,NPCI UPI Ecosystem Statistics via https://github.com/luckisalive/npci_upi_analytics@5c007daef0b69f30dd8e555c548ba6f3bd85c43f
2023,3,2023-03-01,Cred,42.84,21056.31,0.0,0.0,0.0,0.0,42.84,21056.31,NPCI UPI Ecosystem Statistics via https://github.com/luckisalive/npci_upi_analytics@5c007daef0b69f30dd8e555c548ba6f3bd85c43f
2023,3,2023-03-01,DBS Digibank Apps,0.41,177.88,0.0,0.0,0.0,0.0,0.41,177.88,NPCI UPI Ecosystem Statistics via https://github.com/luckisalive/npci_upi_analytics@5c007daef0b69f30dd8e555c548ba6f3bd85c43f
2023,3,2023-03-01,Deutsche Bank Apps,1.72,167.84,0.0,0.0,0.02,19.27,1.73,187.11,NPCI UPI Ecosystem Statistics via https://github.com/luckisalive/npci_upi_analytics@5c007daef0b69f30dd8e555c548ba6f3bd85c43f
2023,3,2023-03-01,Dhanlaxmi Bank Apps,0.01,3.21,0.0,0.0,0.0,0.0,0.01,3.21,NPCI UPI Ecosystem Statistics via https://github.com/luckisalive/npci_upi_analytics@5c007daef0b69f30dd8e555c548ba6f3bd85c43f
2023,3,2023-03-01,Equitas Small Finance Bank Apps,0.02,13.57,0.0,0.0,0.0,0.0,0.02,13.57,NPCI UPI Ecosystem Statistics via https://github.com/luckisalive/npci_upi_analytics@5c007daef0b69f30dd8e555c548ba6f3bd85c43f
2023,3,2023-03-01,Eroute,0.27,19.25,0.0,0.0,0.0,0.0,0.27,19.25,NPCI UPI Ecosystem Statistics via https://github.com/luckisalive/npci_upi_analytics@5c007daef0b69f30dd8e555c548ba6f3bd85c43f
2023,3,2023-03-01,Fampay PPI,9.49,124.59,0.0,0.0,0.0,0.0,9.49,124.59,NPCI UPI Ecosystem Statistics via https://github.com/luckisalive/npci_upi_analytics@5c007daef0b69f30dd8e555c548ba6f3bd85c43f
2023,3,2023-03-01,Fave,0.08,6.4,0.0,0.0,0.0,0.0,0.08,6.4,NPCI UPI Ecosystem Statistics via https://github.com/luckisalive/npci_upi_analytics@5c007daef0b69f30dd8e555c548ba6f3bd85c43f
2023,3,2023-03-01,Federal Bank App,5.25,648.5,0.0,0.0,0.0,0.0,5.25,648.51,NPCI UPI Ecosystem Statistics via https://github.com/luckisalive/npci_upi_analytics@5c007daef0b69f30dd8e555c548ba6f3bd85c43f
2023,3,2023-03-01,Fino Payments bank Apps,0.13,8.18,0.0,0.0,0.0,0.0,0.13,8.18,NPCI UPI Ecosystem Statistics via https://github.com/luckisalive/npci_upi_analytics@5c007daef0b69f30dd8e555c548ba6f3bd85c43f
2023,3,2023-03-01,Google Pay,3054.44,482896.69,0.0,0.0,0.0,0.0,3054.44,482896.69,NPCI UPI Ecosystem Statistics via https://github.com/luckisalive/npci_upi_analytics@5c007daef0b69f30dd8e555c548ba6f3bd85c43f
2023,3,2023-03-01,Groww,0.18,137.64,0.0,0.0,0.0,0.0,0.18,137.64,NPCI UPI Ecosystem Statistics via https://github.com/luckisalive/npci_upi_analytics@5c007daef0b69f30dd8e555c548ba6f3bd85c43f
2023,3,2023-03-01,HDFC Bank Apps,14.22,3644.87,0.0,0.0,0.0,0.01,14.22,3644.88,NPCI UPI Ecosystem Statistics via https://github.com/luckisalive/npci_upi_analytics@5c007daef0b69f30dd8e555c548ba6f3bd85c43f
2023,3,2023-03-01,HSBC Bank Apps,0.14,89.69,0.0,0.03,0.0,0.0,0.14,89.71,NPCI UPI Ecosystem Statistics via https://github.com/luckisalive/npci_upi_analytics@5c007daef0b69f30dd8e555c548ba6f3bd85c43f
2023,3,2023-03-01,ICICI Bank Apps,29.46,8773.27,4.87,348.16,7.26,8502.71,41.59,17624.14,NPCI UPI Ecosystem Statistics via https://github.com/luckisalive/npci_upi_analytics@5c007daef0b69f30dd8e555c548ba6f3bd85c43f
2023,3,2023-03-01,IDBI Bank Apps,0.07,32.38,0.0,0.0,0.0,0.0,0.07,32.38,NPCI UPI Ecosystem Statistics via https://github.com/luckisalive/npci_upi_analytics@5c007daef0b69f30dd8e555c548ba6f3bd85c43f
2023,3,2023-03-01,IDFC Bank Apps,13.36,2665.21,0.0,0.0,0.67,640.96,14.02,3306.18,NPCI UPI Ecosystem Statistics via https://github.com/luckisalive/npci_upi_analytics@5c007daef0b69f30dd8e555c548ba6f3bd85c43f
2023,3,2023-03-01,India Post Payments Bank Apps,4.44,667.69,0.0,0.0,0.0,0.0,4.44,667.69,NPCI UPI Ecosystem Statistics via https://github.com/luckisalive/npci_upi_analytics@5c007daef0b69f30dd8e555c548ba6f3bd85c43f
2023,3,2023-03-01,Indian Bank Apps,0.26,75.85,0.0,0.0,0.0,16.56,0.26,92.41,NPCI UPI Ecosystem Statistics via https://github.com/luckisalive/npci_upi_analytics@5c007daef0b69f30dd8e555c548ba6f3bd85c43f
2023,3,2023-03-01,Indian Overseas Bank Apps,0.02,4.47,0.0,0.0,0.0,0.0,0.02,4.47,NPCI UPI Ecosystem Statistics via https://github.com/luckisalive/npci_upi_analytics@5c007daef0b69f30dd8e555c548ba6f3bd85c43f
2023,3,2023-03-01,IndusInd Bank Apps,0.93,950.35,0.0,0.0,0.0,0.0,0.93,950.35,NPCI UPI Ecosystem Statistics via https://github.com/luckisalive/npci_upi_analytics@5c007daef0b69f30dd8e555c548ba6f3bd85c43f
2023,3,2023-03-01,Janata Sahakari Bank Apps,0.01,3.74,0.0,0.0,0.0,0.0,0.01,3.74,NPCI UPI Ecosystem Statistics via https://github.com/luckisalive/npci_upi_analytics@5c007daef0b69f30dd8e555c548ba6f3bd85c43f
2023,3,2023-03-01,Jio Payments Bank Apps,1.68,118.72,0.0,0.0,0.0,0.0,1.68,118.72,NPCI UPI Ecosystem Statistics via https://github.com/luckisalive/npci_upi_analytics@5c007daef0b69f30dd8e555c548ba6f3bd85c43f
2023,3,2023-03-01,Jupiter,2.66,358.12,0.0,0.0,0.0,0.0,2.66,358.12,NPCI UPI Ecosystem Statistics via https://github.com/luckisalive/npci_upi_analytics@5c007daef0b69f30dd8e555c548ba6f3bd85c43f
2023,3,2023-03-01,Karnataka Bank Apps,0.42,91.53,0.0,0.0,0.0,0.0,0.42,91.53,NPCI UPI Ecosystem Statistics via https://github.com/luckisalive/npci_upi_analytics@5c007daef0b69f30dd8e555c548ba6f3bd85c43f
2023,3,2023-03-01,Karur Vysya Bank Apps,0.04,15.84,0.0,0.0,0.0,0.0,0.04,15.84,NPCI UPI Ecosystem Statistics via https://github.com/luckisalive/npci_upi_analytics@5c007daef0b69f30dd8e555c548ba6f3bd85c43f
2023,3,2023-03-01,Kotak Mahindra Bank Apps,13.77,2854.64,0.0,0.0,0.0,0.01,13.77,2854.65,NPCI UPI Ecosystem Statistics via https://github.com/luckisalive/npci_upi_analytics@5c007daef0b69f30dd8e555c548ba6f3bd85c43f
2023,3,2023-03-01,LivQuick PPI,0.01,0.64,0.0,0.0,0.0,0.0,0.01,0.64,NPCI UPI Ecosystem Statistics via https://github.com/luckisalive/npci_upi_analytics@5c007daef0b69f30dd8e555c548ba6f3bd85c43f
2023,3,2023-03-01,MakeMyTrip,0.05,23.5,0.0,0.0,0.0,0.0,0.05,23.5,NPCI UPI Ecosystem Statistics via https://github.com/luckisalive/npci_upi_analytics@5c007daef0b69f30dd8e555c548ba6f3bd85c43f
2023,3,2023-03-01,Mobikwik,3.64,937.98,0.0,0.0,0.0,0.0,3.64,937.98,NPCI UPI Ecosystem Statistics via https://github.com/luckisalive/npci_upi_analytics@5c007daef0b69f30dd8e555c548ba6f3bd85c43f
2023,3,2023-03-01,NSDL Payments Bank Apps,0.03,3.47,0.0,0.0,0.0,0.0,0.03,3.47,NPCI UPI Ecosystem Statistics via https://github.com/luckisalive/npci_upi_analytics@5c007daef0b69f30dd8e555c548ba6f3bd85c43f
2023,3,2023-03-01,Other,0.02,5.18,0.0,0.0,0.0,0.0,0.02,5.18,NPCI UPI Ecosystem Statistics via https://github.com/luckisalive/npci_upi_analytics@5c007daef0b69f30dd8e555c548ba6f3bd85c43f
2023,3,2023-03-01,Paytm,1169.63,133167.49,12.95,20.36,0.55,782.71,1288.38,154430.4,NPCI UPI Ecosystem Statistics via https://github.com/luckisalive/npci_upi_analytics@5c007daef0b69f30dd8e555c548ba6f3bd85c43f
2023,3,2023-03-01,PhonePe,4076.32,707410.47,0.0,0.0,0.0,0.0,4076.32,707410.47,NPCI UPI Ecosystem Statistics via https://github.com/luckisalive/npci_upi_analytics@5c007daef0b69f30dd8e555c548ba6f3bd85c43f
2023,3,2023-03-01,Punjab National Bank Apps,0.43,110.59,0.0,0.0,0.0,0.0,0.43,110.59,NPCI UPI Ecosystem Statistics via https://github.com/luckisalive/npci_upi_analytics@5c007daef0b69f30dd8e555c548ba6f3bd85c43f
2023,3,2023-03-01,Punjab Sind Bank Apps,0.04,13.74,0.0,0.0,0.0,0.0,0.04,13.74,NPCI UPI Ecosystem Statistics via https://github.com/luckisalive/npci_upi_analytics@5c007daef0b69f30dd8e555c548ba6f3bd85c43f
2023,3,2023-03-01,RBL Bank Apps,1.79,544.09,0.0,0.0,0.09,1.89,1.88,545.98,NPCI UPI Ecosystem Statistics via https://github.com/luckisalive/npci_upi_analytics@5c007daef0b69f30dd8e555c548ba6f3bd85c43f
2023,3,2023-03-01,Samsung Pay,5.68,528.09,0.0,0.0,0.0,0.0,5.68,528.09,NPCI UPI Ecosystem Statistics via https://github.com/luckisalive/npci_upi_analytics@5c007daef0b69f30dd8e555c548ba6f3bd85c43f
2023,3,2023-03-01,South Indian Bank Apps,0.22,66.08,0.0,0.0,0.0,0.0,0.22,66.08,NPCI UPI Ecosystem Statistics via https://github.com/luckisalive/npci_upi_analytics@5c007daef0b69f30dd8e555c548ba6f3bd85c43f
2023,3,2023-03-01,Standard Chartered Bank Apps,0.15,94.14,0.0,0.0,0.0,0.0,0.15,94.14,NPCI UPI Ecosystem Statistics via https://github.com/luckisalive/npci_upi_analytics@5c007daef0b69f30dd8e555c548ba6f3bd85c43f
2023,3,2023-03-01,State Bank of India Apps,4.36,2011.57,0.0,0.0,0.0,0.08,4.36,2011.65,NPCI UPI Ecosystem Statistics via https://github.com/luckisalive/npci_upi_analytics@5c007daef0b69f30dd8e555c548ba6f3bd85c43f
2023,3,2023-03-01,Tamilnad Mercantile Bank Apps,0.07,12.42,0.0,0.0,0.0,0.0,0.07,12.42,NPCI UPI Ecosystem Statistics via https://github.com/luckisalive/npci_upi_analytics@5c007daef0b69f30dd8e555c548ba6f3bd85c43f
2023,3,2023-03-01,TataNeu,0.12,15.0,0.0,0.0,0.0,0.0,0.12,15.0,NPCI UPI Ecosystem Statistics via https://github.com/luckisalive/npci_upi_analytics@5c007daef0b69f30dd8e555c548ba6f3bd85c43f
2023,3,2023-03-01,Transerv PPI,0.06,8.11,0.0,0.0,0.0,0.0,0.06,8.11,NPCI UPI Ecosystem Statistics via https://github.com/luckisalive/npci_upi_analytics@5c007daef0b69f30dd8e555c548ba6f3bd85c43f
2023,3,2023-03-01,UCO Bank Apps,0.36,116.66,0.0,0.0,0.0,0.0,0.36,116.66,NPCI UPI Ecosystem Statistics via https://github.com/luckisalive/npci_upi_analytics@5c007daef0b69f30dd8e555c548ba6f3bd85c43f
2023,3,2023-03-01,Ultracash,0.04,2.61,0.0,0.0,0.0,0.0,0.04,2.61,NPCI UPI Ecosystem Statistics via https://github.com/luckisalive/npci_upi_analytics@5c007daef0b69f30dd8e555c548ba6f3bd85c43f
2023,3,2023-03-01,Union Bank Apps,0.75,310.24,0.0,0.0,0.0,0.0,0.75,310.24,NPCI UPI Ecosystem Statistics via https://github.com/luckisalive/npci_upi_analytics@5c007daef0b69f30dd8e555c548ba6f3bd85c43f
2023,3,2023-03-01,Utkarsh Small Finance Bank Apps,0.02,6.35,0.0,0.0,0.0,0.0,0.02,6.35,NPCI UPI Ecosystem Statistics via https://github.com/luckisalive/npci_upi_analytics@5c007daef0b69f30dd8e555c548ba6f3bd85c43f
2023,3,2023-03-01,WhatsApp,13.35,1144.76,0.0,0.0,0.0,0.0,13.35,1144.76,NPCI UPI Ecosystem Statistics via https://github.com/luckisalive/npci_upi_analytics@5c007daef0b69f30dd8e555c548ba6f3bd85c43f
2023,3,2023-03-01,Yes Bank Apps,30.78,10038.78,0.0,0.0,0.68,55.12,31.47,10093.9,NPCI UPI Ecosystem Statistics via https://github.com/luckisalive/npci_upi_analytics@5c007daef0b69f30dd8e555c548ba6f3bd85c43f
2023,4,2023-04-01,AU Small Finance Bank Apps,0.63,184.93,0.0,0.0,0.0,0.0,0.63,184.93,NPCI UPI Ecosystem Statistics via https://github.com/luckisalive/npci_upi_analytics@5c007daef0b69f30dd8e555c548ba6f3bd85c43f
2023,4,2023-04-01,Airtel Payments Bank Apps,9.04,640.16,0.0,0.0,0.0,0.0,9.04,640.22,NPCI UPI Ecosystem Statistics via https://github.com/luckisalive/npci_upi_analytics@5c007daef0b69f30dd8e555c548ba6f3bd85c43f
2023,4,2023-04-01,Akudo & Muvin (Livquik),0.11,4.25,0.0,0.0,0.0,0.0,0.11,4.25,NPCI UPI Ecosystem Statistics via https://github.com/luckisalive/npci_upi_analytics@5c007daef0b69f30dd8e555c548ba6f3bd85c43f
2023,4,2023-04-01,Allahabad Bank Apps,0.03,8.96,0.0,0.0,0.0,0.0,0.03,8.96,NPCI UPI Ecosystem Statistics via https://github.com/luckisalive/npci_upi_analytics@5c007daef0b69f30dd8e555c548ba6f3bd85c43f
2023,4,2023-04-01,Amazon Pay,53.44,5351.07,0.0,0.0,0.0,0.0,53.44,5351.07,NPCI UPI Ecosystem Statistics via https://github.com/luckisalive/npci_upi_analytics@5c007daef0b69f30dd8e555c548ba6f3bd85c43f
2023,4,2023-04-01,Axis Bank Apps,9.36,1584.45,42.35,282.63,0.03,2.81,51.74,1869.89,NPCI UPI Ecosystem Statistics via https://github.com/luckisalive/npci_upi_analytics@5c007daef0b69f30dd8e555c548ba6f3bd85c43f
2023,4,2023-04-01,BHIM,23.77,7368.61,0.0,0.0,0.0,0.0,23.77,7368.61,NPCI UPI Ecosystem Statistics via https://github.com/luckisalive/npci_upi_analytics@5c007daef0b69f30dd8e555c548ba6f3bd85c43f
2023,4,2023-04-01,BPAYWALLET,0.05,9.91,0.0,0.0,0.0,0.0,0.05,9.91,NPCI UPI Ecosystem Statistics via https://github.com/luckisalive/npci_upi_analytics@5c007daef0b69f30dd8e555c548ba6f3bd85c43f
2023,4,2023-04-01,Bajaj Finserv,7.68,1053.08,0.0,0.0,0.0,0.0,7.68,1053.08,NPCI UPI Ecosystem Statistics via https://github.com/luckisalive/npci_upi_analytics@5c007daef0b69f30dd8e555c548ba6f3bd85c43f
2023,4,2023-04-01,Bandhan Bank Apps,0.01,1.44,0.0,0.0,0.0,0.0,0.01,1.44,NPCI UPI Ecosystem Statistics via https://github.com/luckisalive/npci_upi_analytics@5c007daef0b69f30dd8e555c548ba6f3bd85c43f
2023,4,2023-04-01,Bank of Baroda Apps,1.06,392.74,0.0,0.0,0.0,0.0,1.06,392.74,NPCI UPI Ecosystem Statistics via https://github.com/luckisalive/npci_upi_analytics@5c007daef0b69f30dd8e555c548ba6f3bd85c43f
2023,4,2023-04-01,Bank of India Apps,0.22,66.93,0.0,0.0,0.0,0.0,0.22,66.93,NPCI UPI Ecosystem Statistics via https://github.com/luckisalive/npci_upi_analytics@5c007daef0b69f30dd8e555c548ba6f3bd85c43f
2023,4,2023-04-01,Bank of Maharashtra Apps,0.06,19.83,0.0,0.0,0.0,0.0,0.06,19.83,NPCI UPI Ecosystem Statistics via https://github.com/luckisalive/npci_upi_analytics@5c007daef0b69f30dd8e555c548ba6f3bd85c43f
2023,4,2023-04-01,Canara Bank Apps,1.4,383.46,0.0,0.0,0.0,0.0,1.4,383.46,NPCI UPI Ecosystem Statistics via https://github.com/luckisalive/npci_upi_analytics@5c007daef0b69f30dd8e555c548ba6f3bd85c43f
2023,4,2023-04-01,Central Bank of India Apps,0.41,91.19,0.0,0.0,0.0,0.08,0.41,91.27,NPCI UPI Ecosystem Statistics via https://github.com/luckisalive/npci_upi_analytics@5c007daef0b69f30dd8e555c548ba6f3bd85c43f
2023,4,2023-04-01,Citi Bank Apps,0.1,58.17,0.0,0.0,0.0,0.0,0.1,58.17,NPCI UPI Ecosystem Statistics via https://github.com/luckisalive/npci_upi_analytics@5c007daef0b69f30dd8e555c548ba6f3bd85c43f
2023,4,2023-04-01,City Union Bank Apps,0.06,18.31,0.0,0.0,0.0,0.0,0.06,18.31,NPCI UPI Ecosystem Statistics via https://github.com/luckisalive/npci_upi_analytics@5c007daef0b69f30dd8e555c548ba6f3bd85c43f
2023,4,2023-04-01,Cointab,0.02,10.61,0.0,0.0,0.0,0.0,0.02,10.61,NPCI UPI Ecosystem Statistics via https://github.com/luckisalive/npci_upi_analytics@5c007daef0b69f30dd8e555c548ba6f3bd85c43f
2023,4,2023-04-01,Cred,45.7,20729.56,0.0,0.0,0.0,0.0,45.7,20729.56,NPCI UPI Ecosystem Statistics via https://github.com/luckisalive/npci_upi_analytics@5c007daef0b69f30dd8e555c548ba6f3bd85c43f
2023,4,2023-04-01,DBS Digibank Apps,0.41,173.13,0.0,0.0,0.0,0.0,0.41,173.13,NPCI UPI Ecosystem Statistics via https://github.com/luckisalive/npci_upi_analytics@5c007daef0b69f30dd8e555c548ba6f3bd85c43f
2023,4,2023-04-01,DHANI,0.08,9.21,0.0,0.0,0.0,0.0,0.08,9.21,NPCI UPI Ecosystem Statistics via https://github.com/luckisalive/npci_upi_analytics@5c007daef0b69f30dd8e555c548ba6f3bd85c43f
2023,4,2023-04-01,Deutsche Bank Apps,1.65,142.8,0.0,0.0,0.0,0.86,1.65,143.66,NPCI UPI Ecosystem Statistics via https://github.com/luckisalive/npci_upi_analytics@5c007daef0b69f30dd8e555c548ba6f3bd85c43f
2023,4,2023-04-01,Dhanlaxmi Bank Apps,0.01,2.8,0.0,0.0,0.0,0.0,0.01,2.8,NPCI UPI Ecosystem Statistics via https://github.com/luckisalive/npci_upi_analytics@5c007daef0b69f30dd8e555c548ba6f3bd85c43f
2023,4,2023-04-01,Equitas Small Finance Bank Apps,0.02,13.86,0.0,0.0,0.0,0.0,0.02,13.86,NPCI UPI Ecosystem Statistics via https://github.com/luckisalive/npci_upi_analytics@5c007daef0b69f30dd8e555c548ba6f3bd85c43f
2023,4,2023-04-01,FAM,11.78,146.58,0.0,0.0,0.0,0.0,11.78,146.58,NPCI UPI Ecosystem Statistics via https://github.com/luckisalive/npci_upi_analytics@5c007daef0b69f30dd8e555c548ba6f3bd85c43f
2023,4,2023-04-01,Fave,0.03,3.27,0.0,0.0,0.0,0.0,0.03,3.27,NPCI UPI Ecosystem Statistics via https://github.com/luckisalive/npci_upi_analytics@5c007daef0b69f30dd8e555c548ba6f3bd85c43f
2023,4,2023-04-01,Federal Bank App,5.18,624.64,0.0,0.0,0.0,0.0,5.18,624.64,NPCI UPI Ecosystem Statistics via https://github.com/luckisalive/npci_upi_analytics@5c007daef0b69f30dd8e555c548ba6f3bd85c43f
2023,4,2023-04-01,Fino Payments bank Apps,0.08,5.67,0.0,0.0,0.0,0.0,0.08,5.67,NPCI UPI Ecosystem Statistics via https://github.com/luckisalive/npci_upi_analytics@5c007daef0b69f30dd8e555c548ba6f3bd85c43f
2023,4,2023-04-01,Google Pay,3109.24,474049.9,0.0,0.0,0.0,0.0,3109.24,474049.9,NPCI UPI Ecosystem Statistics via https://github.com/luckisalive/npci_upi_analytics@5c007daef0b69f30dd8e555c548ba6f3bd85c43f
2023,4,2023-04-01,Groww,0.11,80.85,0.0,0.0,0.0,0.0,0.11,80.85,NPCI UPI Ecosystem Statistics via https://github.com/luckisalive/npci_upi_analytics@5c007daef0b69f30dd8e555c548ba6f3bd85c43f
2023,4,2023-04-01,HDFC Bank Apps,14.48,3685.33,0.0,0.0,0.0,16.48,14.48,3701.81,NPCI UPI Ecosystem Statistics via https://github.com/luckisalive/npci_upi_analytics@5c007daef0b69f30dd8e555c548ba6f3bd85c43f
2023,4,2023-04-01,HSBC Bank Apps,0.14,90.1,0.0,0.03,0.0,0.0,0.14,90.13,NPCI UPI Ecosystem Statistics via https://github.com/luckisalive/npci_upi_analytics@5c007daef0b69f30dd8e555c548ba6f3bd85c43f
2023,4,2023-04-01,ICICI Bank Apps,30.69,8941.59,5.34,323.96,5.95,7439.02,41.98,16704.57,NPCI UPI Ecosystem Statistics via https://github.com/luckisalive/npci_upi_analytics@5c007daef0b69f30dd8e555c548ba6f3bd85c43f
2023,4,2023-04-01,IDBI Bank Apps,0.07,32.02,0.0,0.0,0.0,0.0,0.07,32.02,NPCI UPI Ecosystem Statistics via https://github.com/luckisalive/npci_upi_analytics@5c007daef0b69f30dd8e555c548ba6f3bd85c43f
2023,4,2023-04-01,IDFC Bank Apps,11.96,2274.12,0.0,0.0,0.71,591.19,12.66,2865.32,NPCI UPI Ecosystem Statistics via https://github.com/luckisalive/npci_upi_analytics@5c007daef0b69f30dd8e555c548ba6f3bd85c43f
2023,4,2023-04-01,India Post Payments Bank Apps,5.24,746.48,0.0,0.0,0.0,0.0,5.24,746.48,NPCI UPI Ecosystem Statistics via https://github.com/luckisalive/npci_upi_analytics@5c007daef0b69f30dd8e555c548ba6f3bd85c43f
2023,4,2023-04-01,Indian Bank Apps,0.27,75.66,0.0,0.0,0.0,10.71,0.27,86.37,NPCI UPI Ecosystem Statistics via https://github.com/luckisalive/npci_upi_analytics@5c007daef0b69f30dd8e555c548ba6f3bd85c43f
2023,4,2023-04-01,Indian Overseas Bank Apps,0.03,7.76,0.0,0.0,0.0,0.0,0.03,7.76,NPCI UPI Ecosystem Statistics via https://github.com/luckisalive/npci_upi_analytics@5c007daef0b69f30dd8e555c548ba6f3bd85c43f
2023,4,2023-04-01,IndusInd Bank Apps,0.8,877.27,0.0,0.0,0.0,0.0,0.8,877.27,NPCI UPI Ecosystem Statistics via https://github.com/luckisalive/npci_upi_analytics@5c007daef0b69f30dd8e555c548ba6f3bd85c43f
2023,4,2023-04-01,Jio Payments Bank Apps,1.49,112.21,0.0,0.0,0.0,0.0,1.49,112.21,NPCI UPI Ecosystem Statistics via https://github.com/luckisalive/npci_upi_analytics@5c007daef0b69f30dd8e555c548ba6f3bd85c43f
2023,4,2023-04-01,Jupiter,2.72,380.27,0.0,0.0,0.0,0.0,2.72,380.27,NPCI UPI Ecosystem Statistics via https://github.com/luckisalive/npci_upi_analytics@5c007daef0b69f30dd8e555c548ba6f3bd85c43f
2023,4,2023-04-01,Karnataka Bank Apps,0.51,110.35,0.0,0.0,0.0,0.0,0.51,110.35,NPCI UPI Ecosystem Statistics via https://github.com/luckisalive/npci_upi_analytics@5c007daef0b69f30dd8e555c548ba6f3bd85c43f
2023,4,2023-04-01,Karur Vysya Bank Apps,0.04,14.19,0.0,0.0,0.0,0.0,0.04,14.19,NPCI UPI Ecosystem Statistics via https://github.com/luckisalive/npci_upi_analytics@5c007daef0b69f30dd8e555c548ba6f3bd85c43f
2023,4,2023-04-01,Kotak Mahindra Bank Apps,13.98,2845.64,0.0,0.0,0.0,0.01,13.98,2845.65,NPCI UPI Ecosystem Statistics via https://github.com/luckisalive/npci_upi_analytics@5c007daef0b69f30dd8e555c548ba6f3bd85c43f
2023,4,2023-04-01,MakeMyTrip,0.02,12.91,0.0,0.0,0.0,0.0,0.02,12.91,NPCI UPI Ecosystem Statistics via https://github.com/luckisalive/npci_upi_analytics@5c007daef0b69f30dd8e555c548ba6f3bd85c43f
2023,4,2023-04-01,Mobikwik,3.48,923.59,0.0,0.0,0.0,0.0,3.48,923.59,NPCI UPI Ecosystem Statistics via https://github.com/luckisalive/npci_upi_analytics@5c007daef0b69f30dd8e555c548ba6f3bd85c43f
2023,4,2023-04-01,NSDL Payments Bank Apps,0.02,3.42,0.0,0.0,0.0,0.0,0.02,3.42,NPCI UPI Ecosystem Statistics via https://github.com/luckisalive/npci_upi_analytics@5c007daef0b69f30dd8e555c548ba6f3bd85c43f
2023,4,2023-04-01,OMNI,0.26,6.74,0.0,0.0,0.0,0.0,0.26,6.74,NPCI UPI Ecosystem Statistics via https://github.com/luckisalive/npci_upi_analytics@5c007daef0b69f30dd8e555c548ba6f3bd85c43f
2023,4,2023-04-01,Other,0.03,8.54,0.0,0.0,0.0,0.0,0.03,8.54,NPCI UPI Ecosystem Statistics via https://github.com/luckisalive/npci_upi_analytics@5c007daef0b69f30dd8e555c548ba6f3bd85c43f
2023,4,2023-04-01,PINELABS,0.02,1.31,0.0,0.0,0.0,0.0,0.02,1.31,NPCI UPI Ecosystem Statistics via https://github.com/luckisalive/npci_upi_analytics@5c007daef0b69f30dd8e555c548ba6f3bd85c43f
2023,4,2023-04-01,Paytm,1184.38,135343.96,8.83,14.25,0.53,793.27,1299.25,155711.73,NPCI UPI Ecosystem Statistics via https://github.com/luckisalive/npci_upi_analytics@5c007daef0b69f30dd8e555c548ba6f3bd85c43f
2023,4,2023-04-01,PhonePe,4216.99,710178.44,0.0,0.0,0.0,0.0,4216.99,710178.44,NPCI UPI Ecosystem Statistics via https://github.com/luckisalive/npci_upi_analytics@5c007daef0b69f30dd8e555c548ba6f3bd85c43f
2023,4,2023-04-01,Punjab National Bank Apps,1.03,148.27,0.0,0.0,0.0,0.01,1.03,148.28,NPCI UPI Ecosystem Statistics via https://github.com/luckisalive/npci_upi_analytics@5c007daef0b69f30dd8e555c548ba6f3bd85c43f
2023,4,2023-04-01,Punjab Sind Bank Apps,0.04,14.04,0.0,0.0,0.0,0.0,0.04,14.04,NPCI UPI Ecosystem Statistics via https://github.com/luckisalive/npci_upi_analytics@5c007daef0b69f30dd8e555c548ba6f3bd85c43f
2023,4,2023-04-01,RBL Bank Apps,1.56,489.63,0.0,0.0,0.1,2.7,1.66,492.33,NPCI UPI Ecosystem Statistics via https://github.com/luckisalive/npci_upi_analytics@5c007daef0b69f30dd8e555c548ba6f3bd85c43f
2023,4,2023-04-01,Samsung Pay,5.67,511.04,0.0,0.0,0.0,0.0,5.67,511.04,NPCI UPI Ecosystem Statistics via https://github.com/luckisalive/npci_upi_analytics@5c007daef0b69f30dd8e555c548ba6f3bd85c43f
2023,4,2023-04-01,Slash,0.01,0.32,0.0,0.0,0.0,0.0,0.01,0.32,NPCI UPI Ecosystem Statistics via https://github.com/luckisalive/npci_upi_analytics@5c007daef0b69f30dd8e555c548ba6f3bd85c43f
2023,4,2023-04-01,South Indian Bank Apps,0.22,63.81,0.0,0.0,0.0,0.0,0.22,63.81,NPCI UPI Ecosystem Statistics via https://github.com/luckisalive/npci_upi_analytics@5c007daef0b69f30dd8e555c548ba6f3bd85c43f
2023,4,2023-04-01,Standard Chartered Bank Apps,0.16,94.21,0.0,0.0,0.0,0.0,0.16,94.22,NPCI UPI Ecosystem Statistics via https://github.com/luckisalive/npci_upi_analytics@5c007daef0b69f30dd8e555c548ba6f3bd85c43f
2023,4,2023-04-01,State Bank of India Apps,4.09,1910.04,0.0,0.0,0.0,0.11,4.09,1910.15,NPCI UPI Ecosystem Statistics via https://github.com/luckisalive/npci_upi_analytics@5c007daef0b69f30dd8e555c548ba6f3bd85c43f
2023,4,2023-04-01,Tamilnad Mercantile Bank Apps,0.06,13.15,0.0,0.0,0.0,0.0,0.06,13.15,NPCI UPI Ecosystem Statistics via https://github.com/luckisalive/npci_upi_analytics@5c007daef0b69f30dd8e555c548ba6f3bd85c43f
2023,4,2023-04-01,TataNeu,0.15,16.46,0.0,0.0,0.0,0.0,0.15,16.46,NPCI UPI Ecosystem Statistics via https://github.com/luckisalive/npci_upi_analytics@5c007daef0b69f30dd8e555c548ba6f3bd85c43f
2023,4,2023-04-01,UCO Bank Apps,0.34,111.87,0.0,0.0,0.0,0.0,0.34,111.87,NPCI UPI Ecosystem Statistics via https://github.com/luckisalive/npci_upi_analytics@5c007daef0b69f30dd8e555c548ba6f3bd85c43f
2023,4,2023-04-01,Ultracash,0.03,2.1,0.0,0.0,0.0,0.0,0.03,2.1,NPCI UPI Ecosystem Statistics via https://github.com/luckisalive/npci_upi_analytics@5c007daef0b69f30dd8e555c548ba6f3bd85c43f
2023,4,2023-04-01,Union Bank Apps,0.74,301.17,0.0,0.0,0.0,0.0,0.74,301.17,NPCI UPI Ecosystem Statistics via https://github.com/luckisalive/npci_upi_analytics@5c007daef0b69f30dd8e555c548ba6f3bd85c43f
2023,4,2023-04-01,Utkarsh Small Finance Bank Apps,0.02,6.43,0.0,0.0,0.0,0.0,0.02,6.43,NPCI UPI Ecosystem Statistics via https://github.com/luckisalive/npci_upi_analytics@5c007daef0b69f30dd8e555c548ba6f3bd85c43f
2023,4,2023-04-01,WhatsApp,14.83,1319.01,0.0,0.0,0.0,0.0,14.83,1319.01,NPCI UPI Ecosystem Statistics via https://github.com/luckisalive/npci_upi_analytics@5c007daef0b69f30dd8e555c548ba6f3bd85c43f
2023,4,2023-04-01,Yes Bank Apps,34.45,12151.0,0.0,0.0,0.88,303.98,35.33,12454.98,NPCI UPI Ecosystem Statistics via https://github.com/luckisalive/npci_upi_analytics@5c007daef0b69f30dd8e555c548ba6f3bd85c43f
2023,4,2023-04-01,slice,0.66,170.62,0.0,0.0,0.0,0.0,0.66,170.62,NPCI UPI Ecosystem Statistics via https://github.com/luckisalive/npci_upi_analytics@5c007daef0b69f30dd8e555c548ba6f3bd85c43f
2023,5,2023-05-01,AU Small Finance Bank Apps,0.65,193.87,0.0,0.0,0.0,0.0,0.65,193.87,NPCI UPI Ecosystem Statistics via https://github.com/luckisalive/npci_upi_analytics@5c007daef0b69f30dd8e555c548ba6f3bd85c43f
2023,5,2023-05-01,Airtel Payments Bank Apps,9.17,627.09,0.0,0.0,0.0,0.0,9.17,627.17,NPCI UPI Ecosystem Statistics via https://github.com/luckisalive/npci_upi_analytics@5c007daef0b69f30dd8e555c548ba6f3bd85c43f
2023,5,2023-05-01,Akudo & Muvin (Livquik),0.18,6.62,0.0,0.0,0.0,0.0,0.18,6.62,NPCI UPI Ecosystem Statistics via https://github.com/luckisalive/npci_upi_analytics@5c007daef0b69f30dd8e555c548ba6f3bd85c43f
2023,5,2023-05-01,Allahabad Bank Apps,0.03,8.87,0.0,0.0,0.0,0.0,0.03,8.87,NPCI UPI Ecosystem Statistics via https://github.com/luckisalive/npci_upi_analytics@5c007daef0b69f30dd8e555c548ba6f3bd85c43f
2023,5,2023-05-01,Amazon Pay,57.08,5772.68,0.0,0.0,0.0,0.0,57.08,5772.68,NPCI UPI Ecosystem Statistics via https://github.com/luckisalive/npci_upi_analytics@5c007daef0b69f30dd8e555c548ba6f3bd85c43f
2023,5,2023-05-01,Axis Bank Apps,10.19,1697.23,37.0,217.0,0.03,3.0,47.38,1916.44,NPCI UPI Ecosystem Statistics via https://github.com/luckisalive/npci_upi_analytics@5c007daef0b69f30dd8e555c548ba6f3bd85c43f
2023,5,2023-05-01,BHIM,22.96,7209.87,0.0,0.0,0.0,0.0,22.96,7209.87,NPCI UPI Ecosystem Statistics via https://github.com/luckisalive/npci_upi_analytics@5c007daef0b69f30dd8e555c548ba6f3bd85c43f
2023,5,2023-05-01,BPAYWALLET,0.06,9.65,0.0,0.0,0.0,0.0,0.06,9.65,NPCI UPI Ecosystem Statistics via https://github.com/luckisalive/npci_upi_analytics@5c007daef0b69f30dd8e555c548ba6f3bd85c43f
2023,5,2023-05-01,Bajaj Finserv,9.12,1189.82,0.0,0.0,0.0,0.0,9.12,1189.82,NPCI UPI Ecosystem Statistics via https://github.com/luckisalive/npci_upi_analytics@5c007daef0b69f30dd8e555c548ba6f3bd85c43f
2023,5,2023-05-01,Bank of Baroda Apps,1.11,412.02,0.0,0.0,0.0,0.0,1.11,412.03,NPCI UPI Ecosystem Statistics via https://github.com/luckisalive/npci_upi_analytics@5c007daef0b69f30dd8e555c548ba6f3bd85c43f
2023,5,2023-05-01,Bank of India Apps,0.22,69.86,0.0,0.0,0.0,0.0,0.22,69.87,NPCI UPI Ecosystem Statistics via https://github.com/luckisalive/npci_upi_analytics@5c007daef0b69f30dd8e555c548ba6f3bd85c43f
2023,5,2023-05-01,Canara Bank Apps,1.48,431.27,0.0,0.0,0.0,0.0,1.48,431.27,NPCI UPI Ecosystem Statistics via https://github.com/luckisalive/npci_upi_analytics@5c007daef0b69f30dd8e555c548ba6f3bd85c43f
2023,5,2023-05-01,Central Bank of India Apps,0.43,95.52,0.0,0.0,0.0,0.0,0.43,95.58,NPCI UPI Ecosystem Statistics via https://github.com/luckisalive/npci_upi_analytics@5c007daef0b69f30dd8e555c548ba6f3bd85c43f
2023,5,2023-05-01,Citi Bank Apps,0.09,55.38,0.0,0.0,0.0,0.0,0.09,55.38,NPCI UPI Ecosystem Statistics via https://github.com/luckisalive/npci_upi_analytics@5c007daef0b69f30dd8e555c548ba6f3bd85c43f
2023,5,2023-05-01,City Union Bank Apps,0.06,20.02,0.0,0.0,0.0,0.0,0.06,20.02,NPCI UPI Ecosystem Statistics via https://github.com/luckisalive/npci_upi_analytics@5c007daef0b69f30dd8e555c548ba6f3bd85c43f
2023,5,2023-05-01,Cointab,0.01,4.24,0.0,0.0,0.0,0.0,0.01,4.24,NPCI UPI Ecosystem Statistics via https://github.com/luckisalive/npci_upi_analytics@5c007daef0b69f30dd8e555c548ba6f3bd85c43f
2023,5,2023-05-01,Cred,61.04,23426.74,0.0,0.0,0.0,0.0,61.04,23426.74,NPCI UPI Ecosystem Statistics via https://github.com/luckisalive/npci_upi_analytics@5c007daef0b69f30dd8e555c548ba6f3bd85c43f
2023,5,2023-05-01,DBS Digibank Apps,0.42,174.75,0.0,0.0,0.0,0.0,0.42,174.75,NPCI UPI Ecosystem Statistics via https://github.com/luckisalive/npci_upi_analytics@5c007daef0b69f30dd8e555c548ba6f3bd85c43f
2023,5,2023-05-01,DHANI,0.04,7.55,0.0,0.0,0.0,0.0,0.04,7.55,NPCI UPI Ecosystem Statistics via https://github.com/luckisalive/npci_upi_analytics@5c007daef0b69f30dd8e555c548ba6f3bd85c43f
2023,5,2023-05-01,Deutsche Bank Apps,1.89,174.25,0.0,0.0,0.0,0.0,1.89,174.27,NPCI UPI Ecosystem Statistics via https://github.com/luckisalive/npci_upi_analytics@5c007daef0b69f30dd8e555c548ba6f3bd85c43f
2023,5,2023-05-01,Dhanlaxmi Bank Apps,0.01,2.93,0.0,0.0,0.0,0.0,0.01,2.93,NPCI UPI Ecosystem Statistics via https://github.com/luckisalive/npci_upi_analytics@5c007daef0b69f30dd8e555c548ba6f3bd85c43f
2023,5,2023-05-01,Equitas Small Finance Bank Apps,0.03,16.31,0.0,0.0,0.0,0.0,0.03,16.31,NPCI UPI Ecosystem Statistics via https://github.com/luckisalive/npci_upi_analytics@5c007daef0b69f30dd8e555c548ba6f3bd85c43f
2023,5,2023-05-01,FAM,13.78,166.5,0.0,0.0,0.0,0.0,13.78,166.5,NPCI UPI Ecosystem Statistics via https://github.com/luckisalive/npci_upi_analytics@5c007daef0b69f30dd8e555c548ba6f3bd85c43f
2023,5,2023-05-01,Fave,0.02,1.68,0.0,0.0,0.0,0.0,0.02,1.68,NPCI UPI Ecosystem Statistics via https://github.com/luckisalive/npci_upi_analytics@5c007daef0b69f30dd8e555c548ba6f3bd85c43f
2023,5,2023-05-01,Federal Bank App,5.12,643.6,0.0,0.0,0.0,0.0,5.12,643.62,NPCI UPI Ecosystem Statistics via https://github.com/luckisalive/npci_upi_analytics@5c007daef0b69f30dd8e555c548ba6f3bd85c43f
2023,5,2023-05-01,Fino Payments bank Apps,0.09,6.6,0.0,0.0,0.0,0.0,0.09,6.6,NPCI UPI Ecosystem Statistics via https://github.com/luckisalive/npci_upi_analytics@5c007daef0b69f30dd8e555c548ba6f3bd85c43f
2023,5,2023-05-01,Google Pay,3274.69,497748.17,0.0,0.0,0.0,0.0,3274.69,497748.17,NPCI UPI Ecosystem Statistics via https://github.com/luckisalive/npci_upi_analytics@5c007daef0b69f30dd8e555c548ba6f3bd85c43f
2023,5,2023-05-01,Groww,0.47,287.97,0.0,0.0,0.0,0.0,0.47,287.97,NPCI UPI Ecosystem Statistics via https://github.com/luckisalive/npci_upi_analytics@5c007daef0b69f30dd8e555c548ba6f3bd85c43f
2023,5,2023-05-01,HDFC Bank Apps,16.07,3979.33,0.0,0.0,0.0,3.0,16.07,3982.69,NPCI UPI Ecosystem Statistics via https://github.com/luckisalive/npci_upi_analytics@5c007daef0b69f30dd8e555c548ba6f3bd85c43f
2023,5,2023-05-01,HSBC Bank Apps,0.14,87.42,0.0,0.0,0.0,0.0,0.14,87.5,NPCI UPI Ecosystem Statistics via https://github.com/luckisalive/npci_upi_analytics@5c007daef0b69f30dd8e555c548ba6f3bd85c43f
2023,5,2023-05-01,ICICI Bank Apps,33.59,9965.41,5.23,380.0,5.09,6755.0,43.92,17101.09,NPCI UPI Ecosystem Statistics via https://github.com/luckisalive/npci_upi_analytics@5c007daef0b69f30dd8e555c548ba6f3bd85c43f
2023,5,2023-05-01,IDBI Bank Apps,0.08,34.64,0.0,0.0,0.0,0.0,0.08,34.64,NPCI UPI Ecosystem Statistics via https://github.com/luckisalive/npci_upi_analytics@5c007daef0b69f30dd8e555c548ba6f3bd85c43f
2023,5,2023-05-01,IDFC Bank Apps,8.52,1688.6,0.0,0.0,0.04,7.0,8.56,1696.01,NPCI UPI Ecosystem Statistics via https://github.com/luckisalive/npci_upi_analytics@5c007daef0b69f30dd8e555c548ba6f3bd85c43f
2023,5,2023-05-01,India Post Payments Bank Apps,5.04,775.77,0.0,0.0,0.0,0.0,5.04,775.77,NPCI UPI Ecosystem Statistics via https://github.com/luckisalive/npci_upi_analytics@5c007daef0b69f30dd8e555c548ba6f3bd85c43f
2023,5,2023-05-01,Indian Bank Apps,0.28,80.31,0.0,0.0,0.0,4.0,0.28,84.07,NPCI UPI Ecosystem Statistics via https://github.com/luckisalive/npci_upi_analytics@5c007daef0b69f30dd8e555c548ba6f3bd85c43f
2023,5,2023-05-01,Indian Overseas Bank Apps,0.04,10.5,0.0,0.0,0.0,0.0,0.04,10.5,NPCI UPI Ecosystem Statistics via https://github.com/luckisalive/npci_upi_analytics@5c007daef0b69f30dd8e555c548ba6f3bd85c43f
2023,5,2023-05-01,IndusInd Bank Apps,0.81,886.1,0.0,0.0,0.0,0.0,0.81,886.1,NPCI UPI Ecosystem Statistics via https://github.com/luckisalive/npci_upi_analytics@5c007daef0b69f30dd8e555c548ba6f3bd85c43f
2023,5,2023-05-01,Jammu and Kashmir Bank Apps,0.01,2.0,0.0,0.0,0.0,0.0,0.01,2.0,NPCI UPI Ecosystem Statistics via https://github.com/luckisalive/npci_upi_analytics@5c007daef0b69f30dd8e555c548ba6f3bd85c43f
2023,5,2023-05-01,Jio Payments Bank Apps,1.56,119.8,0.0,0.0,0.0,0.0,1.56,119.8,NPCI UPI Ecosystem Statistics via https://github.com/luckisalive/npci_upi_analytics@5c007daef0b69f30dd8e555c548ba6f3bd85c43f
2023,5,2023-05-01,Jupiter,2.94,415.04,0.0,0.0,0.0,0.0,2.94,415.04,NPCI UPI Ecosystem Statistics via https://github.com/luckisalive/npci_upi_analytics@5c007daef0b69f30dd8e555c548ba6f3bd85c43f
2023,5,2023-05-01,Karnataka Bank Apps,0.63,127.13,0.0,0.0,0.0,0.0,0.63,127.13,NPCI UPI Ecosystem Statistics via https://github.com/luckisalive/npci_upi_analytics@5c007daef0b69f30dd8e555c548ba6f3bd85c43f
2023,5,2023-05-01,Karur Vysya Bank Apps,0.04,13.65,0.0,0.0,0.0,0.0,0.04,13.65,NPCI UPI Ecosystem Statistics via https://github.com/luckisalive/npci_upi_analytics@5c007daef0b69f30dd8e555c548ba6f3bd85c43f
2023,5,2023-05-01,Kotak Mahindra Bank Apps,16.31,3139.04,0.0,0.0,0.0,0.0,16.31,3139.05,NPCI UPI Ecosystem Statistics via https://github.com/luckisalive/npci_upi_analytics@5c007daef0b69f30dd8e555c548ba6f3bd85c43f
2023,5,2023-05-01,MakeMyTrip,0.02,8.01,0.0,0.0,0.0,0.0,0.02,8.01,NPCI UPI Ecosystem Statistics via https://github.com/luckisalive/npci_upi_analytics@5c007daef0b69f30dd8e555c548ba6f3bd85c43f
2023,5,2023-05-01,Mobikwik,3.59,997.92,0.0,0.0,0.0,0.0,3.59,997.92,NPCI UPI Ecosystem Statistics via https://github.com/luckisalive/npci_upi_analytics@5c007daef0b69f30dd8e555c548ba6f3bd85c43f
2023,5,2023-05-01,NSDL Payments Bank Apps,0.02,3.28,0.0,0.0,0.0,0.0,0.02,3.28,NPCI UPI Ecosystem Statistics via https://github.com/luckisalive/npci_upi_analytics@5c007daef0b69f30dd8e555c548ba6f3bd85c43f
2023,5,2023-05-01,OMNI,0.39,10.1,0.0,0.0,0.0,0.0,0.39,10.1,NPCI UPI Ecosystem Statistics via https://github.com/luckisalive/npci_upi_analytics@5c007daef0b69f30dd8e555c548ba6f3bd85c43f
2023,5,2023-05-01,Other,0.03,10.98,0.0,0.0,0.0,0.0,0.03,10.98,NPCI UPI Ecosystem Statistics via https://github.com/luckisalive/npci_upi_analytics@5c007daef0b69f30dd8e555c548ba6f3bd85c43f
2023,5,2023-05-01,PINELABS,0.06,3.25,0.0,0.0,0.0,0.0,0.06,3.25,NPCI UPI Ecosystem Statistics via https://github.com/luckisalive/npci_upi_analytics@5c007daef0b69f30dd8e555c548ba6f3bd85c43f
2023,5,2023-05-01,Paytm,1229.38,142291.76,3.95,7.0,0.56,887.0,1342.28,164843.79,NPCI UPI Ecosystem Statistics via https://github.com/luckisalive/npci_upi_analytics@5c007daef0b69f30dd8e555c548ba6f3bd85c43f
2023,5,2023-05-01,PhonePe,4499.2,757276.68,0.0,0.0,0.0,0.0,4499.2,757276.68,NPCI UPI Ecosystem Statistics via https://github.com/luckisalive/npci_upi_analytics@5c007daef0b69f30dd8e555c548ba6f3bd85c43f
2023,5,2023-05-01,Punjab National Bank Apps,1.1,177.63,0.0,0.0,0.0,0.0,1.1,177.69,NPCI UPI Ecosystem Statistics via https://github.com/luckisalive/npci_upi_analytics@5c007daef0b69f30dd8e555c548ba6f3bd85c43f
2023,5,2023-05-01,Punjab Sind Bank Apps,0.04,13.71,0.0,0.0,0.0,0.0,0.04,13.71,NPCI UPI Ecosystem Statistics via https://github.com/luckisalive/npci_upi_analytics@5c007daef0b69f30dd8e555c548ba6f3bd85c43f
2023,5,2023-05-01,RBL Bank Apps,1.06,484.53,0.0,0.0,0.18,5.0,1.24,489.36,NPCI UPI Ecosystem Statistics via https://github.com/luckisalive/npci_upi_analytics@5c007daef0b69f30dd8e555c548ba6f3bd85c43f
2023,5,2023-05-01,RBLBANK,0.01,0.06,0.0,0.0,0.0,0.0,0.01,0.06,NPCI UPI Ecosystem Statistics via https://github.com/luckisalive/npci_upi_analytics@5c007daef0b69f30dd8e555c548ba6f3bd85c43f
2023,5,2023-05-01,Samsung Pay,5.83,535.16,0.0,0.0,0.0,0.0,5.83,535.16,NPCI UPI Ecosystem Statistics via https://github.com/luckisalive/npci_upi_analytics@5c007daef0b69f30dd8e555c548ba6f3bd85c43f
2023,5,2023-05-01,South Indian Bank Apps,0.25,71.46,0.0,0.0,0.0,0.0,0.25,71.46,NPCI UPI Ecosystem Statistics via https://github.com/luckisalive/npci_upi_analytics@5c007daef0b69f30dd8e555c548ba6f3bd85c43f
2023,5,2023-05-01,Standard Chartered Bank Apps,0.15,91.48,0.0,0.0,0.0,0.0,0.15,91.48,NPCI UPI Ecosystem Statistics via https://github.com/luckisalive/npci_upi_analytics@5c007daef0b69f30dd8e555c548ba6f3bd85c43f
2023,5,2023-05-01,State Bank of India Apps,4.48,1969.72,0.0,0.0,0.01,0.0,4.48,1969.95,NPCI UPI Ecosystem Statistics via https://github.com/luckisalive/npci_upi_analytics@5c007daef0b69f30dd8e555c548ba6f3bd85c43f
2023,5,2023-05-01,Tamilnad Mercantile Bank Apps,0.07,14.83,0.0,0.0,0.0,0.0,0.07,14.83,NPCI UPI Ecosystem Statistics via https://github.com/luckisalive/npci_upi_analytics@5c007daef0b69f30dd8e555c548ba6f3bd85c43f
2023,5,2023-05-01,TataNeu,0.15,19.28,0.0,0.0,0.0,0.0,0.15,19.28,NPCI UPI Ecosystem Statistics via https://github.com/luckisalive/npci_upi_analytics@5c007daef0b69f30dd8e555c548ba6f3bd85c43f
2023,5,2023-05-01,UCO Bank Apps,0.36,118.26,0.0,0.0,0.0,0.0,0.36,118.26,NPCI UPI Ecosystem Statistics via https://github.com/luckisalive/npci_upi_analytics@5c007daef0b69f30dd8e555c548ba6f3bd85c43f
2023,5,2023-05-01,Ultracash,0.01,1.13,0.0,0.0,0.0,0.0,0.01,1.13,NPCI UPI Ecosystem Statistics via https://github.com/luckisalive/npci_upi_analytics@5c007daef0b69f30dd8e555c548ba6f3bd85c43f
2023,5,2023-05-01,Union Bank Apps,0.76,306.93,0.0,0.0,0.0,0.0,0.76,306.93,NPCI UPI Ecosystem Statistics via https://github.com/luckisalive/npci_upi_analytics@5c007daef0b69f30dd8e555c548ba6f3bd85c43f
2023,5,2023-05-01,Utkarsh Small Finance Bank Apps,0.02,6.81,0.0,0.0,0.0,0.0,0.02,6.81,NPCI UPI Ecosystem Statistics via https://github.com/luckisalive/npci_upi_analytics@5c007daef0b69f30dd8e555c548ba6f3bd85c43f
2023,5,2023-05-01,WhatsApp,15.98,1477.06,0.0,0.0,0.0,0.0,15.98,1477.06,NPCI UPI Ecosystem Statistics via https://github.com/luckisalive/npci_upi_analytics@5c007daef0b69f30dd8e555c548ba6f3bd85c43f
2023,5,2023-05-01,Yes Bank Apps,42.21,12934.66,0.0,0.0,0.44,72.0,42.65,13006.24,NPCI UPI Ecosystem Statistics via https://github.com/luckisalive/npci_upi_analytics@5c007daef0b69f30dd8e555c548ba6f3bd85c43f
2023,5,2023-05-01,Zomato,0.01,0.43,0.0,0.0,0.0,0.0,0.01,0.43,NPCI UPI Ecosystem Statistics via https://github.com/luckisalive/npci_upi_analytics@5c007daef0b69f30dd8e555c548ba6f3bd85c43f
2023,5,2023-05-01,slice,0.83,194.68,0.0,0.0,0.0,0.0,0.83,194.68,NPCI UPI Ecosystem Statistics via https://github.com/luckisalive/npci_upi_analytics@5c007daef0b69f30dd8e555c548ba6f3bd85c43f
2023,6,2023-06-01,AU Small Finance Bank Apps,0.6,196.1,0.0,0.0,0.0,0.0,0.64,196.1,NPCI UPI Ecosystem Statistics via https://github.com/luckisalive/npci_upi_analytics@5c007daef0b69f30dd8e555c548ba6f3bd85c43f
2023,6,2023-06-01,Airtel Payments Bank Apps,8.8,632.1,0.0,0.0,0.0,0.0,8.84,632.2,NPCI UPI Ecosystem Statistics via https://github.com/luckisalive/npci_upi_analytics@5c007daef0b69f30dd8e555c548ba6f3bd85c43f
2023,6,2023-06-01,Allahabad Bank Apps,0.0,8.3,0.0,0.0,0.0,0.0,0.03,8.3,NPCI UPI Ecosystem Statistics via https://github.com/luckisalive/npci_upi_analytics@5c007daef0b69f30dd8e555c548ba6f3bd85c43f
2023,6,2023-06-01,Amazon Pay,52.9,5647.9,0.0,0.0,0.0,0.0,52.89,5647.9,NPCI UPI Ecosystem Statistics via https://github.com/luckisalive/npci_upi_analytics@5c007daef0b69f30dd8e555c548ba6f3bd85c43f
2023,6,2023-06-01,Axis Bank Apps,9.7,1692.7,37.9,537.1,0.0,1.9,47.64,2231.7,NPCI UPI Ecosystem Statistics via https://github.com/luckisalive/npci_upi_analytics@5c007daef0b69f30dd8e555c548ba6f3bd85c43f
2023,6,2023-06-01,BHIM,23.1,7289.0,0.0,0.0,0.0,0.0,23.11,7289.0,NPCI UPI Ecosystem Statistics via https://github.com/luckisalive/npci_upi_analytics@5c007daef0b69f30dd8e555c548ba6f3bd85c43f
2023,6,2023-06-01,Bajaj Finserv,9.9,1326.8999999999999,0.0,0.0,0.0,0.0,9.83,1326.8999999999999,NPCI UPI Ecosystem Statistics via https://github.com/luckisalive/npci_upi_analytics@5c007daef0b69f30dd8e555c548ba6f3bd85c43f
2023,6,2023-06-01,Bandhan Bank Apps,0.0,3.1,0.0,0.0,0.0,0.0,0.01,3.1,NPCI UPI Ecosystem Statistics via https://github.com/luckisalive/npci_upi_analytics@5c007daef0b69f30dd8e555c548ba6f3bd85c43f
2023,6,2023-06-01,Bank of Baroda Apps,1.2,427.6,0.0,0.0,0.0,0.1,1.19,427.7,NPCI UPI Ecosystem Statistics via https://github.com/luckisalive/npci_upi_analytics@5c007daef0b69f30dd8e555c548ba6f3bd85c43f
2023,6,2023-06-01,Bank of India Apps,0.2,71.9,0.0,0.0,0.0,0.0,0.23,71.9,NPCI UPI Ecosystem Statistics via https://github.com/luckisalive/npci_upi_analytics@5c007daef0b69f30dd8e555c548ba6f3bd85c43f
2023,6,2023-06-01,Bank of Maharashtra Apps,0.0,0.8,0.0,0.0,0.0,0.0,0.01,0.8,NPCI UPI Ecosystem Statistics via https://github.com/luckisalive/npci_upi_analytics@5c007daef0b69f30dd8e555c548ba6f3bd85c43f
2023,6,2023-06-01,Canara Bank Apps,1.6,462.7,0.0,0.0,0.0,0.0,1.58,462.7,NPCI UPI Ecosystem Statistics via https://github.com/luckisalive/npci_upi_analytics@5c007daef0b69f30dd8e555c548ba6f3bd85c43f
2023,6,2023-06-01,Central Bank of India Apps,0.4,97.4,0.0,0.0,0.0,0.1,0.44,97.6,NPCI UPI Ecosystem Statistics via https://github.com/luckisalive/npci_upi_analytics@5c007daef0b69f30dd8e555c548ba6f3bd85c43f
2023,6,2023-06-01,Citi Bank Apps,0.1,54.2,0.0,0.0,0.0,0.0,0.07,54.2,NPCI UPI Ecosystem Statistics via https://github.com/luckisalive/npci_upi_analytics@5c007daef0b69f30dd8e555c548ba6f3bd85c43f
2023,6,2023-06-01,City Union Bank Apps,0.1,18.3,0.0,0.0,0.0,0.0,0.06,18.3,NPCI UPI Ecosystem Statistics via https://github.com/luckisalive/npci_upi_analytics@5c007daef0b69f30dd8e555c548ba6f3bd85c43f
2023,6,2023-06-01,Cred,73.9,26431.8,0.0,0.0,0.0,0.0,73.93,26431.8,NPCI UPI Ecosystem Statistics via https://github.com/luckisalive/npci_upi_analytics@5c007daef0b69f30dd8e555c548ba6f3bd85c43f
2023,6,2023-06-01,DBS Digibank Apps,0.4,166.9,0.0,0.0,0.0,0.0,0.41,166.9,NPCI UPI Ecosystem Statistics via https://github.com/luckisalive/npci_upi_analytics@5c007daef0b69f30dd8e555c548ba6f3bd85c43f
2023,6,2023-06-01,Deutsche Bank Apps,1.8,125.6,0.0,0.0,0.0,0.0,1.81,125.6,NPCI UPI Ecosystem Statistics via https://github.com/luckisalive/npci_upi_analytics@5c007daef0b69f30dd8e555c548ba6f3bd85c43f
2023,6,2023-06-01,Dhani,0.0,7.0,0.0,0.0,0.0,0.0,0.03,7.0,NPCI UPI Ecosystem Statistics via https://github.com/luckisalive/npci_upi_analytics@5c007daef0b69f30dd8e555c548ba6f3bd85c43f
2023,6,2023-06-01,Dhanlaxmi Bank Apps,0.0,3.2,0.0,0.0,0.0,0.0,0.01,3.2,NPCI UPI Ecosystem Statistics via https://github.com/luckisalive/npci_upi_analytics@5c007daef0b69f30dd8e555c548ba6f3bd85c43f
2023,6,2023-06-01,Equitas Small Finance Bank Apps,0.0,17.3,0.0,0.0,0.0,0.0,0.03,17.3,NPCI UPI Ecosystem Statistics via https://github.com/luckisalive/npci_upi_analytics@5c007daef0b69f30dd8e555c548ba6f3bd85c43f
2023,6,2023-06-01,Fampay,15.0,184.7,0.0,0.0,0.0,0.0,14.99,184.7,NPCI UPI Ecosystem Statistics via https://github.com/luckisalive/npci_upi_analytics@5c007daef0b69f30dd8e555c548ba6f3bd85c43f
2023,6,2023-06-01,Fave,0.1,4.6,0.0,0.0,0.0,0.0,0.07,4.6,NPCI UPI Ecosystem Statistics via https://github.com/luckisalive/npci_upi_analytics@5c007daef0b69f30dd8e555c548ba6f3bd85c43f
2023,6,2023-06-01,Federal Bank App,4.9,630.0,0.0,0.0,0.0,0.0,4.86,630.0,NPCI UPI Ecosystem Statistics via https://github.com/luckisalive/npci_upi_analytics@5c007daef0b69f30dd8e555c548ba6f3bd85c43f
2023,6,2023-06-01,Fino Payments bank Apps,0.1,9.2,0.0,0.0,0.0,0.0,0.13,9.2,NPCI UPI Ecosystem Statistics via https://github.com/luckisalive/npci_upi_analytics@5c007daef0b69f30dd8e555c548ba6f3bd85c43f
2023,6,2023-06-01,GoNiyo PPI,0.0,0.5,0.0,0.0,0.0,0.0,0.02,0.5,NPCI UPI Ecosystem Statistics via https://github.com/luckisalive/npci_upi_analytics@5c007daef0b69f30dd8e555c548ba6f3bd85c43f
2023,6,2023-06-01,Google Pay,3266.8,494088.0,0.0,0.0,0.0,0.0,3266.83,494088.0,NPCI UPI Ecosystem Statistics via https://github.com/luckisalive/npci_upi_analytics@5c007daef0b69f30dd8e555c548ba6f3bd85c43f
2023,6,2023-06-01,Groww,1.5,1039.6,0.0,0.0,0.0,0.0,1.45,1039.6,NPCI UPI Ecosystem Statistics via https://github.com/luckisalive/npci_upi_analytics@5c007daef0b69f30dd8e555c548ba6f3bd85c43f
2023,6,2023-06-01,HDFC Bank Apps,17.6,4168.6,0.0,0.0,0.0,0.0,17.56,4168.6,NPCI UPI Ecosystem Statistics via https://github.com/luckisalive/npci_upi_analytics@5c007daef0b69f30dd8e555c548ba6f3bd85c43f
2023,6,2023-06-01,HSBC Bank Apps,0.2,89.1,0.0,0.1,0.0,0.0,0.15,89.2,NPCI UPI Ecosystem Statistics via https://github.com/luckisalive/npci_upi_analytics@5c007daef0b69f30dd8e555c548ba6f3bd85c43f
2023,6,2023-06-01,ICICI Bank Apps,27.1,8599.3,4.8,338.0,5.7,7306.5,37.63,16243.7,NPCI UPI Ecosystem Statistics via https://github.com/luckisalive/npci_upi_analytics@5c007daef0b69f30dd8e555c548ba6f3bd85c43f
2023,6,2023-06-01,IDBI Bank Apps,0.1,34.1,0.0,0.0,0.0,0.0,0.08,34.1,NPCI UPI Ecosystem Statistics via https://github.com/luckisalive/npci_upi_analytics@5c007daef0b69f30dd8e555c548ba6f3bd85c43f
2023,6,2023-06-01,IDFC Bank Apps,6.3,1528.1,0.0,0.0,0.0,12.2,6.31,1540.3,NPCI UPI Ecosystem Statistics via https://github.com/luckisalive/npci_upi_analytics@5c007daef0b69f30dd8e555c548ba6f3bd85c43f
2023,6,2023-06-01,India Post Payments Bank Apps,4.8,742.5,0.0,0.0,0.0,0.0,4.83,742.5,NPCI UPI Ecosystem Statistics via https://github.com/luckisalive/npci_upi_analytics@5c007daef0b69f30dd8e555c548ba6f3bd85c43f
2023,6,2023-06-01,Indian Bank Apps,0.3,80.2,0.0,0.0,0.0,1.1,0.28,81.2,NPCI UPI Ecosystem Statistics via https://github.com/luckisalive/npci_upi_analytics@5c007daef0b69f30dd8e555c548ba6f3bd85c43f
2023,6,2023-06-01,Indian Overseas Bank Apps,0.0,13.0,0.0,0.0,0.0,0.0,0.05,13.0,NPCI UPI Ecosystem Statistics via https://github.com/luckisalive/npci_upi_analytics@5c007daef0b69f30dd8e555c548ba6f3bd85c43f
2023,6,2023-06-01,IndusInd Bank Apps,0.8,897.6,0.0,0.0,0.0,0.0,0.79,897.6,NPCI UPI Ecosystem Statistics via https://github.com/luckisalive/npci_upi_analytics@5c007daef0b69f30dd8e555c548ba6f3bd85c43f
2023,6,2023-06-01,Jammu and Kashmir Bank Apps,0.0,2.4,0.0,0.0,0.0,0.0,0.01,2.4,NPCI UPI Ecosystem Statistics via https://github.com/luckisalive/npci_upi_analytics@5c007daef0b69f30dd8e555c548ba6f3bd85c43f
2023,6,2023-06-01,Jio Payments Bank Apps,1.4,113.2,0.0,0.0,0.0,0.0,1.35,113.2,NPCI UPI Ecosystem Statistics via https://github.com/luckisalive/npci_upi_analytics@5c007daef0b69f30dd8e555c548ba6f3bd85c43f
2023,6,2023-06-01,Jupiter,3.0,424.8,0.0,0.0,0.0,0.0,2.96,424.8,NPCI UPI Ecosystem Statistics via https://github.com/luckisalive/npci_upi_analytics@5c007daef0b69f30dd8e555c548ba6f3bd85c43f
2023,6,2023-06-01,Jupiter Edge (LivQuick PPI),0.2,11.3,0.0,0.0,0.0,0.0,0.21,11.3,NPCI UPI Ecosystem Statistics via https://github.com/luckisalive/npci_upi_analytics@5c007daef0b69f30dd8e555c548ba6f3bd85c43f
2023,6,2023-06-01,Karnataka Bank Apps,0.6,125.9,0.0,0.0,0.0,0.0,0.61,125.9,NPCI UPI Ecosystem Statistics via https://github.com/luckisalive/npci_upi_analytics@5c007daef0b69f30dd8e555c548ba6f3bd85c43f
2023,6,2023-06-01,Karur Vysya Bank Apps,0.0,14.0,0.0,0.0,0.0,0.0,0.04,14.0,NPCI UPI Ecosystem Statistics via https://github.com/luckisalive/npci_upi_analytics@5c007daef0b69f30dd8e555c548ba6f3bd85c43f
2023,6,2023-06-01,Kiwi,0.1,4.1,0.0,0.0,0.0,0.0,0.05,4.1,NPCI UPI Ecosystem Statistics via https://github.com/luckisalive/npci_upi_analytics@5c007daef0b69f30dd8e555c548ba6f3bd85c43f
2023,6,2023-06-01,Kotak Mahindra Bank Apps,17.4,3202.5,0.0,0.0,0.0,0.0,17.38,3202.5,NPCI UPI Ecosystem Statistics via https://github.com/luckisalive/npci_upi_analytics@5c007daef0b69f30dd8e555c548ba6f3bd85c43f
2023,6,2023-06-01,MakeMyTrip,0.0,18.2,0.0,0.0,0.0,0.0,0.03,18.2,NPCI UPI Ecosystem Statistics via https://github.com/luckisalive/npci_upi_analytics@5c007daef0b69f30dd8e555c548ba6f3bd85c43f
2023,6,2023-06-01,Mobikwik,3.6,1060.4,0.0,0.0,0.0,0.0,3.58,1060.4,NPCI UPI Ecosystem Statistics via https://github.com/luckisalive/npci_upi_analytics@5c007daef0b69f30dd8e555c548ba6f3bd85c43f
2023,6,2023-06-01,NSDL Payments Bank Apps,0.0,4.1,0.0,0.0,0.0,0.0,0.02,4.1,NPCI UPI Ecosystem Statistics via https://github.com/luckisalive/npci_upi_analytics@5c007daef0b69f30dd8e555c548ba6f3bd85c43f
2023,6,2023-06-01,OmniCard,0.5,13.9,0.0,0.0,0.0,0.0,0.48,13.9,NPCI UPI Ecosystem Statistics via https://github.com/luckisalive/npci_upi_analytics@5c007daef0b69f30dd8e555c548ba6f3bd85c43f
2023,6,2023-06-01,Other,0.0,11.8,0.0,0.0,0.0,0.0,0.0,11.8,NPCI UPI Ecosystem Statistics via https://github.com/luckisalive/npci_upi_analytics@5c007daef0b69f30dd8e555c548ba6f3bd85c43f
2023,6,2023-06-01,PINELABS,0.1,4.2,0.0,0.0,0.0,0.0,0.07,4.2,NPCI UPI Ecosystem Statistics via https://github.com/luckisalive/npci_upi_analytics@5c007daef0b69f30dd8e555c548ba6f3bd85c43f
2023,6,2023-06-01,Paytm,1197.3,139950.1,1.4,4.2,0.6,866.8,1307.48,162494.8,NPCI UPI Ecosystem Statistics via https://github.com/luckisalive/npci_upi_analytics@5c007daef0b69f30dd8e555c548ba6f3bd85c43f
2023,6,2023-06-01,PhonePe,4461.4,745552.2,0.0,0.0,0.0,0.0,4461.36,745552.2,NPCI UPI Ecosystem Statistics via https://github.com/luckisalive/npci_upi_analytics@5c007daef0b69f30dd8e555c548ba6f3bd85c43f
2023,6,2023-06-01,Punjab National Bank Apps,0.8,169.7,0.0,0.0,0.0,0.0,0.77,169.7,NPCI UPI Ecosystem Statistics via https://github.com/luckisalive/npci_upi_analytics@5c007daef0b69f30dd8e555c548ba6f3bd85c43f
2023,6,2023-06-01,Punjab Sind Bank Apps,0.0,12.6,0.0,0.0,0.0,0.0,0.03,12.6,NPCI UPI Ecosystem Statistics via https://github.com/luckisalive/npci_upi_analytics@5c007daef0b69f30dd8e555c548ba6f3bd85c43f
2023,6,2023-06-01,RBL Bank Apps,1.1,493.4,0.0,0.0,0.2,4.4,1.29,497.9,NPCI UPI Ecosystem Statistics via https://github.com/luckisalive/npci_upi_analytics@5c007daef0b69f30dd8e555c548ba6f3bd85c43f
2023,6,2023-06-01,Samsung Pay,5.6,522.8,0.0,0.0,0.0,0.0,5.61,522.8,NPCI UPI Ecosystem Statistics via https://github.com/luckisalive/npci_upi_analytics@5c007daef0b69f30dd8e555c548ba6f3bd85c43f
2023,6,2023-06-01,South Indian Bank Apps,0.3,70.5,0.0,0.0,0.0,0.0,0.25,70.5,NPCI UPI Ecosystem Statistics via https://github.com/luckisalive/npci_upi_analytics@5c007daef0b69f30dd8e555c548ba6f3bd85c43f
2023,6,2023-06-01,Standard Chartered Bank Apps,1.2,522.6,0.0,0.0,0.2,150.0,1.4,672.6,NPCI UPI Ecosystem Statistics via https://github.com/luckisalive/npci_upi_analytics@5c007daef0b69f30dd8e555c548ba6f3bd85c43f
2023,6,2023-06-01,State Bank of India Apps,4.6,1959.3,0.0,0.0,0.0,0.4,4.64,1959.7,NPCI UPI Ecosystem Statistics via https://github.com/luckisalive/npci_upi_analytics@5c007daef0b69f30dd8e555c548ba6f3bd85c43f
2023,6,2023-06-01,Tamilnad Mercantile Bank Apps,0.1,18.9,0.0,0.0,0.0,0.0,0.08,18.9,NPCI UPI Ecosystem Statistics via https://github.com/luckisalive/npci_upi_analytics@5c007daef0b69f30dd8e555c548ba6f3bd85c43f
2023,6,2023-06-01,TataNeu,0.1,17.6,0.0,0.0,0.0,0.0,0.12,17.6,NPCI UPI Ecosystem Statistics via https://github.com/luckisalive/npci_upi_analytics@5c007daef0b69f30dd8e555c548ba6f3bd85c43f
2023,6,2023-06-01,UCO Bank Apps,0.3,107.6,0.0,0.0,0.0,0.0,0.33,107.6,NPCI UPI Ecosystem Statistics via https://github.com/luckisalive/npci_upi_analytics@5c007daef0b69f30dd8e555c548ba6f3bd85c43f
2023,6,2023-06-01,Ultracash,0.0,3.1,0.0,0.0,0.0,0.0,0.04,3.1,NPCI UPI Ecosystem Statistics via https://github.com/luckisalive/npci_upi_analytics@5c007daef0b69f30dd8e555c548ba6f3bd85c43f
2023,6,2023-06-01,Union Bank Apps,0.8,318.9,0.0,0.0,0.0,0.0,0.79,318.9,NPCI UPI Ecosystem Statistics via https://github.com/luckisalive/npci_upi_analytics@5c007daef0b69f30dd8e555c548ba6f3bd85c43f
2023,6,2023-06-01,Utkarsh Small Finance Bank Apps,0.0,6.3,0.0,0.0,0.0,0.0,0.02,6.3,NPCI UPI Ecosystem Statistics via https://github.com/luckisalive/npci_upi_analytics@5c007daef0b69f30dd8e555c548ba6f3bd85c43f
2023,6,2023-06-01,WhatsApp,16.0,1443.3,0.0,0.0,0.0,0.0,16.0,1443.3,NPCI UPI Ecosystem Statistics via https://github.com/luckisalive/npci_upi_analytics@5c007daef0b69f30dd8e555c548ba6f3bd85c43f
2023,6,2023-06-01,Yes Bank Apps,35.8,12721.8,0.0,0.0,0.7,275.6,36.46,12997.5,NPCI UPI Ecosystem Statistics via https://github.com/luckisalive/npci_upi_analytics@5c007daef0b69f30dd8e555c548ba6f3bd85c43f
2023,6,2023-06-01,Zomato,0.0,1.7,0.0,0.0,0.0,0.0,0.01,1.7,NPCI UPI Ecosystem Statistics via https://github.com/luckisalive/npci_upi_analytics@5c007daef0b69f30dd8e555c548ba6f3bd85c43f
2023,6,2023-06-01,slice,0.9,272.8,0.0,0.0,0.0,0.0,0.88,272.8,NPCI UPI Ecosystem Statistics via https://github.com/luckisalive/npci_upi_analytics@5c007daef0b69f30dd8e555c548ba6f3bd85c43f
2023,7,2023-07-01,AU Small Finance Bank Apps,0.68,209.86,0.0,0.0,0.0,0.0,0.68,209.86,NPCI UPI Ecosystem Statistics via https://github.com/luckisalive/npci_upi_analytics@5c007daef0b69f30dd8e555c548ba6f3bd85c43f
2023,7,2023-07-01,Airtel Payments Bank Apps,9.65,665.97,0.0,0.0,0.0,0.01,9.65,666.04,NPCI UPI Ecosystem Statistics via https://github.com/luckisalive/npci_upi_analytics@5c007daef0b69f30dd8e555c548ba6f3bd85c43f
2023,7,2023-07-01,Allahabad Bank Apps,0.03,8.73,0.0,0.0,0.0,0.0,0.03,8.73,NPCI UPI Ecosystem Statistics via https://github.com/luckisalive/npci_upi_analytics@5c007daef0b69f30dd8e555c548ba6f3bd85c43f
2023,7,2023-07-01,Amazon Pay,57.6,6163.84,0.0,0.0,0.0,0.0,57.6,6163.84,NPCI UPI Ecosystem Statistics via https://github.com/luckisalive/npci_upi_analytics@5c007daef0b69f30dd8e555c548ba6f3bd85c43f
2023,7,2023-07-01,Axis Bank Apps,9.77,1767.83,54.52,1447.04,0.01,2.16,64.3,3217.03,NPCI UPI Ecosystem Statistics via https://github.com/luckisalive/npci_upi_analytics@5c007daef0b69f30dd8e555c548ba6f3bd85c43f
2023,7,2023-07-01,BHIM,24.94,8244.91,0.0,0.0,0.0,0.0,24.94,8244.91,NPCI UPI Ecosystem Statistics via https://github.com/luckisalive/npci_upi_analytics@5c007daef0b69f30dd8e555c548ba6f3bd85c43f
2023,7,2023-07-01,Bajaj Finserv,12.219999999999999,1766.77,0.0,0.0,0.0,0.0,12.219999999999999,1766.77,NPCI UPI Ecosystem Statistics via https://github.com/luckisalive/npci_upi_analytics@5c007daef0b69f30dd8e555c548ba6f3bd85c43f
2023,7,2023-07-01,Bandhan Bank Apps,0.01,0.98,0.0,0.0,0.0,0.0,0.01,0.98,NPCI UPI Ecosystem Statistics via https://github.com/luckisalive/npci_upi_analytics@5c007daef0b69f30dd8e555c548ba6f3bd85c43f
2023,7,2023-07-01,Bank of Baroda Apps,1.34,477.16,0.0,0.0,0.0,0.0,1.34,477.16,NPCI UPI Ecosystem Statistics via https://github.com/luckisalive/npci_upi_analytics@5c007daef0b69f30dd8e555c548ba6f3bd85c43f
2023,7,2023-07-01,Bank of India Apps,0.25,78.83,0.0,0.0,0.0,0.0,0.25,78.83,NPCI UPI Ecosystem Statistics via https://github.com/luckisalive/npci_upi_analytics@5c007daef0b69f30dd8e555c548ba6f3bd85c43f
2023,7,2023-07-01,Bank of Maharashtra Apps,0.03,5.66,0.0,0.0,0.0,0.0,0.03,5.66,NPCI UPI Ecosystem Statistics via https://github.com/luckisalive/npci_upi_analytics@5c007daef0b69f30dd8e555c548ba6f3bd85c43f
2023,7,2023-07-01,Canara Bank Apps,1.73,514.02,0.0,0.0,0.0,0.0,1.73,514.02,NPCI UPI Ecosystem Statistics via https://github.com/luckisalive/npci_upi_analytics@5c007daef0b69f30dd8e555c548ba6f3bd85c43f
2023,7,2023-07-01,Central Bank of India Apps,0.44,97.52,0.0,0.0,0.0,0.23,0.44,97.75,NPCI UPI Ecosystem Statistics via https://github.com/luckisalive/npci_upi_analytics@5c007daef0b69f30dd8e555c548ba6f3bd85c43f
2023,7,2023-07-01,Citi Bank Apps,0.07,61.36,0.0,0.0,0.0,0.0,0.07,61.36,NPCI UPI Ecosystem Statistics via https://github.com/luckisalive/npci_upi_analytics@5c007daef0b69f30dd8e555c548ba6f3bd85c43f
2023,7,2023-07-01,City Union Bank Apps,0.07,20.96,0.0,0.0,0.0,0.0,0.07,20.96,NPCI UPI Ecosystem Statistics via https://github.com/luckisalive/npci_upi_analytics@5c007daef0b69f30dd8e555c548ba6f3bd85c43f
2023,7,2023-07-01,Cred,80.34,30999.71,0.0,0.0,0.0,0.0,80.34,30999.71,NPCI UPI Ecosystem Statistics via https://github.com/luckisalive/npci_upi_analytics@5c007daef0b69f30dd8e555c548ba6f3bd85c43f
2023,7,2023-07-01,DBS Digibank Apps,0.44,179.34,0.0,0.0,0.0,0.37,0.44,179.72,NPCI UPI Ecosystem Statistics via https://github.com/luckisalive/npci_upi_analytics@5c007daef0b69f30dd8e555c548ba6f3bd85c43f
2023,7,2023-07-01,Deutsche Bank Apps,1.83,175.5,0.0,0.0,0.0,0.02,1.83,175.52,NPCI UPI Ecosystem Statistics via https://github.com/luckisalive/npci_upi_analytics@5c007daef0b69f30dd8e555c548ba6f3bd85c43f
2023,7,2023-07-01,Dhani,0.03,7.81,0.0,0.0,0.0,0.0,0.03,7.81,NPCI UPI Ecosystem Statistics via https://github.com/luckisalive/npci_upi_analytics@5c007daef0b69f30dd8e555c548ba6f3bd85c43f
2023,7,2023-07-01,Dhanlaxmi Bank Apps,0.01,2.87,0.0,0.0,0.0,0.0,0.01,2.87,NPCI UPI Ecosystem Statistics via https://github.com/luckisalive/npci_upi_analytics@5c007daef0b69f30dd8e555c548ba6f3bd85c43f
2023,7,2023-07-01,Equitas Small Finance Bank Apps,0.03,18.9,0.0,0.0,0.0,0.0,0.03,18.9,NPCI UPI Ecosystem Statistics via https://github.com/luckisalive/npci_upi_analytics@5c007daef0b69f30dd8e555c548ba6f3bd85c43f
2023,7,2023-07-01,Fampay,16.79,206.43,0.0,0.0,0.0,0.0,16.79,206.43,NPCI UPI Ecosystem Statistics via https://github.com/luckisalive/npci_upi_analytics@5c007daef0b69f30dd8e555c548ba6f3bd85c43f
2023,7,2023-07-01,Fave,0.12,7.56,0.0,0.0,0.0,0.0,0.12,7.56,NPCI UPI Ecosystem Statistics via https://github.com/luckisalive/npci_upi_analytics@5c007daef0b69f30dd8e555c548ba6f3bd85c43f
2023,7,2023-07-01,Federal Bank App,5.19,665.11,0.0,0.0,0.0,0.0,5.19,665.11,NPCI UPI Ecosystem Statistics via https://github.com/luckisalive/npci_upi_analytics@5c007daef0b69f30dd8e555c548ba6f3bd85c43f
2023,7,2023-07-01,Fino Payments bank Apps,0.17,13.36,0.0,0.0,0.0,0.0,0.17,13.36,NPCI UPI Ecosystem Statistics via https://github.com/luckisalive/npci_upi_analytics@5c007daef0b69f30dd8e555c548ba6f3bd85c43f
2023,7,2023-07-01,Google Pay,3494.64,518095.1,0.0,0.0,0.0,0.0,3494.64,518095.1,NPCI UPI Ecosystem Statistics via https://github.com/luckisalive/npci_upi_analytics@5c007daef0b69f30dd8e555c548ba6f3bd85c43f
2023,7,2023-07-01,Groww,2.81,2075.98,0.0,0.0,0.0,0.0,2.81,2075.98,NPCI UPI Ecosystem Statistics via https://github.com/luckisalive/npci_upi_analytics@5c007daef0b69f30dd8e555c548ba6f3bd85c43f
2023,7,2023-07-01,HDFC Bank Apps,17.77,4410.51,0.0,0.0,0.0,0.0,17.77,4410.51,NPCI UPI Ecosystem Statistics via https://github.com/luckisalive/npci_upi_analytics@5c007daef0b69f30dd8e555c548ba6f3bd85c43f
2023,7,2023-07-01,HSBC Bank Apps,0.16,96.44,0.0,0.08,0.0,0.0,0.16,96.52,NPCI UPI Ecosystem Statistics via https://github.com/luckisalive/npci_upi_analytics@5c007daef0b69f30dd8e555c548ba6f3bd85c43f
2023,7,2023-07-01,ICICI Bank Apps,24.47,8077.88,4.14,312.8,7.31,9379.69,35.92,17770.37,NPCI UPI Ecosystem Statistics via https://github.com/luckisalive/npci_upi_analytics@5c007daef0b69f30dd8e555c548ba6f3bd85c43f
2023,7,2023-07-01,IDBI Bank Apps,0.07,37.4,0.0,0.0,0.0,0.0,0.07,37.4,NPCI UPI Ecosystem Statistics via https://github.com/luckisalive/npci_upi_analytics@5c007daef0b69f30dd8e555c548ba6f3bd85c43f
2023,7,2023-07-01,IDFC Bank Apps,4.17,1121.41,0.0,0.0,0.0,0.0,4.17,1121.41,NPCI UPI Ecosystem Statistics via https://github.com/luckisalive/npci_upi_analytics@5c007daef0b69f30dd8e555c548ba6f3bd85c43f
2023,7,2023-07-01,India Post Payments Bank Apps,5.43,587.75,0.0,0.0,0.0,0.0,5.43,587.75,NPCI UPI Ecosystem Statistics via https://github.com/luckisalive/npci_upi_analytics@5c007daef0b69f30dd8e555c548ba6f3bd85c43f
2023,7,2023-07-01,Indian Bank Apps,0.31,92.29,0.0,0.0,0.0,0.35,0.31,92.64,NPCI UPI Ecosystem Statistics via https://github.com/luckisalive/npci_upi_analytics@5c007daef0b69f30dd8e555c548ba6f3bd85c43f
2023,7,2023-07-01,Indian Overseas Bank Apps,0.07,18.01,0.0,0.0,0.0,0.0,0.07,18.01,NPCI UPI Ecosystem Statistics via https://github.com/luckisalive/npci_upi_analytics@5c007daef0b69f30dd8e555c548ba6f3bd85c43f
2023,7,2023-07-01,IndusInd Bank Apps,0.84,723.32,0.0,0.0,0.0,0.0,0.84,723.32,NPCI UPI Ecosystem Statistics via https://github.com/luckisalive/npci_upi_analytics@5c007daef0b69f30dd8e555c548ba6f3bd85c43f
2023,7,2023-07-01,Jammu and Kashmir Bank Apps,0.01,2.29,0.0,0.0,0.0,0.0,0.01,2.29,NPCI UPI Ecosystem Statistics via https://github.com/luckisalive/npci_upi_analytics@5c007daef0b69f30dd8e555c548ba6f3bd85c43f
2023,7,2023-07-01,Jio Payments Bank Apps,1.34,114.12,0.0,0.0,0.0,0.0,1.34,114.12,NPCI UPI Ecosystem Statistics via https://github.com/luckisalive/npci_upi_analytics@5c007daef0b69f30dd8e555c548ba6f3bd85c43f
2023,7,2023-07-01,Jupiter,3.27,466.39,0.0,0.0,0.0,0.0,3.27,466.39,NPCI UPI Ecosystem Statistics via https://github.com/luckisalive/npci_upi_analytics@5c007daef0b69f30dd8e555c548ba6f3bd85c43f
2023,7,2023-07-01,Karnataka Bank Apps,0.61,124.34,0.0,0.0,0.0,0.0,0.61,124.34,NPCI UPI Ecosystem Statistics via https://github.com/luckisalive/npci_upi_analytics@5c007daef0b69f30dd8e555c548ba6f3bd85c43f
2023,7,2023-07-01,Karur Vysya Bank Apps,0.04,16.34,0.0,0.0,0.0,0.0,0.04,16.34,NPCI UPI Ecosystem Statistics via https://github.com/luckisalive/npci_upi_analytics@5c007daef0b69f30dd8e555c548ba6f3bd85c43f
2023,7,2023-07-01,Kiwi,1.53,52.51,0.0,0.0,0.0,0.0,1.53,52.51,NPCI UPI Ecosystem Statistics via https://github.com/luckisalive/npci_upi_analytics@5c007daef0b69f30dd8e555c548ba6f3bd85c43f
2023,7,2023-07-01,Kotak Mahindra Bank Apps,18.56,3480.59,0.0,0.0,0.0,0.01,18.56,3480.6,NPCI UPI Ecosystem Statistics via https://github.com/luckisalive/npci_upi_analytics@5c007daef0b69f30dd8e555c548ba6f3bd85c43f
2023,7,2023-07-01,MakeMyTrip,0.04,19.92,0.0,0.0,0.0,0.0,0.04,19.92,NPCI UPI Ecosystem Statistics via https://github.com/luckisalive/npci_upi_analytics@5c007daef0b69f30dd8e555c548ba6f3bd85c43f
2023,7,2023-07-01,Mobikwik,3.81,1144.2600000000002,0.0,0.0,0.0,0.0,3.81,1144.2600000000002,NPCI UPI Ecosystem Statistics via https://github.com/luckisalive/npci_upi_analytics@5c007daef0b69f30dd8e555c548ba6f3bd85c43f
2023,7,2023-07-01,NSDL Payments Bank Apps,0.03,4.56,0.0,0.0,0.0,0.0,0.03,4.56,NPCI UPI Ecosystem Statistics via https://github.com/luckisalive/npci_upi_analytics@5c007daef0b69f30dd8e555c548ba6f3bd85c43f
2023,7,2023-07-01,Omnicard,0.62,19.49,0.0,0.0,0.0,0.0,0.62,19.49,NPCI UPI Ecosystem Statistics via https://github.com/luckisalive/npci_upi_analytics@5c007daef0b69f30dd8e555c548ba6f3bd85c43f
2023,7,2023-07-01,Other,0.03,11.05,0.0,0.0,0.0,0.0,0.03,11.05,NPCI UPI Ecosystem Statistics via https://github.com/luckisalive/npci_upi_analytics@5c007daef0b69f30dd8e555c548ba6f3bd85c43f
2023,7,2023-07-01,Paytm,1278.96,147723.3,1.4,4.19,0.57,887.53,1393.66,170767.35,NPCI UPI Ecosystem Statistics via https://github.com/luckisalive/npci_upi_analytics@5c007daef0b69f30dd8e555c548ba6f3bd85c43f
2023,7,2023-07-01,PhonePe,4743.66,761247.87,0.0,0.0,0.0,0.0,4743.66,761247.87,NPCI UPI Ecosystem Statistics via https://github.com/luckisalive/npci_upi_analytics@5c007daef0b69f30dd8e555c548ba6f3bd85c43f
2023,7,2023-07-01,Punjab National Bank Apps,0.79,181.5,0.0,0.0,0.0,0.0,0.79,181.5,NPCI UPI Ecosystem Statistics via https://github.com/luckisalive/npci_upi_analytics@5c007daef0b69f30dd8e555c548ba6f3bd85c43f
2023,7,2023-07-01,Punjab Sind Bank Apps,0.03,12.72,0.0,0.0,0.0,0.0,0.03,12.72,NPCI UPI Ecosystem Statistics via https://github.com/luckisalive/npci_upi_analytics@5c007daef0b69f30dd8e555c548ba6f3bd85c43f
2023,7,2023-07-01,RBL Bank Apps,1.13,523.22,0.0,0.01,0.14,6.35,1.28,529.58,NPCI UPI Ecosystem Statistics via https://github.com/luckisalive/npci_upi_analytics@5c007daef0b69f30dd8e555c548ba6f3bd85c43f
2023,7,2023-07-01,Samsung Pay,5.81,544.13,0.0,0.0,0.0,0.0,5.81,544.13,NPCI UPI Ecosystem Statistics via https://github.com/luckisalive/npci_upi_analytics@5c007daef0b69f30dd8e555c548ba6f3bd85c43f
2023,7,2023-07-01,Shriram,0.01,0.21,0.0,0.0,0.0,0.0,0.01,0.21,NPCI UPI Ecosystem Statistics via https://github.com/luckisalive/npci_upi_analytics@5c007daef0b69f30dd8e555c548ba6f3bd85c43f
2023,7,2023-07-01,South Indian Bank Apps,0.25,73.83,0.0,0.0,0.0,0.0,0.25,73.83,NPCI UPI Ecosystem Statistics via https://github.com/luckisalive/npci_upi_analytics@5c007daef0b69f30dd8e555c548ba6f3bd85c43f
2023,7,2023-07-01,Standard Chartered Bank Apps,3.54,1606.29,0.0,0.0,0.6,523.09,4.14,2129.38,NPCI UPI Ecosystem Statistics via https://github.com/luckisalive/npci_upi_analytics@5c007daef0b69f30dd8e555c548ba6f3bd85c43f
2023,7,2023-07-01,State Bank of India Apps,4.99,2094.63,0.0,0.0,0.02,0.52,5.01,2095.15,NPCI UPI Ecosystem Statistics via https://github.com/luckisalive/npci_upi_analytics@5c007daef0b69f30dd8e555c548ba6f3bd85c43f
2023,7,2023-07-01,Tamilnad Mercantile Bank Apps,0.1,23.5,0.0,0.0,0.0,0.0,0.1,23.5,NPCI UPI Ecosystem Statistics via https://github.com/luckisalive/npci_upi_analytics@5c007daef0b69f30dd8e555c548ba6f3bd85c43f
2023,7,2023-07-01,TataNeu,0.1,16.7,0.0,0.0,0.0,0.0,0.1,16.7,NPCI UPI Ecosystem Statistics via https://github.com/luckisalive/npci_upi_analytics@5c007daef0b69f30dd8e555c548ba6f3bd85c43f
2023,7,2023-07-01,UCO Bank Apps,0.36,116.31,0.0,0.0,0.0,0.0,0.36,116.31,NPCI UPI Ecosystem Statistics via https://github.com/luckisalive/npci_upi_analytics@5c007daef0b69f30dd8e555c548ba6f3bd85c43f
2023,7,2023-07-01,Ultracash,0.07,5.01,0.0,0.0,0.0,0.0,0.07,5.01,NPCI UPI Ecosystem Statistics via https://github.com/luckisalive/npci_upi_analytics@5c007daef0b69f30dd8e555c548ba6f3bd85c43f
2023,7,2023-07-01,Union Bank Apps,0.88,349.19,0.0,0.0,0.0,0.0,0.88,349.19,NPCI UPI Ecosystem Statistics via https://github.com/luckisalive/npci_upi_analytics@5c007daef0b69f30dd8e555c548ba6f3bd85c43f
2023,7,2023-07-01,Utkarsh Small Finance Bank Apps,0.02,6.24,0.0,0.0,0.0,0.0,0.02,6.24,NPCI UPI Ecosystem Statistics via https://github.com/luckisalive/npci_upi_analytics@5c007daef0b69f30dd8e555c548ba6f3bd85c43f
2023,7,2023-07-01,WhatsApp,17.84,1598.67,0.0,0.0,0.0,0.0,17.84,1598.67,NPCI UPI Ecosystem Statistics via https://github.com/luckisalive/npci_upi_analytics@5c007daef0b69f30dd8e555c548ba6f3bd85c43f
2023,7,2023-07-01,Yes Bank Apps,31.53,11419.73,0.0,0.0,0.48,83.07,32.01,11502.79,NPCI UPI Ecosystem Statistics via https://github.com/luckisalive/npci_upi_analytics@5c007daef0b69f30dd8e555c548ba6f3bd85c43f
2023,7,2023-07-01,Zomato,0.01,0.66,0.0,0.0,0.0,0.0,0.01,0.66,NPCI UPI Ecosystem Statistics via https://github.com/luckisalive/npci_upi_analytics@5c007daef0b69f30dd8e555c548ba6f3bd85c43f
2023,7,2023-07-01,slice,0.94,301.0,0.0,0.0,0.0,0.0,0.94,301.0,NPCI UPI Ecosystem Statistics via https://github.com/luckisalive/npci_upi_analytics@5c007daef0b69f30dd8e555c548ba6f3bd85c43f
2023,8,2023-08-01,AU Small Finance Bank Apps,0.71,218.16,0.0,0.0,0.0,0.0,0.71,218.16,NPCI UPI Ecosystem Statistics via https://github.com/luckisalive/npci_upi_analytics@5c007daef0b69f30dd8e555c548ba6f3bd85c43f
2023,8,2023-08-01,Airtel Payments Bank Apps,10.2,699.21,0.0,0.0,0.0,0.0,10.2,699.27,NPCI UPI Ecosystem Statistics via https://github.com/luckisalive/npci_upi_analytics@5c007daef0b69f30dd8e555c548ba6f3bd85c43f
2023,8,2023-08-01,Allahabad Bank Apps,0.03,7.81,0.0,0.0,0.0,0.0,0.03,7.81,NPCI UPI Ecosystem Statistics via https://github.com/luckisalive/npci_upi_analytics@5c007daef0b69f30dd8e555c548ba6f3bd85c43f
2023,8,2023-08-01,Amazon Pay,54.02,5836.99,0.0,0.0,0.0,0.0,54.02,5836.99,NPCI UPI Ecosystem Statistics via https://github.com/luckisalive/npci_upi_analytics@5c007daef0b69f30dd8e555c548ba6f3bd85c43f
2023,8,2023-08-01,Axis Bank Apps,9.37,1753.27,60.0,1275.96,0.05,7.88,69.43,3037.11,NPCI UPI Ecosystem Statistics via https://github.com/luckisalive/npci_upi_analytics@5c007daef0b69f30dd8e555c548ba6f3bd85c43f
2023,8,2023-08-01,BHIM,24.61,7793.58,0.0,0.0,0.0,0.0,24.61,7793.58,NPCI UPI Ecosystem Statistics via https://github.com/luckisalive/npci_upi_analytics@5c007daef0b69f30dd8e555c548ba6f3bd85c43f
2023,8,2023-08-01,BPAYWALLET,0.15,32.07,0.0,0.0,0.0,0.0,0.15,32.07,NPCI UPI Ecosystem Statistics via https://github.com/luckisalive/npci_upi_analytics@5c007daef0b69f30dd8e555c548ba6f3bd85c43f
2023,8,2023-08-01,Bajaj Finserv,13.22,1995.11,0.0,0.0,0.0,0.0,13.22,1995.11,NPCI UPI Ecosystem Statistics via https://github.com/luckisalive/npci_upi_analytics@5c007daef0b69f30dd8e555c548ba6f3bd85c43f
2023,8,2023-08-01,Bandhan Bank Apps,0.01,0.87,0.0,0.0,0.0,0.0,0.01,0.87,NPCI UPI Ecosystem Statistics via https://github.com/luckisalive/npci_upi_analytics@5c007daef0b69f30dd8e555c548ba6f3bd85c43f
2023,8,2023-08-01,Bank of Baroda Apps,1.27,462.61,0.0,0.0,0.0,4.23,1.27,466.84,NPCI UPI Ecosystem Statistics via https://github.com/luckisalive/npci_upi_analytics@5c007daef0b69f30dd8e555c548ba6f3bd85c43f
2023,8,2023-08-01,Bank of India Apps,0.29,85.09,0.0,0.0,0.0,0.0,0.29,85.09,NPCI UPI Ecosystem Statistics via https://github.com/luckisalive/npci_upi_analytics@5c007daef0b69f30dd8e555c548ba6f3bd85c43f
2023,8,2023-08-01,Bank of Maharashtra Apps,0.05,8.18,0.0,0.0,0.0,0.0,0.05,8.18,NPCI UPI Ecosystem Statistics via https://github.com/luckisalive/npci_upi_analytics@5c007daef0b69f30dd8e555c548ba6f3bd85c43f
2023,8,2023-08-01,Canara Bank Apps,1.64,492.29,0.0,0.0,0.0,0.0,1.64,492.29,NPCI UPI Ecosystem Statistics via https://github.com/luckisalive/npci_upi_analytics@5c007daef0b69f30dd8e555c548ba6f3bd85c43f
2023,8,2023-08-01,Central Bank of India Apps,0.45,96.12,0.0,0.0,0.0,0.29,0.45,96.41,NPCI UPI Ecosystem Statistics via https://github.com/luckisalive/npci_upi_analytics@5c007daef0b69f30dd8e555c548ba6f3bd85c43f
2023,8,2023-08-01,Citi Bank Apps,0.08,58.11,0.0,0.0,0.0,0.0,0.08,58.11,NPCI UPI Ecosystem Statistics via https://github.com/luckisalive/npci_upi_analytics@5c007daef0b69f30dd8e555c548ba6f3bd85c43f
2023,8,2023-08-01,City Union Bank Apps,0.07,19.79,0.0,0.0,0.0,0.0,0.07,19.79,NPCI UPI Ecosystem Statistics via https://github.com/luckisalive/npci_upi_analytics@5c007daef0b69f30dd8e555c548ba6f3bd85c43f
2023,8,2023-08-01,Cred,85.13,31926.2,0.0,0.0,0.0,0.0,85.13,31926.2,NPCI UPI Ecosystem Statistics via https://github.com/luckisalive/npci_upi_analytics@5c007daef0b69f30dd8e555c548ba6f3bd85c43f
2023,8,2023-08-01,DBS Digibank Apps,0.46,173.89,0.0,0.0,0.0,0.18,0.46,174.06,NPCI UPI Ecosystem Statistics via https://github.com/luckisalive/npci_upi_analytics@5c007daef0b69f30dd8e555c548ba6f3bd85c43f
2023,8,2023-08-01,DHANI,0.03,4.2,0.0,0.0,0.0,0.0,0.03,4.2,NPCI UPI Ecosystem Statistics via https://github.com/luckisalive/npci_upi_analytics@5c007daef0b69f30dd8e555c548ba6f3bd85c43f
2023,8,2023-08-01,DIGIKHATA,0.01,3.81,0.0,0.0,0.0,0.0,0.01,3.81,NPCI UPI Ecosystem Statistics via https://github.com/luckisalive/npci_upi_analytics@5c007daef0b69f30dd8e555c548ba6f3bd85c43f
2023,8,2023-08-01,Deutsche Bank Apps,2.08,359.84,0.0,0.0,0.0,0.01,2.08,359.86,NPCI UPI Ecosystem Statistics via https://github.com/luckisalive/npci_upi_analytics@5c007daef0b69f30dd8e555c548ba6f3bd85c43f
2023,8,2023-08-01,Dhanlaxmi Bank Apps,0.01,3.02,0.0,0.0,0.0,0.0,0.01,3.02,NPCI UPI Ecosystem Statistics via https://github.com/luckisalive/npci_upi_analytics@5c007daef0b69f30dd8e555c548ba6f3bd85c43f
2023,8,2023-08-01,Equitas Small Finance Bank Apps,0.03,19.23,0.0,0.0,0.0,0.0,0.03,19.23,NPCI UPI Ecosystem Statistics via https://github.com/luckisalive/npci_upi_analytics@5c007daef0b69f30dd8e555c548ba6f3bd85c43f
2023,8,2023-08-01,FAM,20.27,235.89,0.0,0.0,0.0,0.0,20.27,235.89,NPCI UPI Ecosystem Statistics via https://github.com/luckisalive/npci_upi_analytics@5c007daef0b69f30dd8e555c548ba6f3bd85c43f
2023,8,2023-08-01,Fave,0.12,7.54,0.0,0.0,0.0,0.0,0.12,7.54,NPCI UPI Ecosystem Statistics via https://github.com/luckisalive/npci_upi_analytics@5c007daef0b69f30dd8e555c548ba6f3bd85c43f
2023,8,2023-08-01,Federal Bank App,5.7,700.65,0.0,0.0,0.0,0.01,5.7,700.66,NPCI UPI Ecosystem Statistics via https://github.com/luckisalive/npci_upi_analytics@5c007daef0b69f30dd8e555c548ba6f3bd85c43f
2023,8,2023-08-01,Fino Payments bank Apps,0.21,15.43,0.0,0.0,0.0,0.0,0.21,15.43,NPCI UPI Ecosystem Statistics via https://github.com/luckisalive/npci_upi_analytics@5c007daef0b69f30dd8e555c548ba6f3bd85c43f
2023,8,2023-08-01,GoIbibo,0.01,2.99,0.0,0.0,0.0,0.0,0.01,2.99,NPCI UPI Ecosystem Statistics via https://github.com/luckisalive/npci_upi_analytics@5c007daef0b69f30dd8e555c548ba6f3bd85c43f
2023,8,2023-08-01,Google Pay,3767.68,538113.42,0.0,0.0,0.0,0.0,3767.68,538113.42,NPCI UPI Ecosystem Statistics via https://github.com/luckisalive/npci_upi_analytics@5c007daef0b69f30dd8e555c548ba6f3bd85c43f
2023,8,2023-08-01,Groww,4.74,2911.09,0.0,0.0,0.0,0.0,4.74,2911.09,NPCI UPI Ecosystem Statistics via https://github.com/luckisalive/npci_upi_analytics@5c007daef0b69f30dd8e555c548ba6f3bd85c43f
2023,8,2023-08-01,HDFC Bank Apps,18.94,4671.76,0.0,0.0,0.0,0.0,18.94,4671.76,NPCI UPI Ecosystem Statistics via https://github.com/luckisalive/npci_upi_analytics@5c007daef0b69f30dd8e555c548ba6f3bd85c43f
2023,8,2023-08-01,HSBC Bank Apps,0.17,98.09,0.0,0.1,0.0,0.0,0.17,98.19,NPCI UPI Ecosystem Statistics via https://github.com/luckisalive/npci_upi_analytics@5c007daef0b69f30dd8e555c548ba6f3bd85c43f
2023,8,2023-08-01,ICICI Bank Apps,25.85,9721.96,4.29,333.25,8.42,10943.9,38.57,20999.12,NPCI UPI Ecosystem Statistics via https://github.com/luckisalive/npci_upi_analytics@5c007daef0b69f30dd8e555c548ba6f3bd85c43f
2023,8,2023-08-01,IDBI Bank Apps,0.06,31.69,0.0,0.0,0.0,0.0,0.06,31.69,NPCI UPI Ecosystem Statistics via https://github.com/luckisalive/npci_upi_analytics@5c007daef0b69f30dd8e555c548ba6f3bd85c43f
2023,8,2023-08-01,IDFC Bank Apps,4.36,1107.81,0.0,0.0,0.0,0.0,4.36,1107.81,NPCI UPI Ecosystem Statistics via https://github.com/luckisalive/npci_upi_analytics@5c007daef0b69f30dd8e555c548ba6f3bd85c43f
2023,8,2023-08-01,INDIE,0.05,12.6,0.0,0.0,0.0,0.0,0.05,12.6,NPCI UPI Ecosystem Statistics via https://github.com/luckisalive/npci_upi_analytics@5c007daef0b69f30dd8e555c548ba6f3bd85c43f
2023,8,2023-08-01,India Post Payments Bank Apps,5.56,498.37,0.0,0.0,0.0,0.0,5.56,498.37,NPCI UPI Ecosystem Statistics via https://github.com/luckisalive/npci_upi_analytics@5c007daef0b69f30dd8e555c548ba6f3bd85c43f
2023,8,2023-08-01,Indian Bank Apps,0.33,88.52,0.0,0.0,0.0,3.17,0.33,91.69,NPCI UPI Ecosystem Statistics via https://github.com/luckisalive/npci_upi_analytics@5c007daef0b69f30dd8e555c548ba6f3bd85c43f
2023,8,2023-08-01,Indian Overseas Bank Apps,0.07,19.01,0.0,0.0,0.0,0.0,0.07,19.01,NPCI UPI Ecosystem Statistics via https://github.com/luckisalive/npci_upi_analytics@5c007daef0b69f30dd8e555c548ba6f3bd85c43f
2023,8,2023-08-01,IndusInd Bank Apps,0.85,391.31,0.0,0.0,0.0,0.0,0.85,391.31,NPCI UPI Ecosystem Statistics via https://github.com/luckisalive/npci_upi_analytics@5c007daef0b69f30dd8e555c548ba6f3bd85c43f
2023,8,2023-08-01,Jammu and Kashmir Bank Apps,0.01,2.8,0.0,0.0,0.0,0.0,0.01,2.8,NPCI UPI Ecosystem Statistics via https://github.com/luckisalive/npci_upi_analytics@5c007daef0b69f30dd8e555c548ba6f3bd85c43f
2023,8,2023-08-01,Jio Payments Bank Apps,1.42,113.65,0.0,0.0,0.0,0.0,1.42,113.65,NPCI UPI Ecosystem Statistics via https://github.com/luckisalive/npci_upi_analytics@5c007daef0b69f30dd8e555c548ba6f3bd85c43f
2023,8,2023-08-01,Jupiter,3.94,500.95,0.0,0.0,0.0,0.0,3.94,500.95,NPCI UPI Ecosystem Statistics via https://github.com/luckisalive/npci_upi_analytics@5c007daef0b69f30dd8e555c548ba6f3bd85c43f
2023,8,2023-08-01,KIWI,0.69,69.86,0.0,0.0,0.0,0.0,0.69,69.86,NPCI UPI Ecosystem Statistics via https://github.com/luckisalive/npci_upi_analytics@5c007daef0b69f30dd8e555c548ba6f3bd85c43f
2023,8,2023-08-01,Karnataka Bank Apps,0.65,127.83,0.0,0.0,0.0,0.0,0.65,127.83,NPCI UPI Ecosystem Statistics via https://github.com/luckisalive/npci_upi_analytics@5c007daef0b69f30dd8e555c548ba6f3bd85c43f
2023,8,2023-08-01,Karur Vysya Bank Apps,0.05,16.11,0.0,0.0,0.0,0.0,0.05,16.11,NPCI UPI Ecosystem Statistics via https://github.com/luckisalive/npci_upi_analytics@5c007daef0b69f30dd8e555c548ba6f3bd85c43f
2023,8,2023-08-01,Kotak Mahindra Bank Apps,21.16,3675.16,0.0,0.0,0.01,2.88,21.17,3678.04,NPCI UPI Ecosystem Statistics via https://github.com/luckisalive/npci_upi_analytics@5c007daef0b69f30dd8e555c548ba6f3bd85c43f
2023,8,2023-08-01,MakeMyTrip,0.04,20.49,0.0,0.0,0.0,0.0,0.04,20.49,NPCI UPI Ecosystem Statistics via https://github.com/luckisalive/npci_upi_analytics@5c007daef0b69f30dd8e555c548ba6f3bd85c43f
2023,8,2023-08-01,Mobikwik,3.96,1203.54,0.0,0.0,0.0,0.0,3.96,1203.54,NPCI UPI Ecosystem Statistics via https://github.com/luckisalive/npci_upi_analytics@5c007daef0b69f30dd8e555c548ba6f3bd85c43f
2023,8,2023-08-01,NSDL Payments Bank Apps,0.03,5.39,0.0,0.0,0.0,0.0,0.03,5.39,NPCI UPI Ecosystem Statistics via https://github.com/luckisalive/npci_upi_analytics@5c007daef0b69f30dd8e555c548ba6f3bd85c43f
2023,8,2023-08-01,OMNI,0.77,25.2,0.0,0.0,0.0,0.0,0.77,25.2,NPCI UPI Ecosystem Statistics via https://github.com/luckisalive/npci_upi_analytics@5c007daef0b69f30dd8e555c548ba6f3bd85c43f
2023,8,2023-08-01,Other,0.03,8.45,0.0,0.0,0.0,0.01,0.03,8.46,NPCI UPI Ecosystem Statistics via https://github.com/luckisalive/npci_upi_analytics@5c007daef0b69f30dd8e555c548ba6f3bd85c43f
2023,8,2023-08-01,Paytm,1363.05,153577.58,1.86,5.06,0.59,939.0,1484.82,176804.51,NPCI UPI Ecosystem Statistics via https://github.com/luckisalive/npci_upi_analytics@5c007daef0b69f30dd8e555c548ba6f3bd85c43f
2023,8,2023-08-01,PhonePe,4987.33,775265.57,0.0,0.0,0.0,0.0,4987.33,775265.57,NPCI UPI Ecosystem Statistics via https://github.com/luckisalive/npci_upi_analytics@5c007daef0b69f30dd8e555c548ba6f3bd85c43f
2023,8,2023-08-01,Punjab National Bank Apps,0.86,179.75,0.0,0.0,0.0,0.0,0.86,179.75,NPCI UPI Ecosystem Statistics via https://github.com/luckisalive/npci_upi_analytics@5c007daef0b69f30dd8e555c548ba6f3bd85c43f
2023,8,2023-08-01,Punjab Sind Bank Apps,0.03,12.74,0.0,0.0,0.0,0.0,0.03,12.74,NPCI UPI Ecosystem Statistics via https://github.com/luckisalive/npci_upi_analytics@5c007daef0b69f30dd8e555c548ba6f3bd85c43f
2023,8,2023-08-01,RBL Bank Apps,1.2,540.67,0.0,0.02,0.19,7.62,1.38,548.31,NPCI UPI Ecosystem Statistics via https://github.com/luckisalive/npci_upi_analytics@5c007daef0b69f30dd8e555c548ba6f3bd85c43f
2023,8,2023-08-01,SURYODAY,0.01,0.03,0.0,0.0,0.0,0.0,0.01,0.03,NPCI UPI Ecosystem Statistics via https://github.com/luckisalive/npci_upi_analytics@5c007daef0b69f30dd8e555c548ba6f3bd85c43f
2023,8,2023-08-01,Samsung Pay,6.0,538.48,0.0,0.0,0.0,0.0,6.0,538.48,NPCI UPI Ecosystem Statistics via https://github.com/luckisalive/npci_upi_analytics@5c007daef0b69f30dd8e555c548ba6f3bd85c43f
2023,8,2023-08-01,Shriram One,0.04,2.33,0.0,0.0,0.0,0.0,0.04,2.33,NPCI UPI Ecosystem Statistics via https://github.com/luckisalive/npci_upi_analytics@5c007daef0b69f30dd8e555c548ba6f3bd85c43f
2023,8,2023-08-01,South Indian Bank Apps,0.28,77.42,0.0,0.0,0.0,0.0,0.28,77.42,NPCI UPI Ecosystem Statistics via https://github.com/luckisalive/npci_upi_analytics@5c007daef0b69f30dd8e555c548ba6f3bd85c43f
2023,8,2023-08-01,Standard Chartered Bank Apps,3.31,369.55,0.0,0.0,0.28,144.89,3.59,514.44,NPCI UPI Ecosystem Statistics via https://github.com/luckisalive/npci_upi_analytics@5c007daef0b69f30dd8e555c548ba6f3bd85c43f
2023,8,2023-08-01,State Bank of India Apps,5.36,2104.14,0.0,0.0,0.02,0.67,5.39,2104.81,NPCI UPI Ecosystem Statistics via https://github.com/luckisalive/npci_upi_analytics@5c007daef0b69f30dd8e555c548ba6f3bd85c43f
2023,8,2023-08-01,Tamilnad Mercantile Bank Apps,0.1,25.45,0.0,0.0,0.0,0.0,0.1,25.45,NPCI UPI Ecosystem Statistics via https://github.com/luckisalive/npci_upi_analytics@5c007daef0b69f30dd8e555c548ba6f3bd85c43f
2023,8,2023-08-01,TataNeu,0.1,16.09,0.0,0.0,0.0,0.0,0.1,16.09,NPCI UPI Ecosystem Statistics via https://github.com/luckisalive/npci_upi_analytics@5c007daef0b69f30dd8e555c548ba6f3bd85c43f
2023,8,2023-08-01,UCO Bank Apps,0.38,132.77,0.0,0.0,0.0,0.0,0.38,132.77,NPCI UPI Ecosystem Statistics via https://github.com/luckisalive/npci_upi_analytics@5c007daef0b69f30dd8e555c548ba6f3bd85c43f
2023,8,2023-08-01,Ultracash,0.09,6.17,0.0,0.0,0.0,0.0,0.09,6.17,NPCI UPI Ecosystem Statistics via https://github.com/luckisalive/npci_upi_analytics@5c007daef0b69f30dd8e555c548ba6f3bd85c43f
2023,8,2023-08-01,Union Bank Apps,0.9,324.77,0.0,0.0,0.0,0.0,0.9,324.77,NPCI UPI Ecosystem Statistics via https://github.com/luckisalive/npci_upi_analytics@5c007daef0b69f30dd8e555c548ba6f3bd85c43f
2023,8,2023-08-01,Utkarsh Small Finance Bank Apps,0.02,6.67,0.0,0.0,0.0,0.0,0.02,6.67,NPCI UPI Ecosystem Statistics via https://github.com/luckisalive/npci_upi_analytics@5c007daef0b69f30dd8e555c548ba6f3bd85c43f
2023,8,2023-08-01,WhatsApp,19.7,1677.53,0.0,0.0,0.0,0.0,19.7,1677.53,NPCI UPI Ecosystem Statistics via https://github.com/luckisalive/npci_upi_analytics@5c007daef0b69f30dd8e555c548ba6f3bd85c43f
2023,8,2023-08-01,Yes Bank Apps,28.51,11154.68,0.0,0.0,0.44,100.09,28.94,11254.77,NPCI UPI Ecosystem Statistics via https://github.com/luckisalive/npci_upi_analytics@5c007daef0b69f30dd8e555c548ba6f3bd85c43f
2023,8,2023-08-01,ZOICICI,0.01,1.0,0.0,0.0,0.0,0.0,0.01,1.0,NPCI UPI Ecosystem Statistics via https://github.com/luckisalive/npci_upi_analytics@5c007daef0b69f30dd8e555c548ba6f3bd85c43f
2023,8,2023-08-01,slice,0.96,306.89,0.0,0.0,0.0,0.0,0.96,306.89,NPCI UPI Ecosystem Statistics via https://github.com/luckisalive/npci_upi_analytics@5c007daef0b69f30dd8e555c548ba6f3bd85c43f
2023,9,2023-09-01,AU Small Finance Bank Apps,0.66,214.25,0.0,0.0,0.0,0.0,0.66,214.25,NPCI UPI Ecosystem Statistics via https://github.com/luckisalive/npci_upi_analytics@5c007daef0b69f30dd8e555c548ba6f3bd85c43f
2023,9,2023-09-01,Airtel Payments Bank Apps,10.45,747.05,0.0,0.0,0.0,0.04,10.46,747.21,NPCI UPI Ecosystem Statistics via https://github.com/luckisalive/npci_upi_analytics@5c007daef0b69f30dd8e555c548ba6f3bd85c43f
2023,9,2023-09-01,Allahabad Bank Apps,0.03,7.15,0.0,0.0,0.0,0.0,0.03,7.15,NPCI UPI Ecosystem Statistics via https://github.com/luckisalive/npci_upi_analytics@5c007daef0b69f30dd8e555c548ba6f3bd85c43f
2023,9,2023-09-01,Amazon Pay,48.78,5386.29,0.0,0.0,0.0,0.0,48.78,5386.29,NPCI UPI Ecosystem Statistics via https://github.com/luckisalive/npci_upi_analytics@5c007daef0b69f30dd8e555c548ba6f3bd85c43f
2023,9,2023-09-01,Axis Bank Apps,8.93,1721.75,59.77,1856.5,0.06,6.66,68.76,3584.91,NPCI UPI Ecosystem Statistics via https://github.com/luckisalive/npci_upi_analytics@5c007daef0b69f30dd8e555c548ba6f3bd85c43f
2023,9,2023-09-01,BHIM,24.15,8005.18,0.0,0.0,0.0,0.0,24.15,8005.18,NPCI UPI Ecosystem Statistics via https://github.com/luckisalive/npci_upi_analytics@5c007daef0b69f30dd8e555c548ba6f3bd85c43f
2023,9,2023-09-01,BPAYWALLET,0.19,42.31,0.0,0.0,0.0,0.0,0.19,42.31,NPCI UPI Ecosystem Statistics via https://github.com/luckisalive/npci_upi_analytics@5c007daef0b69f30dd8e555c548ba6f3bd85c43f
2023,9,2023-09-01,Bajaj Finserv,14.14,2069.98,0.0,0.0,0.0,0.0,14.14,2069.98,NPCI UPI Ecosystem Statistics via https://github.com/luckisalive/npci_upi_analytics@5c007daef0b69f30dd8e555c548ba6f3bd85c43f
2023,9,2023-09-01,Bank of Baroda Apps,1.22,470.91,0.0,0.0,0.0,5.52,1.22,476.43,NPCI UPI Ecosystem Statistics via https://github.com/luckisalive/npci_upi_analytics@5c007daef0b69f30dd8e555c548ba6f3bd85c43f
2023,9,2023-09-01,Bank of India Apps,0.28,86.17,0.0,0.0,0.0,0.0,0.28,86.17,NPCI UPI Ecosystem Statistics via https://github.com/luckisalive/npci_upi_analytics@5c007daef0b69f30dd8e555c548ba6f3bd85c43f
2023,9,2023-09-01,Bank of Maharashtra Apps,0.05,8.55,0.0,0.0,0.0,0.0,0.05,8.55,NPCI UPI Ecosystem Statistics via https://github.com/luckisalive/npci_upi_analytics@5c007daef0b69f30dd8e555c548ba6f3bd85c43f
2023,9,2023-09-01,Canara Bank Apps,1.89,569.48,0.0,0.0,0.0,0.0,1.89,569.48,NPCI UPI Ecosystem Statistics via https://github.com/luckisalive/npci_upi_analytics@5c007daef0b69f30dd8e555c548ba6f3bd85c43f
2023,9,2023-09-01,Central Bank of India Apps,0.4,94.84,0.0,0.0,0.0,0.38,0.4,95.22,NPCI UPI Ecosystem Statistics via https://github.com/luckisalive/npci_upi_analytics@5c007daef0b69f30dd8e555c548ba6f3bd85c43f
2023,9,2023-09-01,Citi Bank Apps,0.08,61.34,0.0,0.0,0.0,0.0,0.08,61.34,NPCI UPI Ecosystem Statistics via https://github.com/luckisalive/npci_upi_analytics@5c007daef0b69f30dd8e555c548ba6f3bd85c43f
2023,9,2023-09-01,City Union Bank Apps,0.07,20.6,0.0,0.0,0.0,0.0,0.07,20.6,NPCI UPI Ecosystem Statistics via https://github.com/luckisalive/npci_upi_analytics@5c007daef0b69f30dd8e555c548ba6f3bd85c43f
2023,9,2023-09-01,Cred,86.5,31558.2,0.0,0.0,0.0,0.0,86.5,31558.2,NPCI UPI Ecosystem Statistics via https://github.com/luckisalive/npci_upi_analytics@5c007daef0b69f30dd8e555c548ba6f3bd85c43f
2023,9,2023-09-01,DBS Digibank Apps,0.45,178.89,0.0,0.0,0.0,0.53,0.45,179.42,NPCI UPI Ecosystem Statistics via https://github.com/luckisalive/npci_upi_analytics@5c007daef0b69f30dd8e555c548ba6f3bd85c43f
2023,9,2023-09-01,DHANI,0.02,2.58,0.0,0.0,0.0,0.0,0.02,2.58,NPCI UPI Ecosystem Statistics via https://github.com/luckisalive/npci_upi_analytics@5c007daef0b69f30dd8e555c548ba6f3bd85c43f
2023,9,2023-09-01,DIGIKHATA,0.03,10.8,0.0,0.0,0.0,0.0,0.03,10.8,NPCI UPI Ecosystem Statistics via https://github.com/luckisalive/npci_upi_analytics@5c007daef0b69f30dd8e555c548ba6f3bd85c43f
2023,9,2023-09-01,Deutsche Bank Apps,1.93,315.27,0.0,0.0,0.0,0.02,1.93,315.29,NPCI UPI Ecosystem Statistics via https://github.com/luckisalive/npci_upi_analytics@5c007daef0b69f30dd8e555c548ba6f3bd85c43f
2023,9,2023-09-01,Dhanlaxmi Bank Apps,0.01,3.46,0.0,0.0,0.0,0.0,0.01,3.46,NPCI UPI Ecosystem Statistics via https://github.com/luckisalive/npci_upi_analytics@5c007daef0b69f30dd8e555c548ba6f3bd85c43f
2023,9,2023-09-01,Equitas Small Finance Bank Apps,0.03,19.39,0.0,0.0,0.0,0.0,0.03,19.39,NPCI UPI Ecosystem Statistics via https://github.com/luckisalive/npci_upi_analytics@5c007daef0b69f30dd8e555c548ba6f3bd85c43f
2023,9,2023-09-01,FAM,22.88,263.37,0.0,0.0,0.0,0.0,22.88,263.37,NPCI UPI Ecosystem Statistics via https://github.com/luckisalive/npci_upi_analytics@5c007daef0b69f30dd8e555c548ba6f3bd85c43f
2023,9,2023-09-01,Fave,0.09,6.34,0.0,0.0,0.0,0.0,0.09,6.34,NPCI UPI Ecosystem Statistics via https://github.com/luckisalive/npci_upi_analytics@5c007daef0b69f30dd8e555c548ba6f3bd85c43f
2023,9,2023-09-01,Federal Bank App,5.54,692.03,0.0,0.0,0.0,0.0,5.54,692.03,NPCI UPI Ecosystem Statistics via https://github.com/luckisalive/npci_upi_analytics@5c007daef0b69f30dd8e555c548ba6f3bd85c43f
2023,9,2023-09-01,Fino Payments bank Apps,0.22,15.99,0.0,0.0,0.0,0.0,0.22,15.99,NPCI UPI Ecosystem Statistics via https://github.com/luckisalive/npci_upi_analytics@5c007daef0b69f30dd8e555c548ba6f3bd85c43f
2023,9,2023-09-01,GOAXB,0.64,74.94,0.0,0.0,0.0,0.0,0.64,74.94,NPCI UPI Ecosystem Statistics via https://github.com/luckisalive/npci_upi_analytics@5c007daef0b69f30dd8e555c548ba6f3bd85c43f
2023,9,2023-09-01,GoIbibo,0.01,2.34,0.0,0.0,0.0,0.0,0.01,2.34,NPCI UPI Ecosystem Statistics via https://github.com/luckisalive/npci_upi_analytics@5c007daef0b69f30dd8e555c548ba6f3bd85c43f
2023,9,2023-09-01,Google Pay,3780.89,541624.06,0.0,0.0,0.0,0.0,3780.89,541624.06,NPCI UPI Ecosystem Statistics via https://github.com/luckisalive/npci_upi_analytics@5c007daef0b69f30dd8e555c548ba6f3bd85c43f
2023,9,2023-09-01,Groww,6.5,3596.95,0.0,0.0,0.0,0.0,6.5,3596.95,NPCI UPI Ecosystem Statistics via https://github.com/luckisalive/npci_upi_analytics@5c007daef0b69f30dd8e555c548ba6f3bd85c43f
2023,9,2023-09-01,HDFC Bank Apps,18.87,4739.38,0.0,0.0,0.0,0.0,18.87,4739.39,NPCI UPI Ecosystem Statistics via https://github.com/luckisalive/npci_upi_analytics@5c007daef0b69f30dd8e555c548ba6f3bd85c43f
2023,9,2023-09-01,HSBC Bank Apps,0.16,101.08,0.0,0.12,0.0,0.0,0.16,101.2,NPCI UPI Ecosystem Statistics via https://github.com/luckisalive/npci_upi_analytics@5c007daef0b69f30dd8e555c548ba6f3bd85c43f
2023,9,2023-09-01,ICICI Bank Apps,25.9,9874.7,4.05,359.88,7.58,9818.34,37.52,20052.91,NPCI UPI Ecosystem Statistics via https://github.com/luckisalive/npci_upi_analytics@5c007daef0b69f30dd8e555c548ba6f3bd85c43f
2023,9,2023-09-01,IDBI Bank Apps,0.06,32.31,0.0,0.0,0.0,0.0,0.06,32.31,NPCI UPI Ecosystem Statistics via https://github.com/luckisalive/npci_upi_analytics@5c007daef0b69f30dd8e555c548ba6f3bd85c43f
2023,9,2023-09-01,IDFC Bank Apps,4.42,1109.67,0.0,0.0,0.0,0.0,4.42,1109.67,NPCI UPI Ecosystem Statistics via https://github.com/luckisalive/npci_upi_analytics@5c007daef0b69f30dd8e555c548ba6f3bd85c43f
2023,9,2023-09-01,INDIE,0.07,16.09,0.0,0.0,0.0,0.0,0.07,16.09,NPCI UPI Ecosystem Statistics via https://github.com/luckisalive/npci_upi_analytics@5c007daef0b69f30dd8e555c548ba6f3bd85c43f
2023,9,2023-09-01,India Post Payments Bank Apps,5.28,447.37,0.0,0.0,0.0,0.0,5.28,447.37,NPCI UPI Ecosystem Statistics via https://github.com/luckisalive/npci_upi_analytics@5c007daef0b69f30dd8e555c548ba6f3bd85c43f
2023,9,2023-09-01,Indian Bank Apps,0.32,89.16,0.0,0.0,0.01,60.16,0.33,149.32,NPCI UPI Ecosystem Statistics via https://github.com/luckisalive/npci_upi_analytics@5c007daef0b69f30dd8e555c548ba6f3bd85c43f
2023,9,2023-09-01,Indian Overseas Bank Apps,0.07,19.12,0.0,0.0,0.0,0.0,0.07,19.12,NPCI UPI Ecosystem Statistics via https://github.com/luckisalive/npci_upi_analytics@5c007daef0b69f30dd8e555c548ba6f3bd85c43f
2023,9,2023-09-01,IndusInd Bank Apps,0.89,182.26,0.0,0.0,0.0,0.0,0.89,182.26,NPCI UPI Ecosystem Statistics via https://github.com/luckisalive/npci_upi_analytics@5c007daef0b69f30dd8e555c548ba6f3bd85c43f
2023,9,2023-09-01,Jammu and Kashmir Bank Apps,0.01,2.56,0.0,0.0,0.0,0.0,0.01,2.56,NPCI UPI Ecosystem Statistics via https://github.com/luckisalive/npci_upi_analytics@5c007daef0b69f30dd8e555c548ba6f3bd85c43f
2023,9,2023-09-01,Jio Payments Bank Apps,1.44,108.84,0.0,0.0,0.0,0.0,1.44,108.84,NPCI UPI Ecosystem Statistics via https://github.com/luckisalive/npci_upi_analytics@5c007daef0b69f30dd8e555c548ba6f3bd85c43f
2023,9,2023-09-01,Jupiter,4.05,529.64,0.0,0.0,0.0,0.0,4.05,529.64,NPCI UPI Ecosystem Statistics via https://github.com/luckisalive/npci_upi_analytics@5c007daef0b69f30dd8e555c548ba6f3bd85c43f
2023,9,2023-09-01,Karnataka Bank Apps,0.62,125.7,0.0,0.0,0.0,0.0,0.62,125.7,NPCI UPI Ecosystem Statistics via https://github.com/luckisalive/npci_upi_analytics@5c007daef0b69f30dd8e555c548ba6f3bd85c43f
2023,9,2023-09-01,Karur Vysya Bank Apps,0.04,15.87,0.0,0.0,0.0,0.0,0.04,15.87,NPCI UPI Ecosystem Statistics via https://github.com/luckisalive/npci_upi_analytics@5c007daef0b69f30dd8e555c548ba6f3bd85c43f
2023,9,2023-09-01,Kotak Mahindra Bank Apps,21.57,3737.25,0.0,0.0,0.0,0.01,21.57,3737.26,NPCI UPI Ecosystem Statistics via https://github.com/luckisalive/npci_upi_analytics@5c007daef0b69f30dd8e555c548ba6f3bd85c43f
2023,9,2023-09-01,MakeMyTrip,0.04,21.32,0.0,0.0,0.0,0.0,0.04,21.32,NPCI UPI Ecosystem Statistics via https://github.com/luckisalive/npci_upi_analytics@5c007daef0b69f30dd8e555c548ba6f3bd85c43f
2023,9,2023-09-01,Mobikwik,3.92,1182.65,0.0,0.0,0.0,0.0,3.92,1182.65,NPCI UPI Ecosystem Statistics via https://github.com/luckisalive/npci_upi_analytics@5c007daef0b69f30dd8e555c548ba6f3bd85c43f
2023,9,2023-09-01,NAVIAXIS,0.27,17.75,0.0,0.0,0.0,0.0,0.27,17.75,NPCI UPI Ecosystem Statistics via https://github.com/luckisalive/npci_upi_analytics@5c007daef0b69f30dd8e555c548ba6f3bd85c43f
2023,9,2023-09-01,NSDL Payments Bank Apps,0.03,5.78,0.0,0.0,0.0,0.0,0.03,5.78,NPCI UPI Ecosystem Statistics via https://github.com/luckisalive/npci_upi_analytics@5c007daef0b69f30dd8e555c548ba6f3bd85c43f
2023,9,2023-09-01,OMNI,0.98,36.12,0.0,0.0,0.0,0.0,0.98,36.12,NPCI UPI Ecosystem Statistics via https://github.com/luckisalive/npci_upi_analytics@5c007daef0b69f30dd8e555c548ba6f3bd85c43f
2023,9,2023-09-01,Other,0.06,10.18,0.0,0.0,0.0,0.06,0.06,10.25,NPCI UPI Ecosystem Statistics via https://github.com/luckisalive/npci_upi_analytics@5c007daef0b69f30dd8e555c548ba6f3bd85c43f
2023,9,2023-09-01,Paytm,1333.38,153708.6,3.47,8.06,0.58,935.71,1451.99,176865.46,NPCI UPI Ecosystem Statistics via https://github.com/luckisalive/npci_upi_analytics@5c007daef0b69f30dd8e555c548ba6f3bd85c43f
2023,9,2023-09-01,PhonePe,4972.81,774845.98,0.0,0.0,0.0,0.0,4972.81,774845.98,NPCI UPI Ecosystem Statistics via https://github.com/luckisalive/npci_upi_analytics@5c007daef0b69f30dd8e555c548ba6f3bd85c43f
2023,9,2023-09-01,Punjab National Bank Apps,1.0,197.93,0.0,0.0,0.0,0.0,1.0,197.93,NPCI UPI Ecosystem Statistics via https://github.com/luckisalive/npci_upi_analytics@5c007daef0b69f30dd8e555c548ba6f3bd85c43f
2023,9,2023-09-01,Punjab Sind Bank Apps,0.03,12.32,0.0,0.0,0.0,0.0,0.03,12.32,NPCI UPI Ecosystem Statistics via https://github.com/luckisalive/npci_upi_analytics@5c007daef0b69f30dd8e555c548ba6f3bd85c43f
2023,9,2023-09-01,RBL Bank Apps,1.34,565.87,0.0,0.0,0.26,9.74,1.6,575.61,NPCI UPI Ecosystem Statistics via https://github.com/luckisalive/npci_upi_analytics@5c007daef0b69f30dd8e555c548ba6f3bd85c43f
2023,9,2023-09-01,SHRIRAM,0.03,2.8,0.0,0.0,0.0,0.0,0.03,2.8,NPCI UPI Ecosystem Statistics via https://github.com/luckisalive/npci_upi_analytics@5c007daef0b69f30dd8e555c548ba6f3bd85c43f
2023,9,2023-09-01,SLICE,0.03,3.8,0.0,0.0,0.0,0.0,0.03,3.8,NPCI UPI Ecosystem Statistics via https://github.com/luckisalive/npci_upi_analytics@5c007daef0b69f30dd8e555c548ba6f3bd85c43f
2023,9,2023-09-01,Samsung Pay,5.81,528.2,0.0,0.0,0.0,0.0,5.81,528.2,NPCI UPI Ecosystem Statistics via https://github.com/luckisalive/npci_upi_analytics@5c007daef0b69f30dd8e555c548ba6f3bd85c43f
2023,9,2023-09-01,South Indian Bank Apps,0.26,72.9,0.0,0.0,0.0,0.0,0.26,72.9,NPCI UPI Ecosystem Statistics via https://github.com/luckisalive/npci_upi_analytics@5c007daef0b69f30dd8e555c548ba6f3bd85c43f
2023,9,2023-09-01,Standard Chartered Bank Apps,1.72,148.27,0.0,0.0,0.31,182.94,2.03,331.21,NPCI UPI Ecosystem Statistics via https://github.com/luckisalive/npci_upi_analytics@5c007daef0b69f30dd8e555c548ba6f3bd85c43f
2023,9,2023-09-01,State Bank of India Apps,5.4,2130.26,0.0,0.0,0.02,0.64,5.42,2130.89,NPCI UPI Ecosystem Statistics via https://github.com/luckisalive/npci_upi_analytics@5c007daef0b69f30dd8e555c548ba6f3bd85c43f
2023,9,2023-09-01,Tamilnad Mercantile Bank Apps,0.1,26.99,0.0,0.0,0.0,0.0,0.1,26.99,NPCI UPI Ecosystem Statistics via https://github.com/luckisalive/npci_upi_analytics@5c007daef0b69f30dd8e555c548ba6f3bd85c43f
2023,9,2023-09-01,TataNeu,0.09,14.82,0.0,0.0,0.0,0.0,0.09,14.82,NPCI UPI Ecosystem Statistics via https://github.com/luckisalive/npci_upi_analytics@5c007daef0b69f30dd8e555c548ba6f3bd85c43f
2023,9,2023-09-01,UCO Bank Apps,0.37,127.06,0.0,0.0,0.0,0.0,0.37,127.06,NPCI UPI Ecosystem Statistics via https://github.com/luckisalive/npci_upi_analytics@5c007daef0b69f30dd8e555c548ba6f3bd85c43f
2023,9,2023-09-01,Ultracash,0.08,4.77,0.0,0.0,0.0,0.0,0.08,4.77,NPCI UPI Ecosystem Statistics via https://github.com/luckisalive/npci_upi_analytics@5c007daef0b69f30dd8e555c548ba6f3bd85c43f
2023,9,2023-09-01,Union Bank Apps,0.87,324.39,0.0,0.0,0.0,0.0,0.87,324.39,NPCI UPI Ecosystem Statistics via https://github.com/luckisalive/npci_upi_analytics@5c007daef0b69f30dd8e555c548ba6f3bd85c43f
2023,9,2023-09-01,Utkarsh Small Finance Bank Apps,0.02,6.63,0.0,0.0,0.0,0.0,0.02,6.63,NPCI UPI Ecosystem Statistics via https://github.com/luckisalive/npci_upi_analytics@5c007daef0b69f30dd8e555c548ba6f3bd85c43f
2023,9,2023-09-01,WhatsApp,20.55,1732.15,0.0,0.0,0.0,0.0,20.55,1732.15,NPCI UPI Ecosystem Statistics via https://github.com/luckisalive/npci_upi_analytics@5c007daef0b69f30dd8e555c548ba6f3bd85c43f
2023,9,2023-09-01,Yes Bank Apps,28.09,10794.85,0.0,0.0,0.41,53.11,28.49,10847.96,NPCI UPI Ecosystem Statistics via https://github.com/luckisalive/npci_upi_analytics@5c007daef0b69f30dd8e555c548ba6f3bd85c43f
2023,9,2023-09-01,slice,1.06,310.9,0.0,0.0,0.0,0.0,1.06,310.9,NPCI UPI Ecosystem Statistics via https://github.com/luckisalive/npci_upi_analytics@5c007daef0b69f30dd8e555c548ba6f3bd85c43f
2023,10,2023-10-01,AU Small Finance Bank Apps,0.71,235.99,0.0,0.0,0.0,0.0,0.71,235.99,NPCI UPI Ecosystem Statistics via https://github.com/luckisalive/npci_upi_analytics@5c007daef0b69f30dd8e555c548ba6f3bd85c43f
2023,10,2023-10-01,Airtel Payments Bank Apps,11.32,778.26,0.0,0.0,0.0,0.0,11.62,810.65,NPCI UPI Ecosystem Statistics via https://github.com/luckisalive/npci_upi_analytics@5c007daef0b69f30dd8e555c548ba6f3bd85c43f
2023,10,2023-10-01,Allahabad Bank Apps,0.03,7.3,0.0,0.0,0.0,0.0,0.03,7.3,NPCI UPI Ecosystem Statistics via https://github.com/luckisalive/npci_upi_analytics@5c007daef0b69f30dd8e555c548ba6f3bd85c43f
2023,10,2023-10-01,Amazon Pay,54.39,6297.17,0.0,0.0,0.0,0.0,54.39,6297.17,NPCI UPI Ecosystem Statistics via https://github.com/luckisalive/npci_upi_analytics@5c007daef0b69f30dd8e555c548ba6f3bd85c43f
2023,10,2023-10-01,Axis Bank Apps,12.1,2202.41,62.24,2721.47,0.08,7.63,74.42,4931.5,NPCI UPI Ecosystem Statistics via https://github.com/luckisalive/npci_upi_analytics@5c007daef0b69f30dd8e555c548ba6f3bd85c43f
2023,10,2023-10-01,BHIM,25.74,8174.71,0.0,0.0,0.0,0.0,25.74,8174.71,NPCI UPI Ecosystem Statistics via https://github.com/luckisalive/npci_upi_analytics@5c007daef0b69f30dd8e555c548ba6f3bd85c43f
2023,10,2023-10-01,Bajaj Finserv,14.42,2421.96,0.0,0.0,0.0,0.0,14.42,2421.96,NPCI UPI Ecosystem Statistics via https://github.com/luckisalive/npci_upi_analytics@5c007daef0b69f30dd8e555c548ba6f3bd85c43f
2023,10,2023-10-01,Bank of Baroda Apps,0.93,393.21,0.0,0.0,0.0,4.28,0.93,397.49,NPCI UPI Ecosystem Statistics via https://github.com/luckisalive/npci_upi_analytics@5c007daef0b69f30dd8e555c548ba6f3bd85c43f
2023,10,2023-10-01,Bank of India Apps,0.27,93.46,0.0,0.0,0.0,0.0,0.27,93.46,NPCI UPI Ecosystem Statistics via https://github.com/luckisalive/npci_upi_analytics@5c007daef0b69f30dd8e555c548ba6f3bd85c43f
2023,10,2023-10-01,Bank of Maharashtra Apps,0.06,10.85,0.0,0.0,0.0,0.0,0.06,10.85,NPCI UPI Ecosystem Statistics via https://github.com/luckisalive/npci_upi_analytics@5c007daef0b69f30dd8e555c548ba6f3bd85c43f
2023,10,2023-10-01,Canara Bank Apps,2.21,665.24,0.0,0.0,0.01,0.19,2.22,665.43,NPCI UPI Ecosystem Statistics via https://github.com/luckisalive/npci_upi_analytics@5c007daef0b69f30dd8e555c548ba6f3bd85c43f
2023,10,2023-10-01,Central Bank of India Apps,0.52,114.69,0.0,0.0,0.0,0.24,0.52,114.94,NPCI UPI Ecosystem Statistics via https://github.com/luckisalive/npci_upi_analytics@5c007daef0b69f30dd8e555c548ba6f3bd85c43f
2023,10,2023-10-01,Citi Bank Apps,0.08,66.07,0.0,0.0,0.0,0.0,0.08,66.07,NPCI UPI Ecosystem Statistics via https://github.com/luckisalive/npci_upi_analytics@5c007daef0b69f30dd8e555c548ba6f3bd85c43f
2023,10,2023-10-01,City Union Bank Apps,0.07,21.55,0.0,0.0,0.0,0.0,0.07,21.55,NPCI UPI Ecosystem Statistics via https://github.com/luckisalive/npci_upi_analytics@5c007daef0b69f30dd8e555c548ba6f3bd85c43f
2023,10,2023-10-01,Cred,94.52,34691.49,0.0,0.0,0.0,0.0,94.52,34691.49,NPCI UPI Ecosystem Statistics via https://github.com/luckisalive/npci_upi_analytics@5c007daef0b69f30dd8e555c548ba6f3bd85c43f
2023,10,2023-10-01,DBS Digibank Apps,0.5,197.14,0.0,0.0,0.0,0.56,0.51,197.7,NPCI UPI Ecosystem Statistics via https://github.com/luckisalive/npci_upi_analytics@5c007daef0b69f30dd8e555c548ba6f3bd85c43f
2023,10,2023-10-01,Deutsche Bank Apps,2.37,350.45,0.0,0.0,0.0,0.02,2.37,350.47,NPCI UPI Ecosystem Statistics via https://github.com/luckisalive/npci_upi_analytics@5c007daef0b69f30dd8e555c548ba6f3bd85c43f
2023,10,2023-10-01,Dhani PPI,0.02,1.49,0.0,0.0,0.0,0.0,0.02,1.49,NPCI UPI Ecosystem Statistics via https://github.com/luckisalive/npci_upi_analytics@5c007daef0b69f30dd8e555c548ba6f3bd85c43f
2023,10,2023-10-01,Digikhata PPI,0.04,15.33,0.0,0.0,0.0,0.0,0.04,15.33,NPCI UPI Ecosystem Statistics via https://github.com/luckisalive/npci_upi_analytics@5c007daef0b69f30dd8e555c548ba6f3bd85c43f
2023,10,2023-10-01,Equitas Small Finance Bank Apps,0.03,21.65,0.0,0.0,0.0,0.0,0.03,21.65,NPCI UPI Ecosystem Statistics via https://github.com/luckisalive/npci_upi_analytics@5c007daef0b69f30dd8e555c548ba6f3bd85c43f
2023,10,2023-10-01,Fampay PPI,27.54,314.13,0.0,0.0,0.0,0.0,27.54,314.13,NPCI UPI Ecosystem Statistics via https://github.com/luckisalive/npci_upi_analytics@5c007daef0b69f30dd8e555c548ba6f3bd85c43f
2023,10,2023-10-01,Fave,0.11,10.38,0.0,0.0,0.0,0.0,0.11,10.38,NPCI UPI Ecosystem Statistics via https://github.com/luckisalive/npci_upi_analytics@5c007daef0b69f30dd8e555c548ba6f3bd85c43f
2023,10,2023-10-01,Federal Bank App,5.89,720.68,0.0,0.0,0.0,0.0,5.89,720.68,NPCI UPI Ecosystem Statistics via https://github.com/luckisalive/npci_upi_analytics@5c007daef0b69f30dd8e555c548ba6f3bd85c43f
2023,10,2023-10-01,Fino Payments bank Apps,0.27,20.01,0.0,0.0,0.0,0.0,0.27,20.01,NPCI UPI Ecosystem Statistics via https://github.com/luckisalive/npci_upi_analytics@5c007daef0b69f30dd8e555c548ba6f3bd85c43f
2023,10,2023-10-01,GoKiwi,0.76,79.21,0.0,0.0,0.0,0.0,0.76,79.21,NPCI UPI Ecosystem Statistics via https://github.com/luckisalive/npci_upi_analytics@5c007daef0b69f30dd8e555c548ba6f3bd85c43f
2023,10,2023-10-01,Google Pay,4139.92,589299.18,0.0,0.0,0.0,0.0,4139.92,589299.18,NPCI UPI Ecosystem Statistics via https://github.com/luckisalive/npci_upi_analytics@5c007daef0b69f30dd8e555c548ba6f3bd85c43f
2023,10,2023-10-01,Groww,5.89,3354.83,0.0,0.0,0.0,0.0,5.89,3354.83,NPCI UPI Ecosystem Statistics via https://github.com/luckisalive/npci_upi_analytics@5c007daef0b69f30dd8e555c548ba6f3bd85c43f
2023,10,2023-10-01,HDFC Bank Apps,21.35,5453.76,0.0,0.0,0.0,0.0,21.35,5453.76,NPCI UPI Ecosystem Statistics via https://github.com/luckisalive/npci_upi_analytics@5c007daef0b69f30dd8e555c548ba6f3bd85c43f
2023,10,2023-10-01,HSBC Bank Apps,0.18,105.98,0.0,0.08,0.0,0.0,0.18,106.07,NPCI UPI Ecosystem Statistics via https://github.com/luckisalive/npci_upi_analytics@5c007daef0b69f30dd8e555c548ba6f3bd85c43f
2023,10,2023-10-01,ICICI Bank Apps,27.54,11273.3,4.82,437.19,6.52,9607.29,38.88,21317.78,NPCI UPI Ecosystem Statistics via https://github.com/luckisalive/npci_upi_analytics@5c007daef0b69f30dd8e555c548ba6f3bd85c43f
2023,10,2023-10-01,IDBI Bank Apps,0.07,36.89,0.0,0.0,0.0,0.0,0.07,36.89,NPCI UPI Ecosystem Statistics via https://github.com/luckisalive/npci_upi_analytics@5c007daef0b69f30dd8e555c548ba6f3bd85c43f
2023,10,2023-10-01,IDFC Bank Apps,5.26,1312.45,0.0,0.0,0.0,0.01,5.26,1312.46,NPCI UPI Ecosystem Statistics via https://github.com/luckisalive/npci_upi_analytics@5c007daef0b69f30dd8e555c548ba6f3bd85c43f
2023,10,2023-10-01,India Post Payments Bank Apps,5.54,464.95,0.0,0.0,0.0,0.0,5.54,464.95,NPCI UPI Ecosystem Statistics via https://github.com/luckisalive/npci_upi_analytics@5c007daef0b69f30dd8e555c548ba6f3bd85c43f
2023,10,2023-10-01,Indian Bank Apps,0.36,90.37,0.0,0.0,0.0,20.56,0.36,110.93,NPCI UPI Ecosystem Statistics via https://github.com/luckisalive/npci_upi_analytics@5c007daef0b69f30dd8e555c548ba6f3bd85c43f
2023,10,2023-10-01,Indian Overseas Bank Apps,0.09,23.85,0.0,0.0,0.0,0.0,0.09,23.85,NPCI UPI Ecosystem Statistics via https://github.com/luckisalive/npci_upi_analytics@5c007daef0b69f30dd8e555c548ba6f3bd85c43f
2023,10,2023-10-01,IndusInd Bank Apps,1.07,217.98,0.0,0.0,0.0,0.0,1.07,217.98,NPCI UPI Ecosystem Statistics via https://github.com/luckisalive/npci_upi_analytics@5c007daef0b69f30dd8e555c548ba6f3bd85c43f
2023,10,2023-10-01,Jammu and Kashmir Bank Apps,0.01,3.39,0.0,0.0,0.0,0.0,0.01,3.39,NPCI UPI Ecosystem Statistics via https://github.com/luckisalive/npci_upi_analytics@5c007daef0b69f30dd8e555c548ba6f3bd85c43f
2023,10,2023-10-01,Jio Payments Bank Apps,1.35,112.84,0.0,0.0,0.0,0.0,1.35,112.84,NPCI UPI Ecosystem Statistics via https://github.com/luckisalive/npci_upi_analytics@5c007daef0b69f30dd8e555c548ba6f3bd85c43f
2023,10,2023-10-01,Jupiter,4.45,571.06,0.0,0.0,0.0,0.0,4.45,571.06,NPCI UPI Ecosystem Statistics via https://github.com/luckisalive/npci_upi_analytics@5c007daef0b69f30dd8e555c548ba6f3bd85c43f
2023,10,2023-10-01,Karnataka Bank Apps,0.69,138.58,0.0,0.0,0.0,0.0,0.69,138.58,NPCI UPI Ecosystem Statistics via https://github.com/luckisalive/npci_upi_analytics@5c007daef0b69f30dd8e555c548ba6f3bd85c43f
2023,10,2023-10-01,Karur Vysya Bank Apps,0.04,16.95,0.0,0.0,0.0,0.0,0.04,16.95,NPCI UPI Ecosystem Statistics via https://github.com/luckisalive/npci_upi_analytics@5c007daef0b69f30dd8e555c548ba6f3bd85c43f
2023,10,2023-10-01,Kotak Mahindra Bank Apps,23.83,4205.76,0.0,0.0,0.0,0.0,23.83,4205.77,NPCI UPI Ecosystem Statistics via https://github.com/luckisalive/npci_upi_analytics@5c007daef0b69f30dd8e555c548ba6f3bd85c43f
2023,10,2023-10-01,MakeMyTrip,0.04,21.47,0.0,0.0,0.0,0.0,0.04,21.47,NPCI UPI Ecosystem Statistics via https://github.com/luckisalive/npci_upi_analytics@5c007daef0b69f30dd8e555c548ba6f3bd85c43f
2023,10,2023-10-01,Mobikwik,4.449999999999999,1381.0300000000002,0.0,0.0,0.0,0.0,4.449999999999999,1381.0300000000002,NPCI UPI Ecosystem Statistics via https://github.com/luckisalive/npci_upi_analytics@5c007daef0b69f30dd8e555c548ba6f3bd85c43f
2023,10,2023-10-01,NSDL Payments Bank Apps,0.04,5.79,0.0,0.0,0.0,0.0,0.04,5.79,NPCI UPI Ecosystem Statistics via https://github.com/luckisalive/npci_upi_analytics@5c007daef0b69f30dd8e555c548ba6f3bd85c43f
2023,10,2023-10-01,Navi,0.53,33.92,0.0,0.0,0.0,0.0,0.53,33.92,NPCI UPI Ecosystem Statistics via https://github.com/luckisalive/npci_upi_analytics@5c007daef0b69f30dd8e555c548ba6f3bd85c43f
2023,10,2023-10-01,Omnicard PPI,1.2,45.9,0.0,0.0,0.0,0.0,1.2,45.9,NPCI UPI Ecosystem Statistics via https://github.com/luckisalive/npci_upi_analytics@5c007daef0b69f30dd8e555c548ba6f3bd85c43f
2023,10,2023-10-01,Other,0.06,14.29,0.0,0.0,0.0,0.0,0.06,14.29,NPCI UPI Ecosystem Statistics via https://github.com/luckisalive/npci_upi_analytics@5c007daef0b69f30dd8e555c548ba6f3bd85c43f
2023,10,2023-10-01,Paytm,1417.81,167819.3,3.36,6.88,0.74,1244.89,1544.41,192974.8,NPCI UPI Ecosystem Statistics via https://github.com/luckisalive/npci_upi_analytics@5c007daef0b69f30dd8e555c548ba6f3bd85c43f
2023,10,2023-10-01,PhonePe,5337.96,838371.7,0.0,0.0,0.0,0.0,5337.96,838371.7,NPCI UPI Ecosystem Statistics via https://github.com/luckisalive/npci_upi_analytics@5c007daef0b69f30dd8e555c548ba6f3bd85c43f
2023,10,2023-10-01,Punjab National Bank Apps,0.99,211.45,0.0,0.0,0.0,0.0,0.99,211.45,NPCI UPI Ecosystem Statistics via https://github.com/luckisalive/npci_upi_analytics@5c007daef0b69f30dd8e555c548ba6f3bd85c43f
2023,10,2023-10-01,Punjab Sind Bank Apps,0.03,12.94,0.0,0.0,0.0,0.0,0.03,12.94,NPCI UPI Ecosystem Statistics via https://github.com/luckisalive/npci_upi_analytics@5c007daef0b69f30dd8e555c548ba6f3bd85c43f
2023,10,2023-10-01,RBL Bank Apps,1.87,642.63,0.0,0.02,0.27,16.09,2.14,658.74,NPCI UPI Ecosystem Statistics via https://github.com/luckisalive/npci_upi_analytics@5c007daef0b69f30dd8e555c548ba6f3bd85c43f
2023,10,2023-10-01,Samsung Pay,6.17,562.28,0.0,0.0,0.0,0.0,6.17,562.28,NPCI UPI Ecosystem Statistics via https://github.com/luckisalive/npci_upi_analytics@5c007daef0b69f30dd8e555c548ba6f3bd85c43f
2023,10,2023-10-01,Shriram One,0.15,9.43,0.0,0.0,0.0,0.0,0.15,9.43,NPCI UPI Ecosystem Statistics via https://github.com/luckisalive/npci_upi_analytics@5c007daef0b69f30dd8e555c548ba6f3bd85c43f
2023,10,2023-10-01,South Indian Bank Apps,0.22,69.36,0.0,0.0,0.0,0.0,0.22,69.36,NPCI UPI Ecosystem Statistics via https://github.com/luckisalive/npci_upi_analytics@5c007daef0b69f30dd8e555c548ba6f3bd85c43f
2023,10,2023-10-01,Standard Chartered Bank Apps,4.41,240.59,0.0,0.0,2.61,1462.0,7.02,1702.59,NPCI UPI Ecosystem Statistics via https://github.com/luckisalive/npci_upi_analytics@5c007daef0b69f30dd8e555c548ba6f3bd85c43f
2023,10,2023-10-01,State Bank of India Apps,5.51,2185.45,0.0,0.0,0.02,0.6,5.53,2186.05,NPCI UPI Ecosystem Statistics via https://github.com/luckisalive/npci_upi_analytics@5c007daef0b69f30dd8e555c548ba6f3bd85c43f
2023,10,2023-10-01,Tamilnad Mercantile Bank Apps,0.1,29.14,0.0,0.0,0.0,0.0,0.1,29.14,NPCI UPI Ecosystem Statistics via https://github.com/luckisalive/npci_upi_analytics@5c007daef0b69f30dd8e555c548ba6f3bd85c43f
2023,10,2023-10-01,TataNeu,0.09,14.51,0.0,0.0,0.0,0.0,0.09,14.51,NPCI UPI Ecosystem Statistics via https://github.com/luckisalive/npci_upi_analytics@5c007daef0b69f30dd8e555c548ba6f3bd85c43f
2023,10,2023-10-01,UCO Bank Apps,0.28,85.33,0.0,0.0,0.0,0.0,0.28,85.33,NPCI UPI Ecosystem Statistics via https://github.com/luckisalive/npci_upi_analytics@5c007daef0b69f30dd8e555c548ba6f3bd85c43f
2023,10,2023-10-01,Ultracash,0.09,5.6,0.0,0.0,0.0,0.0,0.09,5.6,NPCI UPI Ecosystem Statistics via https://github.com/luckisalive/npci_upi_analytics@5c007daef0b69f30dd8e555c548ba6f3bd85c43f
2023,10,2023-10-01,Union Bank Apps,0.89,360.41,0.0,0.0,0.0,0.0,0.89,360.42,NPCI UPI Ecosystem Statistics via https://github.com/luckisalive/npci_upi_analytics@5c007daef0b69f30dd8e555c548ba6f3bd85c43f
2023,10,2023-10-01,Utkarsh Small Finance Bank Apps,0.02,7.44,0.0,0.0,0.0,0.0,0.02,7.44,NPCI UPI Ecosystem Statistics via https://github.com/luckisalive/npci_upi_analytics@5c007daef0b69f30dd8e555c548ba6f3bd85c43f
2023,10,2023-10-01,WhatsApp,22.72,1903.1,0.0,0.0,0.0,0.0,22.72,1903.1,NPCI UPI Ecosystem Statistics via https://github.com/luckisalive/npci_upi_analytics@5c007daef0b69f30dd8e555c548ba6f3bd85c43f
2023,10,2023-10-01,Yes Bank Apps,27.97,11183.85,0.0,0.0,0.3,75.25,28.27,11259.1,NPCI UPI Ecosystem Statistics via https://github.com/luckisalive/npci_upi_analytics@5c007daef0b69f30dd8e555c548ba6f3bd85c43f
2023,10,2023-10-01,slice,1.33,340.4,0.0,0.0,0.0,0.0,1.33,340.4,NPCI UPI Ecosystem Statistics via https://github.com/luckisalive/npci_upi_analytics@5c007daef0b69f30dd8e555c548ba6f3bd85c43f
2023,10,2023-10-01,slice PPI,0.33,18.41,0.0,0.0,0.0,0.0,0.33,18.41,NPCI UPI Ecosystem Statistics via https://github.com/luckisalive/npci_upi_analytics@5c007daef0b69f30dd8e555c548ba6f3bd85c43f
2023,11,2023-11-01,AU Small Finance Bank Apps,0.66,239.22,0.0,0.0,0.0,0.0,0.66,239.22,NPCI UPI Ecosystem Statistics via https://github.com/luckisalive/npci_upi_analytics@5c007daef0b69f30dd8e555c548ba6f3bd85c43f
2023,11,2023-11-01,Airtel Payments Bank Apps,11.06,795.35,0.0,0.0,0.0,0.0,11.34,827.06,NPCI UPI Ecosystem Statistics via https://github.com/luckisalive/npci_upi_analytics@5c007daef0b69f30dd8e555c548ba6f3bd85c43f
2023,11,2023-11-01,Allahabad Bank Apps,0.03,6.93,0.0,0.0,0.0,0.0,0.03,6.93,NPCI UPI Ecosystem Statistics via https://github.com/luckisalive/npci_upi_analytics@5c007daef0b69f30dd8e555c548ba6f3bd85c43f
2023,11,2023-11-01,Amazon Pay,48.62,5737.75,0.0,0.0,0.0,0.0,48.62,5737.75,NPCI UPI Ecosystem Statistics via https://github.com/luckisalive/npci_upi_analytics@5c007daef0b69f30dd8e555c548ba6f3bd85c43f
2023,11,2023-11-01,Axis Bank Apps,11.52,2305.08,54.43,1453.3,0.07,7.27,66.02,3765.68,NPCI UPI Ecosystem Statistics via https://github.com/luckisalive/npci_upi_analytics@5c007daef0b69f30dd8e555c548ba6f3bd85c43f
2023,11,2023-11-01,BHIM,23.49,7957.46,0.0,0.0,0.0,0.0,23.49,7957.46,NPCI UPI Ecosystem Statistics via https://github.com/luckisalive/npci_upi_analytics@5c007daef0b69f30dd8e555c548ba6f3bd85c43f
2023,11,2023-11-01,Bajaj Finserv,16.21,2468.08,0.0,0.0,0.0,0.0,16.21,2468.08,NPCI UPI Ecosystem Statistics via https://github.com/luckisalive/npci_upi_analytics@5c007daef0b69f30dd8e555c548ba6f3bd85c43f
2023,11,2023-11-01,Bank of Baroda Apps,0.95,412.54,0.0,0.0,0.0,7.13,0.95,419.67,NPCI UPI Ecosystem Statistics via https://github.com/luckisalive/npci_upi_analytics@5c007daef0b69f30dd8e555c548ba6f3bd85c43f
2023,11,2023-11-01,Bank of India Apps,0.24,88.76,0.0,0.0,0.0,0.0,0.24,88.76,NPCI UPI Ecosystem Statistics via https://github.com/luckisalive/npci_upi_analytics@5c007daef0b69f30dd8e555c548ba6f3bd85c43f
2023,11,2023-11-01,Bank of Maharashtra Apps,0.04,8.79,0.0,0.0,0.0,0.0,0.04,8.79,NPCI UPI Ecosystem Statistics via https://github.com/luckisalive/npci_upi_analytics@5c007daef0b69f30dd8e555c548ba6f3bd85c43f
2023,11,2023-11-01,CBDC Apps,0.2,8.49,0.0,0.0,0.01,0.46,0.22,8.95,NPCI UPI Ecosystem Statistics via https://github.com/luckisalive/npci_upi_analytics@5c007daef0b69f30dd8e555c548ba6f3bd85c43f
2023,11,2023-11-01,Canara Bank Apps,2.29,667.04,0.0,0.0,0.0,0.0,2.29,667.04,NPCI UPI Ecosystem Statistics via https://github.com/luckisalive/npci_upi_analytics@5c007daef0b69f30dd8e555c548ba6f3bd85c43f
2023,11,2023-11-01,Central Bank of India Apps,0.51,117.17,0.0,0.0,0.0,0.27,0.51,117.44,NPCI UPI Ecosystem Statistics via https://github.com/luckisalive/npci_upi_analytics@5c007daef0b69f30dd8e555c548ba6f3bd85c43f
2023,11,2023-11-01,Citi Bank Apps,0.07,60.24,0.0,0.0,0.0,0.0,0.07,60.24,NPCI UPI Ecosystem Statistics via https://github.com/luckisalive/npci_upi_analytics@5c007daef0b69f30dd8e555c548ba6f3bd85c43f
2023,11,2023-11-01,City Union Bank Apps,0.07,22.07,0.0,0.0,0.0,0.0,0.07,22.07,NPCI UPI Ecosystem Statistics via https://github.com/luckisalive/npci_upi_analytics@5c007daef0b69f30dd8e555c548ba6f3bd85c43f
2023,11,2023-11-01,Cred,93.31,34541.32,0.0,0.0,0.0,0.0,93.31,34541.32,NPCI UPI Ecosystem Statistics via https://github.com/luckisalive/npci_upi_analytics@5c007daef0b69f30dd8e555c548ba6f3bd85c43f
2023,11,2023-11-01,DBS Digibank Apps,0.52,196.26,0.0,0.0,0.0,0.61,0.52,196.87,NPCI UPI Ecosystem Statistics via https://github.com/luckisalive/npci_upi_analytics@5c007daef0b69f30dd8e555c548ba6f3bd85c43f
2023,11,2023-11-01,DIGIKHATA,0.05,20.12,0.0,0.0,0.0,0.0,0.05,20.12,NPCI UPI Ecosystem Statistics via https://github.com/luckisalive/npci_upi_analytics@5c007daef0b69f30dd8e555c548ba6f3bd85c43f
2023,11,2023-11-01,Deutsche Bank Apps,3.26,268.83,0.0,0.0,0.0,0.02,3.26,268.85,NPCI UPI Ecosystem Statistics via https://github.com/luckisalive/npci_upi_analytics@5c007daef0b69f30dd8e555c548ba6f3bd85c43f
2023,11,2023-11-01,Equitas Small Finance Bank Apps,0.03,19.96,0.0,0.0,0.0,0.0,0.03,19.96,NPCI UPI Ecosystem Statistics via https://github.com/luckisalive/npci_upi_analytics@5c007daef0b69f30dd8e555c548ba6f3bd85c43f
2023,11,2023-11-01,Fampay,28.43,336.92,0.0,0.0,0.0,0.0,28.43,336.92,NPCI UPI Ecosystem Statistics via https://github.com/luckisalive/npci_upi_analytics@5c007daef0b69f30dd8e555c548ba6f3bd85c43f
2023,11,2023-11-01,Fave,0.09,8.29,0.0,0.0,0.0,0.0,0.09,8.29,NPCI UPI Ecosystem Statistics via https://github.com/luckisalive/npci_upi_analytics@5c007daef0b69f30dd8e555c548ba6f3bd85c43f
2023,11,2023-11-01,Federal Bank App,5.51,698.05,0.0,0.0,0.0,0.01,5.51,698.06,NPCI UPI Ecosystem Statistics via https://github.com/luckisalive/npci_upi_analytics@5c007daef0b69f30dd8e555c548ba6f3bd85c43f
2023,11,2023-11-01,Fino Payments bank Apps,0.27,25.0,0.0,0.0,0.0,0.0,0.27,25.0,NPCI UPI Ecosystem Statistics via https://github.com/luckisalive/npci_upi_analytics@5c007daef0b69f30dd8e555c548ba6f3bd85c43f
2023,11,2023-11-01,GoKiwi,0.76,93.99,0.0,0.0,0.0,0.0,0.76,93.99,NPCI UPI Ecosystem Statistics via https://github.com/luckisalive/npci_upi_analytics@5c007daef0b69f30dd8e555c548ba6f3bd85c43f
2023,11,2023-11-01,Google Pay,4099.08,599748.64,0.0,0.0,0.0,0.0,4099.08,599748.64,NPCI UPI Ecosystem Statistics via https://github.com/luckisalive/npci_upi_analytics@5c007daef0b69f30dd8e555c548ba6f3bd85c43f
2023,11,2023-11-01,Groww,4.59,2528.81,0.0,0.0,0.0,0.0,4.59,2528.81,NPCI UPI Ecosystem Statistics via https://github.com/luckisalive/npci_upi_analytics@5c007daef0b69f30dd8e555c548ba6f3bd85c43f
2023,11,2023-11-01,HDFC Bank Apps,20.68,5511.35,0.0,0.0,0.0,0.0,20.68,5511.35,NPCI UPI Ecosystem Statistics via https://github.com/luckisalive/npci_upi_analytics@5c007daef0b69f30dd8e555c548ba6f3bd85c43f
2023,11,2023-11-01,HSBC Bank Apps,0.18,110.45,0.0,0.1,0.0,0.0,0.18,110.56,NPCI UPI Ecosystem Statistics via https://github.com/luckisalive/npci_upi_analytics@5c007daef0b69f30dd8e555c548ba6f3bd85c43f
2023,11,2023-11-01,ICICI Bank Apps,27.41,11134.92,4.79,456.4,8.55,12088.53,40.75,23679.82,NPCI UPI Ecosystem Statistics via https://github.com/luckisalive/npci_upi_analytics@5c007daef0b69f30dd8e555c548ba6f3bd85c43f
2023,11,2023-11-01,IDBI Bank Apps,0.07,35.22,0.0,0.0,0.0,0.0,0.07,35.22,NPCI UPI Ecosystem Statistics via https://github.com/luckisalive/npci_upi_analytics@5c007daef0b69f30dd8e555c548ba6f3bd85c43f
2023,11,2023-11-01,IDFC Bank Apps,4.96,1306.91,0.0,0.0,0.0,0.0,4.96,1306.91,NPCI UPI Ecosystem Statistics via https://github.com/luckisalive/npci_upi_analytics@5c007daef0b69f30dd8e555c548ba6f3bd85c43f
2023,11,2023-11-01,INDIE - Indus Ind,0.16,30.77,0.0,0.0,0.0,0.0,0.16,30.77,NPCI UPI Ecosystem Statistics via https://github.com/luckisalive/npci_upi_analytics@5c007daef0b69f30dd8e555c548ba6f3bd85c43f
2023,11,2023-11-01,India Post Payments Bank Apps,5.27,532.66,0.0,0.0,0.0,0.0,5.27,532.66,NPCI UPI Ecosystem Statistics via https://github.com/luckisalive/npci_upi_analytics@5c007daef0b69f30dd8e555c548ba6f3bd85c43f
2023,11,2023-11-01,Indian Bank Apps,0.36,89.84,0.0,0.0,0.0,4.1,0.36,93.94,NPCI UPI Ecosystem Statistics via https://github.com/luckisalive/npci_upi_analytics@5c007daef0b69f30dd8e555c548ba6f3bd85c43f
2023,11,2023-11-01,Indian Overseas Bank Apps,0.09,24.83,0.0,0.0,0.0,0.0,0.09,24.83,NPCI UPI Ecosystem Statistics via https://github.com/luckisalive/npci_upi_analytics@5c007daef0b69f30dd8e555c548ba6f3bd85c43f
2023,11,2023-11-01,IndusInd Bank Apps,0.9,193.07,0.0,0.0,0.0,0.0,0.9,193.07,NPCI UPI Ecosystem Statistics via https://github.com/luckisalive/npci_upi_analytics@5c007daef0b69f30dd8e555c548ba6f3bd85c43f
2023,11,2023-11-01,Jio Payments Bank Apps,1.26,117.05,0.0,0.0,0.0,0.0,1.26,117.05,NPCI UPI Ecosystem Statistics via https://github.com/luckisalive/npci_upi_analytics@5c007daef0b69f30dd8e555c548ba6f3bd85c43f
2023,11,2023-11-01,Jupiter,4.29,577.81,0.0,0.0,0.0,0.0,4.29,577.81,NPCI UPI Ecosystem Statistics via https://github.com/luckisalive/npci_upi_analytics@5c007daef0b69f30dd8e555c548ba6f3bd85c43f
2023,11,2023-11-01,Karnataka Bank Apps,0.68,138.91,0.0,0.0,0.0,0.01,0.68,138.92,NPCI UPI Ecosystem Statistics via https://github.com/luckisalive/npci_upi_analytics@5c007daef0b69f30dd8e555c548ba6f3bd85c43f
2023,11,2023-11-01,Karur Vysya Bank Apps,0.04,14.83,0.0,0.0,0.0,0.0,0.04,14.83,NPCI UPI Ecosystem Statistics via https://github.com/luckisalive/npci_upi_analytics@5c007daef0b69f30dd8e555c548ba6f3bd85c43f
2023,11,2023-11-01,Kotak Mahindra Bank Apps,23.88,4341.61,0.0,0.0,0.0,0.0,23.88,4341.61,NPCI UPI Ecosystem Statistics via https://github.com/luckisalive/npci_upi_analytics@5c007daef0b69f30dd8e555c548ba6f3bd85c43f
2023,11,2023-11-01,MakeMyTrip,0.04,22.58,0.0,0.0,0.0,0.0,0.04,22.58,NPCI UPI Ecosystem Statistics via https://github.com/luckisalive/npci_upi_analytics@5c007daef0b69f30dd8e555c548ba6f3bd85c43f
2023,11,2023-11-01,Mobikwik,4.579999999999999,1475.75,0.0,0.0,0.0,0.0,4.579999999999999,1475.75,NPCI UPI Ecosystem Statistics via https://github.com/luckisalive/npci_upi_analytics@5c007daef0b69f30dd8e555c548ba6f3bd85c43f
2023,11,2023-11-01,NSDL Payments Bank Apps,0.03,5.89,0.0,0.0,0.0,0.0,0.03,5.89,NPCI UPI Ecosystem Statistics via https://github.com/luckisalive/npci_upi_analytics@5c007daef0b69f30dd8e555c548ba6f3bd85c43f
2023,11,2023-11-01,Navi,0.6,37.44,0.0,0.0,0.0,0.0,0.6,37.44,NPCI UPI Ecosystem Statistics via https://github.com/luckisalive/npci_upi_analytics@5c007daef0b69f30dd8e555c548ba6f3bd85c43f
2023,11,2023-11-01,Omnicard,1.09,37.85,0.0,0.0,0.0,0.0,1.09,37.85,NPCI UPI Ecosystem Statistics via https://github.com/luckisalive/npci_upi_analytics@5c007daef0b69f30dd8e555c548ba6f3bd85c43f
2023,11,2023-11-01,Other,0.11,26.81,0.0,0.0,0.0,0.0,0.11,26.81,NPCI UPI Ecosystem Statistics via https://github.com/luckisalive/npci_upi_analytics@5c007daef0b69f30dd8e555c548ba6f3bd85c43f
2023,11,2023-11-01,Paytm,1360.45,166257.62,4.68,8.0,0.73,1314.75,1479.47,191150.29,NPCI UPI Ecosystem Statistics via https://github.com/luckisalive/npci_upi_analytics@5c007daef0b69f30dd8e555c548ba6f3bd85c43f
2023,11,2023-11-01,PhonePe,5281.68,854939.06,0.0,0.0,0.0,0.0,5281.68,854939.06,NPCI UPI Ecosystem Statistics via https://github.com/luckisalive/npci_upi_analytics@5c007daef0b69f30dd8e555c548ba6f3bd85c43f
2023,11,2023-11-01,Punjab National Bank Apps,1.04,214.29,0.0,0.0,0.0,0.0,1.04,214.29,NPCI UPI Ecosystem Statistics via https://github.com/luckisalive/npci_upi_analytics@5c007daef0b69f30dd8e555c548ba6f3bd85c43f
2023,11,2023-11-01,Punjab Sind Bank Apps,0.03,14.19,0.0,0.0,0.0,0.0,0.03,14.19,NPCI UPI Ecosystem Statistics via https://github.com/luckisalive/npci_upi_analytics@5c007daef0b69f30dd8e555c548ba6f3bd85c43f
2023,11,2023-11-01,RBL Bank Apps,1.85,621.67,0.0,0.0,0.37,18.3,2.23,639.97,NPCI UPI Ecosystem Statistics via https://github.com/luckisalive/npci_upi_analytics@5c007daef0b69f30dd8e555c548ba6f3bd85c43f
2023,11,2023-11-01,SLICE,0.69,27.42,0.0,0.0,0.0,0.0,0.69,27.42,NPCI UPI Ecosystem Statistics via https://github.com/luckisalive/npci_upi_analytics@5c007daef0b69f30dd8e555c548ba6f3bd85c43f
2023,11,2023-11-01,Samsung Pay,5.84,557.36,0.0,0.0,0.0,0.0,5.84,557.36,NPCI UPI Ecosystem Statistics via https://github.com/luckisalive/npci_upi_analytics@5c007daef0b69f30dd8e555c548ba6f3bd85c43f
2023,11,2023-11-01,Shriram One,0.09,10.06,0.0,0.0,0.0,0.0,0.09,10.06,NPCI UPI Ecosystem Statistics via https://github.com/luckisalive/npci_upi_analytics@5c007daef0b69f30dd8e555c548ba6f3bd85c43f
2023,11,2023-11-01,South Indian Bank Apps,0.25,74.07,0.0,0.0,0.0,0.0,0.25,74.07,NPCI UPI Ecosystem Statistics via https://github.com/luckisalive/npci_upi_analytics@5c007daef0b69f30dd8e555c548ba6f3bd85c43f
2023,11,2023-11-01,Standard Chartered Bank Apps,3.82,262.18,0.0,0.0,0.57,244.75,4.39,506.93,NPCI UPI Ecosystem Statistics via https://github.com/luckisalive/npci_upi_analytics@5c007daef0b69f30dd8e555c548ba6f3bd85c43f
2023,11,2023-11-01,State Bank of India Apps,5.36,2162.43,0.0,0.0,0.02,0.66,5.38,2163.09,NPCI UPI Ecosystem Statistics via https://github.com/luckisalive/npci_upi_analytics@5c007daef0b69f30dd8e555c548ba6f3bd85c43f
2023,11,2023-11-01,Tamilnad Mercantile Bank Apps,0.1,29.13,0.0,0.0,0.0,0.0,0.1,29.13,NPCI UPI Ecosystem Statistics via https://github.com/luckisalive/npci_upi_analytics@5c007daef0b69f30dd8e555c548ba6f3bd85c43f
2023,11,2023-11-01,TataNeu,0.08,11.36,0.0,0.0,0.0,0.0,0.08,11.36,NPCI UPI Ecosystem Statistics via https://github.com/luckisalive/npci_upi_analytics@5c007daef0b69f30dd8e555c548ba6f3bd85c43f
2023,11,2023-11-01,Timepay,0.04,1.2,0.0,0.0,0.0,0.0,0.04,1.2,NPCI UPI Ecosystem Statistics via https://github.com/luckisalive/npci_upi_analytics@5c007daef0b69f30dd8e555c548ba6f3bd85c43f
2023,11,2023-11-01,UCO Bank Apps,0.26,81.93,0.0,0.0,0.0,0.0,0.26,81.93,NPCI UPI Ecosystem Statistics via https://github.com/luckisalive/npci_upi_analytics@5c007daef0b69f30dd8e555c548ba6f3bd85c43f
2023,11,2023-11-01,Ultracash,0.08,5.5,0.0,0.0,0.0,0.0,0.08,5.5,NPCI UPI Ecosystem Statistics via https://github.com/luckisalive/npci_upi_analytics@5c007daef0b69f30dd8e555c548ba6f3bd85c43f
2023,11,2023-11-01,Union Bank Apps,0.95,376.07,0.0,0.0,0.0,0.0,0.95,376.07,NPCI UPI Ecosystem Statistics via https://github.com/luckisalive/npci_upi_analytics@5c007daef0b69f30dd8e555c548ba6f3bd85c43f
2023,11,2023-11-01,WhatsApp,22.29,1917.47,0.0,0.0,0.0,0.0,22.29,1917.47,NPCI UPI Ecosystem Statistics via https://github.com/luckisalive/npci_upi_analytics@5c007daef0b69f30dd8e555c548ba6f3bd85c43f
2023,11,2023-11-01,Yes Bank Apps,25.77,11004.32,0.0,0.0,0.28,66.93,26.06,11071.25,NPCI UPI Ecosystem Statistics via https://github.com/luckisalive/npci_upi_analytics@5c007daef0b69f30dd8e555c548ba6f3bd85c43f
2023,11,2023-11-01,slice,1.58,359.47,0.0,0.0,0.0,0.0,1.58,359.47,NPCI UPI Ecosystem Statistics via https://github.com/luckisalive/npci_upi_analytics@5c007daef0b69f30dd8e555c548ba6f3bd85c43f
2023,12,2023-12-01,AU Small Finance Bank Apps,0.68,252.89,0.0,0.0,0.0,0.0,0.68,252.89,NPCI UPI Ecosystem Statistics via https://github.com/luckisalive/npci_upi_analytics@5c007daef0b69f30dd8e555c548ba6f3bd85c43f
2023,12,2023-12-01,Airtel Payments Bank Apps,12.26,851.64,0.0,0.0,0.0,0.0,12.54,883.36,NPCI UPI Ecosystem Statistics via https://github.com/luckisalive/npci_upi_analytics@5c007daef0b69f30dd8e555c548ba6f3bd85c43f
2023,12,2023-12-01,Allahabad Bank Apps,0.03,7.01,0.0,0.0,0.0,0.0,0.03,7.01,NPCI UPI Ecosystem Statistics via https://github.com/luckisalive/npci_upi_analytics@5c007daef0b69f30dd8e555c548ba6f3bd85c43f
2023,12,2023-12-01,Amazon Pay,54.16,5982.84,0.0,0.0,0.0,0.0,54.16,5982.84,NPCI UPI Ecosystem Statistics via https://github.com/luckisalive/npci_upi_analytics@5c007daef0b69f30dd8e555c548ba6f3bd85c43f
2023,12,2023-12-01,Axis Bank Apps,13.29,2657.21,73.58,3439.12,0.03,3.68,86.9,6100.01,NPCI UPI Ecosystem Statistics via https://github.com/luckisalive/npci_upi_analytics@5c007daef0b69f30dd8e555c548ba6f3bd85c43f
2023,12,2023-12-01,BHIM,24.3,8431.47,0.0,0.0,0.0,0.0,24.3,8431.47,NPCI UPI Ecosystem Statistics via https://github.com/luckisalive/npci_upi_analytics@5c007daef0b69f30dd8e555c548ba6f3bd85c43f
2023,12,2023-12-01,Bajaj Finserv,18.4,2652.81,0.0,0.0,0.0,0.0,18.4,2652.81,NPCI UPI Ecosystem Statistics via https://github.com/luckisalive/npci_upi_analytics@5c007daef0b69f30dd8e555c548ba6f3bd85c43f
2023,12,2023-12-01,Bank of Baroda Apps,1.05,453.4,0.0,0.0,0.0,10.68,1.05,464.08,NPCI UPI Ecosystem Statistics via https://github.com/luckisalive/npci_upi_analytics@5c007daef0b69f30dd8e555c548ba6f3bd85c43f
2023,12,2023-12-01,Bank of India Apps,0.29,103.82,0.0,0.0,0.0,0.0,0.29,103.82,NPCI UPI Ecosystem Statistics via https://github.com/luckisalive/npci_upi_analytics@5c007daef0b69f30dd8e555c548ba6f3bd85c43f
2023,12,2023-12-01,Bank of Maharashtra Apps,0.04,8.1,0.0,0.0,0.0,0.0,0.04,8.1,NPCI UPI Ecosystem Statistics via https://github.com/luckisalive/npci_upi_analytics@5c007daef0b69f30dd8e555c548ba6f3bd85c43f
2023,12,2023-12-01,CBDC Apps,0.72,25.12,0.0,0.0,0.05,0.8,0.77,25.91,NPCI UPI Ecosystem Statistics via https://github.com/luckisalive/npci_upi_analytics@5c007daef0b69f30dd8e555c548ba6f3bd85c43f
2023,12,2023-12-01,Canara Bank Apps,2.55,719.5,0.0,0.0,0.0,0.0,2.55,719.5,NPCI UPI Ecosystem Statistics via https://github.com/luckisalive/npci_upi_analytics@5c007daef0b69f30dd8e555c548ba6f3bd85c43f
2023,12,2023-12-01,Central Bank of India Apps,0.58,136.84,0.0,0.0,0.0,0.0,0.58,136.84,NPCI UPI Ecosystem Statistics via https://github.com/luckisalive/npci_upi_analytics@5c007daef0b69f30dd8e555c548ba6f3bd85c43f
2023,12,2023-12-01,Citi Bank Apps,0.07,70.44,0.0,0.0,0.0,0.0,0.07,70.44,NPCI UPI Ecosystem Statistics via https://github.com/luckisalive/npci_upi_analytics@5c007daef0b69f30dd8e555c548ba6f3bd85c43f
2023,12,2023-12-01,City Union Bank Apps,0.07,22.76,0.0,0.0,0.0,0.0,0.07,22.76,NPCI UPI Ecosystem Statistics via https://github.com/luckisalive/npci_upi_analytics@5c007daef0b69f30dd8e555c548ba6f3bd85c43f
2023,12,2023-12-01,Cred,105.31,37293.27,0.0,0.0,0.0,0.0,105.31,37293.27,NPCI UPI Ecosystem Statistics via https://github.com/luckisalive/npci_upi_analytics@5c007daef0b69f30dd8e555c548ba6f3bd85c43f
2023,12,2023-12-01,DBS Digibank Apps,0.78,245.47,0.0,0.0,0.0,1.47,0.79,246.94,NPCI UPI Ecosystem Statistics via https://github.com/luckisalive/npci_upi_analytics@5c007daef0b69f30dd8e555c548ba6f3bd85c43f
2023,12,2023-12-01,DHANI,0.03,2.01,0.0,0.0,0.0,0.0,0.03,2.01,NPCI UPI Ecosystem Statistics via https://github.com/luckisalive/npci_upi_analytics@5c007daef0b69f30dd8e555c548ba6f3bd85c43f
2023,12,2023-12-01,DIGIKHATA,0.07,25.8,0.0,0.0,0.0,0.0,0.07,25.8,NPCI UPI Ecosystem Statistics via https://github.com/luckisalive/npci_upi_analytics@5c007daef0b69f30dd8e555c548ba6f3bd85c43f
2023,12,2023-12-01,Deutsche Bank Apps,3.71,223.34,0.0,0.0,0.0,0.03,3.71,223.36,NPCI UPI Ecosystem Statistics via https://github.com/luckisalive/npci_upi_analytics@5c007daef0b69f30dd8e555c548ba6f3bd85c43f
2023,12,2023-12-01,Equitas Small Finance Bank Apps,0.03,21.86,0.0,0.0,0.0,0.0,0.03,21.86,NPCI UPI Ecosystem Statistics via https://github.com/luckisalive/npci_upi_analytics@5c007daef0b69f30dd8e555c548ba6f3bd85c43f
2023,12,2023-12-01,Fampay,34.23,392.53,0.0,0.0,0.0,0.0,34.23,392.53,NPCI UPI Ecosystem Statistics via https://github.com/luckisalive/npci_upi_analytics@5c007daef0b69f30dd8e555c548ba6f3bd85c43f
2023,12,2023-12-01,Fave,0.06,4.28,0.0,0.0,0.0,0.0,0.06,4.28,NPCI UPI Ecosystem Statistics via https://github.com/luckisalive/npci_upi_analytics@5c007daef0b69f30dd8e555c548ba6f3bd85c43f
2023,12,2023-12-01,Federal Bank App,6.0,752.52,0.0,0.0,0.0,0.01,6.0,752.53,NPCI UPI Ecosystem Statistics via https://github.com/luckisalive/npci_upi_analytics@5c007daef0b69f30dd8e555c548ba6f3bd85c43f
2023,12,2023-12-01,Fino Payments bank Apps,0.27,26.7,0.0,0.0,0.0,0.0,0.27,26.7,NPCI UPI Ecosystem Statistics via https://github.com/luckisalive/npci_upi_analytics@5c007daef0b69f30dd8e555c548ba6f3bd85c43f
2023,12,2023-12-01,GoKiwi,0.77,104.27,0.0,0.0,0.0,0.0,0.77,104.27,NPCI UPI Ecosystem Statistics via https://github.com/luckisalive/npci_upi_analytics@5c007daef0b69f30dd8e555c548ba6f3bd85c43f
2023,12,2023-12-01,Google Pay,4375.29,629285.36,0.0,0.0,0.0,0.0,4375.29,629285.36,NPCI UPI Ecosystem Statistics via https://github.com/luckisalive/npci_upi_analytics@5c007daef0b69f30dd8e555c548ba6f3bd85c43f
2023,12,2023-12-01,Groww,6.58,4039.81,0.0,0.0,0.0,0.0,6.58,4039.81,NPCI UPI Ecosystem Statistics via https://github.com/luckisalive/npci_upi_analytics@5c007daef0b69f30dd8e555c548ba6f3bd85c43f
2023,12,2023-12-01,HDFC Bank Apps,23.68,6095.52,0.0,0.0,0.0,0.03,23.68,6095.54,NPCI UPI Ecosystem Statistics via https://github.com/luckisalive/npci_upi_analytics@5c007daef0b69f30dd8e555c548ba6f3bd85c43f
2023,12,2023-12-01,HSBC Bank Apps,0.2,123.63,0.0,0.08,0.0,0.0,0.2,123.7,NPCI UPI Ecosystem Statistics via https://github.com/luckisalive/npci_upi_analytics@5c007daef0b69f30dd8e555c548ba6f3bd85c43f
2023,12,2023-12-01,ICICI Bank Apps,28.73,11167.31,4.46,534.86,6.9,9182.39,40.09,20884.56,NPCI UPI Ecosystem Statistics via https://github.com/luckisalive/npci_upi_analytics@5c007daef0b69f30dd8e555c548ba6f3bd85c43f
2023,12,2023-12-01,IDBI Bank Apps,0.07,38.61,0.0,0.0,0.0,0.0,0.07,38.61,NPCI UPI Ecosystem Statistics via https://github.com/luckisalive/npci_upi_analytics@5c007daef0b69f30dd8e555c548ba6f3bd85c43f
2023,12,2023-12-01,IDFC Bank Apps,5.24,1306.5,0.0,0.0,0.0,0.0,5.24,1306.5,NPCI UPI Ecosystem Statistics via https://github.com/luckisalive/npci_upi_analytics@5c007daef0b69f30dd8e555c548ba6f3bd85c43f
2023,12,2023-12-01,INDIE - Indus Ind,0.2,35.32,0.0,0.0,0.0,0.0,0.2,35.32,NPCI UPI Ecosystem Statistics via https://github.com/luckisalive/npci_upi_analytics@5c007daef0b69f30dd8e555c548ba6f3bd85c43f
2023,12,2023-12-01,India Post Payments Bank Apps,4.87,454.5,0.0,0.0,0.0,0.0,4.87,454.5,NPCI UPI Ecosystem Statistics via https://github.com/luckisalive/npci_upi_analytics@5c007daef0b69f30dd8e555c548ba6f3bd85c43f
2023,12,2023-12-01,Indian Bank Apps,0.4,98.27,0.0,0.0,0.0,8.79,0.4,107.06,NPCI UPI Ecosystem Statistics via https://github.com/luckisalive/npci_upi_analytics@5c007daef0b69f30dd8e555c548ba6f3bd85c43f
2023,12,2023-12-01,Indian Overseas Bank Apps,0.11,27.85,0.0,0.0,0.0,0.0,0.11,27.85,NPCI UPI Ecosystem Statistics via https://github.com/luckisalive/npci_upi_analytics@5c007daef0b69f30dd8e555c548ba6f3bd85c43f
2023,12,2023-12-01,IndusInd Bank Apps,1.05,203.58,0.0,0.0,0.0,0.0,1.05,203.58,NPCI UPI Ecosystem Statistics via https://github.com/luckisalive/npci_upi_analytics@5c007daef0b69f30dd8e555c548ba6f3bd85c43f
2023,12,2023-12-01,Jio Payments Bank Apps,1.35,125.06,0.0,0.0,0.0,0.0,1.35,125.06,NPCI UPI Ecosystem Statistics via https://github.com/luckisalive/npci_upi_analytics@5c007daef0b69f30dd8e555c548ba6f3bd85c43f
2023,12,2023-12-01,Jupiter,4.86,656.67,0.0,0.0,0.0,0.0,4.86,656.67,NPCI UPI Ecosystem Statistics via https://github.com/luckisalive/npci_upi_analytics@5c007daef0b69f30dd8e555c548ba6f3bd85c43f
2023,12,2023-12-01,Karnataka Bank Apps,0.72,144.87,0.0,0.0,0.0,0.01,0.72,144.89,NPCI UPI Ecosystem Statistics via https://github.com/luckisalive/npci_upi_analytics@5c007daef0b69f30dd8e555c548ba6f3bd85c43f
2023,12,2023-12-01,Karur Vysya Bank Apps,0.04,13.69,0.0,0.0,0.0,0.0,0.04,13.69,NPCI UPI Ecosystem Statistics via https://github.com/luckisalive/npci_upi_analytics@5c007daef0b69f30dd8e555c548ba6f3bd85c43f
2023,12,2023-12-01,Kotak Mahindra Bank Apps,26.36,4738.2,0.0,0.0,0.0,0.0,26.36,4738.2,NPCI UPI Ecosystem Statistics via https://github.com/luckisalive/npci_upi_analytics@5c007daef0b69f30dd8e555c548ba6f3bd85c43f
2023,12,2023-12-01,MakeMyTrip,0.04,22.2,0.0,0.0,0.0,0.0,0.04,22.2,NPCI UPI Ecosystem Statistics via https://github.com/luckisalive/npci_upi_analytics@5c007daef0b69f30dd8e555c548ba6f3bd85c43f
2023,12,2023-12-01,Mobikwik,5.23,1618.83,0.0,0.0,0.0,0.0,5.23,1618.83,NPCI UPI Ecosystem Statistics via https://github.com/luckisalive/npci_upi_analytics@5c007daef0b69f30dd8e555c548ba6f3bd85c43f
2023,12,2023-12-01,NSDL Payments Bank Apps,0.04,6.36,0.0,0.0,0.0,0.0,0.04,6.36,NPCI UPI Ecosystem Statistics via https://github.com/luckisalive/npci_upi_analytics@5c007daef0b69f30dd8e555c548ba6f3bd85c43f
2023,12,2023-12-01,Navi,0.69,43.86,0.0,0.0,0.0,0.0,0.69,43.86,NPCI UPI Ecosystem Statistics via https://github.com/luckisalive/npci_upi_analytics@5c007daef0b69f30dd8e555c548ba6f3bd85c43f
2023,12,2023-12-01,Omnicard,1.16,36.26,0.0,0.0,0.0,0.0,1.16,36.26,NPCI UPI Ecosystem Statistics via https://github.com/luckisalive/npci_upi_analytics@5c007daef0b69f30dd8e555c548ba6f3bd85c43f
2023,12,2023-12-01,Other,0.12,38.33,0.0,0.0,0.0,0.0,0.12,38.33,NPCI UPI Ecosystem Statistics via https://github.com/luckisalive/npci_upi_analytics@5c007daef0b69f30dd8e555c548ba6f3bd85c43f
2023,12,2023-12-01,Paytm,1442.6499999999999,165699.49,4.38,8.39,0.75,1342.34,1573.6799999999998,191560.24,NPCI UPI Ecosystem Statistics via https://github.com/luckisalive/npci_upi_analytics@5c007daef0b69f30dd8e555c548ba6f3bd85c43f
2023,12,2023-12-01,PhonePe,5642.66,901006.65,0.0,0.0,0.0,0.0,5642.66,901006.65,NPCI UPI Ecosystem Statistics via https://github.com/luckisalive/npci_upi_analytics@5c007daef0b69f30dd8e555c548ba6f3bd85c43f
2023,12,2023-12-01,Punjab National Bank Apps,1.26,276.47,0.0,0.0,0.0,0.0,1.26,276.47,NPCI UPI Ecosystem Statistics via https://github.com/luckisalive/npci_upi_analytics@5c007daef0b69f30dd8e555c548ba6f3bd85c43f
2023,12,2023-12-01,RBL Bank Apps,1.93,697.43,0.0,0.01,0.21,55.79,2.14,753.23,NPCI UPI Ecosystem Statistics via https://github.com/luckisalive/npci_upi_analytics@5c007daef0b69f30dd8e555c548ba6f3bd85c43f
2023,12,2023-12-01,SLICE,0.95,32.65,0.0,0.0,0.0,0.0,0.95,32.65,NPCI UPI Ecosystem Statistics via https://github.com/luckisalive/npci_upi_analytics@5c007daef0b69f30dd8e555c548ba6f3bd85c43f
2023,12,2023-12-01,Samsung Pay,6.08,557.26,0.0,0.0,0.0,0.0,6.08,557.26,NPCI UPI Ecosystem Statistics via https://github.com/luckisalive/npci_upi_analytics@5c007daef0b69f30dd8e555c548ba6f3bd85c43f
2023,12,2023-12-01,Shriram One,0.33,19.47,0.0,0.0,0.0,0.0,0.33,19.47,NPCI UPI Ecosystem Statistics via https://github.com/luckisalive/npci_upi_analytics@5c007daef0b69f30dd8e555c548ba6f3bd85c43f
2023,12,2023-12-01,South Indian Bank Apps,0.3,86.96,0.0,0.0,0.0,0.0,0.3,86.96,NPCI UPI Ecosystem Statistics via https://github.com/luckisalive/npci_upi_analytics@5c007daef0b69f30dd8e555c548ba6f3bd85c43f
2023,12,2023-12-01,Standard Chartered Bank Apps,3.17,249.27,0.0,0.0,0.47,157.36,3.63,406.63,NPCI UPI Ecosystem Statistics via https://github.com/luckisalive/npci_upi_analytics@5c007daef0b69f30dd8e555c548ba6f3bd85c43f
2023,12,2023-12-01,State Bank of India Apps,6.13,2362.05,0.0,0.0,0.03,0.85,6.16,2362.9,NPCI UPI Ecosystem Statistics via https://github.com/luckisalive/npci_upi_analytics@5c007daef0b69f30dd8e555c548ba6f3bd85c43f
2023,12,2023-12-01,Tamilnad Mercantile Bank Apps,0.11,31.47,0.0,0.0,0.0,0.0,0.11,31.47,NPCI UPI Ecosystem Statistics via https://github.com/luckisalive/npci_upi_analytics@5c007daef0b69f30dd8e555c548ba6f3bd85c43f
2023,12,2023-12-01,TataNeu,0.08,10.49,0.0,0.0,0.0,0.0,0.08,10.49,NPCI UPI Ecosystem Statistics via https://github.com/luckisalive/npci_upi_analytics@5c007daef0b69f30dd8e555c548ba6f3bd85c43f
2023,12,2023-12-01,UCO Bank Apps,0.29,94.81,0.0,0.0,0.0,0.0,0.29,94.81,NPCI UPI Ecosystem Statistics via https://github.com/luckisalive/npci_upi_analytics@5c007daef0b69f30dd8e555c548ba6f3bd85c43f
2023,12,2023-12-01,Ultracash,0.08,5.06,0.0,0.0,0.0,0.0,0.08,5.06,NPCI UPI Ecosystem Statistics via https://github.com/luckisalive/npci_upi_analytics@5c007daef0b69f30dd8e555c548ba6f3bd85c43f
2023,12,2023-12-01,Union Bank Apps,1.02,405.74,0.0,0.0,0.0,0.0,1.02,405.74,NPCI UPI Ecosystem Statistics via https://github.com/luckisalive/npci_upi_analytics@5c007daef0b69f30dd8e555c548ba6f3bd85c43f
2023,12,2023-12-01,WhatsApp,25.25,2113.01,0.0,0.0,0.0,0.0,25.25,2113.01,NPCI UPI Ecosystem Statistics via https://github.com/luckisalive/npci_upi_analytics@5c007daef0b69f30dd8e555c548ba6f3bd85c43f
2023,12,2023-12-01,Yes Bank Apps,27.99,12305.58,0.0,0.0,0.37,63.28,28.37,12368.87,NPCI UPI Ecosystem Statistics via https://github.com/luckisalive/npci_upi_analytics@5c007daef0b69f30dd8e555c548ba6f3bd85c43f
2023,12,2023-12-01,slice,1.96,403.07,0.0,0.0,0.0,0.0,1.96,403.07,NPCI UPI Ecosystem Statistics via https://github.com/luckisalive/npci_upi_analytics@5c007daef0b69f30dd8e555c548ba6f3bd85c43f
2024,1,2024-01-01,AU Small Finance Bank Apps,0.66,259.49,0.0,0.0,0.0,0.0,0.66,259.49,NPCI UPI Ecosystem Statistics via https://github.com/luckisalive/npci_upi_analytics@5c007daef0b69f30dd8e555c548ba6f3bd85c43f
2024,1,2024-01-01,Airtel Payments Bank Apps,13.24,902.32,0.0,0.0,0.0,0.08,13.24,902.43,NPCI UPI Ecosystem Statistics via https://github.com/luckisalive/npci_upi_analytics@5c007daef0b69f30dd8e555c548ba6f3bd85c43f
2024,1,2024-01-01,Allahabad Bank Apps,0.03,6.51,0.0,0.0,0.0,0.0,0.03,6.51,NPCI UPI Ecosystem Statistics via https://github.com/luckisalive/npci_upi_analytics@5c007daef0b69f30dd8e555c548ba6f3bd85c43f
2024,1,2024-01-01,Amazon Pay,59.48,6288.95,0.0,0.0,0.0,0.0,59.48,6288.95,NPCI UPI Ecosystem Statistics via https://github.com/luckisalive/npci_upi_analytics@5c007daef0b69f30dd8e555c548ba6f3bd85c43f
2024,1,2024-01-01,Axis Bank Apps,13.31,2775.63,66.84,2943.22,0.02,2.72,80.17,5721.57,NPCI UPI Ecosystem Statistics via https://github.com/luckisalive/npci_upi_analytics@5c007daef0b69f30dd8e555c548ba6f3bd85c43f
2024,1,2024-01-01,BHIM,29.98,8778.61,0.0,0.0,0.0,0.0,29.98,8778.61,NPCI UPI Ecosystem Statistics via https://github.com/luckisalive/npci_upi_analytics@5c007daef0b69f30dd8e555c548ba6f3bd85c43f
2024,1,2024-01-01,BPAYWALLET,0.43,88.49,0.0,0.0,0.0,0.0,0.43,88.49,NPCI UPI Ecosystem Statistics via https://github.com/luckisalive/npci_upi_analytics@5c007daef0b69f30dd8e555c548ba6f3bd85c43f
2024,1,2024-01-01,Bajaj Finserv,19.87,2737.66,0.0,0.0,0.0,0.0,19.87,2737.66,NPCI UPI Ecosystem Statistics via https://github.com/luckisalive/npci_upi_analytics@5c007daef0b69f30dd8e555c548ba6f3bd85c43f
2024,1,2024-01-01,Bank of Baroda Apps,1.14,505.93,0.0,0.0,0.0,10.66,1.14,516.58,NPCI UPI Ecosystem Statistics via https://github.com/luckisalive/npci_upi_analytics@5c007daef0b69f30dd8e555c548ba6f3bd85c43f
2024,1,2024-01-01,Bank of India Apps,0.29,108.18,0.0,0.0,0.0,0.0,0.29,108.18,NPCI UPI Ecosystem Statistics via https://github.com/luckisalive/npci_upi_analytics@5c007daef0b69f30dd8e555c548ba6f3bd85c43f
2024,1,2024-01-01,Bank of Maharashtra Apps,0.04,8.06,0.0,0.0,0.0,0.0,0.04,8.06,NPCI UPI Ecosystem Statistics via https://github.com/luckisalive/npci_upi_analytics@5c007daef0b69f30dd8e555c548ba6f3bd85c43f
2024,1,2024-01-01,CBDC Apps,0.8,46.45,0.0,0.0,0.07,1.63,0.88,48.08,NPCI UPI Ecosystem Statistics via https://github.com/luckisalive/npci_upi_analytics@5c007daef0b69f30dd8e555c548ba6f3bd85c43f
2024,1,2024-01-01,Canara Bank Apps,2.62,758.31,0.0,0.0,0.0,0.0,2.62,758.31,NPCI UPI Ecosystem Statistics via https://github.com/luckisalive/npci_upi_analytics@5c007daef0b69f30dd8e555c548ba6f3bd85c43f
2024,1,2024-01-01,Central Bank of India Apps,0.63,150.41,0.0,0.0,0.0,0.0,0.63,150.41,NPCI UPI Ecosystem Statistics via https://github.com/luckisalive/npci_upi_analytics@5c007daef0b69f30dd8e555c548ba6f3bd85c43f
2024,1,2024-01-01,Citi Bank Apps,0.08,79.39,0.0,0.0,0.0,0.0,0.08,79.39,NPCI UPI Ecosystem Statistics via https://github.com/luckisalive/npci_upi_analytics@5c007daef0b69f30dd8e555c548ba6f3bd85c43f
2024,1,2024-01-01,City Union Bank Apps,0.08,25.49,0.0,0.0,0.0,0.0,0.08,25.49,NPCI UPI Ecosystem Statistics via https://github.com/luckisalive/npci_upi_analytics@5c007daef0b69f30dd8e555c548ba6f3bd85c43f
2024,1,2024-01-01,Cred,108.86,38229.82,0.0,0.0,0.0,0.0,108.86,38229.82,NPCI UPI Ecosystem Statistics via https://github.com/luckisalive/npci_upi_analytics@5c007daef0b69f30dd8e555c548ba6f3bd85c43f
2024,1,2024-01-01,DBS Digibank Apps,0.7,252.85,0.0,0.0,0.0,1.8,0.7,254.66,NPCI UPI Ecosystem Statistics via https://github.com/luckisalive/npci_upi_analytics@5c007daef0b69f30dd8e555c548ba6f3bd85c43f
2024,1,2024-01-01,DHANI,0.04,2.71,0.0,0.0,0.0,0.0,0.04,2.71,NPCI UPI Ecosystem Statistics via https://github.com/luckisalive/npci_upi_analytics@5c007daef0b69f30dd8e555c548ba6f3bd85c43f
2024,1,2024-01-01,Deutsche Bank Apps,3.89,294.6,0.0,0.0,0.0,0.03,3.89,294.63,NPCI UPI Ecosystem Statistics via https://github.com/luckisalive/npci_upi_analytics@5c007daef0b69f30dd8e555c548ba6f3bd85c43f
2024,1,2024-01-01,Digikhata,0.08,30.34,0.0,0.0,0.0,0.0,0.08,30.34,NPCI UPI Ecosystem Statistics via https://github.com/luckisalive/npci_upi_analytics@5c007daef0b69f30dd8e555c548ba6f3bd85c43f
2024,1,2024-01-01,Equitas Small Finance Bank Apps,0.03,23.19,0.0,0.0,0.0,0.0,0.03,23.19,NPCI UPI Ecosystem Statistics via https://github.com/luckisalive/npci_upi_analytics@5c007daef0b69f30dd8e555c548ba6f3bd85c43f
2024,1,2024-01-01,FAM,36.62,418.33,0.0,0.0,0.0,0.0,36.62,418.33,NPCI UPI Ecosystem Statistics via https://github.com/luckisalive/npci_upi_analytics@5c007daef0b69f30dd8e555c548ba6f3bd85c43f
2024,1,2024-01-01,Federal Bank App,5.8,731.1999999999999,0.0,0.0,0.0,0.0,5.8,731.1999999999999,NPCI UPI Ecosystem Statistics via https://github.com/luckisalive/npci_upi_analytics@5c007daef0b69f30dd8e555c548ba6f3bd85c43f
2024,1,2024-01-01,Fino Payments bank Apps,0.29,31.67,0.0,0.0,0.0,0.0,0.29,31.67,NPCI UPI Ecosystem Statistics via https://github.com/luckisalive/npci_upi_analytics@5c007daef0b69f30dd8e555c548ba6f3bd85c43f
2024,1,2024-01-01,Gokiwi,0.74,105.76,0.0,0.0,0.0,0.0,0.74,105.76,NPCI UPI Ecosystem Statistics via https://github.com/luckisalive/npci_upi_analytics@5c007daef0b69f30dd8e555c548ba6f3bd85c43f
2024,1,2024-01-01,Google Pay,4442.86,635945.58,0.0,0.0,0.0,0.0,4442.86,635945.58,NPCI UPI Ecosystem Statistics via https://github.com/luckisalive/npci_upi_analytics@5c007daef0b69f30dd8e555c548ba6f3bd85c43f
2024,1,2024-01-01,Groww,9.41,6540.35,0.0,0.0,0.0,0.0,9.41,6540.35,NPCI UPI Ecosystem Statistics via https://github.com/luckisalive/npci_upi_analytics@5c007daef0b69f30dd8e555c548ba6f3bd85c43f
2024,1,2024-01-01,HDFC Bank Apps,25.05,5458.04,5.92,17.83,0.0,0.08,30.98,5475.95,NPCI UPI Ecosystem Statistics via https://github.com/luckisalive/npci_upi_analytics@5c007daef0b69f30dd8e555c548ba6f3bd85c43f
2024,1,2024-01-01,HSBC Bank Apps,0.2,117.97,0.0,0.03,0.0,0.0,0.2,118.0,NPCI UPI Ecosystem Statistics via https://github.com/luckisalive/npci_upi_analytics@5c007daef0b69f30dd8e555c548ba6f3bd85c43f
2024,1,2024-01-01,ICICI Bank Apps,28.93,12995.05,4.68,527.09,7.01,10593.84,40.62,24115.98,NPCI UPI Ecosystem Statistics via https://github.com/luckisalive/npci_upi_analytics@5c007daef0b69f30dd8e555c548ba6f3bd85c43f
2024,1,2024-01-01,IDBI Bank Apps,0.08,42.31,0.0,0.0,0.0,0.0,0.08,42.31,NPCI UPI Ecosystem Statistics via https://github.com/luckisalive/npci_upi_analytics@5c007daef0b69f30dd8e555c548ba6f3bd85c43f
2024,1,2024-01-01,IDFC Bank Apps,5.47,1448.5,0.0,0.0,0.0,0.0,5.47,1448.5,NPCI UPI Ecosystem Statistics via https://github.com/luckisalive/npci_upi_analytics@5c007daef0b69f30dd8e555c548ba6f3bd85c43f
2024,1,2024-01-01,INDIE - Indus Ind,0.25,42.84,0.0,0.0,0.0,0.0,0.25,42.84,NPCI UPI Ecosystem Statistics via https://github.com/luckisalive/npci_upi_analytics@5c007daef0b69f30dd8e555c548ba6f3bd85c43f
2024,1,2024-01-01,India Post Payments Bank Apps,4.69,461.95,0.0,0.0,0.0,0.0,4.69,461.95,NPCI UPI Ecosystem Statistics via https://github.com/luckisalive/npci_upi_analytics@5c007daef0b69f30dd8e555c548ba6f3bd85c43f
2024,1,2024-01-01,Indian Bank Apps,1.29,311.48,0.0,0.0,0.0,10.91,1.29,322.39,NPCI UPI Ecosystem Statistics via https://github.com/luckisalive/npci_upi_analytics@5c007daef0b69f30dd8e555c548ba6f3bd85c43f
2024,1,2024-01-01,Indian Overseas Bank Apps,0.11,29.92,0.0,0.0,0.0,0.0,0.11,29.92,NPCI UPI Ecosystem Statistics via https://github.com/luckisalive/npci_upi_analytics@5c007daef0b69f30dd8e555c548ba6f3bd85c43f
2024,1,2024-01-01,Jio Payments Bank Apps,1.51,137.62,0.0,0.0,0.0,0.0,1.51,137.62,NPCI UPI Ecosystem Statistics via https://github.com/luckisalive/npci_upi_analytics@5c007daef0b69f30dd8e555c548ba6f3bd85c43f
2024,1,2024-01-01,Jupiter,4.97,665.54,0.0,0.0,0.0,0.0,4.97,665.54,NPCI UPI Ecosystem Statistics via https://github.com/luckisalive/npci_upi_analytics@5c007daef0b69f30dd8e555c548ba6f3bd85c43f
2024,1,2024-01-01,Jupiter Edge (LivQuick PPI),0.05,14.71,0.0,0.0,0.0,0.0,0.05,14.71,NPCI UPI Ecosystem Statistics via https://github.com/luckisalive/npci_upi_analytics@5c007daef0b69f30dd8e555c548ba6f3bd85c43f
2024,1,2024-01-01,Karnataka Bank Apps,0.67,144.11,0.0,0.0,0.0,0.0,0.67,144.11,NPCI UPI Ecosystem Statistics via https://github.com/luckisalive/npci_upi_analytics@5c007daef0b69f30dd8e555c548ba6f3bd85c43f
2024,1,2024-01-01,Karur Vysya Bank Apps,0.04,15.23,0.0,0.0,0.0,0.0,0.04,15.23,NPCI UPI Ecosystem Statistics via https://github.com/luckisalive/npci_upi_analytics@5c007daef0b69f30dd8e555c548ba6f3bd85c43f
2024,1,2024-01-01,Kotak Mahindra Bank Apps,28.24,4981.01,0.0,0.0,0.0,0.0,28.24,4981.01,NPCI UPI Ecosystem Statistics via https://github.com/luckisalive/npci_upi_analytics@5c007daef0b69f30dd8e555c548ba6f3bd85c43f
2024,1,2024-01-01,MBK,0.39,57.77,0.0,0.0,0.0,0.0,0.39,57.77,NPCI UPI Ecosystem Statistics via https://github.com/luckisalive/npci_upi_analytics@5c007daef0b69f30dd8e555c548ba6f3bd85c43f
2024,1,2024-01-01,MakeMyTrip,0.03,15.48,0.0,0.0,0.0,0.0,0.03,15.48,NPCI UPI Ecosystem Statistics via https://github.com/luckisalive/npci_upi_analytics@5c007daef0b69f30dd8e555c548ba6f3bd85c43f
2024,1,2024-01-01,Mobikwik,5.19,1625.48,0.0,0.0,0.0,0.0,5.19,1625.48,NPCI UPI Ecosystem Statistics via https://github.com/luckisalive/npci_upi_analytics@5c007daef0b69f30dd8e555c548ba6f3bd85c43f
2024,1,2024-01-01,NSDL Payments Bank Apps,0.04,5.77,0.0,0.0,0.0,0.0,0.04,5.77,NPCI UPI Ecosystem Statistics via https://github.com/luckisalive/npci_upi_analytics@5c007daef0b69f30dd8e555c548ba6f3bd85c43f
2024,1,2024-01-01,Navi,0.96,54.5,0.0,0.0,0.0,0.0,0.96,54.5,NPCI UPI Ecosystem Statistics via https://github.com/luckisalive/npci_upi_analytics@5c007daef0b69f30dd8e555c548ba6f3bd85c43f
2024,1,2024-01-01,Omnicard,1.15,37.16,0.0,0.0,0.0,0.0,1.15,37.16,NPCI UPI Ecosystem Statistics via https://github.com/luckisalive/npci_upi_analytics@5c007daef0b69f30dd8e555c548ba6f3bd85c43f
2024,1,2024-01-01,Other,0.13,31.46,0.0,0.0,0.0,0.0,0.13,31.46,NPCI UPI Ecosystem Statistics via https://github.com/luckisalive/npci_upi_analytics@5c007daef0b69f30dd8e555c548ba6f3bd85c43f
2024,1,2024-01-01,Paytm,1442.44,164336.43999999997,3.98,8.32,0.72,1291.06,1569.66,192617.84999999998,NPCI UPI Ecosystem Statistics via https://github.com/luckisalive/npci_upi_analytics@5c007daef0b69f30dd8e555c548ba6f3bd85c43f
2024,1,2024-01-01,PhonePe,5734.54,906793.76,0.0,0.0,0.0,0.0,5734.54,906793.76,NPCI UPI Ecosystem Statistics via https://github.com/luckisalive/npci_upi_analytics@5c007daef0b69f30dd8e555c548ba6f3bd85c43f
2024,1,2024-01-01,Punjab National Bank Apps,1.32,335.6,0.0,0.0,0.0,0.0,1.32,335.6,NPCI UPI Ecosystem Statistics via https://github.com/luckisalive/npci_upi_analytics@5c007daef0b69f30dd8e555c548ba6f3bd85c43f
2024,1,2024-01-01,RBL Bank Apps,3.15,739.53,0.0,0.03,0.2,46.97,3.35,786.52,NPCI UPI Ecosystem Statistics via https://github.com/luckisalive/npci_upi_analytics@5c007daef0b69f30dd8e555c548ba6f3bd85c43f
2024,1,2024-01-01,SLICE,1.26,41.97,0.0,0.0,0.0,0.0,1.26,41.97,NPCI UPI Ecosystem Statistics via https://github.com/luckisalive/npci_upi_analytics@5c007daef0b69f30dd8e555c548ba6f3bd85c43f
2024,1,2024-01-01,Samsung Pay,5.73,518.32,0.0,0.0,0.0,0.0,5.73,518.32,NPCI UPI Ecosystem Statistics via https://github.com/luckisalive/npci_upi_analytics@5c007daef0b69f30dd8e555c548ba6f3bd85c43f
2024,1,2024-01-01,Shriram One,0.59,31.86,0.0,0.0,0.0,0.0,0.59,31.86,NPCI UPI Ecosystem Statistics via https://github.com/luckisalive/npci_upi_analytics@5c007daef0b69f30dd8e555c548ba6f3bd85c43f
2024,1,2024-01-01,South Indian Bank Apps,0.33,105.23,0.0,0.0,0.0,0.0,0.33,105.23,NPCI UPI Ecosystem Statistics via https://github.com/luckisalive/npci_upi_analytics@5c007daef0b69f30dd8e555c548ba6f3bd85c43f
2024,1,2024-01-01,Standard Chartered Bank Apps,2.61,195.77,0.0,0.0,1.07,550.69,3.68,746.46,NPCI UPI Ecosystem Statistics via https://github.com/luckisalive/npci_upi_analytics@5c007daef0b69f30dd8e555c548ba6f3bd85c43f
2024,1,2024-01-01,State Bank of India Apps,6.1,2425.87,0.0,0.0,0.03,0.87,6.13,2426.73,NPCI UPI Ecosystem Statistics via https://github.com/luckisalive/npci_upi_analytics@5c007daef0b69f30dd8e555c548ba6f3bd85c43f
2024,1,2024-01-01,Tamilnad Mercantile Bank Apps,0.12,32.85,0.0,0.0,0.0,0.0,0.12,32.85,NPCI UPI Ecosystem Statistics via https://github.com/luckisalive/npci_upi_analytics@5c007daef0b69f30dd8e555c548ba6f3bd85c43f
2024,1,2024-01-01,TataNeu,0.08,11.48,0.0,0.0,0.0,0.0,0.08,11.48,NPCI UPI Ecosystem Statistics via https://github.com/luckisalive/npci_upi_analytics@5c007daef0b69f30dd8e555c548ba6f3bd85c43f
2024,1,2024-01-01,Timepay,0.03,0.33,0.0,0.0,0.0,0.0,0.03,0.33,NPCI UPI Ecosystem Statistics via https://github.com/luckisalive/npci_upi_analytics@5c007daef0b69f30dd8e555c548ba6f3bd85c43f
2024,1,2024-01-01,UCO Bank Apps,0.21,76.62,0.0,0.0,0.0,0.0,0.21,76.62,NPCI UPI Ecosystem Statistics via https://github.com/luckisalive/npci_upi_analytics@5c007daef0b69f30dd8e555c548ba6f3bd85c43f
2024,1,2024-01-01,Ultracash,0.08,5.95,0.0,0.0,0.0,0.0,0.08,5.95,NPCI UPI Ecosystem Statistics via https://github.com/luckisalive/npci_upi_analytics@5c007daef0b69f30dd8e555c548ba6f3bd85c43f
2024,1,2024-01-01,Union Bank Apps,1.11,451.7,0.0,0.0,0.0,0.0,1.11,451.7,NPCI UPI Ecosystem Statistics via https://github.com/luckisalive/npci_upi_analytics@5c007daef0b69f30dd8e555c548ba6f3bd85c43f
2024,1,2024-01-01,WhatsApp,26.08,2132.83,0.0,0.0,0.0,0.0,26.08,2132.83,NPCI UPI Ecosystem Statistics via https://github.com/luckisalive/npci_upi_analytics@5c007daef0b69f30dd8e555c548ba6f3bd85c43f
2024,1,2024-01-01,Yes Bank Apps,23.01,11585.54,0.0,0.0,0.27,33.23,23.28,11618.77,NPCI UPI Ecosystem Statistics via https://github.com/luckisalive/npci_upi_analytics@5c007daef0b69f30dd8e555c548ba6f3bd85c43f
2024,1,2024-01-01,slice,2.01,407.98,0.0,0.0,0.0,0.0,2.01,407.98,NPCI UPI Ecosystem Statistics via https://github.com/luckisalive/npci_upi_analytics@5c007daef0b69f30dd8e555c548ba6f3bd85c43f
2024,2,2024-02-01,Airtel Payments Bank Apps,14.06,1028.15,0.0,0.0,0.0,0.17,14.07,1028.35,NPCI UPI Ecosystem Statistics via https://github.com/luckisalive/npci_upi_analytics@5c007daef0b69f30dd8e555c548ba6f3bd85c43f
2024,2,2024-02-01,Amazon Pay,59.71,6278.02,0.0,0.0,0.0,0.0,59.71,6278.02,NPCI UPI Ecosystem Statistics via https://github.com/luckisalive/npci_upi_analytics@5c007daef0b69f30dd8e555c548ba6f3bd85c43f
2024,2,2024-02-01,Au Small Finance Bank Apps,0.73,276.63,0.0,0.0,0.0,0.0,0.73,276.63,NPCI UPI Ecosystem Statistics via https://github.com/luckisalive/npci_upi_analytics@5c007daef0b69f30dd8e555c548ba6f3bd85c43f
2024,2,2024-02-01,Axis Bank Apps,10.08,2290.26,20.84,6427.2,0.01,1.77,30.93,8719.23,NPCI UPI Ecosystem Statistics via https://github.com/luckisalive/npci_upi_analytics@5c007daef0b69f30dd8e555c548ba6f3bd85c43f
2024,2,2024-02-01,BHIM,56.16,9052.16,0.0,0.0,0.0,0.0,56.16,9052.16,NPCI UPI Ecosystem Statistics via https://github.com/luckisalive/npci_upi_analytics@5c007daef0b69f30dd8e555c548ba6f3bd85c43f
2024,2,2024-02-01,Bajaj Finserv,19.22,2984.7,0.0,0.0,0.0,0.0,19.22,2984.7,NPCI UPI Ecosystem Statistics via https://github.com/luckisalive/npci_upi_analytics@5c007daef0b69f30dd8e555c548ba6f3bd85c43f
2024,2,2024-02-01,Bank of Baroda Apps,0.76,359.31,0.0,0.0,0.0,9.93,0.76,369.24,NPCI UPI Ecosystem Statistics via https://github.com/luckisalive/npci_upi_analytics@5c007daef0b69f30dd8e555c548ba6f3bd85c43f
2024,2,2024-02-01,Bank of India Apps,0.24,91.81,0.0,0.0,0.0,0.0,0.24,91.81,NPCI UPI Ecosystem Statistics via https://github.com/luckisalive/npci_upi_analytics@5c007daef0b69f30dd8e555c548ba6f3bd85c43f
2024,2,2024-02-01,Bank of Maharashtra Apps,0.04,7.68,0.0,0.0,0.0,0.0,0.04,7.68,NPCI UPI Ecosystem Statistics via https://github.com/luckisalive/npci_upi_analytics@5c007daef0b69f30dd8e555c548ba6f3bd85c43f
2024,2,2024-02-01,CBDC,0.83,61.46,0.0,0.0,0.1,2.67,0.94,64.13,NPCI UPI Ecosystem Statistics via https://github.com/luckisalive/npci_upi_analytics@5c007daef0b69f30dd8e555c548ba6f3bd85c43f
2024,2,2024-02-01,Canara Bank Apps,2.79,745.2,0.0,0.0,0.0,0.0,2.79,745.2,NPCI UPI Ecosystem Statistics via https://github.com/luckisalive/npci_upi_analytics@5c007daef0b69f30dd8e555c548ba6f3bd85c43f
2024,2,2024-02-01,Central Bank of India Apps,0.72,165.64,0.0,0.0,0.0,0.0,0.72,165.64,NPCI UPI Ecosystem Statistics via https://github.com/luckisalive/npci_upi_analytics@5c007daef0b69f30dd8e555c548ba6f3bd85c43f
2024,2,2024-02-01,Cheq,0.02,1.54,0.0,0.0,0.0,0.0,0.02,1.54,NPCI UPI Ecosystem Statistics via https://github.com/luckisalive/npci_upi_analytics@5c007daef0b69f30dd8e555c548ba6f3bd85c43f
2024,2,2024-02-01,Citi Bank Apps,0.07,70.14,0.0,0.0,0.0,0.0,0.07,70.14,NPCI UPI Ecosystem Statistics via https://github.com/luckisalive/npci_upi_analytics@5c007daef0b69f30dd8e555c548ba6f3bd85c43f
2024,2,2024-02-01,City Union Bank Apps,0.08,24.75,0.0,0.0,0.0,0.0,0.08,24.75,NPCI UPI Ecosystem Statistics via https://github.com/luckisalive/npci_upi_analytics@5c007daef0b69f30dd8e555c548ba6f3bd85c43f
2024,2,2024-02-01,Cred,111.53,38649.61,0.0,0.0,0.0,0.0,111.53,38649.61,NPCI UPI Ecosystem Statistics via https://github.com/luckisalive/npci_upi_analytics@5c007daef0b69f30dd8e555c548ba6f3bd85c43f
2024,2,2024-02-01,DBS Bank Apps,0.54,201.91,0.0,0.0,0.0,0.14,0.54,202.06,NPCI UPI Ecosystem Statistics via https://github.com/luckisalive/npci_upi_analytics@5c007daef0b69f30dd8e555c548ba6f3bd85c43f
2024,2,2024-02-01,Deutsche Bank Apps,3.42,377.59,0.0,0.0,0.0,0.03,3.43,377.62,NPCI UPI Ecosystem Statistics via https://github.com/luckisalive/npci_upi_analytics@5c007daef0b69f30dd8e555c548ba6f3bd85c43f
2024,2,2024-02-01,Dhani,0.05,3.38,0.0,0.0,0.0,0.0,0.05,3.38,NPCI UPI Ecosystem Statistics via https://github.com/luckisalive/npci_upi_analytics@5c007daef0b69f30dd8e555c548ba6f3bd85c43f
2024,2,2024-02-01,Digikhata,0.1,35.77,0.0,0.0,0.0,0.0,0.1,35.77,NPCI UPI Ecosystem Statistics via https://github.com/luckisalive/npci_upi_analytics@5c007daef0b69f30dd8e555c548ba6f3bd85c43f
2024,2,2024-02-01,Equitas Small Apps,0.04,24.46,0.0,0.0,0.0,0.0,0.04,24.46,NPCI UPI Ecosystem Statistics via https://github.com/luckisalive/npci_upi_analytics@5c007daef0b69f30dd8e555c548ba6f3bd85c43f
2024,2,2024-02-01,FamPay by Trio,37.89,432.81,0.0,0.0,0.0,0.0,37.89,432.81,NPCI UPI Ecosystem Statistics via https://github.com/luckisalive/npci_upi_analytics@5c007daef0b69f30dd8e555c548ba6f3bd85c43f
2024,2,2024-02-01,Fave,0.19,36.57,0.0,0.0,0.0,0.0,0.19,36.57,NPCI UPI Ecosystem Statistics via https://github.com/luckisalive/npci_upi_analytics@5c007daef0b69f30dd8e555c548ba6f3bd85c43f
2024,2,2024-02-01,Federal Bank App,5.74,717.81,0.0,0.0,0.0,0.0,5.74,717.81,NPCI UPI Ecosystem Statistics via https://github.com/luckisalive/npci_upi_analytics@5c007daef0b69f30dd8e555c548ba6f3bd85c43f
2024,2,2024-02-01,Fino Payments Bank Apps,0.3,38.14,0.0,0.0,0.0,0.0,0.3,38.14,NPCI UPI Ecosystem Statistics via https://github.com/luckisalive/npci_upi_analytics@5c007daef0b69f30dd8e555c548ba6f3bd85c43f
2024,2,2024-02-01,Flipkart UPI,0.03,0.68,0.0,0.0,0.0,0.0,0.03,0.68,NPCI UPI Ecosystem Statistics via https://github.com/luckisalive/npci_upi_analytics@5c007daef0b69f30dd8e555c548ba6f3bd85c43f
2024,2,2024-02-01,Freecharge,1.65,416.0,0.0,0.0,0.0,0.19,1.65,416.19,NPCI UPI Ecosystem Statistics via https://github.com/luckisalive/npci_upi_analytics@5c007daef0b69f30dd8e555c548ba6f3bd85c43f
2024,2,2024-02-01,Google Pay,4461.29,637219.4,46.83,45.25,0.0,0.0,4508.12,637264.65,NPCI UPI Ecosystem Statistics via https://github.com/luckisalive/npci_upi_analytics@5c007daef0b69f30dd8e555c548ba6f3bd85c43f
2024,2,2024-02-01,Groww,5.78,3042.87,0.0,0.0,0.0,0.0,5.78,3042.87,NPCI UPI Ecosystem Statistics via https://github.com/luckisalive/npci_upi_analytics@5c007daef0b69f30dd8e555c548ba6f3bd85c43f
2024,2,2024-02-01,HDFC Bank Apps,13.51,4283.81,23.86,71.63,0.0,0.12,37.37,4355.55,NPCI UPI Ecosystem Statistics via https://github.com/luckisalive/npci_upi_analytics@5c007daef0b69f30dd8e555c548ba6f3bd85c43f
2024,2,2024-02-01,HSBC Bank Apps,0.21,116.46,0.0,0.06,0.0,0.0,0.21,116.52,NPCI UPI Ecosystem Statistics via https://github.com/luckisalive/npci_upi_analytics@5c007daef0b69f30dd8e555c548ba6f3bd85c43f
2024,2,2024-02-01,ICICI Bank Apps,28.95,10492.15,4.27,416.25,5.69,8779.07,38.92,19687.47,NPCI UPI Ecosystem Statistics via https://github.com/luckisalive/npci_upi_analytics@5c007daef0b69f30dd8e555c548ba6f3bd85c43f
2024,2,2024-02-01,IDBI Bank Apps,0.06,32.49,0.0,0.0,0.0,0.0,0.06,32.49,NPCI UPI Ecosystem Statistics via https://github.com/luckisalive/npci_upi_analytics@5c007daef0b69f30dd8e555c548ba6f3bd85c43f
2024,2,2024-02-01,IDFC First Bank Apps,5.54,1440.44,0.0,0.0,0.0,0.0,5.54,1440.44,NPCI UPI Ecosystem Statistics via https://github.com/luckisalive/npci_upi_analytics@5c007daef0b69f30dd8e555c548ba6f3bd85c43f
2024,2,2024-02-01,India Post Payments Bank Apps,5.38,608.29,0.0,0.0,0.0,0.0,5.38,608.29,NPCI UPI Ecosystem Statistics via https://github.com/luckisalive/npci_upi_analytics@5c007daef0b69f30dd8e555c548ba6f3bd85c43f
2024,2,2024-02-01,Indian Bank Apps,0.42,112.76,0.0,0.0,0.01,47.33,0.42,160.09,NPCI UPI Ecosystem Statistics via https://github.com/luckisalive/npci_upi_analytics@5c007daef0b69f30dd8e555c548ba6f3bd85c43f
2024,2,2024-02-01,Indian Overseas Bank Apps,0.11,29.06,0.0,0.0,0.0,0.0,0.11,29.06,NPCI UPI Ecosystem Statistics via https://github.com/luckisalive/npci_upi_analytics@5c007daef0b69f30dd8e555c548ba6f3bd85c43f
2024,2,2024-02-01,IndusInd Bank Apps,1.46,272.43,0.0,0.0,0.0,0.0,1.46,272.43,NPCI UPI Ecosystem Statistics via https://github.com/luckisalive/npci_upi_analytics@5c007daef0b69f30dd8e555c548ba6f3bd85c43f
2024,2,2024-02-01,Jio Payments Bank Apps,1.64,145.51,0.0,0.0,0.0,0.0,1.64,145.51,NPCI UPI Ecosystem Statistics via https://github.com/luckisalive/npci_upi_analytics@5c007daef0b69f30dd8e555c548ba6f3bd85c43f
2024,2,2024-02-01,Jupiter Money,5.0,669.43,0.0,0.0,0.0,0.0,5.0,669.43,NPCI UPI Ecosystem Statistics via https://github.com/luckisalive/npci_upi_analytics@5c007daef0b69f30dd8e555c548ba6f3bd85c43f
2024,2,2024-02-01,Karnataka Bank Apps,0.41,85.93,0.0,0.0,0.0,0.0,0.41,85.93,NPCI UPI Ecosystem Statistics via https://github.com/luckisalive/npci_upi_analytics@5c007daef0b69f30dd8e555c548ba6f3bd85c43f
2024,2,2024-02-01,Karur Vysya Bank Apps,0.04,15.42,0.0,0.0,0.0,0.0,0.04,15.42,NPCI UPI Ecosystem Statistics via https://github.com/luckisalive/npci_upi_analytics@5c007daef0b69f30dd8e555c548ba6f3bd85c43f
2024,2,2024-02-01,Kiwi,0.55,81.25,0.0,0.0,0.0,0.0,0.55,81.25,NPCI UPI Ecosystem Statistics via https://github.com/luckisalive/npci_upi_analytics@5c007daef0b69f30dd8e555c548ba6f3bd85c43f
2024,2,2024-02-01,Kotak Mahindra Bank Apps,31.5,5127.03,0.0,0.0,0.0,0.0,31.5,5127.03,NPCI UPI Ecosystem Statistics via https://github.com/luckisalive/npci_upi_analytics@5c007daef0b69f30dd8e555c548ba6f3bd85c43f
2024,2,2024-02-01,LivQuik Apps,0.09,28.75,0.0,0.0,0.0,0.0,0.09,28.75,NPCI UPI Ecosystem Statistics via https://github.com/luckisalive/npci_upi_analytics@5c007daef0b69f30dd8e555c548ba6f3bd85c43f
2024,2,2024-02-01,Mobikwik,6.28,1793.84,0.0,0.0,0.0,0.0,6.28,1793.84,NPCI UPI Ecosystem Statistics via https://github.com/luckisalive/npci_upi_analytics@5c007daef0b69f30dd8e555c548ba6f3bd85c43f
2024,2,2024-02-01,NSDL Payments Bank Apps,0.05,6.59,0.0,0.0,0.0,0.0,0.05,6.59,NPCI UPI Ecosystem Statistics via https://github.com/luckisalive/npci_upi_analytics@5c007daef0b69f30dd8e555c548ba6f3bd85c43f
2024,2,2024-02-01,Navi,1.42,68.62,0.0,0.0,0.0,0.0,1.42,68.62,NPCI UPI Ecosystem Statistics via https://github.com/luckisalive/npci_upi_analytics@5c007daef0b69f30dd8e555c548ba6f3bd85c43f
2024,2,2024-02-01,Niyo Global,0.02,4.04,0.0,0.0,0.0,0.0,0.02,4.04,NPCI UPI Ecosystem Statistics via https://github.com/luckisalive/npci_upi_analytics@5c007daef0b69f30dd8e555c548ba6f3bd85c43f
2024,2,2024-02-01,Omnicard,1.15,38.18,0.0,0.0,0.0,0.0,1.15,38.18,NPCI UPI Ecosystem Statistics via https://github.com/luckisalive/npci_upi_analytics@5c007daef0b69f30dd8e555c548ba6f3bd85c43f
2024,2,2024-02-01,Other,0.03,12.13,0.0,0.0,0.0,2.04,0.03,14.17,NPCI UPI Ecosystem Statistics via https://github.com/luckisalive/npci_upi_analytics@5c007daef0b69f30dd8e555c548ba6f3bd85c43f
2024,2,2024-02-01,Paytm,1267.27,145305.47,0.17,0.09,0.55,971.93,1340.35,159569.47,NPCI UPI Ecosystem Statistics via https://github.com/luckisalive/npci_upi_analytics@5c007daef0b69f30dd8e555c548ba6f3bd85c43f
2024,2,2024-02-01,PhonePe,5760.01,915586.0,0.0,0.0,0.0,0.0,5760.01,915586.0,NPCI UPI Ecosystem Statistics via https://github.com/luckisalive/npci_upi_analytics@5c007daef0b69f30dd8e555c548ba6f3bd85c43f
2024,2,2024-02-01,Punjab And Sind Bank Apps,0.02,10.71,0.0,0.0,0.0,0.0,0.02,10.71,NPCI UPI Ecosystem Statistics via https://github.com/luckisalive/npci_upi_analytics@5c007daef0b69f30dd8e555c548ba6f3bd85c43f
2024,2,2024-02-01,Punjab National Bank Apps,1.36,359.72,0.0,0.0,0.0,0.0,1.36,359.72,NPCI UPI Ecosystem Statistics via https://github.com/luckisalive/npci_upi_analytics@5c007daef0b69f30dd8e555c548ba6f3bd85c43f
2024,2,2024-02-01,RBL Bank Apps,2.62,485.29,0.0,0.01,0.2,88.75,2.82,574.05,NPCI UPI Ecosystem Statistics via https://github.com/luckisalive/npci_upi_analytics@5c007daef0b69f30dd8e555c548ba6f3bd85c43f
2024,2,2024-02-01,SBI Bank Apps,6.17,2350.42,0.0,0.0,0.03,1.03,6.2,2351.46,NPCI UPI Ecosystem Statistics via https://github.com/luckisalive/npci_upi_analytics@5c007daef0b69f30dd8e555c548ba6f3bd85c43f
2024,2,2024-02-01,Samsung Pay,5.61,494.57,0.0,0.0,0.0,0.0,5.61,494.57,NPCI UPI Ecosystem Statistics via https://github.com/luckisalive/npci_upi_analytics@5c007daef0b69f30dd8e555c548ba6f3bd85c43f
2024,2,2024-02-01,Shri Ram One,0.35,31.2,0.0,0.0,0.0,0.0,0.35,31.2,NPCI UPI Ecosystem Statistics via https://github.com/luckisalive/npci_upi_analytics@5c007daef0b69f30dd8e555c548ba6f3bd85c43f
2024,2,2024-02-01,Slice,3.98,471.27,0.0,0.0,0.0,0.0,3.98,471.27,NPCI UPI Ecosystem Statistics via https://github.com/luckisalive/npci_upi_analytics@5c007daef0b69f30dd8e555c548ba6f3bd85c43f
2024,2,2024-02-01,South Indian Bank Apps,0.36,104.62,0.0,0.0,0.0,0.0,0.36,104.62,NPCI UPI Ecosystem Statistics via https://github.com/luckisalive/npci_upi_analytics@5c007daef0b69f30dd8e555c548ba6f3bd85c43f
2024,2,2024-02-01,Standard Chartered Bank Apps,3.1,675.48,0.0,0.0,0.92,911.82,4.02,1587.3,NPCI UPI Ecosystem Statistics via https://github.com/luckisalive/npci_upi_analytics@5c007daef0b69f30dd8e555c548ba6f3bd85c43f
2024,2,2024-02-01,Tamilnad Mercantile Bank Apps,0.12,32.14,0.0,0.0,0.0,0.0,0.12,32.14,NPCI UPI Ecosystem Statistics via https://github.com/luckisalive/npci_upi_analytics@5c007daef0b69f30dd8e555c548ba6f3bd85c43f
2024,2,2024-02-01,Tata Neu,0.2,17.14,0.0,0.0,0.0,0.0,0.2,17.14,NPCI UPI Ecosystem Statistics via https://github.com/luckisalive/npci_upi_analytics@5c007daef0b69f30dd8e555c548ba6f3bd85c43f
2024,2,2024-02-01,Timepay,0.42,3.95,0.0,0.0,0.0,0.0,0.42,3.95,NPCI UPI Ecosystem Statistics via https://github.com/luckisalive/npci_upi_analytics@5c007daef0b69f30dd8e555c548ba6f3bd85c43f
2024,2,2024-02-01,UCO Bank Apps,0.17,61.26,0.0,0.0,0.0,0.0,0.17,61.26,NPCI UPI Ecosystem Statistics via https://github.com/luckisalive/npci_upi_analytics@5c007daef0b69f30dd8e555c548ba6f3bd85c43f
2024,2,2024-02-01,Union Bank Of India Apps,1.2,483.59,0.0,0.0,0.0,0.0,1.2,483.59,NPCI UPI Ecosystem Statistics via https://github.com/luckisalive/npci_upi_analytics@5c007daef0b69f30dd8e555c548ba6f3bd85c43f
2024,2,2024-02-01,Whatsapp,26.76,2175.12,0.0,0.0,0.0,0.0,26.76,2175.12,NPCI UPI Ecosystem Statistics via https://github.com/luckisalive/npci_upi_analytics@5c007daef0b69f30dd8e555c548ba6f3bd85c43f
2024,2,2024-02-01,Yes Bank Apps,21.24,11308.74,0.0,0.0,0.33,36.07,21.57,11344.81,NPCI UPI Ecosystem Statistics via https://github.com/luckisalive/npci_upi_analytics@5c007daef0b69f30dd8e555c548ba6f3bd85c43f
2024,3,2024-03-01,AU Small Finance Bank Apps,0.78,279.91,,,,,0.78,279.91,NPCI UPI Ecosystem Statistics via https://github.com/luckisalive/npci_upi_analytics@5c007daef0b69f30dd8e555c548ba6f3bd85c43f
2024,3,2024-03-01,Airtel Payments Bank Apps,15.64,1162.62,,,,0.2,16.01,1207.02,NPCI UPI Ecosystem Statistics via https://github.com/luckisalive/npci_upi_analytics@5c007daef0b69f30dd8e555c548ba6f3bd85c43f
2024,3,2024-03-01,Allahabad Bank Apps,0.03,6.32,,,,,0.03,6.32,NPCI UPI Ecosystem Statistics via https://github.com/luckisalive/npci_upi_analytics@5c007daef0b69f30dd8e555c548ba6f3bd85c43f
2024,3,2024-03-01,Amazon Pay,65.35,6772.89,,,,,65.35,6772.89,NPCI UPI Ecosystem Statistics via https://github.com/luckisalive/npci_upi_analytics@5c007daef0b69f30dd8e555c548ba6f3bd85c43f
2024,3,2024-03-01,Axis Bank Apps,13.59,3044.92,81.0,4389.01,0.01,1.99,94.6,7435.92,NPCI UPI Ecosystem Statistics via https://github.com/luckisalive/npci_upi_analytics@5c007daef0b69f30dd8e555c548ba6f3bd85c43f
2024,3,2024-03-01,BHIM,30.04,8339.37,,,,,30.04,8339.37,NPCI UPI Ecosystem Statistics via https://github.com/luckisalive/npci_upi_analytics@5c007daef0b69f30dd8e555c548ba6f3bd85c43f
2024,3,2024-03-01,Bajaj Finserv,15.81,2803.2,,,,,15.81,2803.2,NPCI UPI Ecosystem Statistics via https://github.com/luckisalive/npci_upi_analytics@5c007daef0b69f30dd8e555c548ba6f3bd85c43f
2024,3,2024-03-01,Bank of Baroda Apps,0.95,419.08,,,,7.73,0.95,426.81,NPCI UPI Ecosystem Statistics via https://github.com/luckisalive/npci_upi_analytics@5c007daef0b69f30dd8e555c548ba6f3bd85c43f
2024,3,2024-03-01,Bank of India Apps,0.2,78.81,,,,,0.2,78.81,NPCI UPI Ecosystem Statistics via https://github.com/luckisalive/npci_upi_analytics@5c007daef0b69f30dd8e555c548ba6f3bd85c43f
2024,3,2024-03-01,Bank of Maharashtra Apps,0.05,11.6,,,,0.07,0.05,11.67,NPCI UPI Ecosystem Statistics via https://github.com/luckisalive/npci_upi_analytics@5c007daef0b69f30dd8e555c548ba6f3bd85c43f
2024,3,2024-03-01,Canara Bank Apps,3.1,798.84,,,,,3.1,798.84,NPCI UPI Ecosystem Statistics via https://github.com/luckisalive/npci_upi_analytics@5c007daef0b69f30dd8e555c548ba6f3bd85c43f
2024,3,2024-03-01,Central Bank of India Apps,0.86,195.46,,,,,0.86,195.46,NPCI UPI Ecosystem Statistics via https://github.com/luckisalive/npci_upi_analytics@5c007daef0b69f30dd8e555c548ba6f3bd85c43f
2024,3,2024-03-01,Citi Bank Apps,0.09,66.7,,,,0.01,0.09,66.71,NPCI UPI Ecosystem Statistics via https://github.com/luckisalive/npci_upi_analytics@5c007daef0b69f30dd8e555c548ba6f3bd85c43f
2024,3,2024-03-01,City Union Bank Apps,0.08,26.73,,,,,0.08,26.73,NPCI UPI Ecosystem Statistics via https://github.com/luckisalive/npci_upi_analytics@5c007daef0b69f30dd8e555c548ba6f3bd85c43f
2024,3,2024-03-01,Cred,132.31,44991.57,,,,,132.31,44991.57,NPCI UPI Ecosystem Statistics via https://github.com/luckisalive/npci_upi_analytics@5c007daef0b69f30dd8e555c548ba6f3bd85c43f
2024,3,2024-03-01,DBS Digibank Apps,0.51,202.89,,,,0.29,0.51,203.18,NPCI UPI Ecosystem Statistics via https://github.com/luckisalive/npci_upi_analytics@5c007daef0b69f30dd8e555c548ba6f3bd85c43f
2024,3,2024-03-01,Deutsche Bank Apps,3.3,453.57,,,,0.02,3.3,453.59,NPCI UPI Ecosystem Statistics via https://github.com/luckisalive/npci_upi_analytics@5c007daef0b69f30dd8e555c548ba6f3bd85c43f
2024,3,2024-03-01,Dhani,0.19,5.98,,,,,0.19,5.98,NPCI UPI Ecosystem Statistics via https://github.com/luckisalive/npci_upi_analytics@5c007daef0b69f30dd8e555c548ba6f3bd85c43f
2024,3,2024-03-01,Digikhata,0.13,48.01,,,,,0.13,48.01,NPCI UPI Ecosystem Statistics via https://github.com/luckisalive/npci_upi_analytics@5c007daef0b69f30dd8e555c548ba6f3bd85c43f
2024,3,2024-03-01,Equitas Small Finance Bank Apps,0.04,26.62,,,,,0.04,26.62,NPCI UPI Ecosystem Statistics via https://github.com/luckisalive/npci_upi_analytics@5c007daef0b69f30dd8e555c548ba6f3bd85c43f
2024,3,2024-03-01,Fampay,43.69,528.01,,,,,43.69,528.01,NPCI UPI Ecosystem Statistics via https://github.com/luckisalive/npci_upi_analytics@5c007daef0b69f30dd8e555c548ba6f3bd85c43f
2024,3,2024-03-01,Federal Bank App,6.11,806.45,,,,0.01,6.11,806.46,NPCI UPI Ecosystem Statistics via https://github.com/luckisalive/npci_upi_analytics@5c007daef0b69f30dd8e555c548ba6f3bd85c43f
2024,3,2024-03-01,Fino Payments bank Apps,0.39,50.97,,,,,0.39,50.97,NPCI UPI Ecosystem Statistics via https://github.com/luckisalive/npci_upi_analytics@5c007daef0b69f30dd8e555c548ba6f3bd85c43f
2024,3,2024-03-01,Flipkart,5.0,197.24,,,,,5.0,197.24,NPCI UPI Ecosystem Statistics via https://github.com/luckisalive/npci_upi_analytics@5c007daef0b69f30dd8e555c548ba6f3bd85c43f
2024,3,2024-03-01,Go Niyo,0.03,12.86,,,,,0.03,12.86,NPCI UPI Ecosystem Statistics via https://github.com/luckisalive/npci_upi_analytics@5c007daef0b69f30dd8e555c548ba6f3bd85c43f
2024,3,2024-03-01,Gokiwi,0.7,100.1,,,,,0.7,100.1,NPCI UPI Ecosystem Statistics via https://github.com/luckisalive/npci_upi_analytics@5c007daef0b69f30dd8e555c548ba6f3bd85c43f
2024,3,2024-03-01,Google Pay,5061.18,695196.05,,,,,5061.18,695196.05,NPCI UPI Ecosystem Statistics via https://github.com/luckisalive/npci_upi_analytics@5c007daef0b69f30dd8e555c548ba6f3bd85c43f
2024,3,2024-03-01,Groww,6.72,3539.14,,,,,6.72,3539.14,NPCI UPI Ecosystem Statistics via https://github.com/luckisalive/npci_upi_analytics@5c007daef0b69f30dd8e555c548ba6f3bd85c43f
2024,3,2024-03-01,HDFC Bank Apps,33.07,7289.09,1.95,3.72,0.01,0.26,35.03,7293.07,NPCI UPI Ecosystem Statistics via https://github.com/luckisalive/npci_upi_analytics@5c007daef0b69f30dd8e555c548ba6f3bd85c43f
2024,3,2024-03-01,HSBC Bank Apps,0.31,138.16,,0.06,,,0.31,138.22,NPCI UPI Ecosystem Statistics via https://github.com/luckisalive/npci_upi_analytics@5c007daef0b69f30dd8e555c548ba6f3bd85c43f
2024,3,2024-03-01,ICICI Bank Apps,33.54,14491.28,4.54,397.58,7.9,11608.08,45.98,26496.95,NPCI UPI Ecosystem Statistics via https://github.com/luckisalive/npci_upi_analytics@5c007daef0b69f30dd8e555c548ba6f3bd85c43f
2024,3,2024-03-01,IDFC Bank Apps,6.41,1581.28,,,,,6.41,1581.28,NPCI UPI Ecosystem Statistics via https://github.com/luckisalive/npci_upi_analytics@5c007daef0b69f30dd8e555c548ba6f3bd85c43f
2024,3,2024-03-01,India Post Payments Bank Apps,6.82,851.01,,,,,6.82,851.01,NPCI UPI Ecosystem Statistics via https://github.com/luckisalive/npci_upi_analytics@5c007daef0b69f30dd8e555c548ba6f3bd85c43f
2024,3,2024-03-01,Indian Bank Apps,1.85,340.92,,,0.01,43.86,1.86,384.79,NPCI UPI Ecosystem Statistics via https://github.com/luckisalive/npci_upi_analytics@5c007daef0b69f30dd8e555c548ba6f3bd85c43f
2024,3,2024-03-01,Indian Overseas Bank Apps,0.11,30.44,,,,,0.11,30.44,NPCI UPI Ecosystem Statistics via https://github.com/luckisalive/npci_upi_analytics@5c007daef0b69f30dd8e555c548ba6f3bd85c43f
2024,3,2024-03-01,IndusInd Bank Apps,1.39,228.02,,,,0.12,1.39,228.14,NPCI UPI Ecosystem Statistics via https://github.com/luckisalive/npci_upi_analytics@5c007daef0b69f30dd8e555c548ba6f3bd85c43f
2024,3,2024-03-01,Jio Payments Bank Apps,1.87,161.87,,,,,1.87,161.87,NPCI UPI Ecosystem Statistics via https://github.com/luckisalive/npci_upi_analytics@5c007daef0b69f30dd8e555c548ba6f3bd85c43f
2024,3,2024-03-01,Jupiter,5.57,709.07,,,,,5.57,709.07,NPCI UPI Ecosystem Statistics via https://github.com/luckisalive/npci_upi_analytics@5c007daef0b69f30dd8e555c548ba6f3bd85c43f
2024,3,2024-03-01,Jupiter Edge,0.14,32.22,,,,,0.14,32.22,NPCI UPI Ecosystem Statistics via https://github.com/luckisalive/npci_upi_analytics@5c007daef0b69f30dd8e555c548ba6f3bd85c43f
2024,3,2024-03-01,Karnataka Bank Apps,0.16,25.58,,,,,0.16,25.58,NPCI UPI Ecosystem Statistics via https://github.com/luckisalive/npci_upi_analytics@5c007daef0b69f30dd8e555c548ba6f3bd85c43f
2024,3,2024-03-01,Karur Vysya Bank Apps,0.05,17.68,,,,,0.05,17.68,NPCI UPI Ecosystem Statistics via https://github.com/luckisalive/npci_upi_analytics@5c007daef0b69f30dd8e555c548ba6f3bd85c43f
2024,3,2024-03-01,Kotak Mahindra Bank Apps,39.14,5763.37,,,,,39.14,5763.37,NPCI UPI Ecosystem Statistics via https://github.com/luckisalive/npci_upi_analytics@5c007daef0b69f30dd8e555c548ba6f3bd85c43f
2024,3,2024-03-01,MakeMyTrip,0.03,18.75,,,,,0.03,18.75,NPCI UPI Ecosystem Statistics via https://github.com/luckisalive/npci_upi_analytics@5c007daef0b69f30dd8e555c548ba6f3bd85c43f
2024,3,2024-03-01,Mobikwik,8.27,2190.01,,,,,8.27,2190.01,NPCI UPI Ecosystem Statistics via https://github.com/luckisalive/npci_upi_analytics@5c007daef0b69f30dd8e555c548ba6f3bd85c43f
2024,3,2024-03-01,NSDL Payments Bank Apps,0.07,10.57,,,,,0.07,10.57,NPCI UPI Ecosystem Statistics via https://github.com/luckisalive/npci_upi_analytics@5c007daef0b69f30dd8e555c548ba6f3bd85c43f
2024,3,2024-03-01,Navi,3.0,94.29,,,,,3.0,94.29,NPCI UPI Ecosystem Statistics via https://github.com/luckisalive/npci_upi_analytics@5c007daef0b69f30dd8e555c548ba6f3bd85c43f
2024,3,2024-03-01,Omnicard,1.29,44.84,,,,,1.29,44.84,NPCI UPI Ecosystem Statistics via https://github.com/luckisalive/npci_upi_analytics@5c007daef0b69f30dd8e555c548ba6f3bd85c43f
2024,3,2024-03-01,Other,1.07,109.12,,,0.14,3.94,1.21,113.06,NPCI UPI Ecosystem Statistics via https://github.com/luckisalive/npci_upi_analytics@5c007daef0b69f30dd8e555c548ba6f3bd85c43f
2024,3,2024-03-01,Paytm,1210.64,133707.06,,0.01,,,1230.04,134406.85,NPCI UPI Ecosystem Statistics via https://github.com/luckisalive/npci_upi_analytics@5c007daef0b69f30dd8e555c548ba6f3bd85c43f
2024,3,2024-03-01,PhonePe,6502.15,1002387.84,,,,,6502.15,1002387.84,NPCI UPI Ecosystem Statistics via https://github.com/luckisalive/npci_upi_analytics@5c007daef0b69f30dd8e555c548ba6f3bd85c43f
2024,3,2024-03-01,Punjab National Bank Apps,1.67,411.13,,,,,1.67,411.13,NPCI UPI Ecosystem Statistics via https://github.com/luckisalive/npci_upi_analytics@5c007daef0b69f30dd8e555c548ba6f3bd85c43f
2024,3,2024-03-01,RBL Bank Apps,1.56,366.34,,0.02,0.27,99.89,1.83,466.25,NPCI UPI Ecosystem Statistics via https://github.com/luckisalive/npci_upi_analytics@5c007daef0b69f30dd8e555c548ba6f3bd85c43f
2024,3,2024-03-01,Samsung Pay,6.24,530.8,,,,,6.24,530.8,NPCI UPI Ecosystem Statistics via https://github.com/luckisalive/npci_upi_analytics@5c007daef0b69f30dd8e555c548ba6f3bd85c43f
2024,3,2024-03-01,Shriram One,0.48,38.71,,,,,0.48,38.71,NPCI UPI Ecosystem Statistics via https://github.com/luckisalive/npci_upi_analytics@5c007daef0b69f30dd8e555c548ba6f3bd85c43f
2024,3,2024-03-01,Slice,5.22,538.12,,,,,5.22,538.12,NPCI UPI Ecosystem Statistics via https://github.com/luckisalive/npci_upi_analytics@5c007daef0b69f30dd8e555c548ba6f3bd85c43f
2024,3,2024-03-01,South Indian Bank Apps,0.4,120.88,,,,,0.4,120.88,NPCI UPI Ecosystem Statistics via https://github.com/luckisalive/npci_upi_analytics@5c007daef0b69f30dd8e555c548ba6f3bd85c43f
2024,3,2024-03-01,Standard Chartered Bank Apps,0.19,115.77,,,,1.11,0.19,116.88,NPCI UPI Ecosystem Statistics via https://github.com/luckisalive/npci_upi_analytics@5c007daef0b69f30dd8e555c548ba6f3bd85c43f
2024,3,2024-03-01,State Bank of India Apps,6.59,2394.79,,,0.04,1.08,6.63,2395.88,NPCI UPI Ecosystem Statistics via https://github.com/luckisalive/npci_upi_analytics@5c007daef0b69f30dd8e555c548ba6f3bd85c43f
2024,3,2024-03-01,Tamilnad Mercantile Bank Apps,0.1,28.72,,,,,0.1,28.72,NPCI UPI Ecosystem Statistics via https://github.com/luckisalive/npci_upi_analytics@5c007daef0b69f30dd8e555c548ba6f3bd85c43f
2024,3,2024-03-01,TataNeu,0.25,25.46,,,,,0.25,25.46,NPCI UPI Ecosystem Statistics via https://github.com/luckisalive/npci_upi_analytics@5c007daef0b69f30dd8e555c548ba6f3bd85c43f
2024,3,2024-03-01,Timepay,1.37,18.5,,,,0.02,1.37,18.52,NPCI UPI Ecosystem Statistics via https://github.com/luckisalive/npci_upi_analytics@5c007daef0b69f30dd8e555c548ba6f3bd85c43f
2024,3,2024-03-01,UCO Bank Apps,0.18,56.32,,,,,0.18,56.32,NPCI UPI Ecosystem Statistics via https://github.com/luckisalive/npci_upi_analytics@5c007daef0b69f30dd8e555c548ba6f3bd85c43f
2024,3,2024-03-01,Ultracash,0.09,6.57,,,,,0.09,6.57,NPCI UPI Ecosystem Statistics via https://github.com/luckisalive/npci_upi_analytics@5c007daef0b69f30dd8e555c548ba6f3bd85c43f
2024,3,2024-03-01,Union Bank Apps,1.35,517.15,,,,0.01,1.35,517.16,NPCI UPI Ecosystem Statistics via https://github.com/luckisalive/npci_upi_analytics@5c007daef0b69f30dd8e555c548ba6f3bd85c43f
2024,3,2024-03-01,WhatsApp,31.21,2536.99,,,,,31.21,2536.99,NPCI UPI Ecosystem Statistics via https://github.com/luckisalive/npci_upi_analytics@5c007daef0b69f30dd8e555c548ba6f3bd85c43f
2024,3,2024-03-01,Yes Bank Apps,24.13,13833.3,,,0.32,35.8,24.45,13869.1,NPCI UPI Ecosystem Statistics via https://github.com/luckisalive/npci_upi_analytics@5c007daef0b69f30dd8e555c548ba6f3bd85c43f
2024,4,2024-04-01,AU Small Finance Bank Apps,0.8,257.99,0.0,0.0,0.0,0.0,0.8,257.99,NPCI UPI Ecosystem Statistics via https://github.com/luckisalive/npci_upi_analytics@5c007daef0b69f30dd8e555c548ba6f3bd85c43f
2024,4,2024-04-01,Airtel Payments Bank Apps,16.19,1243.65,0.0,0.0,0.0,0.4,16.19,1244.14,NPCI UPI Ecosystem Statistics via https://github.com/luckisalive/npci_upi_analytics@5c007daef0b69f30dd8e555c548ba6f3bd85c43f
2024,4,2024-04-01,Allahabad Bank Apps,0.02,6.18,0.0,0.0,0.0,0.0,0.02,6.18,NPCI UPI Ecosystem Statistics via https://github.com/luckisalive/npci_upi_analytics@5c007daef0b69f30dd8e555c548ba6f3bd85c43f
2024,4,2024-04-01,Amazon Pay,64.33,6784.82,0.0,0.0,0.0,0.0,64.33,6784.82,NPCI UPI Ecosystem Statistics via https://github.com/luckisalive/npci_upi_analytics@5c007daef0b69f30dd8e555c548ba6f3bd85c43f
2024,4,2024-04-01,Axis Bank Apps,13.53,3313.28,56.27,3168.22,0.01,1.74,69.8,6483.24,NPCI UPI Ecosystem Statistics via https://github.com/luckisalive/npci_upi_analytics@5c007daef0b69f30dd8e555c548ba6f3bd85c43f
2024,4,2024-04-01,BHIM,25.48,8670.52,0.0,0.0,0.0,0.0,25.48,8670.52,NPCI UPI Ecosystem Statistics via https://github.com/luckisalive/npci_upi_analytics@5c007daef0b69f30dd8e555c548ba6f3bd85c43f
2024,4,2024-04-01,Bajaj Finserv,10.29,1819.55,0.0,0.0,0.0,0.0,10.29,1819.55,NPCI UPI Ecosystem Statistics via https://github.com/luckisalive/npci_upi_analytics@5c007daef0b69f30dd8e555c548ba6f3bd85c43f
2024,4,2024-04-01,Bank of Baroda Apps,0.99,459.5,0.0,0.0,0.0,8.27,0.99,467.77,NPCI UPI Ecosystem Statistics via https://github.com/luckisalive/npci_upi_analytics@5c007daef0b69f30dd8e555c548ba6f3bd85c43f
2024,4,2024-04-01,Bank of India Apps,0.21,87.25,0.0,0.0,0.0,0.0,0.21,87.25,NPCI UPI Ecosystem Statistics via https://github.com/luckisalive/npci_upi_analytics@5c007daef0b69f30dd8e555c548ba6f3bd85c43f
2024,4,2024-04-01,Bank of Maharashtra Apps,0.06,13.96,0.0,0.0,0.0,0.1,0.06,14.06,NPCI UPI Ecosystem Statistics via https://github.com/luckisalive/npci_upi_analytics@5c007daef0b69f30dd8e555c548ba6f3bd85c43f
2024,4,2024-04-01,Canara Bank Apps,3.03,812.15,0.0,0.0,0.0,0.0,3.03,812.15,NPCI UPI Ecosystem Statistics via https://github.com/luckisalive/npci_upi_analytics@5c007daef0b69f30dd8e555c548ba6f3bd85c43f
2024,4,2024-04-01,Central Bank of India Apps,0.89,204.45,0.0,0.0,0.0,0.0,0.89,204.45,NPCI UPI Ecosystem Statistics via https://github.com/luckisalive/npci_upi_analytics@5c007daef0b69f30dd8e555c548ba6f3bd85c43f
2024,4,2024-04-01,Cheq,0.01,1.13,0.0,0.0,0.0,0.0,0.01,1.13,NPCI UPI Ecosystem Statistics via https://github.com/luckisalive/npci_upi_analytics@5c007daef0b69f30dd8e555c548ba6f3bd85c43f
2024,4,2024-04-01,Citi Bank Apps,0.06,69.18,0.0,0.0,0.0,0.01,0.06,69.19,NPCI UPI Ecosystem Statistics via https://github.com/luckisalive/npci_upi_analytics@5c007daef0b69f30dd8e555c548ba6f3bd85c43f
2024,4,2024-04-01,City Union Bank Apps,0.08,26.6,0.0,0.0,0.0,0.0,0.08,26.6,NPCI UPI Ecosystem Statistics via https://github.com/luckisalive/npci_upi_analytics@5c007daef0b69f30dd8e555c548ba6f3bd85c43f
2024,4,2024-04-01,Cred,138.46,43233.21,0.0,0.0,0.0,0.0,138.46,43233.21,NPCI UPI Ecosystem Statistics via https://github.com/luckisalive/npci_upi_analytics@5c007daef0b69f30dd8e555c548ba6f3bd85c43f
2024,4,2024-04-01,DBS Digibank Apps,0.46,182.52,0.0,0.0,0.0,0.38,0.47,182.89,NPCI UPI Ecosystem Statistics via https://github.com/luckisalive/npci_upi_analytics@5c007daef0b69f30dd8e555c548ba6f3bd85c43f
2024,4,2024-04-01,Deutsche Bank Apps,3.28,441.56,0.0,0.0,0.0,0.02,3.28,441.58,NPCI UPI Ecosystem Statistics via https://github.com/luckisalive/npci_upi_analytics@5c007daef0b69f30dd8e555c548ba6f3bd85c43f
2024,4,2024-04-01,Dhani,0.13,7.44,0.0,0.0,0.0,0.0,0.13,7.44,NPCI UPI Ecosystem Statistics via https://github.com/luckisalive/npci_upi_analytics@5c007daef0b69f30dd8e555c548ba6f3bd85c43f
2024,4,2024-04-01,Digikhata,0.15,51.08,0.0,0.0,0.0,0.0,0.15,51.08,NPCI UPI Ecosystem Statistics via https://github.com/luckisalive/npci_upi_analytics@5c007daef0b69f30dd8e555c548ba6f3bd85c43f
2024,4,2024-04-01,Equitas Small Finance Bank Apps,0.03,25.52,0.0,0.0,0.0,0.0,0.03,25.52,NPCI UPI Ecosystem Statistics via https://github.com/luckisalive/npci_upi_analytics@5c007daef0b69f30dd8e555c548ba6f3bd85c43f
2024,4,2024-04-01,Fampay,46.64,588.0,0.0,0.0,0.0,0.0,46.64,588.0,NPCI UPI Ecosystem Statistics via https://github.com/luckisalive/npci_upi_analytics@5c007daef0b69f30dd8e555c548ba6f3bd85c43f
2024,4,2024-04-01,Fave,0.02,1.16,0.0,0.0,0.0,0.0,0.02,1.16,NPCI UPI Ecosystem Statistics via https://github.com/luckisalive/npci_upi_analytics@5c007daef0b69f30dd8e555c548ba6f3bd85c43f
2024,4,2024-04-01,Federal Bank App,6.14,821.8,0.0,0.0,0.0,0.0,6.14,821.8,NPCI UPI Ecosystem Statistics via https://github.com/luckisalive/npci_upi_analytics@5c007daef0b69f30dd8e555c548ba6f3bd85c43f
2024,4,2024-04-01,Fino Payments bank Apps,0.35,49.47,0.0,0.0,0.0,0.0,0.35,49.47,NPCI UPI Ecosystem Statistics via https://github.com/luckisalive/npci_upi_analytics@5c007daef0b69f30dd8e555c548ba6f3bd85c43f
2024,4,2024-04-01,Flipkart UPI,3.46,174.73,0.0,0.0,0.0,0.0,3.46,174.73,NPCI UPI Ecosystem Statistics via https://github.com/luckisalive/npci_upi_analytics@5c007daef0b69f30dd8e555c548ba6f3bd85c43f
2024,4,2024-04-01,Go Kiwi,0.58,92.87,0.0,0.0,0.0,0.0,0.58,92.87,NPCI UPI Ecosystem Statistics via https://github.com/luckisalive/npci_upi_analytics@5c007daef0b69f30dd8e555c548ba6f3bd85c43f
2024,4,2024-04-01,Go Niyo,0.04,16.77,0.0,0.0,0.0,0.0,0.04,16.77,NPCI UPI Ecosystem Statistics via https://github.com/luckisalive/npci_upi_analytics@5c007daef0b69f30dd8e555c548ba6f3bd85c43f
2024,4,2024-04-01,Google Pay,5027.32,694189.68,0.0,0.0,0.0,0.0,5027.32,694189.68,NPCI UPI Ecosystem Statistics via https://github.com/luckisalive/npci_upi_analytics@5c007daef0b69f30dd8e555c548ba6f3bd85c43f
2024,4,2024-04-01,Groww,8.02,5452.72,0.0,0.0,0.0,0.0,8.02,5452.72,NPCI UPI Ecosystem Statistics via https://github.com/luckisalive/npci_upi_analytics@5c007daef0b69f30dd8e555c548ba6f3bd85c43f
2024,4,2024-04-01,HDFC Bank Apps,35.99,7689.44,0.0,0.0,0.01,0.32,35.99,7689.76,NPCI UPI Ecosystem Statistics via https://github.com/luckisalive/npci_upi_analytics@5c007daef0b69f30dd8e555c548ba6f3bd85c43f
2024,4,2024-04-01,HSBC Bank Apps,0.32,126.55,0.0,0.05,0.0,0.0,0.32,126.59,NPCI UPI Ecosystem Statistics via https://github.com/luckisalive/npci_upi_analytics@5c007daef0b69f30dd8e555c548ba6f3bd85c43f
2024,4,2024-04-01,ICICI Bank Apps,35.39,14357.18,3.57,336.49,8.45,11945.21,47.41,26638.88,NPCI UPI Ecosystem Statistics via https://github.com/luckisalive/npci_upi_analytics@5c007daef0b69f30dd8e555c548ba6f3bd85c43f
2024,4,2024-04-01,IDBI Bank Apps,0.06,20.15,0.0,0.0,0.0,0.0,0.06,20.15,NPCI UPI Ecosystem Statistics via https://github.com/luckisalive/npci_upi_analytics@5c007daef0b69f30dd8e555c548ba6f3bd85c43f
2024,4,2024-04-01,IDFC Bank Apps,6.45,1581.78,0.0,0.0,0.0,0.0,6.45,1581.78,NPCI UPI Ecosystem Statistics via https://github.com/luckisalive/npci_upi_analytics@5c007daef0b69f30dd8e555c548ba6f3bd85c43f
2024,4,2024-04-01,India Post Payments Bank Apps,5.08,687.52,0.0,0.0,0.0,0.0,5.08,687.52,NPCI UPI Ecosystem Statistics via https://github.com/luckisalive/npci_upi_analytics@5c007daef0b69f30dd8e555c548ba6f3bd85c43f
2024,4,2024-04-01,Indian Bank Apps,1.5,310.69,0.0,0.0,0.0,6.71,1.5,317.4,NPCI UPI Ecosystem Statistics via https://github.com/luckisalive/npci_upi_analytics@5c007daef0b69f30dd8e555c548ba6f3bd85c43f
2024,4,2024-04-01,Indian Overseas Bank Apps,0.11,30.1,0.0,0.0,0.0,0.0,0.11,30.1,NPCI UPI Ecosystem Statistics via https://github.com/luckisalive/npci_upi_analytics@5c007daef0b69f30dd8e555c548ba6f3bd85c43f
2024,4,2024-04-01,IndusInd Bank Apps,1.06,191.64,0.0,0.0,0.0,0.26,1.06,191.9,NPCI UPI Ecosystem Statistics via https://github.com/luckisalive/npci_upi_analytics@5c007daef0b69f30dd8e555c548ba6f3bd85c43f
2024,4,2024-04-01,Jio Payments Bank Apps,1.87,164.17,0.0,0.0,0.0,0.0,1.87,164.17,NPCI UPI Ecosystem Statistics via https://github.com/luckisalive/npci_upi_analytics@5c007daef0b69f30dd8e555c548ba6f3bd85c43f
2024,4,2024-04-01,Jupiter,5.92,710.69,0.0,0.0,0.0,0.0,5.92,710.69,NPCI UPI Ecosystem Statistics via https://github.com/luckisalive/npci_upi_analytics@5c007daef0b69f30dd8e555c548ba6f3bd85c43f
2024,4,2024-04-01,Jupiter Edge,0.14,22.88,0.0,0.0,0.0,0.0,0.14,22.88,NPCI UPI Ecosystem Statistics via https://github.com/luckisalive/npci_upi_analytics@5c007daef0b69f30dd8e555c548ba6f3bd85c43f
2024,4,2024-04-01,Karnataka Bank Apps,0.15,27.18,0.0,0.0,0.0,0.0,0.15,27.18,NPCI UPI Ecosystem Statistics via https://github.com/luckisalive/npci_upi_analytics@5c007daef0b69f30dd8e555c548ba6f3bd85c43f
2024,4,2024-04-01,Karur Vysya Bank Apps,0.05,18.94,0.0,0.0,0.0,0.0,0.05,18.94,NPCI UPI Ecosystem Statistics via https://github.com/luckisalive/npci_upi_analytics@5c007daef0b69f30dd8e555c548ba6f3bd85c43f
2024,4,2024-04-01,Kotak Mahindra Bank Apps,41.54,6101.88,0.0,0.0,0.0,0.0,41.54,6101.88,NPCI UPI Ecosystem Statistics via https://github.com/luckisalive/npci_upi_analytics@5c007daef0b69f30dd8e555c548ba6f3bd85c43f
2024,4,2024-04-01,MakeMyTrip,0.04,19.32,0.0,0.0,0.0,0.0,0.04,19.32,NPCI UPI Ecosystem Statistics via https://github.com/luckisalive/npci_upi_analytics@5c007daef0b69f30dd8e555c548ba6f3bd85c43f
2024,4,2024-04-01,Mobikwik,9.76,2248.19,0.0,0.0,0.0,0.0,9.76,2248.19,NPCI UPI Ecosystem Statistics via https://github.com/luckisalive/npci_upi_analytics@5c007daef0b69f30dd8e555c548ba6f3bd85c43f
2024,4,2024-04-01,NSDL Payments Bank Apps,0.08,11.88,0.0,0.0,0.0,0.0,0.08,11.88,NPCI UPI Ecosystem Statistics via https://github.com/luckisalive/npci_upi_analytics@5c007daef0b69f30dd8e555c548ba6f3bd85c43f
2024,4,2024-04-01,Navi,15.1,402.92,0.0,0.0,0.0,0.0,15.1,402.92,NPCI UPI Ecosystem Statistics via https://github.com/luckisalive/npci_upi_analytics@5c007daef0b69f30dd8e555c548ba6f3bd85c43f
2024,4,2024-04-01,Omnicard,1.06,37.27,0.0,0.0,0.0,0.0,1.06,37.27,NPCI UPI Ecosystem Statistics via https://github.com/luckisalive/npci_upi_analytics@5c007daef0b69f30dd8e555c548ba6f3bd85c43f
2024,4,2024-04-01,Other,1.03,108.18,0.0,0.0,0.15,4.42,1.18,112.6,NPCI UPI Ecosystem Statistics via https://github.com/luckisalive/npci_upi_analytics@5c007daef0b69f30dd8e555c548ba6f3bd85c43f
2024,4,2024-04-01,Paytm,1117.13,122554.24,0.0,0.01,0.0,0.0,1117.13,122554.25,NPCI UPI Ecosystem Statistics via https://github.com/luckisalive/npci_upi_analytics@5c007daef0b69f30dd8e555c548ba6f3bd85c43f
2024,4,2024-04-01,PhonePe,6500.14,1001679.63,0.0,0.0,0.0,0.0,6500.14,1001679.63,NPCI UPI Ecosystem Statistics via https://github.com/luckisalive/npci_upi_analytics@5c007daef0b69f30dd8e555c548ba6f3bd85c43f
2024,4,2024-04-01,Punjab National Bank Apps,1.66,419.99,0.0,0.0,0.0,0.0,1.66,419.99,NPCI UPI Ecosystem Statistics via https://github.com/luckisalive/npci_upi_analytics@5c007daef0b69f30dd8e555c548ba6f3bd85c43f
2024,4,2024-04-01,Punjab Sind Bank Apps,0.03,12.15,0.0,0.0,0.0,0.0,0.03,12.15,NPCI UPI Ecosystem Statistics via https://github.com/luckisalive/npci_upi_analytics@5c007daef0b69f30dd8e555c548ba6f3bd85c43f
2024,4,2024-04-01,RBL Bank Apps,1.46,529.18,0.0,0.01,0.11,117.1,1.57,646.29,NPCI UPI Ecosystem Statistics via https://github.com/luckisalive/npci_upi_analytics@5c007daef0b69f30dd8e555c548ba6f3bd85c43f
2024,4,2024-04-01,Samsung Pay,6.3,527.4,0.0,0.0,0.0,0.0,6.3,527.4,NPCI UPI Ecosystem Statistics via https://github.com/luckisalive/npci_upi_analytics@5c007daef0b69f30dd8e555c548ba6f3bd85c43f
2024,4,2024-04-01,Shriram One,0.4,37.49,0.0,0.0,0.0,0.0,0.4,37.49,NPCI UPI Ecosystem Statistics via https://github.com/luckisalive/npci_upi_analytics@5c007daef0b69f30dd8e555c548ba6f3bd85c43f
2024,4,2024-04-01,Slice,7.51,608.62,0.0,0.0,0.0,0.0,7.51,608.62,NPCI UPI Ecosystem Statistics via https://github.com/luckisalive/npci_upi_analytics@5c007daef0b69f30dd8e555c548ba6f3bd85c43f
2024,4,2024-04-01,South Indian Bank Apps,0.43,129.71,0.0,0.0,0.0,0.0,0.43,129.71,NPCI UPI Ecosystem Statistics via https://github.com/luckisalive/npci_upi_analytics@5c007daef0b69f30dd8e555c548ba6f3bd85c43f
2024,4,2024-04-01,Standard Chartered Bank Apps,0.16,105.48,0.0,0.0,0.0,0.03,0.16,105.51,NPCI UPI Ecosystem Statistics via https://github.com/luckisalive/npci_upi_analytics@5c007daef0b69f30dd8e555c548ba6f3bd85c43f
2024,4,2024-04-01,State Bank of India Apps,6.49,2385.64,0.0,0.0,0.04,1.14,6.53,2386.79,NPCI UPI Ecosystem Statistics via https://github.com/luckisalive/npci_upi_analytics@5c007daef0b69f30dd8e555c548ba6f3bd85c43f
2024,4,2024-04-01,Tamilnad Mercantile Bank Apps,0.09,24.69,0.0,0.0,0.0,0.0,0.09,24.69,NPCI UPI Ecosystem Statistics via https://github.com/luckisalive/npci_upi_analytics@5c007daef0b69f30dd8e555c548ba6f3bd85c43f
2024,4,2024-04-01,TataNeu,0.32,34.06,0.0,0.0,0.0,0.0,0.32,34.06,NPCI UPI Ecosystem Statistics via https://github.com/luckisalive/npci_upi_analytics@5c007daef0b69f30dd8e555c548ba6f3bd85c43f
2024,4,2024-04-01,Timepay,2.15,24.14,0.0,0.0,0.0,0.1,2.16,24.25,NPCI UPI Ecosystem Statistics via https://github.com/luckisalive/npci_upi_analytics@5c007daef0b69f30dd8e555c548ba6f3bd85c43f
2024,4,2024-04-01,UCO Bank Apps,0.16,54.3,0.0,0.0,0.0,0.0,0.16,54.3,NPCI UPI Ecosystem Statistics via https://github.com/luckisalive/npci_upi_analytics@5c007daef0b69f30dd8e555c548ba6f3bd85c43f
2024,4,2024-04-01,Ultracash,0.09,6.16,0.0,0.0,0.0,0.0,0.09,6.16,NPCI UPI Ecosystem Statistics via https://github.com/luckisalive/npci_upi_analytics@5c007daef0b69f30dd8e555c548ba6f3bd85c43f
2024,4,2024-04-01,Union Bank Apps,1.25,525.02,0.0,0.0,0.0,0.0,1.25,525.02,NPCI UPI Ecosystem Statistics via https://github.com/luckisalive/npci_upi_analytics@5c007daef0b69f30dd8e555c548ba6f3bd85c43f
2024,4,2024-04-01,WhatsApp,34.12,2815.68,0.0,0.0,0.0,0.0,34.12,2815.68,NPCI UPI Ecosystem Statistics via https://github.com/luckisalive/npci_upi_analytics@5c007daef0b69f30dd8e555c548ba6f3bd85c43f
2024,4,2024-04-01,Yes Bank Apps,21.99,11978.36,0.0,0.0,0.27,31.04,22.26,12009.4,NPCI UPI Ecosystem Statistics via https://github.com/luckisalive/npci_upi_analytics@5c007daef0b69f30dd8e555c548ba6f3bd85c43f
2024,5,2024-05-01,AU Small Finance Bank Apps,0.82,249.6,0.0,0.0,0.0,0.0,0.82,249.6,NPCI UPI Ecosystem Statistics via https://github.com/luckisalive/npci_upi_analytics@5c007daef0b69f30dd8e555c548ba6f3bd85c43f
2024,5,2024-05-01,Aditya Birla Capital Digital,0.05,1.84,0.0,0.0,0.0,0.0,0.05,1.84,NPCI UPI Ecosystem Statistics via https://github.com/luckisalive/npci_upi_analytics@5c007daef0b69f30dd8e555c548ba6f3bd85c43f
2024,5,2024-05-01,Airtel Payments Bank Apps,17.29,1329.67,0.0,0.0,0.0,0.48,17.29,1330.15,NPCI UPI Ecosystem Statistics via https://github.com/luckisalive/npci_upi_analytics@5c007daef0b69f30dd8e555c548ba6f3bd85c43f
2024,5,2024-05-01,Amazon Pay,68.34,7419.41,0.0,0.0,0.0,0.0,68.34,7419.41,NPCI UPI Ecosystem Statistics via https://github.com/luckisalive/npci_upi_analytics@5c007daef0b69f30dd8e555c548ba6f3bd85c43f
2024,5,2024-05-01,Axis Bank Apps,14.15,3722.58,49.93,2184.74,0.01,2.89,64.08,5910.2,NPCI UPI Ecosystem Statistics via https://github.com/luckisalive/npci_upi_analytics@5c007daef0b69f30dd8e555c548ba6f3bd85c43f
2024,5,2024-05-01,BHIM,23.43,8095.99,0.0,0.0,0.0,0.0,23.43,8095.99,NPCI UPI Ecosystem Statistics via https://github.com/luckisalive/npci_upi_analytics@5c007daef0b69f30dd8e555c548ba6f3bd85c43f
2024,5,2024-05-01,Bajaj Finserv,9.55,1685.51,0.0,0.0,0.0,0.0,9.55,1685.51,NPCI UPI Ecosystem Statistics via https://github.com/luckisalive/npci_upi_analytics@5c007daef0b69f30dd8e555c548ba6f3bd85c43f
2024,5,2024-05-01,Bank of Baroda Apps,1.02,456.55,0.0,0.0,0.0,7.31,1.02,463.85,NPCI UPI Ecosystem Statistics via https://github.com/luckisalive/npci_upi_analytics@5c007daef0b69f30dd8e555c548ba6f3bd85c43f
2024,5,2024-05-01,Bank of India Apps,0.21,81.09,0.0,0.0,0.0,0.0,0.21,81.09,NPCI UPI Ecosystem Statistics via https://github.com/luckisalive/npci_upi_analytics@5c007daef0b69f30dd8e555c548ba6f3bd85c43f
2024,5,2024-05-01,Bank of Maharashtra Apps,0.05,10.37,0.0,0.0,0.0,0.12,0.05,10.49,NPCI UPI Ecosystem Statistics via https://github.com/luckisalive/npci_upi_analytics@5c007daef0b69f30dd8e555c548ba6f3bd85c43f
2024,5,2024-05-01,Canara Bank Apps,3.06,828.58,0.0,0.0,0.0,0.0,3.06,828.58,NPCI UPI Ecosystem Statistics via https://github.com/luckisalive/npci_upi_analytics@5c007daef0b69f30dd8e555c548ba6f3bd85c43f
2024,5,2024-05-01,Central Bank of India Apps,0.95,213.29,0.0,0.0,0.0,0.0,0.95,213.29,NPCI UPI Ecosystem Statistics via https://github.com/luckisalive/npci_upi_analytics@5c007daef0b69f30dd8e555c548ba6f3bd85c43f
2024,5,2024-05-01,Citi Bank Apps,0.08,66.69,0.0,0.0,0.0,0.05,0.08,66.74,NPCI UPI Ecosystem Statistics via https://github.com/luckisalive/npci_upi_analytics@5c007daef0b69f30dd8e555c548ba6f3bd85c43f
2024,5,2024-05-01,City Union Bank Apps,0.08,28.77,0.0,0.0,0.0,0.0,0.08,28.77,NPCI UPI Ecosystem Statistics via https://github.com/luckisalive/npci_upi_analytics@5c007daef0b69f30dd8e555c548ba6f3bd85c43f
2024,5,2024-05-01,Cred,140.08,47547.15,0.0,0.0,0.0,0.0,140.08,47547.15,NPCI UPI Ecosystem Statistics via https://github.com/luckisalive/npci_upi_analytics@5c007daef0b69f30dd8e555c548ba6f3bd85c43f
2024,5,2024-05-01,DBS Digibank Apps,0.48,192.6,0.0,0.0,0.0,0.49,0.48,193.09,NPCI UPI Ecosystem Statistics via https://github.com/luckisalive/npci_upi_analytics@5c007daef0b69f30dd8e555c548ba6f3bd85c43f
2024,5,2024-05-01,Deutsche Bank Apps,2.34,369.39,0.0,0.0,0.0,0.03,2.34,369.42,NPCI UPI Ecosystem Statistics via https://github.com/luckisalive/npci_upi_analytics@5c007daef0b69f30dd8e555c548ba6f3bd85c43f
2024,5,2024-05-01,Dhani,0.11,13.12,0.0,0.0,0.0,0.0,0.11,13.12,NPCI UPI Ecosystem Statistics via https://github.com/luckisalive/npci_upi_analytics@5c007daef0b69f30dd8e555c548ba6f3bd85c43f
2024,5,2024-05-01,Digikhata,0.16,52.29,0.0,0.0,0.0,0.0,0.16,52.29,NPCI UPI Ecosystem Statistics via https://github.com/luckisalive/npci_upi_analytics@5c007daef0b69f30dd8e555c548ba6f3bd85c43f
2024,5,2024-05-01,Equitas Small Finance Bank Apps,0.04,25.35,0.0,0.0,0.0,0.0,0.04,25.35,NPCI UPI Ecosystem Statistics via https://github.com/luckisalive/npci_upi_analytics@5c007daef0b69f30dd8e555c548ba6f3bd85c43f
2024,5,2024-05-01,FamApp by Trio,50.1,630.89,0.0,0.0,0.0,0.0,50.1,630.89,NPCI UPI Ecosystem Statistics via https://github.com/luckisalive/npci_upi_analytics@5c007daef0b69f30dd8e555c548ba6f3bd85c43f
2024,5,2024-05-01,Federal Bank App,5.95,811.83,0.0,0.0,0.0,0.0,5.95,811.83,NPCI UPI Ecosystem Statistics via https://github.com/luckisalive/npci_upi_analytics@5c007daef0b69f30dd8e555c548ba6f3bd85c43f
2024,5,2024-05-01,Fino Payments bank Apps,0.38,53.86,0.0,0.0,0.0,0.0,0.38,53.86,NPCI UPI Ecosystem Statistics via https://github.com/luckisalive/npci_upi_analytics@5c007daef0b69f30dd8e555c548ba6f3bd85c43f
2024,5,2024-05-01,Flipkart,4.44,251.85,0.0,0.0,0.0,0.0,4.44,251.85,NPCI UPI Ecosystem Statistics via https://github.com/luckisalive/npci_upi_analytics@5c007daef0b69f30dd8e555c548ba6f3bd85c43f
2024,5,2024-05-01,Google Pay,5219.56,723315.7,0.0,0.0,0.0,0.0,5219.56,723315.7,NPCI UPI Ecosystem Statistics via https://github.com/luckisalive/npci_upi_analytics@5c007daef0b69f30dd8e555c548ba6f3bd85c43f
2024,5,2024-05-01,Groww,10.15,7086.12,0.0,0.0,0.0,0.0,10.15,7086.12,NPCI UPI Ecosystem Statistics via https://github.com/luckisalive/npci_upi_analytics@5c007daef0b69f30dd8e555c548ba6f3bd85c43f
2024,5,2024-05-01,HDFC Bank Apps,35.4,8104.06,0.02,0.06,0.01,0.32,35.43,8104.44,NPCI UPI Ecosystem Statistics via https://github.com/luckisalive/npci_upi_analytics@5c007daef0b69f30dd8e555c548ba6f3bd85c43f
2024,5,2024-05-01,HSBC Bank Apps,0.37,144.05,0.0,0.05,0.0,0.0,0.37,144.11,NPCI UPI Ecosystem Statistics via https://github.com/luckisalive/npci_upi_analytics@5c007daef0b69f30dd8e555c548ba6f3bd85c43f
2024,5,2024-05-01,ICICI Bank Apps,38.5,15332.69,4.22,449.37,9.37,12661.97,52.1,28444.03,NPCI UPI Ecosystem Statistics via https://github.com/luckisalive/npci_upi_analytics@5c007daef0b69f30dd8e555c548ba6f3bd85c43f
2024,5,2024-05-01,IDBI Bank Apps,0.07,27.32,0.0,0.0,0.0,0.0,0.07,27.32,NPCI UPI Ecosystem Statistics via https://github.com/luckisalive/npci_upi_analytics@5c007daef0b69f30dd8e555c548ba6f3bd85c43f
2024,5,2024-05-01,IDFC Bank Apps,6.99,1690.27,0.0,0.0,0.0,0.0,6.99,1690.27,NPCI UPI Ecosystem Statistics via https://github.com/luckisalive/npci_upi_analytics@5c007daef0b69f30dd8e555c548ba6f3bd85c43f
2024,5,2024-05-01,India Post Payments Bank Apps,5.67,703.81,0.0,0.0,0.0,0.0,5.67,703.81,NPCI UPI Ecosystem Statistics via https://github.com/luckisalive/npci_upi_analytics@5c007daef0b69f30dd8e555c548ba6f3bd85c43f
2024,5,2024-05-01,Indian Bank Apps,1.54,319.53,0.0,0.0,0.0,10.05,1.55,329.58,NPCI UPI Ecosystem Statistics via https://github.com/luckisalive/npci_upi_analytics@5c007daef0b69f30dd8e555c548ba6f3bd85c43f
2024,5,2024-05-01,Indian Overseas Bank Apps,0.12,34.43,0.0,0.0,0.0,0.0,0.12,34.43,NPCI UPI Ecosystem Statistics via https://github.com/luckisalive/npci_upi_analytics@5c007daef0b69f30dd8e555c548ba6f3bd85c43f
2024,5,2024-05-01,IndusInd Bank Apps,0.35,73.84,0.0,0.0,0.0,0.58,0.36,74.41,NPCI UPI Ecosystem Statistics via https://github.com/luckisalive/npci_upi_analytics@5c007daef0b69f30dd8e555c548ba6f3bd85c43f
2024,5,2024-05-01,Jammu and Kashmir Bank Apps,0.43,64.02,0.0,0.0,0.0,0.0,0.43,64.02,NPCI UPI Ecosystem Statistics via https://github.com/luckisalive/npci_upi_analytics@5c007daef0b69f30dd8e555c548ba6f3bd85c43f
2024,5,2024-05-01,Jio Payments Bank Apps,2.02,170.98,0.0,0.0,0.0,0.0,2.02,170.98,NPCI UPI Ecosystem Statistics via https://github.com/luckisalive/npci_upi_analytics@5c007daef0b69f30dd8e555c548ba6f3bd85c43f
2024,5,2024-05-01,Jupiter,6.07,769.1,0.0,0.0,0.0,0.0,6.07,769.1,NPCI UPI Ecosystem Statistics via https://github.com/luckisalive/npci_upi_analytics@5c007daef0b69f30dd8e555c548ba6f3bd85c43f
2024,5,2024-05-01,Karnataka Bank Apps,0.16,30.0,0.0,0.0,0.0,0.0,0.16,30.0,NPCI UPI Ecosystem Statistics via https://github.com/luckisalive/npci_upi_analytics@5c007daef0b69f30dd8e555c548ba6f3bd85c43f
2024,5,2024-05-01,Karur Vysya Bank Apps,0.05,20.63,0.0,0.0,0.0,0.0,0.05,20.63,NPCI UPI Ecosystem Statistics via https://github.com/luckisalive/npci_upi_analytics@5c007daef0b69f30dd8e555c548ba6f3bd85c43f
2024,5,2024-05-01,Kiwi,0.18,36.03,0.0,0.0,0.0,0.0,0.18,36.03,NPCI UPI Ecosystem Statistics via https://github.com/luckisalive/npci_upi_analytics@5c007daef0b69f30dd8e555c548ba6f3bd85c43f
2024,5,2024-05-01,Kotak Mahindra Bank Apps,43.41,6178.23,0.0,0.0,0.0,0.0,43.41,6178.23,NPCI UPI Ecosystem Statistics via https://github.com/luckisalive/npci_upi_analytics@5c007daef0b69f30dd8e555c548ba6f3bd85c43f
2024,5,2024-05-01,MakeMyTrip,0.04,18.12,0.0,0.0,0.0,0.0,0.04,18.12,NPCI UPI Ecosystem Statistics via https://github.com/luckisalive/npci_upi_analytics@5c007daef0b69f30dd8e555c548ba6f3bd85c43f
2024,5,2024-05-01,Mobikwik,11.12,2536.09,0.0,0.0,0.0,0.0,11.12,2536.09,NPCI UPI Ecosystem Statistics via https://github.com/luckisalive/npci_upi_analytics@5c007daef0b69f30dd8e555c548ba6f3bd85c43f
2024,5,2024-05-01,NSDL Payments Bank Apps,0.07,12.71,0.0,0.0,0.0,0.0,0.07,12.71,NPCI UPI Ecosystem Statistics via https://github.com/luckisalive/npci_upi_analytics@5c007daef0b69f30dd8e555c548ba6f3bd85c43f
2024,5,2024-05-01,Navi,29.72,958.09,0.0,0.0,0.0,0.0,29.72,958.09,NPCI UPI Ecosystem Statistics via https://github.com/luckisalive/npci_upi_analytics@5c007daef0b69f30dd8e555c548ba6f3bd85c43f
2024,5,2024-05-01,Niyo Global,0.04,22.56,0.0,0.0,0.0,0.0,0.04,22.56,NPCI UPI Ecosystem Statistics via https://github.com/luckisalive/npci_upi_analytics@5c007daef0b69f30dd8e555c548ba6f3bd85c43f
2024,5,2024-05-01,OmniCard,1.24,45.65,0.0,0.0,0.0,0.0,1.24,45.65,NPCI UPI Ecosystem Statistics via https://github.com/luckisalive/npci_upi_analytics@5c007daef0b69f30dd8e555c548ba6f3bd85c43f
2024,5,2024-05-01,Other,1.15,145.19,0.0,0.0,0.14,3.74,1.29,148.93,NPCI UPI Ecosystem Statistics via https://github.com/luckisalive/npci_upi_analytics@5c007daef0b69f30dd8e555c548ba6f3bd85c43f
2024,5,2024-05-01,Paytm,1140.01,124704.79,0.0,0.0,0.0,0.0,1140.01,124704.8,NPCI UPI Ecosystem Statistics via https://github.com/luckisalive/npci_upi_analytics@5c007daef0b69f30dd8e555c548ba6f3bd85c43f
2024,5,2024-05-01,PhonePe,6831.92,1033588.8,0.0,0.0,0.0,0.0,6831.92,1033588.8,NPCI UPI Ecosystem Statistics via https://github.com/luckisalive/npci_upi_analytics@5c007daef0b69f30dd8e555c548ba6f3bd85c43f
2024,5,2024-05-01,Punjab National Bank Apps,1.74,444.5,0.0,0.0,0.0,0.0,1.74,444.5,NPCI UPI Ecosystem Statistics via https://github.com/luckisalive/npci_upi_analytics@5c007daef0b69f30dd8e555c548ba6f3bd85c43f
2024,5,2024-05-01,Punjab Sind Bank Apps,0.03,12.97,0.0,0.0,0.0,0.0,0.03,12.97,NPCI UPI Ecosystem Statistics via https://github.com/luckisalive/npci_upi_analytics@5c007daef0b69f30dd8e555c548ba6f3bd85c43f
2024,5,2024-05-01,RBL Bank Apps,2.2,900.13,0.0,0.0,0.05,31.21,2.24,931.34,NPCI UPI Ecosystem Statistics via https://github.com/luckisalive/npci_upi_analytics@5c007daef0b69f30dd8e555c548ba6f3bd85c43f
2024,5,2024-05-01,Samsung Pay,6.56,547.28,0.0,0.0,0.0,0.0,6.56,547.28,NPCI UPI Ecosystem Statistics via https://github.com/luckisalive/npci_upi_analytics@5c007daef0b69f30dd8e555c548ba6f3bd85c43f
2024,5,2024-05-01,Shriram One,0.29,36.28,0.0,0.0,0.0,0.0,0.29,36.28,NPCI UPI Ecosystem Statistics via https://github.com/luckisalive/npci_upi_analytics@5c007daef0b69f30dd8e555c548ba6f3bd85c43f
2024,5,2024-05-01,Slice,9.05,646.12,0.0,0.0,0.0,0.0,9.05,646.12,NPCI UPI Ecosystem Statistics via https://github.com/luckisalive/npci_upi_analytics@5c007daef0b69f30dd8e555c548ba6f3bd85c43f
2024,5,2024-05-01,South Indian Bank Apps,0.47,141.47,0.0,0.0,0.0,0.0,0.47,141.47,NPCI UPI Ecosystem Statistics via https://github.com/luckisalive/npci_upi_analytics@5c007daef0b69f30dd8e555c548ba6f3bd85c43f
2024,5,2024-05-01,Standard Chartered Bank Apps,0.16,114.4,0.0,0.0,0.0,0.02,0.16,114.42,NPCI UPI Ecosystem Statistics via https://github.com/luckisalive/npci_upi_analytics@5c007daef0b69f30dd8e555c548ba6f3bd85c43f
2024,5,2024-05-01,State Bank of India Apps,7.12,2494.2,0.0,0.0,0.0,0.0,7.12,2494.2,NPCI UPI Ecosystem Statistics via https://github.com/luckisalive/npci_upi_analytics@5c007daef0b69f30dd8e555c548ba6f3bd85c43f
2024,5,2024-05-01,Tamilnad Mercantile Bank Apps,0.08,25.66,0.0,0.0,0.0,0.0,0.08,25.66,NPCI UPI Ecosystem Statistics via https://github.com/luckisalive/npci_upi_analytics@5c007daef0b69f30dd8e555c548ba6f3bd85c43f
2024,5,2024-05-01,TataNeu,0.18,25.1,0.0,0.0,0.0,0.0,0.18,25.1,NPCI UPI Ecosystem Statistics via https://github.com/luckisalive/npci_upi_analytics@5c007daef0b69f30dd8e555c548ba6f3bd85c43f
2024,5,2024-05-01,Timepay,1.61,17.59,0.0,0.0,0.0,0.1,1.61,17.69,NPCI UPI Ecosystem Statistics via https://github.com/luckisalive/npci_upi_analytics@5c007daef0b69f30dd8e555c548ba6f3bd85c43f
2024,5,2024-05-01,UCO Bank Apps,0.2,65.61,0.0,0.0,0.0,0.0,0.2,65.61,NPCI UPI Ecosystem Statistics via https://github.com/luckisalive/npci_upi_analytics@5c007daef0b69f30dd8e555c548ba6f3bd85c43f
2024,5,2024-05-01,Ultracash,0.09,6.19,0.0,0.0,0.0,0.0,0.09,6.19,NPCI UPI Ecosystem Statistics via https://github.com/luckisalive/npci_upi_analytics@5c007daef0b69f30dd8e555c548ba6f3bd85c43f
2024,5,2024-05-01,Union Bank Apps,1.19,505.23,0.0,0.0,0.0,0.0,1.19,505.24,NPCI UPI Ecosystem Statistics via https://github.com/luckisalive/npci_upi_analytics@5c007daef0b69f30dd8e555c548ba6f3bd85c43f
2024,5,2024-05-01,WhatsApp,36.45,2938.72,0.0,0.0,0.0,0.0,36.45,2938.72,NPCI UPI Ecosystem Statistics via https://github.com/luckisalive/npci_upi_analytics@5c007daef0b69f30dd8e555c548ba6f3bd85c43f
2024,5,2024-05-01,Yes Bank Apps,22.48,10939.53,0.0,0.0,0.26,32.11,22.75,10971.64,NPCI UPI Ecosystem Statistics via https://github.com/luckisalive/npci_upi_analytics@5c007daef0b69f30dd8e555c548ba6f3bd85c43f
2024,6,2024-06-01,AU Small Finance Bank Apps,0.76,227.63,0.0,0.0,0.0,0.0,0.76,227.63,NPCI UPI Ecosystem Statistics via https://github.com/luckisalive/npci_upi_analytics@5c007daef0b69f30dd8e555c548ba6f3bd85c43f
2024,6,2024-06-01,Aditya Birla Capital Digital,0.07,3.45,0.0,0.0,0.0,0.0,0.07,3.45,NPCI UPI Ecosystem Statistics via https://github.com/luckisalive/npci_upi_analytics@5c007daef0b69f30dd8e555c548ba6f3bd85c43f
2024,6,2024-06-01,Airtel Payments Bank Apps,15.76,1191.68,0.0,0.0,0.0,0.39,15.76,1192.07,NPCI UPI Ecosystem Statistics via https://github.com/luckisalive/npci_upi_analytics@5c007daef0b69f30dd8e555c548ba6f3bd85c43f
2024,6,2024-06-01,Amazon Pay,67.07,7377.3,0.0,0.0,0.0,0.0,67.07,7377.3,NPCI UPI Ecosystem Statistics via https://github.com/luckisalive/npci_upi_analytics@5c007daef0b69f30dd8e555c548ba6f3bd85c43f
2024,6,2024-06-01,Axis Bank Apps,14.14,3852.77,60.92,2755.96,0.01,5.3,75.07,6614.04,NPCI UPI Ecosystem Statistics via https://github.com/luckisalive/npci_upi_analytics@5c007daef0b69f30dd8e555c548ba6f3bd85c43f
2024,6,2024-06-01,BHIM,22.72,7965.69,0.0,0.0,0.0,0.0,22.72,7965.69,NPCI UPI Ecosystem Statistics via https://github.com/luckisalive/npci_upi_analytics@5c007daef0b69f30dd8e555c548ba6f3bd85c43f
2024,6,2024-06-01,Bajaj Finserv,8.23,1852.43,0.0,0.0,0.0,0.0,8.23,1852.43,NPCI UPI Ecosystem Statistics via https://github.com/luckisalive/npci_upi_analytics@5c007daef0b69f30dd8e555c548ba6f3bd85c43f
2024,6,2024-06-01,Bank of Baroda Apps,1.03,450.62,0.0,0.0,0.0,0.0,1.03,450.62,NPCI UPI Ecosystem Statistics via https://github.com/luckisalive/npci_upi_analytics@5c007daef0b69f30dd8e555c548ba6f3bd85c43f
2024,6,2024-06-01,Bank of India Apps,0.1,38.05,0.0,0.0,0.0,0.0,0.1,38.05,NPCI UPI Ecosystem Statistics via https://github.com/luckisalive/npci_upi_analytics@5c007daef0b69f30dd8e555c548ba6f3bd85c43f
2024,6,2024-06-01,Bank of Maharashtra Apps,0.05,11.11,0.0,0.0,0.0,0.0,0.05,11.11,NPCI UPI Ecosystem Statistics via https://github.com/luckisalive/npci_upi_analytics@5c007daef0b69f30dd8e555c548ba6f3bd85c43f
2024,6,2024-06-01,Canara Bank Apps,2.88,793.85,0.0,0.0,0.0,0.0,2.88,793.85,NPCI UPI Ecosystem Statistics via https://github.com/luckisalive/npci_upi_analytics@5c007daef0b69f30dd8e555c548ba6f3bd85c43f
2024,6,2024-06-01,Central Bank of India Apps,0.83,188.63,0.0,0.0,0.0,0.0,0.83,188.63,NPCI UPI Ecosystem Statistics via https://github.com/luckisalive/npci_upi_analytics@5c007daef0b69f30dd8e555c548ba6f3bd85c43f
2024,6,2024-06-01,Citi Bank Apps,0.06,70.21,0.0,0.0,0.0,0.3,0.07,70.51,NPCI UPI Ecosystem Statistics via https://github.com/luckisalive/npci_upi_analytics@5c007daef0b69f30dd8e555c548ba6f3bd85c43f
2024,6,2024-06-01,City Union Bank Apps,0.08,28.66,0.0,0.0,0.0,0.0,0.08,28.66,NPCI UPI Ecosystem Statistics via https://github.com/luckisalive/npci_upi_analytics@5c007daef0b69f30dd8e555c548ba6f3bd85c43f
2024,6,2024-06-01,Cred,138.42,45720.01,0.0,0.0,0.0,0.0,138.42,45720.01,NPCI UPI Ecosystem Statistics via https://github.com/luckisalive/npci_upi_analytics@5c007daef0b69f30dd8e555c548ba6f3bd85c43f
2024,6,2024-06-01,DBS Digibank Apps,0.49,198.19,0.0,0.0,0.0,0.49,0.5,198.68,NPCI UPI Ecosystem Statistics via https://github.com/luckisalive/npci_upi_analytics@5c007daef0b69f30dd8e555c548ba6f3bd85c43f
2024,6,2024-06-01,Deutsche Bank Apps,2.25,334.1,0.0,0.0,0.0,0.03,2.25,334.12,NPCI UPI Ecosystem Statistics via https://github.com/luckisalive/npci_upi_analytics@5c007daef0b69f30dd8e555c548ba6f3bd85c43f
2024,6,2024-06-01,Dhani,0.11,13.84,0.0,0.0,0.0,0.0,0.11,13.84,NPCI UPI Ecosystem Statistics via https://github.com/luckisalive/npci_upi_analytics@5c007daef0b69f30dd8e555c548ba6f3bd85c43f
2024,6,2024-06-01,Digikhata,0.19,63.31,0.0,0.0,0.0,0.0,0.19,63.31,NPCI UPI Ecosystem Statistics via https://github.com/luckisalive/npci_upi_analytics@5c007daef0b69f30dd8e555c548ba6f3bd85c43f
2024,6,2024-06-01,Equitas Small Finance Bank Apps,0.04,26.25,0.0,0.0,0.0,0.0,0.04,26.25,NPCI UPI Ecosystem Statistics via https://github.com/luckisalive/npci_upi_analytics@5c007daef0b69f30dd8e555c548ba6f3bd85c43f
2024,6,2024-06-01,FamApp by Trio,50.78,641.36,0.0,0.0,0.0,0.0,50.78,641.36,NPCI UPI Ecosystem Statistics via https://github.com/luckisalive/npci_upi_analytics@5c007daef0b69f30dd8e555c548ba6f3bd85c43f
2024,6,2024-06-01,Federal Bank App,5.67,790.57,0.0,0.0,0.0,0.0,5.67,790.57,NPCI UPI Ecosystem Statistics via https://github.com/luckisalive/npci_upi_analytics@5c007daef0b69f30dd8e555c548ba6f3bd85c43f
2024,6,2024-06-01,Fino Payments bank Apps,0.41,55.79,0.0,0.0,0.0,0.0,0.41,55.79,NPCI UPI Ecosystem Statistics via https://github.com/luckisalive/npci_upi_analytics@5c007daef0b69f30dd8e555c548ba6f3bd85c43f
2024,6,2024-06-01,Flipkart UPI,5.97,337.24,0.0,0.0,0.0,0.0,5.97,337.24,NPCI UPI Ecosystem Statistics via https://github.com/luckisalive/npci_upi_analytics@5c007daef0b69f30dd8e555c548ba6f3bd85c43f
2024,6,2024-06-01,Google Pay,5103.99,707241.27,0.0,0.0,0.0,0.0,5103.99,707241.27,NPCI UPI Ecosystem Statistics via https://github.com/luckisalive/npci_upi_analytics@5c007daef0b69f30dd8e555c548ba6f3bd85c43f
2024,6,2024-06-01,Groww,11.26,9094.72,0.0,0.0,0.0,0.0,11.26,9094.72,NPCI UPI Ecosystem Statistics via https://github.com/luckisalive/npci_upi_analytics@5c007daef0b69f30dd8e555c548ba6f3bd85c43f
2024,6,2024-06-01,HDFC Bank Apps,34.57,8166.94,0.03,0.08,0.0,0.27,34.6,8167.3,NPCI UPI Ecosystem Statistics via https://github.com/luckisalive/npci_upi_analytics@5c007daef0b69f30dd8e555c548ba6f3bd85c43f
2024,6,2024-06-01,HSBC Bank Apps,0.4,148.04,0.0,0.05,0.0,0.0,0.4,148.09,NPCI UPI Ecosystem Statistics via https://github.com/luckisalive/npci_upi_analytics@5c007daef0b69f30dd8e555c548ba6f3bd85c43f
2024,6,2024-06-01,ICICI Bank Apps,38.25,16692.52,4.2,462.22,9.2,12841.44,51.65,29996.18,NPCI UPI Ecosystem Statistics via https://github.com/luckisalive/npci_upi_analytics@5c007daef0b69f30dd8e555c548ba6f3bd85c43f
2024,6,2024-06-01,IDBI Bank Apps,0.07,27.06,0.0,0.0,0.0,0.0,0.07,27.06,NPCI UPI Ecosystem Statistics via https://github.com/luckisalive/npci_upi_analytics@5c007daef0b69f30dd8e555c548ba6f3bd85c43f
2024,6,2024-06-01,IDFC Bank Apps,7.33,1654.91,0.0,0.0,0.0,0.0,7.33,1654.91,NPCI UPI Ecosystem Statistics via https://github.com/luckisalive/npci_upi_analytics@5c007daef0b69f30dd8e555c548ba6f3bd85c43f
2024,6,2024-06-01,India Post Payments Bank Apps,6.01,732.1,0.0,0.0,0.0,0.0,6.01,732.1,NPCI UPI Ecosystem Statistics via https://github.com/luckisalive/npci_upi_analytics@5c007daef0b69f30dd8e555c548ba6f3bd85c43f
2024,6,2024-06-01,Indian Bank Apps,1.73,330.29,0.0,0.0,0.0,0.18,1.73,330.47,NPCI UPI Ecosystem Statistics via https://github.com/luckisalive/npci_upi_analytics@5c007daef0b69f30dd8e555c548ba6f3bd85c43f
2024,6,2024-06-01,Indian Overseas Bank Apps,0.13,37.62,0.0,0.0,0.0,0.0,0.13,37.62,NPCI UPI Ecosystem Statistics via https://github.com/luckisalive/npci_upi_analytics@5c007daef0b69f30dd8e555c548ba6f3bd85c43f
2024,6,2024-06-01,IndusInd Bank Apps,0.42,115.96,0.0,0.0,0.01,1.9,0.43,117.86,NPCI UPI Ecosystem Statistics via https://github.com/luckisalive/npci_upi_analytics@5c007daef0b69f30dd8e555c548ba6f3bd85c43f
2024,6,2024-06-01,Jammu and Kashmir Bank Apps,0.75,97.58,0.0,0.0,0.0,0.0,0.75,97.58,NPCI UPI Ecosystem Statistics via https://github.com/luckisalive/npci_upi_analytics@5c007daef0b69f30dd8e555c548ba6f3bd85c43f
2024,6,2024-06-01,Jio Payments Bank Apps,2.33,186.62,0.0,0.0,0.0,0.0,2.33,186.62,NPCI UPI Ecosystem Statistics via https://github.com/luckisalive/npci_upi_analytics@5c007daef0b69f30dd8e555c548ba6f3bd85c43f
2024,6,2024-06-01,Jupiter Money,5.63,750.68,0.0,0.0,0.0,0.0,5.63,750.68,NPCI UPI Ecosystem Statistics via https://github.com/luckisalive/npci_upi_analytics@5c007daef0b69f30dd8e555c548ba6f3bd85c43f
2024,6,2024-06-01,Karnataka Bank Apps,0.18,33.54,0.0,0.0,0.0,0.0,0.18,33.55,NPCI UPI Ecosystem Statistics via https://github.com/luckisalive/npci_upi_analytics@5c007daef0b69f30dd8e555c548ba6f3bd85c43f
2024,6,2024-06-01,Karur Vysya Bank Apps,0.05,18.73,0.0,0.0,0.0,0.0,0.05,18.73,NPCI UPI Ecosystem Statistics via https://github.com/luckisalive/npci_upi_analytics@5c007daef0b69f30dd8e555c548ba6f3bd85c43f
2024,6,2024-06-01,Kiwi,0.15,31.43,0.0,0.0,0.0,0.0,0.15,31.43,NPCI UPI Ecosystem Statistics via https://github.com/luckisalive/npci_upi_analytics@5c007daef0b69f30dd8e555c548ba6f3bd85c43f
2024,6,2024-06-01,Kotak Mahindra Bank Apps,42.65,6073.08,0.0,0.0,0.0,0.0,42.65,6073.08,NPCI UPI Ecosystem Statistics via https://github.com/luckisalive/npci_upi_analytics@5c007daef0b69f30dd8e555c548ba6f3bd85c43f
2024,6,2024-06-01,Mobikwik,11.59,2564.79,0.0,0.0,0.0,0.0,11.59,2564.79,NPCI UPI Ecosystem Statistics via https://github.com/luckisalive/npci_upi_analytics@5c007daef0b69f30dd8e555c548ba6f3bd85c43f
2024,6,2024-06-01,NSDL Payments Bank Apps,0.06,10.09,0.0,0.0,0.0,0.0,0.06,10.09,NPCI UPI Ecosystem Statistics via https://github.com/luckisalive/npci_upi_analytics@5c007daef0b69f30dd8e555c548ba6f3bd85c43f
2024,6,2024-06-01,Navi,35.72,1769.66,0.0,0.0,0.0,0.0,35.72,1769.66,NPCI UPI Ecosystem Statistics via https://github.com/luckisalive/npci_upi_analytics@5c007daef0b69f30dd8e555c548ba6f3bd85c43f
2024,6,2024-06-01,Niyo Global,0.05,24.78,0.0,0.0,0.0,0.0,0.05,24.78,NPCI UPI Ecosystem Statistics via https://github.com/luckisalive/npci_upi_analytics@5c007daef0b69f30dd8e555c548ba6f3bd85c43f
2024,6,2024-06-01,OmniCard,1.28,53.41,0.0,0.0,0.0,0.0,1.28,53.41,NPCI UPI Ecosystem Statistics via https://github.com/luckisalive/npci_upi_analytics@5c007daef0b69f30dd8e555c548ba6f3bd85c43f
2024,6,2024-06-01,Other,1.41,180.43,0.0,0.0,0.13,3.67,1.54,184.11,NPCI UPI Ecosystem Statistics via https://github.com/luckisalive/npci_upi_analytics@5c007daef0b69f30dd8e555c548ba6f3bd85c43f
2024,6,2024-06-01,POPClub,0.07,4.87,0.0,0.0,0.0,0.0,0.07,4.87,NPCI UPI Ecosystem Statistics via https://github.com/luckisalive/npci_upi_analytics@5c007daef0b69f30dd8e555c548ba6f3bd85c43f
2024,6,2024-06-01,Paytm,1104.89,120840.45,0.0,0.0,0.0,0.0,1104.89,120840.45,NPCI UPI Ecosystem Statistics via https://github.com/luckisalive/npci_upi_analytics@5c007daef0b69f30dd8e555c548ba6f3bd85c43f
2024,6,2024-06-01,PhonePe,6716.09,1009064.99,0.0,0.0,0.0,0.0,6716.09,1009064.99,NPCI UPI Ecosystem Statistics via https://github.com/luckisalive/npci_upi_analytics@5c007daef0b69f30dd8e555c548ba6f3bd85c43f
2024,6,2024-06-01,Punjab National Bank Apps,1.8,472.48,0.0,0.0,0.0,0.0,1.8,472.48,NPCI UPI Ecosystem Statistics via https://github.com/luckisalive/npci_upi_analytics@5c007daef0b69f30dd8e555c548ba6f3bd85c43f
2024,6,2024-06-01,Punjab Sind Bank Apps,0.03,12.38,0.0,0.0,0.0,0.0,0.03,12.38,NPCI UPI Ecosystem Statistics via https://github.com/luckisalive/npci_upi_analytics@5c007daef0b69f30dd8e555c548ba6f3bd85c43f
2024,6,2024-06-01,RBL Bank Apps,1.66,733.04,0.0,0.01,0.09,52.02,1.75,785.07,NPCI UPI Ecosystem Statistics via https://github.com/luckisalive/npci_upi_analytics@5c007daef0b69f30dd8e555c548ba6f3bd85c43f
2024,6,2024-06-01,Samsung Pay,6.38,542.12,0.0,0.0,0.0,0.0,6.38,542.12,NPCI UPI Ecosystem Statistics via https://github.com/luckisalive/npci_upi_analytics@5c007daef0b69f30dd8e555c548ba6f3bd85c43f
2024,6,2024-06-01,Shriram One,0.28,37.04,0.0,0.0,0.0,0.0,0.28,37.04,NPCI UPI Ecosystem Statistics via https://github.com/luckisalive/npci_upi_analytics@5c007daef0b69f30dd8e555c548ba6f3bd85c43f
2024,6,2024-06-01,Slice,7.86,634.47,0.0,0.0,0.0,0.0,7.86,634.47,NPCI UPI Ecosystem Statistics via https://github.com/luckisalive/npci_upi_analytics@5c007daef0b69f30dd8e555c548ba6f3bd85c43f
2024,6,2024-06-01,South Indian Bank Apps,0.49,144.78,0.0,0.0,0.0,0.0,0.49,144.78,NPCI UPI Ecosystem Statistics via https://github.com/luckisalive/npci_upi_analytics@5c007daef0b69f30dd8e555c548ba6f3bd85c43f
2024,6,2024-06-01,Standard Chartered Bank Apps,0.17,117.31,0.0,0.0,0.0,0.05,0.17,117.35,NPCI UPI Ecosystem Statistics via https://github.com/luckisalive/npci_upi_analytics@5c007daef0b69f30dd8e555c548ba6f3bd85c43f
2024,6,2024-06-01,State Bank of India Apps,7.22,2426.08,0.0,0.0,0.0,0.0,7.22,2426.08,NPCI UPI Ecosystem Statistics via https://github.com/luckisalive/npci_upi_analytics@5c007daef0b69f30dd8e555c548ba6f3bd85c43f
2024,6,2024-06-01,Suryoday,0.14,0.02,0.0,0.0,0.0,0.0,0.14,0.02,NPCI UPI Ecosystem Statistics via https://github.com/luckisalive/npci_upi_analytics@5c007daef0b69f30dd8e555c548ba6f3bd85c43f
2024,6,2024-06-01,Tamilnad Mercantile Bank Apps,0.08,26.21,0.0,0.0,0.0,0.0,0.08,26.21,NPCI UPI Ecosystem Statistics via https://github.com/luckisalive/npci_upi_analytics@5c007daef0b69f30dd8e555c548ba6f3bd85c43f
2024,6,2024-06-01,TataNeu,0.16,23.31,0.0,0.0,0.0,0.0,0.16,23.31,NPCI UPI Ecosystem Statistics via https://github.com/luckisalive/npci_upi_analytics@5c007daef0b69f30dd8e555c548ba6f3bd85c43f
2024,6,2024-06-01,Timepay,1.82,20.11,0.0,0.0,0.0,0.09,1.82,20.2,NPCI UPI Ecosystem Statistics via https://github.com/luckisalive/npci_upi_analytics@5c007daef0b69f30dd8e555c548ba6f3bd85c43f
2024,6,2024-06-01,UCO Bank Apps,0.22,67.4,0.0,0.0,0.0,0.0,0.22,67.4,NPCI UPI Ecosystem Statistics via https://github.com/luckisalive/npci_upi_analytics@5c007daef0b69f30dd8e555c548ba6f3bd85c43f
2024,6,2024-06-01,Ultracash,0.09,6.51,0.0,0.0,0.0,0.0,0.09,6.51,NPCI UPI Ecosystem Statistics via https://github.com/luckisalive/npci_upi_analytics@5c007daef0b69f30dd8e555c548ba6f3bd85c43f
2024,6,2024-06-01,Union Bank Apps,1.06,461.02,0.0,0.0,0.0,0.0,1.06,461.02,NPCI UPI Ecosystem Statistics via https://github.com/luckisalive/npci_upi_analytics@5c007daef0b69f30dd8e555c548ba6f3bd85c43f
2024,6,2024-06-01,WhatsApp,37.18,2923.79,0.0,0.0,0.0,0.0,37.18,2923.79,NPCI UPI Ecosystem Statistics via https://github.com/luckisalive/npci_upi_analytics@5c007daef0b69f30dd8e555c548ba6f3bd85c43f
2024,6,2024-06-01,Yes Bank Apps,22.28,9285.69,0.0,0.0,0.27,31.36,22.55,9317.05,NPCI UPI Ecosystem Statistics via https://github.com/luckisalive/npci_upi_analytics@5c007daef0b69f30dd8e555c548ba6f3bd85c43f
2024,6,2024-06-01,super.money,0.13,5.04,0.0,0.0,0.0,0.0,0.13,5.04,NPCI UPI Ecosystem Statistics via https://github.com/luckisalive/npci_upi_analytics@5c007daef0b69f30dd8e555c548ba6f3bd85c43f
2024,7,2024-07-01,AU Small Finance Bank Apps,0.66,202.05,0.0,0.0,0.0,0.0,0.66,202.05,NPCI UPI Ecosystem Statistics via https://github.com/luckisalive/npci_upi_analytics@5c007daef0b69f30dd8e555c548ba6f3bd85c43f
2024,7,2024-07-01,Aditya Birla Capital Digital Limited,0.08,3.7,0.0,0.0,0.0,0.0,0.08,3.7,NPCI UPI Ecosystem Statistics via https://github.com/luckisalive/npci_upi_analytics@5c007daef0b69f30dd8e555c548ba6f3bd85c43f
2024,7,2024-07-01,Airtel Payments Bank Apps,16.63,1210.03,0.0,0.0,0.85,0.29,17.48,1210.32,NPCI UPI Ecosystem Statistics via https://github.com/luckisalive/npci_upi_analytics@5c007daef0b69f30dd8e555c548ba6f3bd85c43f
2024,7,2024-07-01,Allahabad Bank Apps,0.02,5.19,0.0,0.0,0.0,0.0,0.02,5.19,NPCI UPI Ecosystem Statistics via https://github.com/luckisalive/npci_upi_analytics@5c007daef0b69f30dd8e555c548ba6f3bd85c43f
2024,7,2024-07-01,Amazon Pay,72.41,7995.92,0.0,0.0,0.0,0.0,72.41,7995.92,NPCI UPI Ecosystem Statistics via https://github.com/luckisalive/npci_upi_analytics@5c007daef0b69f30dd8e555c548ba6f3bd85c43f
2024,7,2024-07-01,Axis Bank Apps,15.45,3943.51,93.11,2389.15,0.01,2.4,108.57,6335.06,NPCI UPI Ecosystem Statistics via https://github.com/luckisalive/npci_upi_analytics@5c007daef0b69f30dd8e555c548ba6f3bd85c43f
2024,7,2024-07-01,BHIM,24.64,8756.73,0.0,0.0,0.0,0.0,24.64,8756.73,NPCI UPI Ecosystem Statistics via https://github.com/luckisalive/npci_upi_analytics@5c007daef0b69f30dd8e555c548ba6f3bd85c43f
2024,7,2024-07-01,Bajaj Finserv,9.9,2309.58,0.0,0.0,0.0,0.0,9.9,2309.58,NPCI UPI Ecosystem Statistics via https://github.com/luckisalive/npci_upi_analytics@5c007daef0b69f30dd8e555c548ba6f3bd85c43f
2024,7,2024-07-01,Bank of Baroda Apps,1.07,477.6,0.0,0.0,0.0,0.39,1.07,477.99,NPCI UPI Ecosystem Statistics via https://github.com/luckisalive/npci_upi_analytics@5c007daef0b69f30dd8e555c548ba6f3bd85c43f
2024,7,2024-07-01,Bank of India Apps,0.08,20.12,0.0,0.0,0.0,0.0,0.08,20.12,NPCI UPI Ecosystem Statistics via https://github.com/luckisalive/npci_upi_analytics@5c007daef0b69f30dd8e555c548ba6f3bd85c43f
2024,7,2024-07-01,Bank of Maharashtra Apps,0.06,13.25,0.0,0.0,0.0,0.02,0.06,13.27,NPCI UPI Ecosystem Statistics via https://github.com/luckisalive/npci_upi_analytics@5c007daef0b69f30dd8e555c548ba6f3bd85c43f
2024,7,2024-07-01,Canara Bank Apps,3.04,834.74,0.0,0.0,0.0,0.0,3.04,834.74,NPCI UPI Ecosystem Statistics via https://github.com/luckisalive/npci_upi_analytics@5c007daef0b69f30dd8e555c548ba6f3bd85c43f
2024,7,2024-07-01,Central Bank of India Apps,0.83,180.98,0.0,0.0,0.0,0.0,0.83,180.98,NPCI UPI Ecosystem Statistics via https://github.com/luckisalive/npci_upi_analytics@5c007daef0b69f30dd8e555c548ba6f3bd85c43f
2024,7,2024-07-01,Citi Bank Apps,0.06,33.95,0.0,0.0,0.01,0.59,0.07,34.54,NPCI UPI Ecosystem Statistics via https://github.com/luckisalive/npci_upi_analytics@5c007daef0b69f30dd8e555c548ba6f3bd85c43f
2024,7,2024-07-01,City Union Bank Apps,0.08,28.82,0.0,0.0,0.0,0.0,0.08,28.82,NPCI UPI Ecosystem Statistics via https://github.com/luckisalive/npci_upi_analytics@5c007daef0b69f30dd8e555c548ba6f3bd85c43f
2024,7,2024-07-01,Cred,142.56,48998.89,0.0,0.0,0.0,0.0,142.56,48998.89,NPCI UPI Ecosystem Statistics via https://github.com/luckisalive/npci_upi_analytics@5c007daef0b69f30dd8e555c548ba6f3bd85c43f
2024,7,2024-07-01,DBS Digibank Apps,0.52,205.42,0.0,0.0,0.0,0.61,0.53,206.03,NPCI UPI Ecosystem Statistics via https://github.com/luckisalive/npci_upi_analytics@5c007daef0b69f30dd8e555c548ba6f3bd85c43f
2024,7,2024-07-01,Deutsche Bank Apps,2.43,344.47,0.0,0.0,0.0,0.06,2.44,344.53,NPCI UPI Ecosystem Statistics via https://github.com/luckisalive/npci_upi_analytics@5c007daef0b69f30dd8e555c548ba6f3bd85c43f
2024,7,2024-07-01,Dhani,0.11,15.91,0.0,0.0,0.0,0.0,0.11,15.91,NPCI UPI Ecosystem Statistics via https://github.com/luckisalive/npci_upi_analytics@5c007daef0b69f30dd8e555c548ba6f3bd85c43f
2024,7,2024-07-01,Digikhata,0.26,83.11,0.0,0.0,0.0,0.0,0.26,83.11,NPCI UPI Ecosystem Statistics via https://github.com/luckisalive/npci_upi_analytics@5c007daef0b69f30dd8e555c548ba6f3bd85c43f
2024,7,2024-07-01,Equitas Small Finance Bank Apps,0.04,28.2,0.0,0.0,0.0,0.0,0.04,28.2,NPCI UPI Ecosystem Statistics via https://github.com/luckisalive/npci_upi_analytics@5c007daef0b69f30dd8e555c548ba6f3bd85c43f
2024,7,2024-07-01,Fampay by Trio,52.04,639.44,0.0,0.0,0.0,0.0,52.04,639.44,NPCI UPI Ecosystem Statistics via https://github.com/luckisalive/npci_upi_analytics@5c007daef0b69f30dd8e555c548ba6f3bd85c43f
2024,7,2024-07-01,Federal Bank App,8.63,1309.35,0.0,0.0,0.0,0.0,8.63,1309.35,NPCI UPI Ecosystem Statistics via https://github.com/luckisalive/npci_upi_analytics@5c007daef0b69f30dd8e555c548ba6f3bd85c43f
2024,7,2024-07-01,Fino Payments bank Apps,0.44,58.11,0.0,0.0,0.0,0.0,0.44,58.11,NPCI UPI Ecosystem Statistics via https://github.com/luckisalive/npci_upi_analytics@5c007daef0b69f30dd8e555c548ba6f3bd85c43f
2024,7,2024-07-01,Flipkart UPI,7.12,422.36,0.0,0.0,0.0,0.0,7.12,422.36,NPCI UPI Ecosystem Statistics via https://github.com/luckisalive/npci_upi_analytics@5c007daef0b69f30dd8e555c548ba6f3bd85c43f
2024,7,2024-07-01,Google Pay,5341.23,735159.2,0.0,0.0,0.0,0.0,5341.23,735159.2,NPCI UPI Ecosystem Statistics via https://github.com/luckisalive/npci_upi_analytics@5c007daef0b69f30dd8e555c548ba6f3bd85c43f
2024,7,2024-07-01,Groww,15.18,12129.34,0.0,0.0,0.0,0.0,15.18,12129.34,NPCI UPI Ecosystem Statistics via https://github.com/luckisalive/npci_upi_analytics@5c007daef0b69f30dd8e555c548ba6f3bd85c43f
2024,7,2024-07-01,HDFC Bank Apps,35.25,8747.15,0.02,0.07,0.0,0.28,35.28,8747.5,NPCI UPI Ecosystem Statistics via https://github.com/luckisalive/npci_upi_analytics@5c007daef0b69f30dd8e555c548ba6f3bd85c43f
2024,7,2024-07-01,HSBC Bank Apps,0.44,152.09,0.0,0.05,0.0,0.0,0.44,152.15,NPCI UPI Ecosystem Statistics via https://github.com/luckisalive/npci_upi_analytics@5c007daef0b69f30dd8e555c548ba6f3bd85c43f
2024,7,2024-07-01,ICICI Bank Apps,42.13,17883.79,3.46,405.17,7.32,10240.43,52.91,28529.39,NPCI UPI Ecosystem Statistics via https://github.com/luckisalive/npci_upi_analytics@5c007daef0b69f30dd8e555c548ba6f3bd85c43f
2024,7,2024-07-01,IDBI Bank Apps,0.08,32.92,0.0,0.0,0.0,0.0,0.08,32.92,NPCI UPI Ecosystem Statistics via https://github.com/luckisalive/npci_upi_analytics@5c007daef0b69f30dd8e555c548ba6f3bd85c43f
2024,7,2024-07-01,IDFC Bank Apps,7.63,1725.98,0.0,0.0,0.0,0.0,7.63,1725.98,NPCI UPI Ecosystem Statistics via https://github.com/luckisalive/npci_upi_analytics@5c007daef0b69f30dd8e555c548ba6f3bd85c43f
2024,7,2024-07-01,India Post Payments Bank Apps,6.43,826.31,0.0,0.0,0.0,0.0,6.43,826.31,NPCI UPI Ecosystem Statistics via https://github.com/luckisalive/npci_upi_analytics@5c007daef0b69f30dd8e555c548ba6f3bd85c43f
2024,7,2024-07-01,Indian Bank Apps,1.95,342.38,0.0,0.0,0.0,2.45,1.95,344.83,NPCI UPI Ecosystem Statistics via https://github.com/luckisalive/npci_upi_analytics@5c007daef0b69f30dd8e555c548ba6f3bd85c43f
2024,7,2024-07-01,Indian Overseas Bank Apps,0.15,45.13,0.0,0.0,0.0,0.0,0.15,45.13,NPCI UPI Ecosystem Statistics via https://github.com/luckisalive/npci_upi_analytics@5c007daef0b69f30dd8e555c548ba6f3bd85c43f
2024,7,2024-07-01,IndusInd Bank Apps,0.37,99.64,0.0,0.0,0.01,1.48,0.38,101.12,NPCI UPI Ecosystem Statistics via https://github.com/luckisalive/npci_upi_analytics@5c007daef0b69f30dd8e555c548ba6f3bd85c43f
2024,7,2024-07-01,Jammu and Kashmir Bank Apps,0.87,111.92,0.0,0.0,0.0,0.0,0.87,111.92,NPCI UPI Ecosystem Statistics via https://github.com/luckisalive/npci_upi_analytics@5c007daef0b69f30dd8e555c548ba6f3bd85c43f
2024,7,2024-07-01,Jio Payments Bank Apps,2.53,199.65,0.0,0.0,0.0,0.0,2.53,199.65,NPCI UPI Ecosystem Statistics via https://github.com/luckisalive/npci_upi_analytics@5c007daef0b69f30dd8e555c548ba6f3bd85c43f
2024,7,2024-07-01,Jupiter Money,5.76,781.04,0.0,0.0,0.0,0.0,5.76,781.04,NPCI UPI Ecosystem Statistics via https://github.com/luckisalive/npci_upi_analytics@5c007daef0b69f30dd8e555c548ba6f3bd85c43f
2024,7,2024-07-01,Karnataka Bank Apps,0.19,39.14,0.0,0.0,0.0,0.0,0.19,39.14,NPCI UPI Ecosystem Statistics via https://github.com/luckisalive/npci_upi_analytics@5c007daef0b69f30dd8e555c548ba6f3bd85c43f
2024,7,2024-07-01,Karur Vysya Bank Apps,0.06,20.69,0.0,0.0,0.0,0.0,0.06,20.69,NPCI UPI Ecosystem Statistics via https://github.com/luckisalive/npci_upi_analytics@5c007daef0b69f30dd8e555c548ba6f3bd85c43f
2024,7,2024-07-01,Kiwi,0.15,30.35,0.0,0.0,0.0,0.0,0.15,30.35,NPCI UPI Ecosystem Statistics via https://github.com/luckisalive/npci_upi_analytics@5c007daef0b69f30dd8e555c548ba6f3bd85c43f
2024,7,2024-07-01,Kotak Mahindra Bank Apps,44.8,6488.28,0.0,0.0,0.0,0.0,44.8,6488.28,NPCI UPI Ecosystem Statistics via https://github.com/luckisalive/npci_upi_analytics@5c007daef0b69f30dd8e555c548ba6f3bd85c43f
2024,7,2024-07-01,Mobikwik,9.11,2431.73,0.0,0.0,0.0,0.0,9.11,2431.73,NPCI UPI Ecosystem Statistics via https://github.com/luckisalive/npci_upi_analytics@5c007daef0b69f30dd8e555c548ba6f3bd85c43f
2024,7,2024-07-01,NSDL Payments Bank Apps,0.07,10.63,0.0,0.0,0.0,0.0,0.07,10.63,NPCI UPI Ecosystem Statistics via https://github.com/luckisalive/npci_upi_analytics@5c007daef0b69f30dd8e555c548ba6f3bd85c43f
2024,7,2024-07-01,Navi,68.47,3574.61,0.0,0.0,0.0,0.0,68.47,3574.61,NPCI UPI Ecosystem Statistics via https://github.com/luckisalive/npci_upi_analytics@5c007daef0b69f30dd8e555c548ba6f3bd85c43f
2024,7,2024-07-01,Niyo Global,0.06,28.59,0.0,0.0,0.0,0.0,0.06,28.59,NPCI UPI Ecosystem Statistics via https://github.com/luckisalive/npci_upi_analytics@5c007daef0b69f30dd8e555c548ba6f3bd85c43f
2024,7,2024-07-01,Omnicard,1.2,54.57,0.0,0.0,0.0,0.0,1.2,54.57,NPCI UPI Ecosystem Statistics via https://github.com/luckisalive/npci_upi_analytics@5c007daef0b69f30dd8e555c548ba6f3bd85c43f
2024,7,2024-07-01,Other,1.34,191.87,0.0,0.08,0.15,3.99,1.48,195.85,NPCI UPI Ecosystem Statistics via https://github.com/luckisalive/npci_upi_analytics@5c007daef0b69f30dd8e555c548ba6f3bd85c43f
2024,7,2024-07-01,POP UPI,0.45,34.71,0.0,0.0,0.0,0.0,0.45,34.71,NPCI UPI Ecosystem Statistics via https://github.com/luckisalive/npci_upi_analytics@5c007daef0b69f30dd8e555c548ba6f3bd85c43f
2024,7,2024-07-01,Paytm,1128.97,123467.32,0.0,0.0,0.0,0.0,1128.97,123467.33,NPCI UPI Ecosystem Statistics via https://github.com/luckisalive/npci_upi_analytics@5c007daef0b69f30dd8e555c548ba6f3bd85c43f
2024,7,2024-07-01,PhonePe,6983.97,1028799.39,0.0,0.0,0.0,0.0,6983.97,1028799.39,NPCI UPI Ecosystem Statistics via https://github.com/luckisalive/npci_upi_analytics@5c007daef0b69f30dd8e555c548ba6f3bd85c43f
2024,7,2024-07-01,Punjab National Bank Apps,2.15,563.99,0.0,0.0,0.0,0.0,2.15,563.99,NPCI UPI Ecosystem Statistics via https://github.com/luckisalive/npci_upi_analytics@5c007daef0b69f30dd8e555c548ba6f3bd85c43f
2024,7,2024-07-01,Punjab Sind Bank Apps,0.03,14.96,0.0,0.0,0.0,0.0,0.03,14.96,NPCI UPI Ecosystem Statistics via https://github.com/luckisalive/npci_upi_analytics@5c007daef0b69f30dd8e555c548ba6f3bd85c43f
2024,7,2024-07-01,RBL Bank Apps,1.41,336.63,0.0,0.0,0.05,18.14,1.46,354.77,NPCI UPI Ecosystem Statistics via https://github.com/luckisalive/npci_upi_analytics@5c007daef0b69f30dd8e555c548ba6f3bd85c43f
2024,7,2024-07-01,Rapi Pay,0.04,5.95,0.0,0.0,0.0,0.0,0.04,5.95,NPCI UPI Ecosystem Statistics via https://github.com/luckisalive/npci_upi_analytics@5c007daef0b69f30dd8e555c548ba6f3bd85c43f
2024,7,2024-07-01,Samsung Pay,6.6,558.51,0.0,0.0,0.0,0.0,6.6,558.51,NPCI UPI Ecosystem Statistics via https://github.com/luckisalive/npci_upi_analytics@5c007daef0b69f30dd8e555c548ba6f3bd85c43f
2024,7,2024-07-01,Shri Ram One,0.3,35.64,0.0,0.0,0.0,0.0,0.3,35.64,NPCI UPI Ecosystem Statistics via https://github.com/luckisalive/npci_upi_analytics@5c007daef0b69f30dd8e555c548ba6f3bd85c43f
2024,7,2024-07-01,Slice,9.41,708.27,0.0,0.0,0.0,0.0,9.41,708.27,NPCI UPI Ecosystem Statistics via https://github.com/luckisalive/npci_upi_analytics@5c007daef0b69f30dd8e555c548ba6f3bd85c43f
2024,7,2024-07-01,South Indian Bank Apps,0.56,159.32,0.0,0.0,0.0,0.0,0.56,159.32,NPCI UPI Ecosystem Statistics via https://github.com/luckisalive/npci_upi_analytics@5c007daef0b69f30dd8e555c548ba6f3bd85c43f
2024,7,2024-07-01,Standard Chartered Bank Apps,0.17,116.68,0.0,0.0,0.0,0.04,0.17,116.72,NPCI UPI Ecosystem Statistics via https://github.com/luckisalive/npci_upi_analytics@5c007daef0b69f30dd8e555c548ba6f3bd85c43f
2024,7,2024-07-01,State Bank of India Apps,8.06,2691.74,0.0,0.0,0.0,0.0,8.06,2691.74,NPCI UPI Ecosystem Statistics via https://github.com/luckisalive/npci_upi_analytics@5c007daef0b69f30dd8e555c548ba6f3bd85c43f
2024,7,2024-07-01,Suryoday Bank Apps,0.13,0.03,0.0,0.0,0.0,0.0,0.13,0.03,NPCI UPI Ecosystem Statistics via https://github.com/luckisalive/npci_upi_analytics@5c007daef0b69f30dd8e555c548ba6f3bd85c43f
2024,7,2024-07-01,Tamilnad Mercantile Bank Apps,0.08,24.19,0.0,0.0,0.0,0.0,0.08,24.19,NPCI UPI Ecosystem Statistics via https://github.com/luckisalive/npci_upi_analytics@5c007daef0b69f30dd8e555c548ba6f3bd85c43f
2024,7,2024-07-01,TataNeu,0.17,26.16,0.0,0.0,0.0,0.0,0.17,26.16,NPCI UPI Ecosystem Statistics via https://github.com/luckisalive/npci_upi_analytics@5c007daef0b69f30dd8e555c548ba6f3bd85c43f
2024,7,2024-07-01,Timepay,2.16,20.43,0.0,0.0,0.0,0.08,2.16,20.52,NPCI UPI Ecosystem Statistics via https://github.com/luckisalive/npci_upi_analytics@5c007daef0b69f30dd8e555c548ba6f3bd85c43f
2024,7,2024-07-01,UCO Bank Apps,0.24,69.95,0.0,0.0,0.0,0.0,0.24,69.95,NPCI UPI Ecosystem Statistics via https://github.com/luckisalive/npci_upi_analytics@5c007daef0b69f30dd8e555c548ba6f3bd85c43f
2024,7,2024-07-01,Ultracash,0.1,7.35,0.0,0.0,0.0,0.0,0.1,7.35,NPCI UPI Ecosystem Statistics via https://github.com/luckisalive/npci_upi_analytics@5c007daef0b69f30dd8e555c548ba6f3bd85c43f
2024,7,2024-07-01,Union Bank Apps,1.28,530.92,0.0,0.0,0.0,0.0,1.28,530.92,NPCI UPI Ecosystem Statistics via https://github.com/luckisalive/npci_upi_analytics@5c007daef0b69f30dd8e555c548ba6f3bd85c43f
2024,7,2024-07-01,WhatsApp,41.39,3215.18,0.0,0.0,0.0,0.0,41.39,3215.18,NPCI UPI Ecosystem Statistics via https://github.com/luckisalive/npci_upi_analytics@5c007daef0b69f30dd8e555c548ba6f3bd85c43f
2024,7,2024-07-01,Yes Bank Apps,23.81,9556.22,0.0,0.0,0.27,26.99,24.08,9583.2,NPCI UPI Ecosystem Statistics via https://github.com/luckisalive/npci_upi_analytics@5c007daef0b69f30dd8e555c548ba6f3bd85c43f
2024,7,2024-07-01,super.money,2.5,75.7,0.0,0.0,0.0,0.0,2.5,75.7,NPCI UPI Ecosystem Statistics via https://github.com/luckisalive/npci_upi_analytics@5c007daef0b69f30dd8e555c548ba6f3bd85c43f
2024,8,2024-08-01,AU Small Finance Bank Apps,0.53,155.57,0.0,0.0,0.0,0.0,0.53,155.57,NPCI UPI Ecosystem Statistics via https://github.com/luckisalive/npci_upi_analytics@5c007daef0b69f30dd8e555c548ba6f3bd85c43f
2024,8,2024-08-01,Aditya Birla Capital Digital,0.51,16.36,0.0,0.0,0.0,0.0,0.51,16.36,NPCI UPI Ecosystem Statistics via https://github.com/luckisalive/npci_upi_analytics@5c007daef0b69f30dd8e555c548ba6f3bd85c43f
2024,8,2024-08-01,Airtel Payments Bank Apps,17.56,1221.85,0.0,0.01,0.0,0.0,17.56,1221.86,NPCI UPI Ecosystem Statistics via https://github.com/luckisalive/npci_upi_analytics@5c007daef0b69f30dd8e555c548ba6f3bd85c43f
2024,8,2024-08-01,Allahabad Bank Apps,0.02,5.13,0.0,0.0,0.0,0.0,0.02,5.13,NPCI UPI Ecosystem Statistics via https://github.com/luckisalive/npci_upi_analytics@5c007daef0b69f30dd8e555c548ba6f3bd85c43f
2024,8,2024-08-01,Amazon Pay,70.72,7744.21,0.0,0.0,0.0,0.0,70.72,7744.21,NPCI UPI Ecosystem Statistics via https://github.com/luckisalive/npci_upi_analytics@5c007daef0b69f30dd8e555c548ba6f3bd85c43f
2024,8,2024-08-01,Axis Bank Apps,18.05,4189.44,95.91,1642.7,0.01,2.21,113.97,5834.35,NPCI UPI Ecosystem Statistics via https://github.com/luckisalive/npci_upi_analytics@5c007daef0b69f30dd8e555c548ba6f3bd85c43f
2024,8,2024-08-01,BHIM,25.94,8363.28,0.0,0.0,0.0,0.0,25.94,8363.28,NPCI UPI Ecosystem Statistics via https://github.com/luckisalive/npci_upi_analytics@5c007daef0b69f30dd8e555c548ba6f3bd85c43f
2024,8,2024-08-01,Bajaj Finserv,11.01,2639.91,0.0,0.0,0.0,0.0,11.01,2639.91,NPCI UPI Ecosystem Statistics via https://github.com/luckisalive/npci_upi_analytics@5c007daef0b69f30dd8e555c548ba6f3bd85c43f
2024,8,2024-08-01,Bank of Baroda Apps,1.13,449.45,0.0,0.0,0.0,0.0,1.13,449.45,NPCI UPI Ecosystem Statistics via https://github.com/luckisalive/npci_upi_analytics@5c007daef0b69f30dd8e555c548ba6f3bd85c43f
2024,8,2024-08-01,Bank of India Apps,0.11,28.04,0.0,0.0,0.0,0.0,0.11,28.04,NPCI UPI Ecosystem Statistics via https://github.com/luckisalive/npci_upi_analytics@5c007daef0b69f30dd8e555c548ba6f3bd85c43f
2024,8,2024-08-01,Canara Bank Apps,3.1,810.75,0.0,0.0,0.0,0.0,3.1,810.75,NPCI UPI Ecosystem Statistics via https://github.com/luckisalive/npci_upi_analytics@5c007daef0b69f30dd8e555c548ba6f3bd85c43f
2024,8,2024-08-01,Central Bank of India Apps,0.85,173.27,0.0,0.0,0.0,0.0,0.85,173.27,NPCI UPI Ecosystem Statistics via https://github.com/luckisalive/npci_upi_analytics@5c007daef0b69f30dd8e555c548ba6f3bd85c43f
2024,8,2024-08-01,City Union Bank Apps,0.08,29.36,0.0,0.0,0.0,0.0,0.08,29.36,NPCI UPI Ecosystem Statistics via https://github.com/luckisalive/npci_upi_analytics@5c007daef0b69f30dd8e555c548ba6f3bd85c43f
2024,8,2024-08-01,Cred,147.48,50720.89,0.0,0.0,0.0,0.0,147.48,50720.89,NPCI UPI Ecosystem Statistics via https://github.com/luckisalive/npci_upi_analytics@5c007daef0b69f30dd8e555c548ba6f3bd85c43f
2024,8,2024-08-01,DBS Digibank Apps,0.52,198.88,0.0,0.0,0.0,0.58,0.52,199.46,NPCI UPI Ecosystem Statistics via https://github.com/luckisalive/npci_upi_analytics@5c007daef0b69f30dd8e555c548ba6f3bd85c43f
2024,8,2024-08-01,Deutsche Bank Apps,3.73,369.37,0.0,0.0,0.0,0.07,3.73,369.45,NPCI UPI Ecosystem Statistics via https://github.com/luckisalive/npci_upi_analytics@5c007daef0b69f30dd8e555c548ba6f3bd85c43f
2024,8,2024-08-01,Dhani,0.12,15.89,0.0,0.0,0.0,0.0,0.12,15.89,NPCI UPI Ecosystem Statistics via https://github.com/luckisalive/npci_upi_analytics@5c007daef0b69f30dd8e555c548ba6f3bd85c43f
2024,8,2024-08-01,Digikhata,0.33,110.14,0.0,0.0,0.0,0.0,0.33,110.14,NPCI UPI Ecosystem Statistics via https://github.com/luckisalive/npci_upi_analytics@5c007daef0b69f30dd8e555c548ba6f3bd85c43f
2024,8,2024-08-01,Equitas Small Finance Bank Apps,0.04,26.4,0.0,0.0,0.0,0.0,0.04,26.4,NPCI UPI Ecosystem Statistics via https://github.com/luckisalive/npci_upi_analytics@5c007daef0b69f30dd8e555c548ba6f3bd85c43f
2024,8,2024-08-01,Fam Pay by Trio,57.16,686.06,0.0,0.0,0.0,0.0,57.16,686.06,NPCI UPI Ecosystem Statistics via https://github.com/luckisalive/npci_upi_analytics@5c007daef0b69f30dd8e555c548ba6f3bd85c43f
2024,8,2024-08-01,Federal Bank App,6.25,901.05,0.0,0.0,0.0,0.0,6.25,901.05,NPCI UPI Ecosystem Statistics via https://github.com/luckisalive/npci_upi_analytics@5c007daef0b69f30dd8e555c548ba6f3bd85c43f
2024,8,2024-08-01,Fino Payments bank Apps,0.46,54.37,0.0,0.0,0.0,0.0,0.46,54.37,NPCI UPI Ecosystem Statistics via https://github.com/luckisalive/npci_upi_analytics@5c007daef0b69f30dd8e555c548ba6f3bd85c43f
2024,8,2024-08-01,Flipkart UPI,8.6,468.99,0.0,0.0,0.0,0.0,8.6,468.99,NPCI UPI Ecosystem Statistics via https://github.com/luckisalive/npci_upi_analytics@5c007daef0b69f30dd8e555c548ba6f3bd85c43f
2024,8,2024-08-01,Google Pay,5592.45,742223.07,0.0,0.0,0.0,0.0,5592.45,742223.07,NPCI UPI Ecosystem Statistics via https://github.com/luckisalive/npci_upi_analytics@5c007daef0b69f30dd8e555c548ba6f3bd85c43f
2024,8,2024-08-01,Groww,13.65,9693.95,0.0,0.0,0.0,0.0,13.65,9693.95,NPCI UPI Ecosystem Statistics via https://github.com/luckisalive/npci_upi_analytics@5c007daef0b69f30dd8e555c548ba6f3bd85c43f
2024,8,2024-08-01,HDFC Bank Apps,35.74,8834.38,0.26,0.39,0.01,0.42,36.0,8835.19,NPCI UPI Ecosystem Statistics via https://github.com/luckisalive/npci_upi_analytics@5c007daef0b69f30dd8e555c548ba6f3bd85c43f
2024,8,2024-08-01,HSBC Bank Apps,0.49,168.5,0.0,0.09,0.0,0.0,0.49,168.59,NPCI UPI Ecosystem Statistics via https://github.com/luckisalive/npci_upi_analytics@5c007daef0b69f30dd8e555c548ba6f3bd85c43f
2024,8,2024-08-01,ICICI Bank Apps,48.59,18120.13,0.01,6.62,2.72,3182.57,51.31,21309.33,NPCI UPI Ecosystem Statistics via https://github.com/luckisalive/npci_upi_analytics@5c007daef0b69f30dd8e555c548ba6f3bd85c43f
2024,8,2024-08-01,IDBI Bank Apps,0.09,33.76,0.0,0.0,0.0,0.0,0.09,33.76,NPCI UPI Ecosystem Statistics via https://github.com/luckisalive/npci_upi_analytics@5c007daef0b69f30dd8e555c548ba6f3bd85c43f
2024,8,2024-08-01,IDFC Bank Apps,8.01,1768.92,0.0,0.0,0.0,0.0,8.01,1768.92,NPCI UPI Ecosystem Statistics via https://github.com/luckisalive/npci_upi_analytics@5c007daef0b69f30dd8e555c548ba6f3bd85c43f
2024,8,2024-08-01,India Post Payments Bank Apps,7.04,906.0,0.0,0.0,0.0,0.0,7.04,906.0,NPCI UPI Ecosystem Statistics via https://github.com/luckisalive/npci_upi_analytics@5c007daef0b69f30dd8e555c548ba6f3bd85c43f
2024,8,2024-08-01,Indian Bank Apps,2.26,373.47,0.0,0.0,0.0,0.28,2.26,373.75,NPCI UPI Ecosystem Statistics via https://github.com/luckisalive/npci_upi_analytics@5c007daef0b69f30dd8e555c548ba6f3bd85c43f
2024,8,2024-08-01,Indian Overseas Bank Apps,0.17,46.55,0.0,0.0,0.0,0.0,0.17,46.55,NPCI UPI Ecosystem Statistics via https://github.com/luckisalive/npci_upi_analytics@5c007daef0b69f30dd8e555c548ba6f3bd85c43f
2024,8,2024-08-01,IndusInd Bank Apps,0.37,99.26,0.0,0.0,0.01,2.23,0.37,101.49,NPCI UPI Ecosystem Statistics via https://github.com/luckisalive/npci_upi_analytics@5c007daef0b69f30dd8e555c548ba6f3bd85c43f
2024,8,2024-08-01,Jammu and Kashmir Bank Apps,0.93,122.73,0.0,0.0,0.0,0.0,0.93,122.73,NPCI UPI Ecosystem Statistics via https://github.com/luckisalive/npci_upi_analytics@5c007daef0b69f30dd8e555c548ba6f3bd85c43f
2024,8,2024-08-01,Jio Payments Bank Apps,2.62,201.6,0.0,0.0,0.0,0.0,2.62,201.6,NPCI UPI Ecosystem Statistics via https://github.com/luckisalive/npci_upi_analytics@5c007daef0b69f30dd8e555c548ba6f3bd85c43f
2024,8,2024-08-01,Jupiter Money,6.04,807.39,0.0,0.0,0.0,0.0,6.04,807.39,NPCI UPI Ecosystem Statistics via https://github.com/luckisalive/npci_upi_analytics@5c007daef0b69f30dd8e555c548ba6f3bd85c43f
2024,8,2024-08-01,Karnataka Bank Apps,0.19,39.14,0.0,0.0,0.0,0.0,0.19,39.14,NPCI UPI Ecosystem Statistics via https://github.com/luckisalive/npci_upi_analytics@5c007daef0b69f30dd8e555c548ba6f3bd85c43f
2024,8,2024-08-01,Karur Vysya Bank Apps,0.06,21.0,0.0,0.0,0.0,0.0,0.06,21.0,NPCI UPI Ecosystem Statistics via https://github.com/luckisalive/npci_upi_analytics@5c007daef0b69f30dd8e555c548ba6f3bd85c43f
2024,8,2024-08-01,Kiwi,0.29,37.8,0.0,0.0,0.0,0.0,0.29,37.8,NPCI UPI Ecosystem Statistics via https://github.com/luckisalive/npci_upi_analytics@5c007daef0b69f30dd8e555c548ba6f3bd85c43f
2024,8,2024-08-01,Kotak Mahindra Bank Apps,46.94,6349.0,0.0,0.0,0.0,0.0,46.94,6349.0,NPCI UPI Ecosystem Statistics via https://github.com/luckisalive/npci_upi_analytics@5c007daef0b69f30dd8e555c548ba6f3bd85c43f
2024,8,2024-08-01,Mobikwik,14.94,3012.52,0.0,0.0,0.0,0.0,14.94,3012.52,NPCI UPI Ecosystem Statistics via https://github.com/luckisalive/npci_upi_analytics@5c007daef0b69f30dd8e555c548ba6f3bd85c43f
2024,8,2024-08-01,NSDL Payments Bank Apps,0.08,11.72,0.0,0.0,0.0,0.0,0.08,11.72,NPCI UPI Ecosystem Statistics via https://github.com/luckisalive/npci_upi_analytics@5c007daef0b69f30dd8e555c548ba6f3bd85c43f
2024,8,2024-08-01,Navi,88.71,4651.32,0.0,0.0,0.0,0.0,88.71,4651.32,NPCI UPI Ecosystem Statistics via https://github.com/luckisalive/npci_upi_analytics@5c007daef0b69f30dd8e555c548ba6f3bd85c43f
2024,8,2024-08-01,Niyo Global,0.08,40.29,0.0,0.0,0.0,0.0,0.08,40.29,NPCI UPI Ecosystem Statistics via https://github.com/luckisalive/npci_upi_analytics@5c007daef0b69f30dd8e555c548ba6f3bd85c43f
2024,8,2024-08-01,OmniCard,1.21,61.66,0.0,0.0,0.0,0.0,1.21,61.66,NPCI UPI Ecosystem Statistics via https://github.com/luckisalive/npci_upi_analytics@5c007daef0b69f30dd8e555c548ba6f3bd85c43f
2024,8,2024-08-01,Other,1.66,226.14,0.0,0.0,0.15,4.44,1.82,230.58,NPCI UPI Ecosystem Statistics via https://github.com/luckisalive/npci_upi_analytics@5c007daef0b69f30dd8e555c548ba6f3bd85c43f
2024,8,2024-08-01,Paytm,1078.9,113672.16,0.0,0.0,0.0,0.0,1078.9,113672.17,NPCI UPI Ecosystem Statistics via https://github.com/luckisalive/npci_upi_analytics@5c007daef0b69f30dd8e555c548ba6f3bd85c43f
2024,8,2024-08-01,PhonePe,7236.49,1033264.34,0.0,0.0,0.0,0.0,7236.49,1033264.34,NPCI UPI Ecosystem Statistics via https://github.com/luckisalive/npci_upi_analytics@5c007daef0b69f30dd8e555c548ba6f3bd85c43f
2024,8,2024-08-01,Pop Club,0.77,72.62,0.0,0.0,0.0,0.0,0.77,72.62,NPCI UPI Ecosystem Statistics via https://github.com/luckisalive/npci_upi_analytics@5c007daef0b69f30dd8e555c548ba6f3bd85c43f
2024,8,2024-08-01,Punjab National Bank Apps,2.57,595.26,0.0,0.0,0.0,0.0,2.57,595.26,NPCI UPI Ecosystem Statistics via https://github.com/luckisalive/npci_upi_analytics@5c007daef0b69f30dd8e555c548ba6f3bd85c43f
2024,8,2024-08-01,Punjab Sind Bank Apps,0.03,13.83,0.0,0.0,0.0,0.0,0.03,13.83,NPCI UPI Ecosystem Statistics via https://github.com/luckisalive/npci_upi_analytics@5c007daef0b69f30dd8e555c548ba6f3bd85c43f
2024,8,2024-08-01,RBL Bank Apps,1.53,548.79,0.0,0.0,0.02,5.51,1.55,554.3,NPCI UPI Ecosystem Statistics via https://github.com/luckisalive/npci_upi_analytics@5c007daef0b69f30dd8e555c548ba6f3bd85c43f
2024,8,2024-08-01,Rapi Pay,0.06,9.04,0.0,0.0,0.0,0.0,0.06,9.04,NPCI UPI Ecosystem Statistics via https://github.com/luckisalive/npci_upi_analytics@5c007daef0b69f30dd8e555c548ba6f3bd85c43f
2024,8,2024-08-01,Samsung Pay,7.14,567.24,0.0,0.0,0.0,0.0,7.14,567.24,NPCI UPI Ecosystem Statistics via https://github.com/luckisalive/npci_upi_analytics@5c007daef0b69f30dd8e555c548ba6f3bd85c43f
2024,8,2024-08-01,Shri Ram One,0.33,37.87,0.0,0.0,0.0,0.0,0.33,37.87,NPCI UPI Ecosystem Statistics via https://github.com/luckisalive/npci_upi_analytics@5c007daef0b69f30dd8e555c548ba6f3bd85c43f
2024,8,2024-08-01,South Indian Bank Apps,0.62,168.87,0.0,0.0,0.0,0.0,0.62,168.87,NPCI UPI Ecosystem Statistics via https://github.com/luckisalive/npci_upi_analytics@5c007daef0b69f30dd8e555c548ba6f3bd85c43f
2024,8,2024-08-01,Standard Chartered Bank Apps,0.18,116.65,0.0,0.0,0.0,0.03,0.18,116.68,NPCI UPI Ecosystem Statistics via https://github.com/luckisalive/npci_upi_analytics@5c007daef0b69f30dd8e555c548ba6f3bd85c43f
2024,8,2024-08-01,State Bank of India Apps,9.0,2827.84,0.0,0.0,0.0,0.0,9.0,2827.84,NPCI UPI Ecosystem Statistics via https://github.com/luckisalive/npci_upi_analytics@5c007daef0b69f30dd8e555c548ba6f3bd85c43f
2024,8,2024-08-01,Suryoday Bank Apps,0.21,0.02,0.0,0.0,0.0,0.0,0.21,0.02,NPCI UPI Ecosystem Statistics via https://github.com/luckisalive/npci_upi_analytics@5c007daef0b69f30dd8e555c548ba6f3bd85c43f
2024,8,2024-08-01,Tamilnad Mercantile Bank Apps,0.08,24.17,0.0,0.0,0.0,0.0,0.08,24.17,NPCI UPI Ecosystem Statistics via https://github.com/luckisalive/npci_upi_analytics@5c007daef0b69f30dd8e555c548ba6f3bd85c43f
2024,8,2024-08-01,TataNeu,0.18,28.51,0.0,0.0,0.0,0.0,0.18,28.51,NPCI UPI Ecosystem Statistics via https://github.com/luckisalive/npci_upi_analytics@5c007daef0b69f30dd8e555c548ba6f3bd85c43f
2024,8,2024-08-01,Timepay,1.29,12.89,0.0,0.0,0.0,0.02,1.29,12.9,NPCI UPI Ecosystem Statistics via https://github.com/luckisalive/npci_upi_analytics@5c007daef0b69f30dd8e555c548ba6f3bd85c43f
2024,8,2024-08-01,UCO Bank Apps,0.24,53.95,0.0,0.0,0.0,0.0,0.24,53.95,NPCI UPI Ecosystem Statistics via https://github.com/luckisalive/npci_upi_analytics@5c007daef0b69f30dd8e555c548ba6f3bd85c43f
2024,8,2024-08-01,Ultracash,0.12,8.68,0.0,0.0,0.0,0.0,0.12,8.68,NPCI UPI Ecosystem Statistics via https://github.com/luckisalive/npci_upi_analytics@5c007daef0b69f30dd8e555c548ba6f3bd85c43f
2024,8,2024-08-01,Union Bank Apps,1.27,468.83,0.0,0.0,0.0,0.0,1.27,468.83,NPCI UPI Ecosystem Statistics via https://github.com/luckisalive/npci_upi_analytics@5c007daef0b69f30dd8e555c548ba6f3bd85c43f
2024,8,2024-08-01,WhatsApp,45.43,3421.99,0.0,0.0,0.0,0.0,45.43,3421.99,NPCI UPI Ecosystem Statistics via https://github.com/luckisalive/npci_upi_analytics@5c007daef0b69f30dd8e555c548ba6f3bd85c43f
2024,8,2024-08-01,Yes Bank Apps,25.94,9692.56,0.0,0.01,0.37,24.65,26.3,9717.22,NPCI UPI Ecosystem Statistics via https://github.com/luckisalive/npci_upi_analytics@5c007daef0b69f30dd8e555c548ba6f3bd85c43f
2024,8,2024-08-01,slice,10.53,775.67,0.0,0.0,0.0,0.0,10.53,775.67,NPCI UPI Ecosystem Statistics via https://github.com/luckisalive/npci_upi_analytics@5c007daef0b69f30dd8e555c548ba6f3bd85c43f
2024,8,2024-08-01,super.money,11.63,385.77,0.0,0.0,0.0,0.0,11.63,385.77,NPCI UPI Ecosystem Statistics via https://github.com/luckisalive/npci_upi_analytics@5c007daef0b69f30dd8e555c548ba6f3bd85c43f
2024,9,2024-09-01,AU Small Finance Bank Apps,0.46,136.87,0.0,0.0,0.0,0.0,0.46,136.87,NPCI UPI Ecosystem Statistics via https://github.com/luckisalive/npci_upi_analytics@5c007daef0b69f30dd8e555c548ba6f3bd85c43f
2024,9,2024-09-01,Aditya Birla Capital Digital,0.72,32.26,0.0,0.0,0.0,0.0,0.72,32.26,NPCI UPI Ecosystem Statistics via https://github.com/luckisalive/npci_upi_analytics@5c007daef0b69f30dd8e555c548ba6f3bd85c43f
2024,9,2024-09-01,Airtel Payments Bank Apps,17.41,1278.37,0.0,0.01,0.0,0.06,17.41,1278.38,NPCI UPI Ecosystem Statistics via https://github.com/luckisalive/npci_upi_analytics@5c007daef0b69f30dd8e555c548ba6f3bd85c43f
2024,9,2024-09-01,Allahabad Bank Apps,0.02,5.54,0.0,0.0,0.0,0.0,0.02,5.54,NPCI UPI Ecosystem Statistics via https://github.com/luckisalive/npci_upi_analytics@5c007daef0b69f30dd8e555c548ba6f3bd85c43f
2024,9,2024-09-01,Amazon Pay,70.98,7845.04,0.0,0.0,0.0,0.0,70.98,7845.04,NPCI UPI Ecosystem Statistics via https://github.com/luckisalive/npci_upi_analytics@5c007daef0b69f30dd8e555c548ba6f3bd85c43f
2024,9,2024-09-01,Axis Bank Apps,17.88,4248.02,102.5,1736.7,0.01,1.76,120.38,5986.48,NPCI UPI Ecosystem Statistics via https://github.com/luckisalive/npci_upi_analytics@5c007daef0b69f30dd8e555c548ba6f3bd85c43f
2024,9,2024-09-01,BHIM,26.39,8466.3,0.0,0.0,0.0,0.0,26.39,8466.3,NPCI UPI Ecosystem Statistics via https://github.com/luckisalive/npci_upi_analytics@5c007daef0b69f30dd8e555c548ba6f3bd85c43f
2024,9,2024-09-01,Bajaj Finserv,11.15,2711.55,0.0,0.0,0.0,0.0,11.15,2711.55,NPCI UPI Ecosystem Statistics via https://github.com/luckisalive/npci_upi_analytics@5c007daef0b69f30dd8e555c548ba6f3bd85c43f
2024,9,2024-09-01,Bank of Baroda Apps,1.12,452.89,0.0,0.0,0.0,0.0,1.12,452.89,NPCI UPI Ecosystem Statistics via https://github.com/luckisalive/npci_upi_analytics@5c007daef0b69f30dd8e555c548ba6f3bd85c43f
2024,9,2024-09-01,Bank of India Apps,0.15,35.33,0.0,0.0,0.0,0.0,0.15,35.33,NPCI UPI Ecosystem Statistics via https://github.com/luckisalive/npci_upi_analytics@5c007daef0b69f30dd8e555c548ba6f3bd85c43f
2024,9,2024-09-01,Bharat Pe,0.06,6.03,0.0,0.0,0.0,0.0,0.06,6.03,NPCI UPI Ecosystem Statistics via https://github.com/luckisalive/npci_upi_analytics@5c007daef0b69f30dd8e555c548ba6f3bd85c43f
2024,9,2024-09-01,Canara Bank Apps,3.04,799.52,0.0,0.0,0.0,0.0,3.04,799.52,NPCI UPI Ecosystem Statistics via https://github.com/luckisalive/npci_upi_analytics@5c007daef0b69f30dd8e555c548ba6f3bd85c43f
2024,9,2024-09-01,Central Bank of India Apps,0.97,189.93,0.0,0.0,0.0,0.0,0.97,189.93,NPCI UPI Ecosystem Statistics via https://github.com/luckisalive/npci_upi_analytics@5c007daef0b69f30dd8e555c548ba6f3bd85c43f
2024,9,2024-09-01,Citi Bank Apps,0.03,1.76,0.0,0.0,0.0,0.17,0.03,1.93,NPCI UPI Ecosystem Statistics via https://github.com/luckisalive/npci_upi_analytics@5c007daef0b69f30dd8e555c548ba6f3bd85c43f
2024,9,2024-09-01,City Union Bank Apps,0.07,27.34,0.0,0.0,0.0,0.0,0.07,27.34,NPCI UPI Ecosystem Statistics via https://github.com/luckisalive/npci_upi_analytics@5c007daef0b69f30dd8e555c548ba6f3bd85c43f
2024,9,2024-09-01,Cred,140.0,47982.71,0.0,0.0,0.0,0.0,140.0,47982.71,NPCI UPI Ecosystem Statistics via https://github.com/luckisalive/npci_upi_analytics@5c007daef0b69f30dd8e555c548ba6f3bd85c43f
2024,9,2024-09-01,DBS Digibank Apps,0.52,199.76,0.0,0.0,0.0,0.66,0.52,200.42,NPCI UPI Ecosystem Statistics via https://github.com/luckisalive/npci_upi_analytics@5c007daef0b69f30dd8e555c548ba6f3bd85c43f
2024,9,2024-09-01,Deutsche Bank Apps,3.05,348.84,0.0,0.0,0.0,0.06,3.05,348.9,NPCI UPI Ecosystem Statistics via https://github.com/luckisalive/npci_upi_analytics@5c007daef0b69f30dd8e555c548ba6f3bd85c43f
2024,9,2024-09-01,Dhani,0.13,15.76,0.0,0.0,0.0,0.0,0.13,15.76,NPCI UPI Ecosystem Statistics via https://github.com/luckisalive/npci_upi_analytics@5c007daef0b69f30dd8e555c548ba6f3bd85c43f
2024,9,2024-09-01,Digikhata,0.38,122.41,0.0,0.0,0.0,0.0,0.38,122.41,NPCI UPI Ecosystem Statistics via https://github.com/luckisalive/npci_upi_analytics@5c007daef0b69f30dd8e555c548ba6f3bd85c43f
2024,9,2024-09-01,Equitas Small Finance Bank Apps,0.03,24.45,0.0,0.0,0.0,0.0,0.03,24.45,NPCI UPI Ecosystem Statistics via https://github.com/luckisalive/npci_upi_analytics@5c007daef0b69f30dd8e555c548ba6f3bd85c43f
2024,9,2024-09-01,Fam App by Trio,61.05,714.29,0.0,0.0,0.0,0.0,61.05,714.29,NPCI UPI Ecosystem Statistics via https://github.com/luckisalive/npci_upi_analytics@5c007daef0b69f30dd8e555c548ba6f3bd85c43f
2024,9,2024-09-01,Federal Bank App,6.3,918.67,0.0,0.0,0.0,0.0,6.3,918.67,NPCI UPI Ecosystem Statistics via https://github.com/luckisalive/npci_upi_analytics@5c007daef0b69f30dd8e555c548ba6f3bd85c43f
2024,9,2024-09-01,Fino Payments bank Apps,0.49,57.89,0.0,0.0,0.0,0.0,0.49,57.89,NPCI UPI Ecosystem Statistics via https://github.com/luckisalive/npci_upi_analytics@5c007daef0b69f30dd8e555c548ba6f3bd85c43f
2024,9,2024-09-01,Flipkart UPI,12.85,734.8,0.0,0.0,0.0,0.0,12.85,734.8,NPCI UPI Ecosystem Statistics via https://github.com/luckisalive/npci_upi_analytics@5c007daef0b69f30dd8e555c548ba6f3bd85c43f
2024,9,2024-09-01,Freo Money,0.04,1.91,0.0,0.0,0.0,0.0,0.04,1.91,NPCI UPI Ecosystem Statistics via https://github.com/luckisalive/npci_upi_analytics@5c007daef0b69f30dd8e555c548ba6f3bd85c43f
2024,9,2024-09-01,Google Pay,5625.22,746690.05,0.0,0.0,0.0,0.0,5625.22,746690.05,NPCI UPI Ecosystem Statistics via https://github.com/luckisalive/npci_upi_analytics@5c007daef0b69f30dd8e555c548ba6f3bd85c43f
2024,9,2024-09-01,Groww,13.46,9526.49,0.0,0.0,0.0,0.0,13.46,9526.49,NPCI UPI Ecosystem Statistics via https://github.com/luckisalive/npci_upi_analytics@5c007daef0b69f30dd8e555c548ba6f3bd85c43f
2024,9,2024-09-01,HDFC Bank Apps,35.84,8995.98,0.29,0.53,0.01,0.6,36.14,8997.11,NPCI UPI Ecosystem Statistics via https://github.com/luckisalive/npci_upi_analytics@5c007daef0b69f30dd8e555c548ba6f3bd85c43f
2024,9,2024-09-01,HSBC Bank Apps,0.5,153.35,0.0,0.1,0.0,0.09,0.51,153.54,NPCI UPI Ecosystem Statistics via https://github.com/luckisalive/npci_upi_analytics@5c007daef0b69f30dd8e555c548ba6f3bd85c43f
2024,9,2024-09-01,ICICI Bank Apps,50.84,17864.44,0.01,7.85,2.74,3203.84,53.59,21076.12,NPCI UPI Ecosystem Statistics via https://github.com/luckisalive/npci_upi_analytics@5c007daef0b69f30dd8e555c548ba6f3bd85c43f
2024,9,2024-09-01,IDBI Bank Apps,0.09,34.69,0.0,0.0,0.0,0.0,0.09,34.69,NPCI UPI Ecosystem Statistics via https://github.com/luckisalive/npci_upi_analytics@5c007daef0b69f30dd8e555c548ba6f3bd85c43f
2024,9,2024-09-01,IDFC Bank Apps,8.33,1838.99,0.0,0.0,0.0,0.0,8.33,1838.99,NPCI UPI Ecosystem Statistics via https://github.com/luckisalive/npci_upi_analytics@5c007daef0b69f30dd8e555c548ba6f3bd85c43f
2024,9,2024-09-01,India Post Payments Bank Apps,6.96,908.78,0.0,0.0,0.0,0.0,6.96,908.78,NPCI UPI Ecosystem Statistics via https://github.com/luckisalive/npci_upi_analytics@5c007daef0b69f30dd8e555c548ba6f3bd85c43f
2024,9,2024-09-01,Indian Bank Apps,2.69,424.84,0.0,0.0,0.0,0.05,2.69,424.89,NPCI UPI Ecosystem Statistics via https://github.com/luckisalive/npci_upi_analytics@5c007daef0b69f30dd8e555c548ba6f3bd85c43f
2024,9,2024-09-01,Indian Overseas Bank Apps,0.17,48.02,0.0,0.0,0.0,0.0,0.17,48.02,NPCI UPI Ecosystem Statistics via https://github.com/luckisalive/npci_upi_analytics@5c007daef0b69f30dd8e555c548ba6f3bd85c43f
2024,9,2024-09-01,IndusInd Bank Apps,0.35,88.4,0.0,0.0,0.01,2.17,0.36,90.58,NPCI UPI Ecosystem Statistics via https://github.com/luckisalive/npci_upi_analytics@5c007daef0b69f30dd8e555c548ba6f3bd85c43f
2024,9,2024-09-01,Jammu and Kashmir Bank Apps,0.77,118.94,0.0,0.0,0.0,0.0,0.77,118.94,NPCI UPI Ecosystem Statistics via https://github.com/luckisalive/npci_upi_analytics@5c007daef0b69f30dd8e555c548ba6f3bd85c43f
2024,9,2024-09-01,Jio Payments Bank Apps,2.79,212.23,0.0,0.0,0.0,0.0,2.79,212.23,NPCI UPI Ecosystem Statistics via https://github.com/luckisalive/npci_upi_analytics@5c007daef0b69f30dd8e555c548ba6f3bd85c43f
2024,9,2024-09-01,Jupiter Money,6.13,810.01,0.0,0.0,0.0,0.0,6.13,810.01,NPCI UPI Ecosystem Statistics via https://github.com/luckisalive/npci_upi_analytics@5c007daef0b69f30dd8e555c548ba6f3bd85c43f
2024,9,2024-09-01,Karnataka Bank Apps,0.15,31.93,0.0,0.0,0.0,0.0,0.15,31.93,NPCI UPI Ecosystem Statistics via https://github.com/luckisalive/npci_upi_analytics@5c007daef0b69f30dd8e555c548ba6f3bd85c43f
2024,9,2024-09-01,Karur Vysya Bank Apps,0.05,16.83,0.0,0.0,0.0,0.0,0.05,16.83,NPCI UPI Ecosystem Statistics via https://github.com/luckisalive/npci_upi_analytics@5c007daef0b69f30dd8e555c548ba6f3bd85c43f
2024,9,2024-09-01,Kiwi,0.29,44.31,0.0,0.0,0.0,0.0,0.29,44.31,NPCI UPI Ecosystem Statistics via https://github.com/luckisalive/npci_upi_analytics@5c007daef0b69f30dd8e555c548ba6f3bd85c43f
2024,9,2024-09-01,Kotak Mahindra Bank Apps,47.14,6413.16,0.0,0.0,0.0,0.0,47.14,6413.16,NPCI UPI Ecosystem Statistics via https://github.com/luckisalive/npci_upi_analytics@5c007daef0b69f30dd8e555c548ba6f3bd85c43f
2024,9,2024-09-01,Mobikwik,16.07,2964.08,0.0,0.0,0.0,0.0,16.07,2964.08,NPCI UPI Ecosystem Statistics via https://github.com/luckisalive/npci_upi_analytics@5c007daef0b69f30dd8e555c548ba6f3bd85c43f
2024,9,2024-09-01,NSDL Payments Bank Apps,0.08,10.6,0.0,0.0,0.0,0.0,0.08,10.6,NPCI UPI Ecosystem Statistics via https://github.com/luckisalive/npci_upi_analytics@5c007daef0b69f30dd8e555c548ba6f3bd85c43f
2024,9,2024-09-01,Navi,120.41,6549.1,0.0,0.0,0.0,0.0,120.41,6549.1,NPCI UPI Ecosystem Statistics via https://github.com/luckisalive/npci_upi_analytics@5c007daef0b69f30dd8e555c548ba6f3bd85c43f
2024,9,2024-09-01,Niyo Global,0.09,49.74,0.0,0.0,0.0,0.0,0.09,49.74,NPCI UPI Ecosystem Statistics via https://github.com/luckisalive/npci_upi_analytics@5c007daef0b69f30dd8e555c548ba6f3bd85c43f
2024,9,2024-09-01,OmniCard,1.31,74.96,0.0,0.0,0.0,0.0,1.31,74.96,NPCI UPI Ecosystem Statistics via https://github.com/luckisalive/npci_upi_analytics@5c007daef0b69f30dd8e555c548ba6f3bd85c43f
2024,9,2024-09-01,One Card,0.05,27.93,0.0,0.0,0.0,0.0,0.05,27.93,NPCI UPI Ecosystem Statistics via https://github.com/luckisalive/npci_upi_analytics@5c007daef0b69f30dd8e555c548ba6f3bd85c43f
2024,9,2024-09-01,Other,1.71,203.3,0.0,0.0,0.15,5.06,1.86,208.36,NPCI UPI Ecosystem Statistics via https://github.com/luckisalive/npci_upi_analytics@5c007daef0b69f30dd8e555c548ba6f3bd85c43f
2024,9,2024-09-01,Paytm,1064.62,113351.53,0.0,0.01,0.0,0.0,1064.62,113351.54,NPCI UPI Ecosystem Statistics via https://github.com/luckisalive/npci_upi_analytics@5c007daef0b69f30dd8e555c548ba6f3bd85c43f
2024,9,2024-09-01,PhonePe,7221.22,1030871.0,0.0,0.0,0.0,0.0,7221.22,1030871.0,NPCI UPI Ecosystem Statistics via https://github.com/luckisalive/npci_upi_analytics@5c007daef0b69f30dd8e555c548ba6f3bd85c43f
2024,9,2024-09-01,Pop Club,1.81,131.2,0.0,0.0,0.0,0.0,1.81,131.2,NPCI UPI Ecosystem Statistics via https://github.com/luckisalive/npci_upi_analytics@5c007daef0b69f30dd8e555c548ba6f3bd85c43f
2024,9,2024-09-01,Punjab National Bank Apps,2.74,606.83,0.0,0.0,0.0,0.0,2.74,606.83,NPCI UPI Ecosystem Statistics via https://github.com/luckisalive/npci_upi_analytics@5c007daef0b69f30dd8e555c548ba6f3bd85c43f
2024,9,2024-09-01,Punjab Sind Bank Apps,0.03,16.39,0.0,0.0,0.0,0.0,0.03,16.39,NPCI UPI Ecosystem Statistics via https://github.com/luckisalive/npci_upi_analytics@5c007daef0b69f30dd8e555c548ba6f3bd85c43f
2024,9,2024-09-01,RBL Bank Apps,1.64,599.18,0.0,0.0,0.01,4.26,1.66,603.44,NPCI UPI Ecosystem Statistics via https://github.com/luckisalive/npci_upi_analytics@5c007daef0b69f30dd8e555c548ba6f3bd85c43f
2024,9,2024-09-01,Rapi Pay,0.06,9.55,0.0,0.0,0.0,0.0,0.06,9.55,NPCI UPI Ecosystem Statistics via https://github.com/luckisalive/npci_upi_analytics@5c007daef0b69f30dd8e555c548ba6f3bd85c43f
2024,9,2024-09-01,Salary Se,0.04,1.78,0.0,0.0,0.0,0.0,0.04,1.78,NPCI UPI Ecosystem Statistics via https://github.com/luckisalive/npci_upi_analytics@5c007daef0b69f30dd8e555c548ba6f3bd85c43f
2024,9,2024-09-01,Samsung Pay,7.33,564.5,0.0,0.0,0.0,0.0,7.33,564.5,NPCI UPI Ecosystem Statistics via https://github.com/luckisalive/npci_upi_analytics@5c007daef0b69f30dd8e555c548ba6f3bd85c43f
2024,9,2024-09-01,Shri Ram One,0.35,42.33,0.0,0.0,0.0,0.0,0.35,42.33,NPCI UPI Ecosystem Statistics via https://github.com/luckisalive/npci_upi_analytics@5c007daef0b69f30dd8e555c548ba6f3bd85c43f
2024,9,2024-09-01,South Indian Bank Apps,0.6,169.06,0.0,0.0,0.0,0.0,0.6,169.06,NPCI UPI Ecosystem Statistics via https://github.com/luckisalive/npci_upi_analytics@5c007daef0b69f30dd8e555c548ba6f3bd85c43f
2024,9,2024-09-01,Standard Chartered Bank Apps,0.17,108.84,0.0,0.0,0.0,0.02,0.17,108.86,NPCI UPI Ecosystem Statistics via https://github.com/luckisalive/npci_upi_analytics@5c007daef0b69f30dd8e555c548ba6f3bd85c43f
2024,9,2024-09-01,State Bank of India Apps,9.8,2883.41,0.0,0.0,0.0,0.0,9.8,2883.42,NPCI UPI Ecosystem Statistics via https://github.com/luckisalive/npci_upi_analytics@5c007daef0b69f30dd8e555c548ba6f3bd85c43f
2024,9,2024-09-01,Suryoday Bank Apps,0.29,0.03,0.0,0.0,0.0,0.0,0.29,0.03,NPCI UPI Ecosystem Statistics via https://github.com/luckisalive/npci_upi_analytics@5c007daef0b69f30dd8e555c548ba6f3bd85c43f
2024,9,2024-09-01,Tamilnad Mercantile Bank Apps,0.07,22.04,0.0,0.0,0.0,0.0,0.07,22.04,NPCI UPI Ecosystem Statistics via https://github.com/luckisalive/npci_upi_analytics@5c007daef0b69f30dd8e555c548ba6f3bd85c43f
2024,9,2024-09-01,TataNeu,0.21,40.5,0.0,0.0,0.0,0.0,0.21,40.5,NPCI UPI Ecosystem Statistics via https://github.com/luckisalive/npci_upi_analytics@5c007daef0b69f30dd8e555c548ba6f3bd85c43f
2024,9,2024-09-01,Timepay,1.74,15.26,0.0,0.0,0.0,0.0,1.74,15.26,NPCI UPI Ecosystem Statistics via https://github.com/luckisalive/npci_upi_analytics@5c007daef0b69f30dd8e555c548ba6f3bd85c43f
2024,9,2024-09-01,True Balance,0.05,6.37,0.0,0.0,0.0,0.0,0.05,6.37,NPCI UPI Ecosystem Statistics via https://github.com/luckisalive/npci_upi_analytics@5c007daef0b69f30dd8e555c548ba6f3bd85c43f
2024,9,2024-09-01,UCO Bank Apps,0.26,59.89,0.0,0.0,0.0,0.0,0.26,59.89,NPCI UPI Ecosystem Statistics via https://github.com/luckisalive/npci_upi_analytics@5c007daef0b69f30dd8e555c548ba6f3bd85c43f
2024,9,2024-09-01,Ultracash,0.12,8.71,0.0,0.0,0.0,0.0,0.12,8.71,NPCI UPI Ecosystem Statistics via https://github.com/luckisalive/npci_upi_analytics@5c007daef0b69f30dd8e555c548ba6f3bd85c43f
2024,9,2024-09-01,Union Bank Apps,0.62,212.37,0.0,0.0,0.0,0.0,0.62,212.37,NPCI UPI Ecosystem Statistics via https://github.com/luckisalive/npci_upi_analytics@5c007daef0b69f30dd8e555c548ba6f3bd85c43f
2024,9,2024-09-01,WhatsApp,48.75,3586.71,0.0,0.0,0.0,0.0,48.75,3586.71,NPCI UPI Ecosystem Statistics via https://github.com/luckisalive/npci_upi_analytics@5c007daef0b69f30dd8e555c548ba6f3bd85c43f
2024,9,2024-09-01,Yes Bank Apps,30.61,9747.12,0.0,0.02,0.66,30.35,31.27,9777.48,NPCI UPI Ecosystem Statistics via https://github.com/luckisalive/npci_upi_analytics@5c007daef0b69f30dd8e555c548ba6f3bd85c43f
2024,9,2024-09-01,slice,10.62,792.06,0.0,0.0,0.0,0.0,10.62,792.06,NPCI UPI Ecosystem Statistics via https://github.com/luckisalive/npci_upi_analytics@5c007daef0b69f30dd8e555c548ba6f3bd85c43f
2024,9,2024-09-01,super.money,25.75,1131.59,0.0,0.0,0.0,0.0,25.75,1131.59,NPCI UPI Ecosystem Statistics via https://github.com/luckisalive/npci_upi_analytics@5c007daef0b69f30dd8e555c548ba6f3bd85c43f
2024,10,2024-10-01,AU Small Finance Bank Apps,0.49,146.98,0.0,0.0,0.0,0.0,0.49,146.98,NPCI UPI Ecosystem Statistics via https://github.com/luckisalive/npci_upi_analytics@5c007daef0b69f30dd8e555c548ba6f3bd85c43f
2024,10,2024-10-01,Aditya Birla Capital Digital,0.97,37.97,0.0,0.0,0.0,0.0,0.97,37.97,NPCI UPI Ecosystem Statistics via https://github.com/luckisalive/npci_upi_analytics@5c007daef0b69f30dd8e555c548ba6f3bd85c43f
2024,10,2024-10-01,Airtel Payments Bank Apps,20.03,1504.27,0.0,0.0,0.0,0.08,20.03,1504.36,NPCI UPI Ecosystem Statistics via https://github.com/luckisalive/npci_upi_analytics@5c007daef0b69f30dd8e555c548ba6f3bd85c43f
2024,10,2024-10-01,Amazon Pay,79.55,9205.72,0.0,0.0,0.0,0.0,79.55,9205.72,NPCI UPI Ecosystem Statistics via https://github.com/luckisalive/npci_upi_analytics@5c007daef0b69f30dd8e555c548ba6f3bd85c43f
2024,10,2024-10-01,Axis Bank Apps,21.97,4527.19,117.7,2300.48,0.01,1.86,139.68,6829.53,NPCI UPI Ecosystem Statistics via https://github.com/luckisalive/npci_upi_analytics@5c007daef0b69f30dd8e555c548ba6f3bd85c43f
2024,10,2024-10-01,BHIM,29.9,10170.6,0.0,0.0,0.0,0.0,29.9,10170.6,NPCI UPI Ecosystem Statistics via https://github.com/luckisalive/npci_upi_analytics@5c007daef0b69f30dd8e555c548ba6f3bd85c43f
2024,10,2024-10-01,Bajaj Finserv,10.66,2330.26,0.0,0.0,0.0,0.0,10.66,2330.26,NPCI UPI Ecosystem Statistics via https://github.com/luckisalive/npci_upi_analytics@5c007daef0b69f30dd8e555c548ba6f3bd85c43f
2024,10,2024-10-01,Bank of Baroda Apps,1.16,499.63,0.0,0.0,0.0,0.0,1.16,499.63,NPCI UPI Ecosystem Statistics via https://github.com/luckisalive/npci_upi_analytics@5c007daef0b69f30dd8e555c548ba6f3bd85c43f
2024,10,2024-10-01,Bank of India Apps,0.2,45.85,0.0,0.0,0.0,0.0,0.2,45.85,NPCI UPI Ecosystem Statistics via https://github.com/luckisalive/npci_upi_analytics@5c007daef0b69f30dd8e555c548ba6f3bd85c43f
2024,10,2024-10-01,Bharat Pe,0.05,7.27,0.0,0.0,0.0,0.0,0.05,7.27,NPCI UPI Ecosystem Statistics via https://github.com/luckisalive/npci_upi_analytics@5c007daef0b69f30dd8e555c548ba6f3bd85c43f
2024,10,2024-10-01,Canara Bank Apps,3.27,898.89,0.0,0.0,0.0,0.0,3.27,898.89,NPCI UPI Ecosystem Statistics via https://github.com/luckisalive/npci_upi_analytics@5c007daef0b69f30dd8e555c548ba6f3bd85c43f
2024,10,2024-10-01,Central Bank of India Apps,1.11,219.02,0.0,0.0,0.0,0.0,1.11,219.02,NPCI UPI Ecosystem Statistics via https://github.com/luckisalive/npci_upi_analytics@5c007daef0b69f30dd8e555c548ba6f3bd85c43f
2024,10,2024-10-01,Cheq,0.02,1.62,0.0,0.0,0.0,0.0,0.02,1.62,NPCI UPI Ecosystem Statistics via https://github.com/luckisalive/npci_upi_analytics@5c007daef0b69f30dd8e555c548ba6f3bd85c43f
2024,10,2024-10-01,City Union Bank Apps,0.08,29.97,0.0,0.0,0.0,0.0,0.08,29.97,NPCI UPI Ecosystem Statistics via https://github.com/luckisalive/npci_upi_analytics@5c007daef0b69f30dd8e555c548ba6f3bd85c43f
2024,10,2024-10-01,Cred,152.28,55202.12,0.0,0.0,0.0,0.0,152.28,55202.12,NPCI UPI Ecosystem Statistics via https://github.com/luckisalive/npci_upi_analytics@5c007daef0b69f30dd8e555c548ba6f3bd85c43f
2024,10,2024-10-01,DBS Digibank Apps,0.61,213.96,0.0,0.0,0.0,0.86,0.61,214.82,NPCI UPI Ecosystem Statistics via https://github.com/luckisalive/npci_upi_analytics@5c007daef0b69f30dd8e555c548ba6f3bd85c43f
2024,10,2024-10-01,Deutsche Bank Apps,2.58,395.26,0.0,0.0,0.0,0.06,2.58,395.32,NPCI UPI Ecosystem Statistics via https://github.com/luckisalive/npci_upi_analytics@5c007daef0b69f30dd8e555c548ba6f3bd85c43f
2024,10,2024-10-01,Dhani,0.13,14.62,0.0,0.0,0.0,0.0,0.13,14.62,NPCI UPI Ecosystem Statistics via https://github.com/luckisalive/npci_upi_analytics@5c007daef0b69f30dd8e555c548ba6f3bd85c43f
2024,10,2024-10-01,Digikhata,0.46,166.18,0.0,0.0,0.0,0.0,0.46,166.18,NPCI UPI Ecosystem Statistics via https://github.com/luckisalive/npci_upi_analytics@5c007daef0b69f30dd8e555c548ba6f3bd85c43f
2024,10,2024-10-01,ESAF Small Finance Bank Apps,0.06,8.57,0.0,0.0,0.0,0.0,0.06,8.57,NPCI UPI Ecosystem Statistics via https://github.com/luckisalive/npci_upi_analytics@5c007daef0b69f30dd8e555c548ba6f3bd85c43f
2024,10,2024-10-01,Equitas Small Finance Bank Apps,0.04,29.7,0.0,0.0,0.0,0.0,0.04,29.7,NPCI UPI Ecosystem Statistics via https://github.com/luckisalive/npci_upi_analytics@5c007daef0b69f30dd8e555c548ba6f3bd85c43f
2024,10,2024-10-01,FamApp by Trio,69.9,825.19,0.0,0.0,0.0,0.0,69.9,825.19,NPCI UPI Ecosystem Statistics via https://github.com/luckisalive/npci_upi_analytics@5c007daef0b69f30dd8e555c548ba6f3bd85c43f
2024,10,2024-10-01,Federal Bank App,2.96,542.57,0.0,0.0,0.0,0.0,2.96,542.57,NPCI UPI Ecosystem Statistics via https://github.com/luckisalive/npci_upi_analytics@5c007daef0b69f30dd8e555c548ba6f3bd85c43f
2024,10,2024-10-01,Fi Money,3.44,421.4,0.0,0.0,0.0,0.0,3.44,421.4,NPCI UPI Ecosystem Statistics via https://github.com/luckisalive/npci_upi_analytics@5c007daef0b69f30dd8e555c548ba6f3bd85c43f
2024,10,2024-10-01,Fino Payments Bank Apps,0.58,70.11,0.0,0.0,0.0,0.0,0.58,70.11,NPCI UPI Ecosystem Statistics via https://github.com/luckisalive/npci_upi_analytics@5c007daef0b69f30dd8e555c548ba6f3bd85c43f
2024,10,2024-10-01,Flipkart UPI,14.62,825.95,0.0,0.0,0.0,0.0,14.62,825.95,NPCI UPI Ecosystem Statistics via https://github.com/luckisalive/npci_upi_analytics@5c007daef0b69f30dd8e555c548ba6f3bd85c43f
2024,10,2024-10-01,Freo,0.05,2.7,0.0,0.0,0.0,0.0,0.05,2.7,NPCI UPI Ecosystem Statistics via https://github.com/luckisalive/npci_upi_analytics@5c007daef0b69f30dd8e555c548ba6f3bd85c43f
2024,10,2024-10-01,Google Pay,6201.81,849327.38,0.0,0.0,0.0,0.0,6201.81,849327.38,NPCI UPI Ecosystem Statistics via https://github.com/luckisalive/npci_upi_analytics@5c007daef0b69f30dd8e555c548ba6f3bd85c43f
2024,10,2024-10-01,Groww,15.35,11862.09,0.0,0.0,0.0,0.0,15.35,11862.09,NPCI UPI Ecosystem Statistics via https://github.com/luckisalive/npci_upi_analytics@5c007daef0b69f30dd8e555c548ba6f3bd85c43f
2024,10,2024-10-01,HDFC Bank Apps,39.13,10426.92,0.27,0.39,0.01,0.67,39.41,10427.97,NPCI UPI Ecosystem Statistics via https://github.com/luckisalive/npci_upi_analytics@5c007daef0b69f30dd8e555c548ba6f3bd85c43f
2024,10,2024-10-01,HSBC Bank Apps,0.68,179.22,0.0,0.12,0.0,0.01,0.68,179.35,NPCI UPI Ecosystem Statistics via https://github.com/luckisalive/npci_upi_analytics@5c007daef0b69f30dd8e555c548ba6f3bd85c43f
2024,10,2024-10-01,ICICI Bank Apps,54.77,20505.95,0.01,10.0,2.76,3171.01,57.54,23686.95,NPCI UPI Ecosystem Statistics via https://github.com/luckisalive/npci_upi_analytics@5c007daef0b69f30dd8e555c548ba6f3bd85c43f
2024,10,2024-10-01,IDBI Bank Apps,0.08,29.72,0.0,0.0,0.0,0.0,0.08,29.72,NPCI UPI Ecosystem Statistics via https://github.com/luckisalive/npci_upi_analytics@5c007daef0b69f30dd8e555c548ba6f3bd85c43f
2024,10,2024-10-01,IDFC Bank Apps,9.32,2162.46,0.0,0.0,0.0,0.39,9.33,2162.85,NPCI UPI Ecosystem Statistics via https://github.com/luckisalive/npci_upi_analytics@5c007daef0b69f30dd8e555c548ba6f3bd85c43f
2024,10,2024-10-01,India Post Payments Bank Apps,10.11,1507.56,0.0,0.0,0.0,0.0,10.11,1507.56,NPCI UPI Ecosystem Statistics via https://github.com/luckisalive/npci_upi_analytics@5c007daef0b69f30dd8e555c548ba6f3bd85c43f
2024,10,2024-10-01,Indian Bank Apps,3.11,513.43,0.0,0.0,0.0,0.0,3.11,513.43,NPCI UPI Ecosystem Statistics via https://github.com/luckisalive/npci_upi_analytics@5c007daef0b69f30dd8e555c548ba6f3bd85c43f
2024,10,2024-10-01,Indian Overseas Bank Apps,0.2,56.07,0.0,0.0,0.0,0.0,0.2,56.07,NPCI UPI Ecosystem Statistics via https://github.com/luckisalive/npci_upi_analytics@5c007daef0b69f30dd8e555c548ba6f3bd85c43f
2024,10,2024-10-01,IndusInd Bank Apps,0.36,91.48,0.0,0.0,0.01,1.81,0.36,93.29,NPCI UPI Ecosystem Statistics via https://github.com/luckisalive/npci_upi_analytics@5c007daef0b69f30dd8e555c548ba6f3bd85c43f
2024,10,2024-10-01,Jammu and Kashmir Bank Apps,0.83,144.0,0.0,0.0,0.0,0.0,0.83,144.0,NPCI UPI Ecosystem Statistics via https://github.com/luckisalive/npci_upi_analytics@5c007daef0b69f30dd8e555c548ba6f3bd85c43f
2024,10,2024-10-01,Jio Payments Bank Apps,3.23,269.69,0.0,0.0,0.0,0.0,3.23,269.69,NPCI UPI Ecosystem Statistics via https://github.com/luckisalive/npci_upi_analytics@5c007daef0b69f30dd8e555c548ba6f3bd85c43f
2024,10,2024-10-01,Jupiter Money,6.36,873.89,0.0,0.0,0.0,0.0,6.36,873.89,NPCI UPI Ecosystem Statistics via https://github.com/luckisalive/npci_upi_analytics@5c007daef0b69f30dd8e555c548ba6f3bd85c43f
2024,10,2024-10-01,Karnataka Bank Apps,0.16,34.88,0.0,0.0,0.0,0.0,0.16,34.88,NPCI UPI Ecosystem Statistics via https://github.com/luckisalive/npci_upi_analytics@5c007daef0b69f30dd8e555c548ba6f3bd85c43f
2024,10,2024-10-01,Karur Vysya Bank Apps,0.05,18.4,0.0,0.0,0.0,0.0,0.05,18.4,NPCI UPI Ecosystem Statistics via https://github.com/luckisalive/npci_upi_analytics@5c007daef0b69f30dd8e555c548ba6f3bd85c43f
2024,10,2024-10-01,Kiwi,0.41,66.74,0.0,0.0,0.0,0.0,0.41,66.74,NPCI UPI Ecosystem Statistics via https://github.com/luckisalive/npci_upi_analytics@5c007daef0b69f30dd8e555c548ba6f3bd85c43f
2024,10,2024-10-01,Kotak Mahindra Bank Apps,51.92,7565.22,0.0,0.0,0.0,0.0,51.92,7565.22,NPCI UPI Ecosystem Statistics via https://github.com/luckisalive/npci_upi_analytics@5c007daef0b69f30dd8e555c548ba6f3bd85c43f
2024,10,2024-10-01,Mobikwik,17.2,2995.42,0.0,0.0,0.0,0.0,17.2,2995.42,NPCI UPI Ecosystem Statistics via https://github.com/luckisalive/npci_upi_analytics@5c007daef0b69f30dd8e555c548ba6f3bd85c43f
2024,10,2024-10-01,NSDL Payments Bank Apps,0.09,12.1,0.0,0.0,0.0,0.0,0.09,12.1,NPCI UPI Ecosystem Statistics via https://github.com/luckisalive/npci_upi_analytics@5c007daef0b69f30dd8e555c548ba6f3bd85c43f
2024,10,2024-10-01,Navi,157.51,8841.9,0.0,0.0,0.0,0.0,157.51,8841.9,NPCI UPI Ecosystem Statistics via https://github.com/luckisalive/npci_upi_analytics@5c007daef0b69f30dd8e555c548ba6f3bd85c43f
2024,10,2024-10-01,Niyo Global,0.1,55.57,0.0,0.0,0.0,0.0,0.1,55.57,NPCI UPI Ecosystem Statistics via https://github.com/luckisalive/npci_upi_analytics@5c007daef0b69f30dd8e555c548ba6f3bd85c43f
2024,10,2024-10-01,Omni Card,1.49,96.52,0.0,0.0,0.0,0.0,1.49,96.52,NPCI UPI Ecosystem Statistics via https://github.com/luckisalive/npci_upi_analytics@5c007daef0b69f30dd8e555c548ba6f3bd85c43f
2024,10,2024-10-01,One Card,0.29,261.08,0.0,0.0,0.0,0.0,0.29,261.08,NPCI UPI Ecosystem Statistics via https://github.com/luckisalive/npci_upi_analytics@5c007daef0b69f30dd8e555c548ba6f3bd85c43f
2024,10,2024-10-01,Other,1.63,219.31,0.0,0.0,0.13,5.53,1.76,224.84,NPCI UPI Ecosystem Statistics via https://github.com/luckisalive/npci_upi_analytics@5c007daef0b69f30dd8e555c548ba6f3bd85c43f
2024,10,2024-10-01,POP UPI,2.93,209.84,0.0,0.0,0.0,0.0,2.93,209.84,NPCI UPI Ecosystem Statistics via https://github.com/luckisalive/npci_upi_analytics@5c007daef0b69f30dd8e555c548ba6f3bd85c43f
2024,10,2024-10-01,Paytm,1165.01,129584.98,0.0,0.0,0.0,0.0,1165.01,129584.98,NPCI UPI Ecosystem Statistics via https://github.com/luckisalive/npci_upi_analytics@5c007daef0b69f30dd8e555c548ba6f3bd85c43f
2024,10,2024-10-01,PhonePe,7905.54,1169290.03,0.0,0.0,0.0,0.0,7905.54,1169290.03,NPCI UPI Ecosystem Statistics via https://github.com/luckisalive/npci_upi_analytics@5c007daef0b69f30dd8e555c548ba6f3bd85c43f
2024,10,2024-10-01,Punjab National Bank Apps,3.31,785.24,0.0,0.0,0.0,0.0,3.31,785.24,NPCI UPI Ecosystem Statistics via https://github.com/luckisalive/npci_upi_analytics@5c007daef0b69f30dd8e555c548ba6f3bd85c43f
2024,10,2024-10-01,Punjab Sind Bank Apps,0.03,16.46,0.0,0.0,0.0,0.0,0.03,16.46,NPCI UPI Ecosystem Statistics via https://github.com/luckisalive/npci_upi_analytics@5c007daef0b69f30dd8e555c548ba6f3bd85c43f
2024,10,2024-10-01,RBL Bank Apps,2.85,718.17,0.0,0.01,0.03,4.97,2.88,723.15,NPCI UPI Ecosystem Statistics via https://github.com/luckisalive/npci_upi_analytics@5c007daef0b69f30dd8e555c548ba6f3bd85c43f
2024,10,2024-10-01,Rapipay,0.08,11.38,0.0,0.0,0.0,0.0,0.08,11.38,NPCI UPI Ecosystem Statistics via https://github.com/luckisalive/npci_upi_analytics@5c007daef0b69f30dd8e555c548ba6f3bd85c43f
2024,10,2024-10-01,Salary Se,0.07,3.95,0.0,0.0,0.0,0.0,0.07,3.95,NPCI UPI Ecosystem Statistics via https://github.com/luckisalive/npci_upi_analytics@5c007daef0b69f30dd8e555c548ba6f3bd85c43f
2024,10,2024-10-01,Samsung Pay,8.56,664.7,0.0,0.0,0.0,0.0,8.56,664.7,NPCI UPI Ecosystem Statistics via https://github.com/luckisalive/npci_upi_analytics@5c007daef0b69f30dd8e555c548ba6f3bd85c43f
2024,10,2024-10-01,Shri Ram One,0.47,47.25,0.0,0.0,0.0,0.0,0.47,47.25,NPCI UPI Ecosystem Statistics via https://github.com/luckisalive/npci_upi_analytics@5c007daef0b69f30dd8e555c548ba6f3bd85c43f
2024,10,2024-10-01,Slice,12.19,907.37,0.0,0.0,0.0,0.0,12.19,907.37,NPCI UPI Ecosystem Statistics via https://github.com/luckisalive/npci_upi_analytics@5c007daef0b69f30dd8e555c548ba6f3bd85c43f
2024,10,2024-10-01,South Indian Bank Apps,0.61,179.8,0.0,0.0,0.0,0.0,0.61,179.8,NPCI UPI Ecosystem Statistics via https://github.com/luckisalive/npci_upi_analytics@5c007daef0b69f30dd8e555c548ba6f3bd85c43f
2024,10,2024-10-01,Standard Chartered Bank Apps,0.2,131.76,0.0,0.0,0.0,0.07,0.2,131.83,NPCI UPI Ecosystem Statistics via https://github.com/luckisalive/npci_upi_analytics@5c007daef0b69f30dd8e555c548ba6f3bd85c43f
2024,10,2024-10-01,State Bank of India Apps,11.73,3527.88,0.0,0.0,0.0,0.0,11.73,3527.88,NPCI UPI Ecosystem Statistics via https://github.com/luckisalive/npci_upi_analytics@5c007daef0b69f30dd8e555c548ba6f3bd85c43f
2024,10,2024-10-01,Suryoday Bank Apps,0.26,0.05,0.0,0.0,0.0,0.0,0.26,0.05,NPCI UPI Ecosystem Statistics via https://github.com/luckisalive/npci_upi_analytics@5c007daef0b69f30dd8e555c548ba6f3bd85c43f
2024,10,2024-10-01,Tamilnad Mercantile Bank Apps,0.07,24.55,0.0,0.0,0.0,0.0,0.07,24.55,NPCI UPI Ecosystem Statistics via https://github.com/luckisalive/npci_upi_analytics@5c007daef0b69f30dd8e555c548ba6f3bd85c43f
2024,10,2024-10-01,Tata Neu,0.31,74.8,0.0,0.0,0.0,0.0,0.31,74.8,NPCI UPI Ecosystem Statistics via https://github.com/luckisalive/npci_upi_analytics@5c007daef0b69f30dd8e555c548ba6f3bd85c43f
2024,10,2024-10-01,Timepay,2.15,18.6,0.0,0.0,0.0,0.0,2.15,18.6,NPCI UPI Ecosystem Statistics via https://github.com/luckisalive/npci_upi_analytics@5c007daef0b69f30dd8e555c548ba6f3bd85c43f
2024,10,2024-10-01,True Balance,0.13,16.51,0.0,0.0,0.0,0.0,0.13,16.51,NPCI UPI Ecosystem Statistics via https://github.com/luckisalive/npci_upi_analytics@5c007daef0b69f30dd8e555c548ba6f3bd85c43f
2024,10,2024-10-01,UCO Bank Apps,0.31,77.02,0.0,0.0,0.0,0.0,0.31,77.02,NPCI UPI Ecosystem Statistics via https://github.com/luckisalive/npci_upi_analytics@5c007daef0b69f30dd8e555c548ba6f3bd85c43f
2024,10,2024-10-01,Ultracash,0.09,5.94,0.0,0.0,0.0,0.0,0.09,5.94,NPCI UPI Ecosystem Statistics via https://github.com/luckisalive/npci_upi_analytics@5c007daef0b69f30dd8e555c548ba6f3bd85c43f
2024,10,2024-10-01,Union Bank Apps,0.8,282.02,0.0,0.0,0.0,0.0,0.8,282.02,NPCI UPI Ecosystem Statistics via https://github.com/luckisalive/npci_upi_analytics@5c007daef0b69f30dd8e555c548ba6f3bd85c43f
2024,10,2024-10-01,Whatsapp,55.07,4137.17,0.0,0.0,0.0,0.0,55.07,4137.17,NPCI UPI Ecosystem Statistics via https://github.com/luckisalive/npci_upi_analytics@5c007daef0b69f30dd8e555c548ba6f3bd85c43f
2024,10,2024-10-01,Yes Bank Apps,36.37,10230.68,0.0,0.01,0.42,14.79,36.79,10245.47,NPCI UPI Ecosystem Statistics via https://github.com/luckisalive/npci_upi_analytics@5c007daef0b69f30dd8e555c548ba6f3bd85c43f
2024,10,2024-10-01,super.money,49.68,2167.86,0.0,0.0,0.0,0.0,49.68,2167.86,NPCI UPI Ecosystem Statistics via https://github.com/luckisalive/npci_upi_analytics@5c007daef0b69f30dd8e555c548ba6f3bd85c43f
2024,11,2024-11-01,AU Small Finance Bank Apps,0.45,134.47,0.0,0.0,0.0,0.0,0.45,134.47,NPCI UPI Ecosystem Statistics via https://github.com/luckisalive/npci_upi_analytics@5c007daef0b69f30dd8e555c548ba6f3bd85c43f
2024,11,2024-11-01,Aditya Birla Capital Digital,0.66,30.09,0.0,0.0,0.0,0.0,0.66,30.09,NPCI UPI Ecosystem Statistics via https://github.com/luckisalive/npci_upi_analytics@5c007daef0b69f30dd8e555c548ba6f3bd85c43f
2024,11,2024-11-01,Airtel Payments Bank Apps,18.6,1389.67,0.0,0.0,0.0,0.05,18.6,1389.73,NPCI UPI Ecosystem Statistics via https://github.com/luckisalive/npci_upi_analytics@5c007daef0b69f30dd8e555c548ba6f3bd85c43f
2024,11,2024-11-01,Amazon Pay,71.6,7914.87,0.0,0.0,0.0,0.0,71.6,7914.87,NPCI UPI Ecosystem Statistics via https://github.com/luckisalive/npci_upi_analytics@5c007daef0b69f30dd8e555c548ba6f3bd85c43f
2024,11,2024-11-01,Axis Bank Apps,22.2,4151.71,108.14,2184.35,0.01,1.78,130.36,6337.84,NPCI UPI Ecosystem Statistics via https://github.com/luckisalive/npci_upi_analytics@5c007daef0b69f30dd8e555c548ba6f3bd85c43f
2024,11,2024-11-01,BHIM,27.05,8210.65,0.0,0.0,0.0,0.0,27.05,8210.65,NPCI UPI Ecosystem Statistics via https://github.com/luckisalive/npci_upi_analytics@5c007daef0b69f30dd8e555c548ba6f3bd85c43f
2024,11,2024-11-01,Bajaj Finserv,8.1,1584.15,0.0,0.0,0.0,0.0,8.1,1584.15,NPCI UPI Ecosystem Statistics via https://github.com/luckisalive/npci_upi_analytics@5c007daef0b69f30dd8e555c548ba6f3bd85c43f
2024,11,2024-11-01,Bank of Baroda Apps,1.01,389.1,0.0,0.0,0.0,0.0,1.01,389.1,NPCI UPI Ecosystem Statistics via https://github.com/luckisalive/npci_upi_analytics@5c007daef0b69f30dd8e555c548ba6f3bd85c43f
2024,11,2024-11-01,Bank of India Apps,0.2,55.8,0.0,0.0,0.0,0.0,0.2,55.8,NPCI UPI Ecosystem Statistics via https://github.com/luckisalive/npci_upi_analytics@5c007daef0b69f30dd8e555c548ba6f3bd85c43f
2024,11,2024-11-01,Bharat Pe,0.07,8.29,0.0,0.0,0.0,0.0,0.07,8.29,NPCI UPI Ecosystem Statistics via https://github.com/luckisalive/npci_upi_analytics@5c007daef0b69f30dd8e555c548ba6f3bd85c43f
2024,11,2024-11-01,Canara Bank Apps,3.01,802.16,0.0,0.0,0.0,0.0,3.01,802.16,NPCI UPI Ecosystem Statistics via https://github.com/luckisalive/npci_upi_analytics@5c007daef0b69f30dd8e555c548ba6f3bd85c43f
2024,11,2024-11-01,Central Bank of India Apps,1.06,197.17,0.0,0.0,0.0,0.0,1.06,197.17,NPCI UPI Ecosystem Statistics via https://github.com/luckisalive/npci_upi_analytics@5c007daef0b69f30dd8e555c548ba6f3bd85c43f
2024,11,2024-11-01,Cheq,0.03,1.84,0.0,0.0,0.0,0.0,0.03,1.84,NPCI UPI Ecosystem Statistics via https://github.com/luckisalive/npci_upi_analytics@5c007daef0b69f30dd8e555c548ba6f3bd85c43f
2024,11,2024-11-01,City Union Bank Apps,0.07,26.24,0.0,0.0,0.0,0.0,0.07,26.24,NPCI UPI Ecosystem Statistics via https://github.com/luckisalive/npci_upi_analytics@5c007daef0b69f30dd8e555c548ba6f3bd85c43f
2024,11,2024-11-01,Cred,138.24,50560.48,0.0,0.0,0.0,0.0,138.24,50560.48,NPCI UPI Ecosystem Statistics via https://github.com/luckisalive/npci_upi_analytics@5c007daef0b69f30dd8e555c548ba6f3bd85c43f
2024,11,2024-11-01,DBS Digibank Apps,0.57,190.59,0.0,0.0,0.0,1.14,0.57,191.73,NPCI UPI Ecosystem Statistics via https://github.com/luckisalive/npci_upi_analytics@5c007daef0b69f30dd8e555c548ba6f3bd85c43f
2024,11,2024-11-01,Deutsche Bank Apps,2.68,400.97,0.0,0.0,0.0,0.07,2.68,401.03,NPCI UPI Ecosystem Statistics via https://github.com/luckisalive/npci_upi_analytics@5c007daef0b69f30dd8e555c548ba6f3bd85c43f
2024,11,2024-11-01,Dhani,0.13,13.25,0.0,0.0,0.0,0.0,0.13,13.25,NPCI UPI Ecosystem Statistics via https://github.com/luckisalive/npci_upi_analytics@5c007daef0b69f30dd8e555c548ba6f3bd85c43f
2024,11,2024-11-01,Digikhata,0.46,156.43,0.0,0.0,0.0,0.0,0.46,156.43,NPCI UPI Ecosystem Statistics via https://github.com/luckisalive/npci_upi_analytics@5c007daef0b69f30dd8e555c548ba6f3bd85c43f
2024,11,2024-11-01,ESAF Small Finance Bank Apps,0.12,14.69,0.0,0.0,0.0,0.0,0.12,14.69,NPCI UPI Ecosystem Statistics via https://github.com/luckisalive/npci_upi_analytics@5c007daef0b69f30dd8e555c548ba6f3bd85c43f
2024,11,2024-11-01,Equitas Small Finance Bank Apps,0.03,25.69,0.0,0.0,0.0,0.0,0.03,25.69,NPCI UPI Ecosystem Statistics via https://github.com/luckisalive/npci_upi_analytics@5c007daef0b69f30dd8e555c548ba6f3bd85c43f
2024,11,2024-11-01,FamApp by Trio,67.41,777.46,0.0,0.0,0.0,0.0,67.41,777.46,NPCI UPI Ecosystem Statistics via https://github.com/luckisalive/npci_upi_analytics@5c007daef0b69f30dd8e555c548ba6f3bd85c43f
2024,11,2024-11-01,Federal Bank App,3.36,578.23,0.0,0.0,0.0,0.0,3.36,578.23,NPCI UPI Ecosystem Statistics via https://github.com/luckisalive/npci_upi_analytics@5c007daef0b69f30dd8e555c548ba6f3bd85c43f
2024,11,2024-11-01,Fi Money,3.07,373.29,0.0,0.0,0.0,0.0,3.07,373.29,NPCI UPI Ecosystem Statistics via https://github.com/luckisalive/npci_upi_analytics@5c007daef0b69f30dd8e555c548ba6f3bd85c43f
2024,11,2024-11-01,Fino Payments Bank Apps,0.51,64.81,0.0,0.0,0.0,0.0,0.51,64.81,NPCI UPI Ecosystem Statistics via https://github.com/luckisalive/npci_upi_analytics@5c007daef0b69f30dd8e555c548ba6f3bd85c43f
2024,11,2024-11-01,Flipkart UPI,13.25,636.91,0.0,0.0,0.0,0.0,13.25,636.91,NPCI UPI Ecosystem Statistics via https://github.com/luckisalive/npci_upi_analytics@5c007daef0b69f30dd8e555c548ba6f3bd85c43f
2024,11,2024-11-01,Freo,0.03,1.8,0.0,0.0,0.0,0.0,0.03,1.8,NPCI UPI Ecosystem Statistics via https://github.com/luckisalive/npci_upi_analytics@5c007daef0b69f30dd8e555c548ba6f3bd85c43f
2024,11,2024-11-01,Genwise,0.06,22.84,0.0,0.0,0.0,0.0,0.06,22.84,NPCI UPI Ecosystem Statistics via https://github.com/luckisalive/npci_upi_analytics@5c007daef0b69f30dd8e555c548ba6f3bd85c43f
2024,11,2024-11-01,Google Pay,5739.12,764639.66,0.0,0.0,0.0,0.0,5739.12,764639.66,NPCI UPI Ecosystem Statistics via https://github.com/luckisalive/npci_upi_analytics@5c007daef0b69f30dd8e555c548ba6f3bd85c43f
2024,11,2024-11-01,Groww,13.22,8479.87,0.0,0.0,0.0,0.0,13.22,8479.87,NPCI UPI Ecosystem Statistics via https://github.com/luckisalive/npci_upi_analytics@5c007daef0b69f30dd8e555c548ba6f3bd85c43f
2024,11,2024-11-01,HDFC Bank Apps,36.67,10416.41,0.16,0.34,0.01,0.52,36.84,10417.27,NPCI UPI Ecosystem Statistics via https://github.com/luckisalive/npci_upi_analytics@5c007daef0b69f30dd8e555c548ba6f3bd85c43f
2024,11,2024-11-01,HSBC Bank Apps,0.68,176.26,0.0,0.1,0.0,0.09,0.68,176.45,NPCI UPI Ecosystem Statistics via https://github.com/luckisalive/npci_upi_analytics@5c007daef0b69f30dd8e555c548ba6f3bd85c43f
2024,11,2024-11-01,ICICI Bank Apps,51.13,18538.92,0.01,8.18,2.57,2951.05,53.71,21498.14,NPCI UPI Ecosystem Statistics via https://github.com/luckisalive/npci_upi_analytics@5c007daef0b69f30dd8e555c548ba6f3bd85c43f
2024,11,2024-11-01,IDBI Bank Apps,0.08,30.01,0.0,0.0,0.0,0.0,0.08,30.01,NPCI UPI Ecosystem Statistics via https://github.com/luckisalive/npci_upi_analytics@5c007daef0b69f30dd8e555c548ba6f3bd85c43f
2024,11,2024-11-01,IDFC Bank Apps,8.59,1931.32,0.0,0.0,0.01,1.0,8.6,1932.32,NPCI UPI Ecosystem Statistics via https://github.com/luckisalive/npci_upi_analytics@5c007daef0b69f30dd8e555c548ba6f3bd85c43f
2024,11,2024-11-01,India Post Payments Bank Apps,8.91,1131.95,0.0,0.0,0.0,0.0,8.91,1131.95,NPCI UPI Ecosystem Statistics via https://github.com/luckisalive/npci_upi_analytics@5c007daef0b69f30dd8e555c548ba6f3bd85c43f
2024,11,2024-11-01,Indian Bank Apps,2.19,410.19,0.0,0.0,0.0,0.0,2.19,410.19,NPCI UPI Ecosystem Statistics via https://github.com/luckisalive/npci_upi_analytics@5c007daef0b69f30dd8e555c548ba6f3bd85c43f
2024,11,2024-11-01,Indian Overseas Bank Apps,0.18,49.21,0.0,0.0,,,0.18,49.21,NPCI UPI Ecosystem Statistics via https://github.com/luckisalive/npci_upi_analytics@5c007daef0b69f30dd8e555c548ba6f3bd85c43f
2024,11,2024-11-01,IndusInd Bank Apps,0.35,90.83,0.0,0.0,0.01,1.49,0.36,92.32,NPCI UPI Ecosystem Statistics via https://github.com/luckisalive/npci_upi_analytics@5c007daef0b69f30dd8e555c548ba6f3bd85c43f
2024,11,2024-11-01,Jammu and Kashmir Bank Apps,0.79,135.44,0.0,0.0,0.0,0.0,0.79,135.44,NPCI UPI Ecosystem Statistics via https://github.com/luckisalive/npci_upi_analytics@5c007daef0b69f30dd8e555c548ba6f3bd85c43f
2024,11,2024-11-01,Jio Payments Bank Apps,3.18,263.81,0.0,0.0,0.0,0.0,3.18,263.81,NPCI UPI Ecosystem Statistics via https://github.com/luckisalive/npci_upi_analytics@5c007daef0b69f30dd8e555c548ba6f3bd85c43f
2024,11,2024-11-01,Jupiter Money,6.02,825.36,0.0,0.0,0.0,0.0,6.02,825.36,NPCI UPI Ecosystem Statistics via https://github.com/luckisalive/npci_upi_analytics@5c007daef0b69f30dd8e555c548ba6f3bd85c43f
2024,11,2024-11-01,Karnataka Bank Apps,0.18,38.31,0.0,0.0,0.0,0.0,0.18,38.31,NPCI UPI Ecosystem Statistics via https://github.com/luckisalive/npci_upi_analytics@5c007daef0b69f30dd8e555c548ba6f3bd85c43f
2024,11,2024-11-01,Karur Vysya Bank Apps,0.05,17.82,0.0,0.0,0.0,0.0,0.05,17.82,NPCI UPI Ecosystem Statistics via https://github.com/luckisalive/npci_upi_analytics@5c007daef0b69f30dd8e555c548ba6f3bd85c43f
2024,11,2024-11-01,Kiwi,0.69,106.42,0.0,0.0,0.0,0.0,0.69,106.42,NPCI UPI Ecosystem Statistics via https://github.com/luckisalive/npci_upi_analytics@5c007daef0b69f30dd8e555c548ba6f3bd85c43f
2024,11,2024-11-01,Kotak Mahindra Bank Apps,47.35,6583.09,0.0,0.0,0.0,0.0,47.35,6583.09,NPCI UPI Ecosystem Statistics via https://github.com/luckisalive/npci_upi_analytics@5c007daef0b69f30dd8e555c548ba6f3bd85c43f
2024,11,2024-11-01,Kredit.Pe,0.02,2.67,0.0,0.0,0.0,0.0,0.02,2.67,NPCI UPI Ecosystem Statistics via https://github.com/luckisalive/npci_upi_analytics@5c007daef0b69f30dd8e555c548ba6f3bd85c43f
2024,11,2024-11-01,Mobikwik,16.63,2942.38,0.0,0.0,0.0,0.0,16.63,2942.38,NPCI UPI Ecosystem Statistics via https://github.com/luckisalive/npci_upi_analytics@5c007daef0b69f30dd8e555c548ba6f3bd85c43f
2024,11,2024-11-01,Money View,0.02,2.77,0.0,0.0,0.0,0.0,0.02,2.77,NPCI UPI Ecosystem Statistics via https://github.com/luckisalive/npci_upi_analytics@5c007daef0b69f30dd8e555c548ba6f3bd85c43f
2024,11,2024-11-01,NSDL Payments Bank Apps,0.08,9.73,0.0,0.0,0.0,0.0,0.08,9.73,NPCI UPI Ecosystem Statistics via https://github.com/luckisalive/npci_upi_analytics@5c007daef0b69f30dd8e555c548ba6f3bd85c43f
2024,11,2024-11-01,Navi,152.95,8806.45,0.0,0.0,0.0,0.0,152.95,8806.45,NPCI UPI Ecosystem Statistics via https://github.com/luckisalive/npci_upi_analytics@5c007daef0b69f30dd8e555c548ba6f3bd85c43f
2024,11,2024-11-01,Niyo Global,0.09,52.41,0.0,0.0,0.0,0.0,0.09,52.41,NPCI UPI Ecosystem Statistics via https://github.com/luckisalive/npci_upi_analytics@5c007daef0b69f30dd8e555c548ba6f3bd85c43f
2024,11,2024-11-01,Omni Card,1.35,100.86,0.0,0.0,0.0,0.0,1.35,100.86,NPCI UPI Ecosystem Statistics via https://github.com/luckisalive/npci_upi_analytics@5c007daef0b69f30dd8e555c548ba6f3bd85c43f
2024,11,2024-11-01,One Card,0.36,356.22,0.0,0.0,0.0,0.0,0.36,356.22,NPCI UPI Ecosystem Statistics via https://github.com/luckisalive/npci_upi_analytics@5c007daef0b69f30dd8e555c548ba6f3bd85c43f
2024,11,2024-11-01,Other,1.52,219.56,0.0,0.0,0.13,5.62,1.65,225.18,NPCI UPI Ecosystem Statistics via https://github.com/luckisalive/npci_upi_analytics@5c007daef0b69f30dd8e555c548ba6f3bd85c43f
2024,11,2024-11-01,POP UPI,4.0,267.15,0.0,0.0,0.0,0.0,4.0,267.15,NPCI UPI Ecosystem Statistics via https://github.com/luckisalive/npci_upi_analytics@5c007daef0b69f30dd8e555c548ba6f3bd85c43f
2024,11,2024-11-01,Paytm,1075.09,118004.06,0.0,0.0,0.0,0.0,1075.09,118004.06,NPCI UPI Ecosystem Statistics via https://github.com/luckisalive/npci_upi_analytics@5c007daef0b69f30dd8e555c548ba6f3bd85c43f
2024,11,2024-11-01,PhonePe,7401.93,1088635.03,0.0,0.0,0.0,0.0,7401.93,1088635.03,NPCI UPI Ecosystem Statistics via https://github.com/luckisalive/npci_upi_analytics@5c007daef0b69f30dd8e555c548ba6f3bd85c43f
2024,11,2024-11-01,Punjab National Bank Apps,3.31,753.1,0.0,0.0,0.0,0.0,3.31,753.1,NPCI UPI Ecosystem Statistics via https://github.com/luckisalive/npci_upi_analytics@5c007daef0b69f30dd8e555c548ba6f3bd85c43f
2024,11,2024-11-01,Punjab Sind Bank Apps,0.02,10.76,0.0,0.0,0.0,0.0,0.02,10.76,NPCI UPI Ecosystem Statistics via https://github.com/luckisalive/npci_upi_analytics@5c007daef0b69f30dd8e555c548ba6f3bd85c43f
2024,11,2024-11-01,RBL Bank Apps,4.99,908.57,0.0,0.0,0.04,5.71,5.03,914.28,NPCI UPI Ecosystem Statistics via https://github.com/luckisalive/npci_upi_analytics@5c007daef0b69f30dd8e555c548ba6f3bd85c43f
2024,11,2024-11-01,Rapipay,0.09,11.7,0.0,0.0,0.0,0.0,0.09,11.7,NPCI UPI Ecosystem Statistics via https://github.com/luckisalive/npci_upi_analytics@5c007daef0b69f30dd8e555c548ba6f3bd85c43f
2024,11,2024-11-01,Salary Se,0.07,3.75,0.0,0.0,0.0,0.0,0.07,3.75,NPCI UPI Ecosystem Statistics via https://github.com/luckisalive/npci_upi_analytics@5c007daef0b69f30dd8e555c548ba6f3bd85c43f
2024,11,2024-11-01,Samsung Pay,7.9,578.99,0.0,0.0,0.0,0.0,7.9,578.99,NPCI UPI Ecosystem Statistics via https://github.com/luckisalive/npci_upi_analytics@5c007daef0b69f30dd8e555c548ba6f3bd85c43f
2024,11,2024-11-01,Shri Ram One,0.38,39.72,0.0,0.0,0.0,0.0,0.38,39.72,NPCI UPI Ecosystem Statistics via https://github.com/luckisalive/npci_upi_analytics@5c007daef0b69f30dd8e555c548ba6f3bd85c43f
2024,11,2024-11-01,Slice,11.54,845.13,0.0,0.0,0.0,0.0,11.54,845.13,NPCI UPI Ecosystem Statistics via https://github.com/luckisalive/npci_upi_analytics@5c007daef0b69f30dd8e555c548ba6f3bd85c43f
2024,11,2024-11-01,South Indian Bank Apps,0.59,167.92,0.0,0.0,0.0,0.0,0.59,167.92,NPCI UPI Ecosystem Statistics via https://github.com/luckisalive/npci_upi_analytics@5c007daef0b69f30dd8e555c548ba6f3bd85c43f
2024,11,2024-11-01,Spice Money,0.02,2.73,0.0,0.0,0.0,0.0,0.02,2.73,NPCI UPI Ecosystem Statistics via https://github.com/luckisalive/npci_upi_analytics@5c007daef0b69f30dd8e555c548ba6f3bd85c43f
2024,11,2024-11-01,Standard Chartered Bank Apps,0.18,114.58,0.0,0.0,0.0,0.0,0.18,114.58,NPCI UPI Ecosystem Statistics via https://github.com/luckisalive/npci_upi_analytics@5c007daef0b69f30dd8e555c548ba6f3bd85c43f
2024,11,2024-11-01,State Bank of India Apps,10.46,3035.13,0.0,0.0,0.0,0.0,10.46,3035.13,NPCI UPI Ecosystem Statistics via https://github.com/luckisalive/npci_upi_analytics@5c007daef0b69f30dd8e555c548ba6f3bd85c43f
2024,11,2024-11-01,Suryoday Bank Apps,0.08,0.22,0.0,0.0,0.0,0.01,0.08,0.23,NPCI UPI Ecosystem Statistics via https://github.com/luckisalive/npci_upi_analytics@5c007daef0b69f30dd8e555c548ba6f3bd85c43f
2024,11,2024-11-01,Tamilnad Mercantile Bank Apps,0.07,23.33,0.0,0.0,0.0,0.0,0.07,23.33,NPCI UPI Ecosystem Statistics via https://github.com/luckisalive/npci_upi_analytics@5c007daef0b69f30dd8e555c548ba6f3bd85c43f
2024,11,2024-11-01,Tata Neu,0.3,78.83,0.0,0.0,0.0,0.0,0.3,78.83,NPCI UPI Ecosystem Statistics via https://github.com/luckisalive/npci_upi_analytics@5c007daef0b69f30dd8e555c548ba6f3bd85c43f
2024,11,2024-11-01,Timepay,1.72,19.88,0.0,0.0,0.0,0.0,1.72,19.88,NPCI UPI Ecosystem Statistics via https://github.com/luckisalive/npci_upi_analytics@5c007daef0b69f30dd8e555c548ba6f3bd85c43f
2024,11,2024-11-01,True Balance,0.29,33.18,0.0,0.0,0.0,0.0,0.29,33.18,NPCI UPI Ecosystem Statistics via https://github.com/luckisalive/npci_upi_analytics@5c007daef0b69f30dd8e555c548ba6f3bd85c43f
2024,11,2024-11-01,UCO Bank Apps,0.28,66.32,0.0,0.0,0.0,0.0,0.28,66.32,NPCI UPI Ecosystem Statistics via https://github.com/luckisalive/npci_upi_analytics@5c007daef0b69f30dd8e555c548ba6f3bd85c43f
2024,11,2024-11-01,Ultracash,0.08,5.71,0.0,0.0,0.0,0.0,0.08,5.71,NPCI UPI Ecosystem Statistics via https://github.com/luckisalive/npci_upi_analytics@5c007daef0b69f30dd8e555c548ba6f3bd85c43f
2024,11,2024-11-01,Union Bank Apps,0.73,238.56,0.0,0.0,0.0,0.0,0.73,238.56,NPCI UPI Ecosystem Statistics via https://github.com/luckisalive/npci_upi_analytics@5c007daef0b69f30dd8e555c548ba6f3bd85c43f
2024,11,2024-11-01,Whatsapp,51.76,3890.1,0.0,0.0,0.0,0.0,51.76,3890.1,NPCI UPI Ecosystem Statistics via https://github.com/luckisalive/npci_upi_analytics@5c007daef0b69f30dd8e555c548ba6f3bd85c43f
2024,11,2024-11-01,Yes Bank Apps,35.35,9201.05,0.0,0.03,0.33,14.02,35.69,9215.09,NPCI UPI Ecosystem Statistics via https://github.com/luckisalive/npci_upi_analytics@5c007daef0b69f30dd8e555c548ba6f3bd85c43f
2024,11,2024-11-01,super.money,78.49,3130.1,0.0,0.0,0.0,0.0,78.49,3130.1,NPCI UPI Ecosystem Statistics via https://github.com/luckisalive/npci_upi_analytics@5c007daef0b69f30dd8e555c548ba6f3bd85c43f
2024,12,2024-12-01,AU Small Finance Bank Apps,0.49,151.24,0.0,0.0,0.0,0.0,0.49,151.24,NPCI UPI Ecosystem Statistics via https://github.com/luckisalive/npci_upi_analytics@5c007daef0b69f30dd8e555c548ba6f3bd85c43f
2024,12,2024-12-01,Aditya Birla Capital Digital,0.83,37.24,0.0,0.0,0.0,0.0,0.83,37.24,NPCI UPI Ecosystem Statistics via https://github.com/luckisalive/npci_upi_analytics@5c007daef0b69f30dd8e555c548ba6f3bd85c43f
2024,12,2024-12-01,Airtel Payments Bank Apps,20.29,1497.28,0.0,0.01,0.0,0.04,20.29,1497.32,NPCI UPI Ecosystem Statistics via https://github.com/luckisalive/npci_upi_analytics@5c007daef0b69f30dd8e555c548ba6f3bd85c43f
2024,12,2024-12-01,Amazon Pay,91.94,9330.97,0.0,0.0,0.0,0.0,91.94,9330.97,NPCI UPI Ecosystem Statistics via https://github.com/luckisalive/npci_upi_analytics@5c007daef0b69f30dd8e555c548ba6f3bd85c43f
2024,12,2024-12-01,Axis Bank Apps,21.96,4515.13,106.39,1642.74,0.01,2.02,128.36,6159.9,NPCI UPI Ecosystem Statistics via https://github.com/luckisalive/npci_upi_analytics@5c007daef0b69f30dd8e555c548ba6f3bd85c43f
2024,12,2024-12-01,BHIM,30.22,9170.75,0.0,0.0,0.0,0.0,30.22,9170.75,NPCI UPI Ecosystem Statistics via https://github.com/luckisalive/npci_upi_analytics@5c007daef0b69f30dd8e555c548ba6f3bd85c43f
2024,12,2024-12-01,Bajaj Finserv,8.55,1652.53,0.0,0.0,0.0,0.0,8.55,1652.53,NPCI UPI Ecosystem Statistics via https://github.com/luckisalive/npci_upi_analytics@5c007daef0b69f30dd8e555c548ba6f3bd85c43f
2024,12,2024-12-01,Bank of Baroda Apps,1.12,431.5,0.0,0.0,0.0,0.0,1.12,431.5,NPCI UPI Ecosystem Statistics via https://github.com/luckisalive/npci_upi_analytics@5c007daef0b69f30dd8e555c548ba6f3bd85c43f
2024,12,2024-12-01,Bank of India Apps,0.22,68.38,0.0,0.0,0.0,0.0,0.22,68.38,NPCI UPI Ecosystem Statistics via https://github.com/luckisalive/npci_upi_analytics@5c007daef0b69f30dd8e555c548ba6f3bd85c43f
2024,12,2024-12-01,Bank of Maharashtra Apps,0.04,12.79,0.0,0.0,0.0,0.0,0.04,12.79,NPCI UPI Ecosystem Statistics via https://github.com/luckisalive/npci_upi_analytics@5c007daef0b69f30dd8e555c548ba6f3bd85c43f
2024,12,2024-12-01,Bharat Pe,0.11,13.25,0.0,0.0,0.0,0.0,0.11,13.25,NPCI UPI Ecosystem Statistics via https://github.com/luckisalive/npci_upi_analytics@5c007daef0b69f30dd8e555c548ba6f3bd85c43f
2024,12,2024-12-01,Canara Bank Apps,3.2,848.14,0.0,0.0,0.0,0.0,3.2,848.14,NPCI UPI Ecosystem Statistics via https://github.com/luckisalive/npci_upi_analytics@5c007daef0b69f30dd8e555c548ba6f3bd85c43f
2024,12,2024-12-01,Central Bank of India Apps,1.25,221.54,0.0,0.0,0.0,0.0,1.25,221.54,NPCI UPI Ecosystem Statistics via https://github.com/luckisalive/npci_upi_analytics@5c007daef0b69f30dd8e555c548ba6f3bd85c43f
2024,12,2024-12-01,Cheq,0.03,2.43,0.0,0.0,0.0,0.0,0.03,2.43,NPCI UPI Ecosystem Statistics via https://github.com/luckisalive/npci_upi_analytics@5c007daef0b69f30dd8e555c548ba6f3bd85c43f
2024,12,2024-12-01,City Union Bank Apps,0.08,28.56,0.0,0.0,0.0,0.0,0.08,28.56,NPCI UPI Ecosystem Statistics via https://github.com/luckisalive/npci_upi_analytics@5c007daef0b69f30dd8e555c548ba6f3bd85c43f
2024,12,2024-12-01,Cred,143.07,50979.94,0.0,0.0,0.0,0.0,143.07,50979.94,NPCI UPI Ecosystem Statistics via https://github.com/luckisalive/npci_upi_analytics@5c007daef0b69f30dd8e555c548ba6f3bd85c43f
2024,12,2024-12-01,DBS Digibank Apps,1.06,218.5,0.0,0.0,0.01,1.15,1.07,219.66,NPCI UPI Ecosystem Statistics via https://github.com/luckisalive/npci_upi_analytics@5c007daef0b69f30dd8e555c548ba6f3bd85c43f
2024,12,2024-12-01,Deutsche Bank Apps,3.37,296.77,0.0,0.0,0.0,0.1,3.37,296.88,NPCI UPI Ecosystem Statistics via https://github.com/luckisalive/npci_upi_analytics@5c007daef0b69f30dd8e555c548ba6f3bd85c43f
2024,12,2024-12-01,Dhani,0.14,12.18,0.0,0.0,0.0,0.0,0.14,12.18,NPCI UPI Ecosystem Statistics via https://github.com/luckisalive/npci_upi_analytics@5c007daef0b69f30dd8e555c548ba6f3bd85c43f
2024,12,2024-12-01,Digikhata,0.56,170.77,0.0,0.0,0.0,0.0,0.56,170.77,NPCI UPI Ecosystem Statistics via https://github.com/luckisalive/npci_upi_analytics@5c007daef0b69f30dd8e555c548ba6f3bd85c43f
2024,12,2024-12-01,ESAF Small Finance Bank Apps,0.19,20.5,0.0,0.0,0.0,0.0,0.19,20.5,NPCI UPI Ecosystem Statistics via https://github.com/luckisalive/npci_upi_analytics@5c007daef0b69f30dd8e555c548ba6f3bd85c43f
2024,12,2024-12-01,Equitas Small Finance Bank Apps,0.04,28.67,0.0,0.0,0.0,0.0,0.04,28.67,NPCI UPI Ecosystem Statistics via https://github.com/luckisalive/npci_upi_analytics@5c007daef0b69f30dd8e555c548ba6f3bd85c43f
2024,12,2024-12-01,FamApp by Trio,75.74,870.68,0.0,0.0,0.0,0.0,75.74,870.68,NPCI UPI Ecosystem Statistics via https://github.com/luckisalive/npci_upi_analytics@5c007daef0b69f30dd8e555c548ba6f3bd85c43f
2024,12,2024-12-01,Federal Bank App,3.94,673.09,0.0,0.0,0.0,0.0,3.94,673.09,NPCI UPI Ecosystem Statistics via https://github.com/luckisalive/npci_upi_analytics@5c007daef0b69f30dd8e555c548ba6f3bd85c43f
2024,12,2024-12-01,Fi Money,3.32,412.1,0.0,0.0,0.0,0.0,3.32,412.1,NPCI UPI Ecosystem Statistics via https://github.com/luckisalive/npci_upi_analytics@5c007daef0b69f30dd8e555c548ba6f3bd85c43f
2024,12,2024-12-01,Fino Payments Bank Apps,0.55,72.04,0.0,0.0,0.0,0.0,0.55,72.04,NPCI UPI Ecosystem Statistics via https://github.com/luckisalive/npci_upi_analytics@5c007daef0b69f30dd8e555c548ba6f3bd85c43f
2024,12,2024-12-01,Flipkart UPI,12.75,606.35,0.0,0.0,0.0,0.0,12.75,606.35,NPCI UPI Ecosystem Statistics via https://github.com/luckisalive/npci_upi_analytics@5c007daef0b69f30dd8e555c548ba6f3bd85c43f
2024,12,2024-12-01,Freo,0.02,1.72,0.0,0.0,0.0,0.0,0.02,1.72,NPCI UPI Ecosystem Statistics via https://github.com/luckisalive/npci_upi_analytics@5c007daef0b69f30dd8e555c548ba6f3bd85c43f
2024,12,2024-12-01,Genwise,0.03,31.68,0.0,0.0,0.0,0.0,0.03,31.68,NPCI UPI Ecosystem Statistics via https://github.com/luckisalive/npci_upi_analytics@5c007daef0b69f30dd8e555c548ba6f3bd85c43f
2024,12,2024-12-01,Google Pay,6140.47,822598.36,0.0,0.0,0.0,0.0,6140.47,822598.36,NPCI UPI Ecosystem Statistics via https://github.com/luckisalive/npci_upi_analytics@5c007daef0b69f30dd8e555c548ba6f3bd85c43f
2024,12,2024-12-01,Groww,13.78,9341.27,0.0,0.0,0.0,0.0,13.78,9341.27,NPCI UPI Ecosystem Statistics via https://github.com/luckisalive/npci_upi_analytics@5c007daef0b69f30dd8e555c548ba6f3bd85c43f
2024,12,2024-12-01,HDFC Bank Apps,41.47,12525.39,0.36,0.4,0.01,0.79,41.84,12526.57,NPCI UPI Ecosystem Statistics via https://github.com/luckisalive/npci_upi_analytics@5c007daef0b69f30dd8e555c548ba6f3bd85c43f
2024,12,2024-12-01,HSBC Bank Apps,0.73,194.81,0.0,0.08,0.0,0.12,0.74,195.01,NPCI UPI Ecosystem Statistics via https://github.com/luckisalive/npci_upi_analytics@5c007daef0b69f30dd8e555c548ba6f3bd85c43f
2024,12,2024-12-01,ICICI Bank Apps,59.52,19670.88,0.01,10.54,2.33,2223.13,61.86,21904.55,NPCI UPI Ecosystem Statistics via https://github.com/luckisalive/npci_upi_analytics@5c007daef0b69f30dd8e555c548ba6f3bd85c43f
2024,12,2024-12-01,IDBI Bank Apps,0.1,35.31,0.0,0.0,0.0,0.0,0.1,35.31,NPCI UPI Ecosystem Statistics via https://github.com/luckisalive/npci_upi_analytics@5c007daef0b69f30dd8e555c548ba6f3bd85c43f
2024,12,2024-12-01,IDFC Bank Apps,9.27,2103.11,0.0,0.0,0.01,0.48,9.27,2103.6,NPCI UPI Ecosystem Statistics via https://github.com/luckisalive/npci_upi_analytics@5c007daef0b69f30dd8e555c548ba6f3bd85c43f
2024,12,2024-12-01,Ind Money,0.08,28.5,0.0,0.0,0.0,0.0,0.08,28.5,NPCI UPI Ecosystem Statistics via https://github.com/luckisalive/npci_upi_analytics@5c007daef0b69f30dd8e555c548ba6f3bd85c43f
2024,12,2024-12-01,India Post Payments Bank Apps,10.76,1337.1,0.0,0.0,0.0,0.0,10.76,1337.1,NPCI UPI Ecosystem Statistics via https://github.com/luckisalive/npci_upi_analytics@5c007daef0b69f30dd8e555c548ba6f3bd85c43f
2024,12,2024-12-01,Indian Bank Apps,2.21,435.17,0.0,0.0,0.0,0.0,2.21,435.17,NPCI UPI Ecosystem Statistics via https://github.com/luckisalive/npci_upi_analytics@5c007daef0b69f30dd8e555c548ba6f3bd85c43f
2024,12,2024-12-01,Indian Overseas Bank Apps,0.23,59.7,0.0,0.0,0.0,0.0,0.23,59.7,NPCI UPI Ecosystem Statistics via https://github.com/luckisalive/npci_upi_analytics@5c007daef0b69f30dd8e555c548ba6f3bd85c43f
2024,12,2024-12-01,IndusInd Bank Apps,0.34,85.71,0.0,0.0,0.0,1.34,0.34,87.05,NPCI UPI Ecosystem Statistics via https://github.com/luckisalive/npci_upi_analytics@5c007daef0b69f30dd8e555c548ba6f3bd85c43f
2024,12,2024-12-01,Jammu and Kashmir Bank Apps,1.13,169.43,0.0,0.0,0.0,0.0,1.13,169.43,NPCI UPI Ecosystem Statistics via https://github.com/luckisalive/npci_upi_analytics@5c007daef0b69f30dd8e555c548ba6f3bd85c43f
2024,12,2024-12-01,Jio Payments Bank Apps,3.46,287.81,0.0,0.0,0.0,0.0,3.46,287.81,NPCI UPI Ecosystem Statistics via https://github.com/luckisalive/npci_upi_analytics@5c007daef0b69f30dd8e555c548ba6f3bd85c43f
2024,12,2024-12-01,Jupiter Money,6.41,910.03,0.0,0.0,0.0,0.0,6.41,910.03,NPCI UPI Ecosystem Statistics via https://github.com/luckisalive/npci_upi_analytics@5c007daef0b69f30dd8e555c548ba6f3bd85c43f
2024,12,2024-12-01,Karnataka Bank Apps,0.22,47.38,0.0,0.0,0.0,0.0,0.22,47.38,NPCI UPI Ecosystem Statistics via https://github.com/luckisalive/npci_upi_analytics@5c007daef0b69f30dd8e555c548ba6f3bd85c43f
2024,12,2024-12-01,Karur Vysya Bank Apps,0.07,24.98,0.0,0.0,0.0,0.0,0.07,24.98,NPCI UPI Ecosystem Statistics via https://github.com/luckisalive/npci_upi_analytics@5c007daef0b69f30dd8e555c548ba6f3bd85c43f
2024,12,2024-12-01,Kiwi,0.81,134.02,0.0,0.0,0.0,0.0,0.81,134.02,NPCI UPI Ecosystem Statistics via https://github.com/luckisalive/npci_upi_analytics@5c007daef0b69f30dd8e555c548ba6f3bd85c43f
2024,12,2024-12-01,Kotak Mahindra Bank Apps,52.06,7286.24,0.0,0.0,0.0,0.0,52.06,7286.24,NPCI UPI Ecosystem Statistics via https://github.com/luckisalive/npci_upi_analytics@5c007daef0b69f30dd8e555c548ba6f3bd85c43f
2024,12,2024-12-01,Kredit.Pe,0.05,6.27,0.0,0.0,0.0,0.0,0.05,6.27,NPCI UPI Ecosystem Statistics via https://github.com/luckisalive/npci_upi_analytics@5c007daef0b69f30dd8e555c548ba6f3bd85c43f
2024,12,2024-12-01,Mobikwik,20.26,3478.58,0.0,0.0,0.0,0.0,20.26,3478.58,NPCI UPI Ecosystem Statistics via https://github.com/luckisalive/npci_upi_analytics@5c007daef0b69f30dd8e555c548ba6f3bd85c43f
2024,12,2024-12-01,Money View,0.06,4.42,0.0,0.0,0.0,0.0,0.06,4.42,NPCI UPI Ecosystem Statistics via https://github.com/luckisalive/npci_upi_analytics@5c007daef0b69f30dd8e555c548ba6f3bd85c43f
2024,12,2024-12-01,NSDL Payments Bank Apps,0.07,8.36,0.0,0.0,0.0,0.0,0.07,8.36,NPCI UPI Ecosystem Statistics via https://github.com/luckisalive/npci_upi_analytics@5c007daef0b69f30dd8e555c548ba6f3bd85c43f
2024,12,2024-12-01,Navi,202.53,11317.09,0.0,0.0,0.0,0.0,202.53,11317.09,NPCI UPI Ecosystem Statistics via https://github.com/luckisalive/npci_upi_analytics@5c007daef0b69f30dd8e555c548ba6f3bd85c43f
2024,12,2024-12-01,Niyo Global,0.1,56.0,0.0,0.0,0.0,0.0,0.1,56.0,NPCI UPI Ecosystem Statistics via https://github.com/luckisalive/npci_upi_analytics@5c007daef0b69f30dd8e555c548ba6f3bd85c43f
2024,12,2024-12-01,Omni Card,1.45,85.46,0.0,0.0,0.0,0.0,1.45,85.46,NPCI UPI Ecosystem Statistics via https://github.com/luckisalive/npci_upi_analytics@5c007daef0b69f30dd8e555c548ba6f3bd85c43f
2024,12,2024-12-01,One Card,0.5,549.1,0.0,0.0,0.0,0.0,0.5,549.1,NPCI UPI Ecosystem Statistics via https://github.com/luckisalive/npci_upi_analytics@5c007daef0b69f30dd8e555c548ba6f3bd85c43f
2024,12,2024-12-01,Other,3.23,483.55,0.0,0.0,0.15,6.71,3.39,490.26,NPCI UPI Ecosystem Statistics via https://github.com/luckisalive/npci_upi_analytics@5c007daef0b69f30dd8e555c548ba6f3bd85c43f
2024,12,2024-12-01,POP UPI,6.2,391.63,0.0,0.0,0.0,0.0,6.2,391.63,NPCI UPI Ecosystem Statistics via https://github.com/luckisalive/npci_upi_analytics@5c007daef0b69f30dd8e555c548ba6f3bd85c43f
2024,12,2024-12-01,Paytm,1150.96,125739.66,0.0,0.0,0.0,0.0,1150.96,125739.66,NPCI UPI Ecosystem Statistics via https://github.com/luckisalive/npci_upi_analytics@5c007daef0b69f30dd8e555c548ba6f3bd85c43f
2024,12,2024-12-01,PhonePe,7984.05,1176300.32,0.0,0.0,0.0,0.0,7984.05,1176300.32,NPCI UPI Ecosystem Statistics via https://github.com/luckisalive/npci_upi_analytics@5c007daef0b69f30dd8e555c548ba6f3bd85c43f
2024,12,2024-12-01,Punjab National Bank Apps,3.32,792.81,0.0,0.0,0.0,0.0,3.32,792.81,NPCI UPI Ecosystem Statistics via https://github.com/luckisalive/npci_upi_analytics@5c007daef0b69f30dd8e555c548ba6f3bd85c43f
2024,12,2024-12-01,Punjab Sind Bank Apps,0.02,7.78,0.0,0.0,0.0,0.0,0.02,7.78,NPCI UPI Ecosystem Statistics via https://github.com/luckisalive/npci_upi_analytics@5c007daef0b69f30dd8e555c548ba6f3bd85c43f
2024,12,2024-12-01,RBL Bank Apps,8.29,1504.8,0.0,0.0,0.08,6.63,8.37,1511.43,NPCI UPI Ecosystem Statistics via https://github.com/luckisalive/npci_upi_analytics@5c007daef0b69f30dd8e555c548ba6f3bd85c43f
2024,12,2024-12-01,Rapipay,0.1,12.52,0.0,0.0,0.0,0.0,0.1,12.52,NPCI UPI Ecosystem Statistics via https://github.com/luckisalive/npci_upi_analytics@5c007daef0b69f30dd8e555c548ba6f3bd85c43f
2024,12,2024-12-01,Salary Se,0.1,4.8,0.0,0.0,0.0,0.0,0.1,4.8,NPCI UPI Ecosystem Statistics via https://github.com/luckisalive/npci_upi_analytics@5c007daef0b69f30dd8e555c548ba6f3bd85c43f
2024,12,2024-12-01,Samsung Pay,8.59,614.74,0.0,0.0,0.0,0.0,8.59,614.74,NPCI UPI Ecosystem Statistics via https://github.com/luckisalive/npci_upi_analytics@5c007daef0b69f30dd8e555c548ba6f3bd85c43f
2024,12,2024-12-01,Shri Ram One,0.61,57.11,0.0,0.0,0.0,0.0,0.61,57.11,NPCI UPI Ecosystem Statistics via https://github.com/luckisalive/npci_upi_analytics@5c007daef0b69f30dd8e555c548ba6f3bd85c43f
2024,12,2024-12-01,Slice,12.06,882.04,0.0,0.0,0.0,0.0,12.06,882.04,NPCI UPI Ecosystem Statistics via https://github.com/luckisalive/npci_upi_analytics@5c007daef0b69f30dd8e555c548ba6f3bd85c43f
2024,12,2024-12-01,South Indian Bank Apps,0.63,181.57,0.0,0.0,0.0,0.0,0.63,181.57,NPCI UPI Ecosystem Statistics via https://github.com/luckisalive/npci_upi_analytics@5c007daef0b69f30dd8e555c548ba6f3bd85c43f
2024,12,2024-12-01,Spice Money,0.06,5.97,0.0,0.0,0.0,0.0,0.06,5.97,NPCI UPI Ecosystem Statistics via https://github.com/luckisalive/npci_upi_analytics@5c007daef0b69f30dd8e555c548ba6f3bd85c43f
2024,12,2024-12-01,Standard Chartered Bank Apps,0.2,123.15,0.0,0.0,0.0,0.04,0.2,123.19,NPCI UPI Ecosystem Statistics via https://github.com/luckisalive/npci_upi_analytics@5c007daef0b69f30dd8e555c548ba6f3bd85c43f
2024,12,2024-12-01,State Bank of India Apps,12.05,3411.38,0.0,0.0,0.0,0.0,12.05,3411.38,NPCI UPI Ecosystem Statistics via https://github.com/luckisalive/npci_upi_analytics@5c007daef0b69f30dd8e555c548ba6f3bd85c43f
2024,12,2024-12-01,Suryoday Bank Apps,0.88,85.71,0.0,0.0,0.02,0.62,0.9,86.33,NPCI UPI Ecosystem Statistics via https://github.com/luckisalive/npci_upi_analytics@5c007daef0b69f30dd8e555c548ba6f3bd85c43f
2024,12,2024-12-01,Tamilnad Mercantile Bank Apps,0.08,25.95,0.0,0.0,0.0,0.0,0.08,25.95,NPCI UPI Ecosystem Statistics via https://github.com/luckisalive/npci_upi_analytics@5c007daef0b69f30dd8e555c548ba6f3bd85c43f
2024,12,2024-12-01,Tata Neu,0.3,81.2,0.0,0.0,0.0,0.0,0.3,81.2,NPCI UPI Ecosystem Statistics via https://github.com/luckisalive/npci_upi_analytics@5c007daef0b69f30dd8e555c548ba6f3bd85c43f
2024,12,2024-12-01,Timepay,1.01,13.49,0.0,0.0,0.0,0.0,1.01,13.49,NPCI UPI Ecosystem Statistics via https://github.com/luckisalive/npci_upi_analytics@5c007daef0b69f30dd8e555c548ba6f3bd85c43f
2024,12,2024-12-01,True Balance,0.41,21.49,0.0,0.0,0.0,0.0,0.41,21.49,NPCI UPI Ecosystem Statistics via https://github.com/luckisalive/npci_upi_analytics@5c007daef0b69f30dd8e555c548ba6f3bd85c43f
2024,12,2024-12-01,UCO Bank Apps,0.32,76.33,0.0,0.0,0.0,0.0,0.32,76.33,NPCI UPI Ecosystem Statistics via https://github.com/luckisalive/npci_upi_analytics@5c007daef0b69f30dd8e555c548ba6f3bd85c43f
2024,12,2024-12-01,Ultracash,0.09,6.16,0.0,0.0,0.0,0.0,0.09,6.16,NPCI UPI Ecosystem Statistics via https://github.com/luckisalive/npci_upi_analytics@5c007daef0b69f30dd8e555c548ba6f3bd85c43f
2024,12,2024-12-01,Union Bank Apps,0.76,255.63,0.0,0.0,0.0,0.0,0.76,255.63,NPCI UPI Ecosystem Statistics via https://github.com/luckisalive/npci_upi_analytics@5c007daef0b69f30dd8e555c548ba6f3bd85c43f
2024,12,2024-12-01,Whatsapp,57.85,4348.19,0.0,0.0,0.0,0.0,57.85,4348.19,NPCI UPI Ecosystem Statistics via https://github.com/luckisalive/npci_upi_analytics@5c007daef0b69f30dd8e555c548ba6f3bd85c43f
2024,12,2024-12-01,Yes Bank Apps,40.63,9201.8,0.0,0.0,0.35,15.16,40.98,9216.96,NPCI UPI Ecosystem Statistics via https://github.com/luckisalive/npci_upi_analytics@5c007daef0b69f30dd8e555c548ba6f3bd85c43f
2024,12,2024-12-01,super.money,101.81,3866.39,0.0,0.0,0.0,0.0,101.81,3866.39,NPCI UPI Ecosystem Statistics via https://github.com/luckisalive/npci_upi_analytics@5c007daef0b69f30dd8e555c548ba6f3bd85c43f
2025,1,2025-01-01,AU Small Finance Bank Apps,0.5,154.34,0.0,0.0,0.0,0.01,0.5,154.35,NPCI UPI Ecosystem Statistics via https://github.com/luckisalive/npci_upi_analytics@5c007daef0b69f30dd8e555c548ba6f3bd85c43f
2025,1,2025-01-01,Aditya Birla Capital Digital,0.93,39.03,0.0,0.0,0.0,0.0,0.93,39.03,NPCI UPI Ecosystem Statistics via https://github.com/luckisalive/npci_upi_analytics@5c007daef0b69f30dd8e555c548ba6f3bd85c43f
2025,1,2025-01-01,Airtel Payments Bank Apps,20.96,1498.77,0.0,0.0,0.0,0.05,20.96,1498.83,NPCI UPI Ecosystem Statistics via https://github.com/luckisalive/npci_upi_analytics@5c007daef0b69f30dd8e555c548ba6f3bd85c43f
2025,1,2025-01-01,Amazon Pay,99.95,9843.47,0.0,0.0,0.0,0.0,99.95,9843.47,NPCI UPI Ecosystem Statistics via https://github.com/luckisalive/npci_upi_analytics@5c007daef0b69f30dd8e555c548ba6f3bd85c43f
2025,1,2025-01-01,Axis Bank Apps,18.9,4804.76,107.71,2961.58,0.01,2.83,126.62,7769.17,NPCI UPI Ecosystem Statistics via https://github.com/luckisalive/npci_upi_analytics@5c007daef0b69f30dd8e555c548ba6f3bd85c43f
2025,1,2025-01-01,BHIM,33.88,9333.77,0.0,0.0,0.0,0.0,33.88,9333.77,NPCI UPI Ecosystem Statistics via https://github.com/luckisalive/npci_upi_analytics@5c007daef0b69f30dd8e555c548ba6f3bd85c43f
2025,1,2025-01-01,Bajaj Finserv,8.19,1649.36,0.0,0.0,0.0,0.0,8.19,1649.36,NPCI UPI Ecosystem Statistics via https://github.com/luckisalive/npci_upi_analytics@5c007daef0b69f30dd8e555c548ba6f3bd85c43f
2025,1,2025-01-01,Bank of Baroda Apps,1.23,442.03,0.0,0.0,0.0,0.0,1.23,442.03,NPCI UPI Ecosystem Statistics via https://github.com/luckisalive/npci_upi_analytics@5c007daef0b69f30dd8e555c548ba6f3bd85c43f
2025,1,2025-01-01,Bank of India Apps,0.24,78.25,0.0,0.0,0.0,0.0,0.24,78.25,NPCI UPI Ecosystem Statistics via https://github.com/luckisalive/npci_upi_analytics@5c007daef0b69f30dd8e555c548ba6f3bd85c43f
2025,1,2025-01-01,Bank of Maharashtra Apps,0.04,15.22,0.0,0.0,0.0,0.0,0.04,15.22,NPCI UPI Ecosystem Statistics via https://github.com/luckisalive/npci_upi_analytics@5c007daef0b69f30dd8e555c548ba6f3bd85c43f
2025,1,2025-01-01,Bharat Pe,0.21,19.64,0.0,0.0,0.0,0.0,0.21,19.64,NPCI UPI Ecosystem Statistics via https://github.com/luckisalive/npci_upi_analytics@5c007daef0b69f30dd8e555c548ba6f3bd85c43f
2025,1,2025-01-01,Canara Bank Apps,3.36,884.57,0.0,0.0,0.0,0.0,3.36,884.57,NPCI UPI Ecosystem Statistics via https://github.com/luckisalive/npci_upi_analytics@5c007daef0b69f30dd8e555c548ba6f3bd85c43f
2025,1,2025-01-01,Central Bank of India Apps,1.34,237.42,0.0,0.0,0.0,0.0,1.34,237.42,NPCI UPI Ecosystem Statistics via https://github.com/luckisalive/npci_upi_analytics@5c007daef0b69f30dd8e555c548ba6f3bd85c43f
2025,1,2025-01-01,Cheq,0.03,2.39,0.0,0.0,0.0,0.0,0.03,2.39,NPCI UPI Ecosystem Statistics via https://github.com/luckisalive/npci_upi_analytics@5c007daef0b69f30dd8e555c548ba6f3bd85c43f
2025,1,2025-01-01,City Union Bank Apps,0.08,29.52,0.0,0.0,0.0,0.0,0.08,29.52,NPCI UPI Ecosystem Statistics via https://github.com/luckisalive/npci_upi_analytics@5c007daef0b69f30dd8e555c548ba6f3bd85c43f
2025,1,2025-01-01,Cred,137.44,49482.95,0.0,0.0,0.0,0.0,137.44,49482.95,NPCI UPI Ecosystem Statistics via https://github.com/luckisalive/npci_upi_analytics@5c007daef0b69f30dd8e555c548ba6f3bd85c43f
2025,1,2025-01-01,DBS Digibank Apps,1.12,224.4,0.0,0.0,0.01,1.09,1.13,225.49,NPCI UPI Ecosystem Statistics via https://github.com/luckisalive/npci_upi_analytics@5c007daef0b69f30dd8e555c548ba6f3bd85c43f
2025,1,2025-01-01,Deutsche Bank Apps,3.31,322.65,0.0,0.0,0.0,0.1,3.32,322.75,NPCI UPI Ecosystem Statistics via https://github.com/luckisalive/npci_upi_analytics@5c007daef0b69f30dd8e555c548ba6f3bd85c43f
2025,1,2025-01-01,Dhani,0.15,7.72,0.0,0.0,0.0,0.0,0.15,7.72,NPCI UPI Ecosystem Statistics via https://github.com/luckisalive/npci_upi_analytics@5c007daef0b69f30dd8e555c548ba6f3bd85c43f
2025,1,2025-01-01,Digikhata,0.64,194.07,0.0,0.0,0.0,0.0,0.64,194.07,NPCI UPI Ecosystem Statistics via https://github.com/luckisalive/npci_upi_analytics@5c007daef0b69f30dd8e555c548ba6f3bd85c43f
2025,1,2025-01-01,ESAF Small Finance Bank Apps,0.24,26.7,0.0,0.0,0.0,0.0,0.24,26.7,NPCI UPI Ecosystem Statistics via https://github.com/luckisalive/npci_upi_analytics@5c007daef0b69f30dd8e555c548ba6f3bd85c43f
2025,1,2025-01-01,Equitas Small Finance Bank Apps,0.04,28.47,0.0,0.0,0.0,0.0,0.04,28.47,NPCI UPI Ecosystem Statistics via https://github.com/luckisalive/npci_upi_analytics@5c007daef0b69f30dd8e555c548ba6f3bd85c43f
2025,1,2025-01-01,FamApp by Trio,79.01,896.25,0.0,0.0,0.0,0.0,79.01,896.25,NPCI UPI Ecosystem Statistics via https://github.com/luckisalive/npci_upi_analytics@5c007daef0b69f30dd8e555c548ba6f3bd85c43f
2025,1,2025-01-01,Federal Bank App,4.3,744.89,0.0,0.0,0.0,0.0,4.3,744.89,NPCI UPI Ecosystem Statistics via https://github.com/luckisalive/npci_upi_analytics@5c007daef0b69f30dd8e555c548ba6f3bd85c43f
2025,1,2025-01-01,Fi Money,3.25,401.64,0.0,0.0,0.0,0.0,3.25,401.64,NPCI UPI Ecosystem Statistics via https://github.com/luckisalive/npci_upi_analytics@5c007daef0b69f30dd8e555c548ba6f3bd85c43f
2025,1,2025-01-01,Fino Payments Bank Apps,0.59,78.97,0.0,0.0,0.0,0.0,0.59,78.97,NPCI UPI Ecosystem Statistics via https://github.com/luckisalive/npci_upi_analytics@5c007daef0b69f30dd8e555c548ba6f3bd85c43f
2025,1,2025-01-01,Flipkart UPI,7.58,393.64,0.0,0.0,0.0,0.0,7.58,393.64,NPCI UPI Ecosystem Statistics via https://github.com/luckisalive/npci_upi_analytics@5c007daef0b69f30dd8e555c548ba6f3bd85c43f
2025,1,2025-01-01,Freo,0.02,1.55,0.0,0.0,0.0,0.0,0.02,1.55,NPCI UPI Ecosystem Statistics via https://github.com/luckisalive/npci_upi_analytics@5c007daef0b69f30dd8e555c548ba6f3bd85c43f
2025,1,2025-01-01,Genwise,0.05,29.81,0.0,0.0,0.0,0.0,0.05,29.81,NPCI UPI Ecosystem Statistics via https://github.com/luckisalive/npci_upi_analytics@5c007daef0b69f30dd8e555c548ba6f3bd85c43f
2025,1,2025-01-01,Google Pay,6183.91,826845.07,0.0,0.0,0.0,0.0,6183.91,826845.07,NPCI UPI Ecosystem Statistics via https://github.com/luckisalive/npci_upi_analytics@5c007daef0b69f30dd8e555c548ba6f3bd85c43f
2025,1,2025-01-01,Groww,15.4,11200.31,0.0,0.0,0.0,0.0,15.4,11200.31,NPCI UPI Ecosystem Statistics via https://github.com/luckisalive/npci_upi_analytics@5c007daef0b69f30dd8e555c548ba6f3bd85c43f
2025,1,2025-01-01,HDFC Bank Apps,40.42,11081.87,9.17,3.86,0.01,0.69,49.6,11086.42,NPCI UPI Ecosystem Statistics via https://github.com/luckisalive/npci_upi_analytics@5c007daef0b69f30dd8e555c548ba6f3bd85c43f
2025,1,2025-01-01,HSBC Bank Apps,0.82,201.55,0.0,0.08,0.0,0.17,0.82,201.79,NPCI UPI Ecosystem Statistics via https://github.com/luckisalive/npci_upi_analytics@5c007daef0b69f30dd8e555c548ba6f3bd85c43f
2025,1,2025-01-01,ICICI Bank Apps,56.13,17185.89,0.01,11.03,2.1,1731.71,58.23,18928.62,NPCI UPI Ecosystem Statistics via https://github.com/luckisalive/npci_upi_analytics@5c007daef0b69f30dd8e555c548ba6f3bd85c43f
2025,1,2025-01-01,IDBI Bank Apps,0.11,41.84,0.0,0.0,0.0,0.0,0.11,41.84,NPCI UPI Ecosystem Statistics via https://github.com/luckisalive/npci_upi_analytics@5c007daef0b69f30dd8e555c548ba6f3bd85c43f
2025,1,2025-01-01,IDFC Bank Apps,11.77,2283.02,0.0,0.0,0.0,0.02,11.77,2283.04,NPCI UPI Ecosystem Statistics via https://github.com/luckisalive/npci_upi_analytics@5c007daef0b69f30dd8e555c548ba6f3bd85c43f
2025,1,2025-01-01,Ind Money,0.63,293.14,0.0,0.0,0.0,0.0,0.63,293.14,NPCI UPI Ecosystem Statistics via https://github.com/luckisalive/npci_upi_analytics@5c007daef0b69f30dd8e555c548ba6f3bd85c43f
2025,1,2025-01-01,India Post Payments Bank Apps,12.57,1509.59,0.0,0.0,0.0,0.0,12.57,1509.59,NPCI UPI Ecosystem Statistics via https://github.com/luckisalive/npci_upi_analytics@5c007daef0b69f30dd8e555c548ba6f3bd85c43f
2025,1,2025-01-01,Indian Bank Apps,2.07,437.0,0.0,0.0,0.0,0.0,2.07,437.0,NPCI UPI Ecosystem Statistics via https://github.com/luckisalive/npci_upi_analytics@5c007daef0b69f30dd8e555c548ba6f3bd85c43f
2025,1,2025-01-01,Indian Overseas Bank Apps,0.25,66.56,0.0,0.0,0.0,0.0,0.25,66.56,NPCI UPI Ecosystem Statistics via https://github.com/luckisalive/npci_upi_analytics@5c007daef0b69f30dd8e555c548ba6f3bd85c43f
2025,1,2025-01-01,IndusInd Bank Apps,0.26,58.26,0.0,0.0,0.0,0.0,0.26,58.26,NPCI UPI Ecosystem Statistics via https://github.com/luckisalive/npci_upi_analytics@5c007daef0b69f30dd8e555c548ba6f3bd85c43f
2025,1,2025-01-01,Jammu and Kashmir Bank Apps,1.62,212.89,0.0,0.0,0.0,0.0,1.62,212.89,NPCI UPI Ecosystem Statistics via https://github.com/luckisalive/npci_upi_analytics@5c007daef0b69f30dd8e555c548ba6f3bd85c43f
2025,1,2025-01-01,Jio Payments Bank Apps,3.66,293.42,0.0,0.0,0.0,0.0,3.66,293.42,NPCI UPI Ecosystem Statistics via https://github.com/luckisalive/npci_upi_analytics@5c007daef0b69f30dd8e555c548ba6f3bd85c43f
2025,1,2025-01-01,Jupiter Money,6.31,913.95,0.0,0.0,0.0,0.0,6.31,913.95,NPCI UPI Ecosystem Statistics via https://github.com/luckisalive/npci_upi_analytics@5c007daef0b69f30dd8e555c548ba6f3bd85c43f
2025,1,2025-01-01,Karnataka Bank Apps,0.25,52.98,0.0,0.0,0.0,0.0,0.25,52.98,NPCI UPI Ecosystem Statistics via https://github.com/luckisalive/npci_upi_analytics@5c007daef0b69f30dd8e555c548ba6f3bd85c43f
2025,1,2025-01-01,Karur Vysya Bank Apps,0.08,29.32,0.0,0.0,0.0,0.0,0.08,29.32,NPCI UPI Ecosystem Statistics via https://github.com/luckisalive/npci_upi_analytics@5c007daef0b69f30dd8e555c548ba6f3bd85c43f
2025,1,2025-01-01,Kiwi,0.82,141.6,0.0,0.0,0.0,0.0,0.82,141.6,NPCI UPI Ecosystem Statistics via https://github.com/luckisalive/npci_upi_analytics@5c007daef0b69f30dd8e555c548ba6f3bd85c43f
2025,1,2025-01-01,Kotak Mahindra Bank Apps,53.71,7489.75,0.0,0.0,0.0,0.0,53.71,7489.75,NPCI UPI Ecosystem Statistics via https://github.com/luckisalive/npci_upi_analytics@5c007daef0b69f30dd8e555c548ba6f3bd85c43f
2025,1,2025-01-01,Kredit.Pe,0.09,11.04,0.0,0.0,0.0,0.0,0.09,11.04,NPCI UPI Ecosystem Statistics via https://github.com/luckisalive/npci_upi_analytics@5c007daef0b69f30dd8e555c548ba6f3bd85c43f
2025,1,2025-01-01,Mobikwik,23.66,3811.43,0.0,0.0,0.0,0.0,23.66,3811.43,NPCI UPI Ecosystem Statistics via https://github.com/luckisalive/npci_upi_analytics@5c007daef0b69f30dd8e555c548ba6f3bd85c43f
2025,1,2025-01-01,Money View,0.12,9.77,0.0,0.0,0.0,0.0,0.12,9.77,NPCI UPI Ecosystem Statistics via https://github.com/luckisalive/npci_upi_analytics@5c007daef0b69f30dd8e555c548ba6f3bd85c43f
2025,1,2025-01-01,NSDL Payments Bank Apps,0.07,8.35,0.0,0.0,0.0,0.0,0.07,8.35,NPCI UPI Ecosystem Statistics via https://github.com/luckisalive/npci_upi_analytics@5c007daef0b69f30dd8e555c548ba6f3bd85c43f
2025,1,2025-01-01,Navi,242.83,13221.33,0.0,0.0,0.0,0.0,242.83,13221.33,NPCI UPI Ecosystem Statistics via https://github.com/luckisalive/npci_upi_analytics@5c007daef0b69f30dd8e555c548ba6f3bd85c43f
2025,1,2025-01-01,Niyo Global,0.1,48.75,0.0,0.0,0.0,0.0,0.1,48.75,NPCI UPI Ecosystem Statistics via https://github.com/luckisalive/npci_upi_analytics@5c007daef0b69f30dd8e555c548ba6f3bd85c43f
2025,1,2025-01-01,Omni Card,1.49,96.0,0.0,0.0,0.0,0.0,1.49,96.0,NPCI UPI Ecosystem Statistics via https://github.com/luckisalive/npci_upi_analytics@5c007daef0b69f30dd8e555c548ba6f3bd85c43f
2025,1,2025-01-01,One Card,0.7,799.37,0.0,0.0,0.0,0.0,0.7,799.37,NPCI UPI Ecosystem Statistics via https://github.com/luckisalive/npci_upi_analytics@5c007daef0b69f30dd8e555c548ba6f3bd85c43f
2025,1,2025-01-01,Other,8.51,1366.16,0.0,0.0,0.16,7.01,8.66,1373.16,NPCI UPI Ecosystem Statistics via https://github.com/luckisalive/npci_upi_analytics@5c007daef0b69f30dd8e555c548ba6f3bd85c43f
2025,1,2025-01-01,POP UPI,8.1,431.96,0.0,0.0,0.0,0.0,8.1,431.96,NPCI UPI Ecosystem Statistics via https://github.com/luckisalive/npci_upi_analytics@5c007daef0b69f30dd8e555c548ba6f3bd85c43f
2025,1,2025-01-01,Paytm,1152.34,126313.45,0.0,0.0,0.0,0.0,1152.34,126313.45,NPCI UPI Ecosystem Statistics via https://github.com/luckisalive/npci_upi_analytics@5c007daef0b69f30dd8e555c548ba6f3bd85c43f
2025,1,2025-01-01,PhonePe,8102.44,1191303.98,0.0,0.0,0.0,0.0,8102.44,1191303.98,NPCI UPI Ecosystem Statistics via https://github.com/luckisalive/npci_upi_analytics@5c007daef0b69f30dd8e555c548ba6f3bd85c43f
2025,1,2025-01-01,Punjab National Bank Apps,3.45,864.8,0.0,0.0,0.0,0.0,3.45,864.8,NPCI UPI Ecosystem Statistics via https://github.com/luckisalive/npci_upi_analytics@5c007daef0b69f30dd8e555c548ba6f3bd85c43f
2025,1,2025-01-01,Punjab Sind Bank Apps,0.03,11.6,0.0,0.0,0.0,0.0,0.03,11.6,NPCI UPI Ecosystem Statistics via https://github.com/luckisalive/npci_upi_analytics@5c007daef0b69f30dd8e555c548ba6f3bd85c43f
2025,1,2025-01-01,RBL Bank Apps,8.5,1411.19,0.0,0.0,0.12,6.95,8.62,1418.15,NPCI UPI Ecosystem Statistics via https://github.com/luckisalive/npci_upi_analytics@5c007daef0b69f30dd8e555c548ba6f3bd85c43f
2025,1,2025-01-01,Rapipay,0.11,13.96,0.0,0.0,0.0,0.0,0.11,13.96,NPCI UPI Ecosystem Statistics via https://github.com/luckisalive/npci_upi_analytics@5c007daef0b69f30dd8e555c548ba6f3bd85c43f
2025,1,2025-01-01,Salary Se,0.16,7.76,0.0,0.0,0.0,0.0,0.16,7.76,NPCI UPI Ecosystem Statistics via https://github.com/luckisalive/npci_upi_analytics@5c007daef0b69f30dd8e555c548ba6f3bd85c43f
2025,1,2025-01-01,Samsung Pay,8.57,608.41,0.0,0.0,0.0,0.0,8.57,608.41,NPCI UPI Ecosystem Statistics via https://github.com/luckisalive/npci_upi_analytics@5c007daef0b69f30dd8e555c548ba6f3bd85c43f
2025,1,2025-01-01,Shri Ram One,0.6,63.97,0.0,0.0,0.0,0.0,0.6,63.97,NPCI UPI Ecosystem Statistics via https://github.com/luckisalive/npci_upi_analytics@5c007daef0b69f30dd8e555c548ba6f3bd85c43f
2025,1,2025-01-01,Slice,7.88,569.95,0.0,0.0,0.0,0.0,7.88,569.95,NPCI UPI Ecosystem Statistics via https://github.com/luckisalive/npci_upi_analytics@5c007daef0b69f30dd8e555c548ba6f3bd85c43f
2025,1,2025-01-01,South Indian Bank Apps,0.65,192.73,0.0,0.0,0.0,0.0,0.65,192.73,NPCI UPI Ecosystem Statistics via https://github.com/luckisalive/npci_upi_analytics@5c007daef0b69f30dd8e555c548ba6f3bd85c43f
2025,1,2025-01-01,Spice Money,0.08,7.67,0.0,0.0,0.0,0.0,0.08,7.67,NPCI UPI Ecosystem Statistics via https://github.com/luckisalive/npci_upi_analytics@5c007daef0b69f30dd8e555c548ba6f3bd85c43f
2025,1,2025-01-01,Standard Chartered Bank Apps,0.19,123.84,0.0,0.0,0.0,0.05,0.2,123.89,NPCI UPI Ecosystem Statistics via https://github.com/luckisalive/npci_upi_analytics@5c007daef0b69f30dd8e555c548ba6f3bd85c43f
2025,1,2025-01-01,State Bank of India Apps,12.49,3515.63,0.0,0.0,0.0,0.0,12.49,3515.63,NPCI UPI Ecosystem Statistics via https://github.com/luckisalive/npci_upi_analytics@5c007daef0b69f30dd8e555c548ba6f3bd85c43f
2025,1,2025-01-01,Suryoday Bank Apps,1.72,320.78,0.0,0.0,0.02,2.94,1.74,323.72,NPCI UPI Ecosystem Statistics via https://github.com/luckisalive/npci_upi_analytics@5c007daef0b69f30dd8e555c548ba6f3bd85c43f
2025,1,2025-01-01,Tamilnad Mercantile Bank Apps,0.08,26.96,0.0,0.0,0.0,0.0,0.08,26.96,NPCI UPI Ecosystem Statistics via https://github.com/luckisalive/npci_upi_analytics@5c007daef0b69f30dd8e555c548ba6f3bd85c43f
2025,1,2025-01-01,Tata Neu,0.3,89.22,0.0,0.0,0.0,0.0,0.3,89.22,NPCI UPI Ecosystem Statistics via https://github.com/luckisalive/npci_upi_analytics@5c007daef0b69f30dd8e555c548ba6f3bd85c43f
2025,1,2025-01-01,Timepay,1.8,22.39,0.0,0.0,0.0,0.0,1.8,22.39,NPCI UPI Ecosystem Statistics via https://github.com/luckisalive/npci_upi_analytics@5c007daef0b69f30dd8e555c548ba6f3bd85c43f
2025,1,2025-01-01,True Balance,0.23,9.01,0.0,0.0,0.0,0.0,0.23,9.01,NPCI UPI Ecosystem Statistics via https://github.com/luckisalive/npci_upi_analytics@5c007daef0b69f30dd8e555c548ba6f3bd85c43f
2025,1,2025-01-01,UCO Bank Apps,0.34,85.35,0.0,0.0,0.0,0.0,0.34,85.35,NPCI UPI Ecosystem Statistics via https://github.com/luckisalive/npci_upi_analytics@5c007daef0b69f30dd8e555c548ba6f3bd85c43f
2025,1,2025-01-01,Ultracash,0.09,6.74,0.0,0.0,0.0,0.0,0.09,6.74,NPCI UPI Ecosystem Statistics via https://github.com/luckisalive/npci_upi_analytics@5c007daef0b69f30dd8e555c548ba6f3bd85c43f
2025,1,2025-01-01,Union Bank Apps,0.75,257.23,0.0,0.0,0.0,0.0,0.75,257.23,NPCI UPI Ecosystem Statistics via https://github.com/luckisalive/npci_upi_analytics@5c007daef0b69f30dd8e555c548ba6f3bd85c43f
2025,1,2025-01-01,Whatsapp,60.99,4550.41,0.0,0.0,0.0,0.0,60.99,4550.41,NPCI UPI Ecosystem Statistics via https://github.com/luckisalive/npci_upi_analytics@5c007daef0b69f30dd8e555c548ba6f3bd85c43f
2025,1,2025-01-01,Yes Bank Apps,41.18,8859.55,0.0,0.0,0.38,17.71,41.57,8877.26,NPCI UPI Ecosystem Statistics via https://github.com/luckisalive/npci_upi_analytics@5c007daef0b69f30dd8e555c548ba6f3bd85c43f
2025,1,2025-01-01,super.money,124.83,4565.57,0.0,0.0,0.0,0.0,124.83,4565.57,NPCI UPI Ecosystem Statistics via https://github.com/luckisalive/npci_upi_analytics@5c007daef0b69f30dd8e555c548ba6f3bd85c43f
2025,2,2025-02-01,AU Small Finance Bank Apps,0.49,148.93,0.0,0.0,0.0,0.0,0.49,148.93,NPCI UPI Ecosystem Statistics via https://github.com/luckisalive/npci_upi_analytics@5c007daef0b69f30dd8e555c548ba6f3bd85c43f
2025,2,2025-02-01,Aditya Birla Capital Digital,0.7,29.68,0.0,0.0,0.0,0.0,0.7,29.68,NPCI UPI Ecosystem Statistics via https://github.com/luckisalive/npci_upi_analytics@5c007daef0b69f30dd8e555c548ba6f3bd85c43f
2025,2,2025-02-01,Airtel Payments Bank Apps,18.99,1349.2,0.0,0.01,0.0,0.03,18.99,1349.23,NPCI UPI Ecosystem Statistics via https://github.com/luckisalive/npci_upi_analytics@5c007daef0b69f30dd8e555c548ba6f3bd85c43f
2025,2,2025-02-01,Amazon Pay,93.31,9077.3,0.0,0.0,0.0,0.0,93.31,9077.3,NPCI UPI Ecosystem Statistics via https://github.com/luckisalive/npci_upi_analytics@5c007daef0b69f30dd8e555c548ba6f3bd85c43f
2025,2,2025-02-01,Axis Bank Apps,17.53,4556.21,100.15,4638.45,0.01,2.67,117.7,9197.33,NPCI UPI Ecosystem Statistics via https://github.com/luckisalive/npci_upi_analytics@5c007daef0b69f30dd8e555c548ba6f3bd85c43f
2025,2,2025-02-01,BHIM,36.88,8475.29,0.0,0.0,0.0,0.0,36.88,8475.29,NPCI UPI Ecosystem Statistics via https://github.com/luckisalive/npci_upi_analytics@5c007daef0b69f30dd8e555c548ba6f3bd85c43f
2025,2,2025-02-01,Bajaj Finserv,8.39,1707.51,0.0,0.0,0.0,0.0,8.39,1707.51,NPCI UPI Ecosystem Statistics via https://github.com/luckisalive/npci_upi_analytics@5c007daef0b69f30dd8e555c548ba6f3bd85c43f
2025,2,2025-02-01,Bank of Baroda Apps,1.72,472.44,0.0,0.0,0.0,0.0,1.72,472.44,NPCI UPI Ecosystem Statistics via https://github.com/luckisalive/npci_upi_analytics@5c007daef0b69f30dd8e555c548ba6f3bd85c43f
2025,2,2025-02-01,Bank of India Apps,0.24,75.45,0.0,0.0,0.0,0.0,0.24,75.45,NPCI UPI Ecosystem Statistics via https://github.com/luckisalive/npci_upi_analytics@5c007daef0b69f30dd8e555c548ba6f3bd85c43f
2025,2,2025-02-01,Bank of Maharashtra Apps,0.02,9.03,0.0,0.0,0.0,0.0,0.02,9.03,NPCI UPI Ecosystem Statistics via https://github.com/luckisalive/npci_upi_analytics@5c007daef0b69f30dd8e555c548ba6f3bd85c43f
2025,2,2025-02-01,Bharat Pe,0.62,41.42,0.0,0.0,0.0,0.0,0.62,41.42,NPCI UPI Ecosystem Statistics via https://github.com/luckisalive/npci_upi_analytics@5c007daef0b69f30dd8e555c548ba6f3bd85c43f
2025,2,2025-02-01,Canara Bank Apps,3.25,837.13,0.0,0.0,0.0,0.0,3.25,837.13,NPCI UPI Ecosystem Statistics via https://github.com/luckisalive/npci_upi_analytics@5c007daef0b69f30dd8e555c548ba6f3bd85c43f
2025,2,2025-02-01,Central Bank of India Apps,1.36,233.31,0.0,0.0,0.0,0.0,1.36,233.31,NPCI UPI Ecosystem Statistics via https://github.com/luckisalive/npci_upi_analytics@5c007daef0b69f30dd8e555c548ba6f3bd85c43f
2025,2,2025-02-01,Cheq,0.03,2.44,0.0,0.0,0.0,0.0,0.03,2.44,NPCI UPI Ecosystem Statistics via https://github.com/luckisalive/npci_upi_analytics@5c007daef0b69f30dd8e555c548ba6f3bd85c43f
2025,2,2025-02-01,City Union Bank Apps,0.08,28.98,0.0,0.0,0.0,0.0,0.08,28.98,NPCI UPI Ecosystem Statistics via https://github.com/luckisalive/npci_upi_analytics@5c007daef0b69f30dd8e555c548ba6f3bd85c43f
2025,2,2025-02-01,Cred,126.48,45127.72,0.0,0.0,0.0,0.0,126.48,45127.72,NPCI UPI Ecosystem Statistics via https://github.com/luckisalive/npci_upi_analytics@5c007daef0b69f30dd8e555c548ba6f3bd85c43f
2025,2,2025-02-01,DBS Digibank Apps,0.99,201.32,0.0,0.0,0.01,1.37,1.0,202.69,NPCI UPI Ecosystem Statistics via https://github.com/luckisalive/npci_upi_analytics@5c007daef0b69f30dd8e555c548ba6f3bd85c43f
2025,2,2025-02-01,Deutsche Bank Apps,3.12,442.59,0.0,0.0,0.0,0.09,3.12,442.68,NPCI UPI Ecosystem Statistics via https://github.com/luckisalive/npci_upi_analytics@5c007daef0b69f30dd8e555c548ba6f3bd85c43f
2025,2,2025-02-01,Dhani,0.15,7.35,0.0,0.0,0.0,0.0,0.15,7.35,NPCI UPI Ecosystem Statistics via https://github.com/luckisalive/npci_upi_analytics@5c007daef0b69f30dd8e555c548ba6f3bd85c43f
2025,2,2025-02-01,Digikhata,0.68,208.81,0.0,0.0,0.0,0.0,0.68,208.81,NPCI UPI Ecosystem Statistics via https://github.com/luckisalive/npci_upi_analytics@5c007daef0b69f30dd8e555c548ba6f3bd85c43f
2025,2,2025-02-01,ESAF Small Finance Bank Apps,0.27,26.81,0.0,0.0,0.0,0.0,0.27,26.81,NPCI UPI Ecosystem Statistics via https://github.com/luckisalive/npci_upi_analytics@5c007daef0b69f30dd8e555c548ba6f3bd85c43f
2025,2,2025-02-01,FamApp by Trio,77.08,876.12,0.0,0.0,0.0,0.0,77.08,876.12,NPCI UPI Ecosystem Statistics via https://github.com/luckisalive/npci_upi_analytics@5c007daef0b69f30dd8e555c548ba6f3bd85c43f
2025,2,2025-02-01,Federal Bank App,4.08,715.26,0.0,0.0,0.0,0.0,4.08,715.26,NPCI UPI Ecosystem Statistics via https://github.com/luckisalive/npci_upi_analytics@5c007daef0b69f30dd8e555c548ba6f3bd85c43f
2025,2,2025-02-01,Fi Money,2.99,377.32,0.0,0.0,0.0,0.0,2.99,377.32,NPCI UPI Ecosystem Statistics via https://github.com/luckisalive/npci_upi_analytics@5c007daef0b69f30dd8e555c548ba6f3bd85c43f
2025,2,2025-02-01,Fino Payments Bank Apps,0.53,68.54,0.0,0.0,0.0,0.0,0.53,68.54,NPCI UPI Ecosystem Statistics via https://github.com/luckisalive/npci_upi_analytics@5c007daef0b69f30dd8e555c548ba6f3bd85c43f
2025,2,2025-02-01,Flipkart UPI,4.42,238.42,0.0,0.0,0.0,0.0,4.42,238.42,NPCI UPI Ecosystem Statistics via https://github.com/luckisalive/npci_upi_analytics@5c007daef0b69f30dd8e555c548ba6f3bd85c43f
2025,2,2025-02-01,Freo,0.04,2.36,0.0,0.0,0.0,0.0,0.04,2.36,NPCI UPI Ecosystem Statistics via https://github.com/luckisalive/npci_upi_analytics@5c007daef0b69f30dd8e555c548ba6f3bd85c43f
2025,2,2025-02-01,Genwise,0.07,24.26,0.0,0.0,0.0,0.0,0.07,24.26,NPCI UPI Ecosystem Statistics via https://github.com/luckisalive/npci_upi_analytics@5c007daef0b69f30dd8e555c548ba6f3bd85c43f
2025,2,2025-02-01,Google Pay,5836.8,771089.15,0.0,0.0,0.0,0.0,5836.8,771089.15,NPCI UPI Ecosystem Statistics via https://github.com/luckisalive/npci_upi_analytics@5c007daef0b69f30dd8e555c548ba6f3bd85c43f
2025,2,2025-02-01,Groww,12.81,8383.73,0.0,0.0,0.0,0.0,12.81,8383.73,NPCI UPI Ecosystem Statistics via https://github.com/luckisalive/npci_upi_analytics@5c007daef0b69f30dd8e555c548ba6f3bd85c43f
2025,2,2025-02-01,HDFC Bank Apps,39.26,10543.2,8.71,3.71,0.01,0.73,47.98,10547.64,NPCI UPI Ecosystem Statistics via https://github.com/luckisalive/npci_upi_analytics@5c007daef0b69f30dd8e555c548ba6f3bd85c43f
2025,2,2025-02-01,HSBC Bank Apps,0.81,186.34,0.0,0.27,0.0,0.1,0.82,186.7,NPCI UPI Ecosystem Statistics via https://github.com/luckisalive/npci_upi_analytics@5c007daef0b69f30dd8e555c548ba6f3bd85c43f
2025,2,2025-02-01,ICICI Bank Apps,52.17,12740.39,0.01,11.15,1.93,1622.99,54.11,14374.53,NPCI UPI Ecosystem Statistics via https://github.com/luckisalive/npci_upi_analytics@5c007daef0b69f30dd8e555c548ba6f3bd85c43f
2025,2,2025-02-01,IDBI Bank Apps,0.09,32.23,0.0,0.0,0.0,0.0,0.09,32.23,NPCI UPI Ecosystem Statistics via https://github.com/luckisalive/npci_upi_analytics@5c007daef0b69f30dd8e555c548ba6f3bd85c43f
2025,2,2025-02-01,IDFC Bank Apps,11.98,2158.27,0.0,0.0,0.0,0.02,11.98,2158.3,NPCI UPI Ecosystem Statistics via https://github.com/luckisalive/npci_upi_analytics@5c007daef0b69f30dd8e555c548ba6f3bd85c43f
2025,2,2025-02-01,Ind Money,0.78,357.98,0.0,0.0,0.0,0.0,0.78,357.98,NPCI UPI Ecosystem Statistics via https://github.com/luckisalive/npci_upi_analytics@5c007daef0b69f30dd8e555c548ba6f3bd85c43f
2025,2,2025-02-01,India Post Payments Bank Apps,12.27,1463.53,0.0,0.0,0.0,0.0,12.27,1463.53,NPCI UPI Ecosystem Statistics via https://github.com/luckisalive/npci_upi_analytics@5c007daef0b69f30dd8e555c548ba6f3bd85c43f
2025,2,2025-02-01,Indian Bank Apps,0.61,168.69,0.0,0.0,0.0,0.0,0.61,168.69,NPCI UPI Ecosystem Statistics via https://github.com/luckisalive/npci_upi_analytics@5c007daef0b69f30dd8e555c548ba6f3bd85c43f
2025,2,2025-02-01,Indian Overseas Bank Apps,0.27,67.2,0.0,0.0,0.0,0.0,0.27,67.2,NPCI UPI Ecosystem Statistics via https://github.com/luckisalive/npci_upi_analytics@5c007daef0b69f30dd8e555c548ba6f3bd85c43f
2025,2,2025-02-01,IndusInd Bank Apps,1.76,307.45,0.0,0.0,0.0,0.0,1.76,307.45,NPCI UPI Ecosystem Statistics via https://github.com/luckisalive/npci_upi_analytics@5c007daef0b69f30dd8e555c548ba6f3bd85c43f
2025,2,2025-02-01,Jammu and Kashmir Bank Apps,1.57,216.84,0.0,0.0,0.0,0.0,1.57,216.84,NPCI UPI Ecosystem Statistics via https://github.com/luckisalive/npci_upi_analytics@5c007daef0b69f30dd8e555c548ba6f3bd85c43f
2025,2,2025-02-01,Jio Payments Bank Apps,3.66,290.56,0.0,0.0,0.0,0.0,3.66,290.56,NPCI UPI Ecosystem Statistics via https://github.com/luckisalive/npci_upi_analytics@5c007daef0b69f30dd8e555c548ba6f3bd85c43f
2025,2,2025-02-01,Jupiter Money,5.95,858.34,0.0,0.0,0.0,0.0,5.95,858.34,NPCI UPI Ecosystem Statistics via https://github.com/luckisalive/npci_upi_analytics@5c007daef0b69f30dd8e555c548ba6f3bd85c43f
2025,2,2025-02-01,Karnataka Bank Apps,0.23,50.92,0.0,0.0,0.0,0.0,0.23,50.92,NPCI UPI Ecosystem Statistics via https://github.com/luckisalive/npci_upi_analytics@5c007daef0b69f30dd8e555c548ba6f3bd85c43f
2025,2,2025-02-01,Karur Vysya Bank Apps,0.08,28.6,0.0,0.0,0.0,0.0,0.08,28.6,NPCI UPI Ecosystem Statistics via https://github.com/luckisalive/npci_upi_analytics@5c007daef0b69f30dd8e555c548ba6f3bd85c43f
2025,2,2025-02-01,Kiwi,1.01,155.81,0.0,0.0,0.0,0.0,1.01,155.81,NPCI UPI Ecosystem Statistics via https://github.com/luckisalive/npci_upi_analytics@5c007daef0b69f30dd8e555c548ba6f3bd85c43f
2025,2,2025-02-01,Kotak Mahindra Bank Apps,50.53,6872.1,0.0,0.0,0.0,0.0,50.53,6872.1,NPCI UPI Ecosystem Statistics via https://github.com/luckisalive/npci_upi_analytics@5c007daef0b69f30dd8e555c548ba6f3bd85c43f
2025,2,2025-02-01,Kredit.Pe,0.12,16.73,0.0,0.0,0.0,0.0,0.12,16.73,NPCI UPI Ecosystem Statistics via https://github.com/luckisalive/npci_upi_analytics@5c007daef0b69f30dd8e555c548ba6f3bd85c43f
2025,2,2025-02-01,Mobikwik,24.19,3733.72,0.0,0.0,0.0,0.0,24.19,3733.72,NPCI UPI Ecosystem Statistics via https://github.com/luckisalive/npci_upi_analytics@5c007daef0b69f30dd8e555c548ba6f3bd85c43f
2025,2,2025-02-01,Money View,0.15,15.33,0.0,0.0,0.0,0.0,0.15,15.33,NPCI UPI Ecosystem Statistics via https://github.com/luckisalive/npci_upi_analytics@5c007daef0b69f30dd8e555c548ba6f3bd85c43f
2025,2,2025-02-01,NSDL Payments Bank Apps,0.08,8.12,0.0,0.0,0.0,0.0,0.08,8.12,NPCI UPI Ecosystem Statistics via https://github.com/luckisalive/npci_upi_analytics@5c007daef0b69f30dd8e555c548ba6f3bd85c43f
2025,2,2025-02-01,Navi,260.75,14322.97,0.0,0.0,0.0,0.0,260.75,14322.97,NPCI UPI Ecosystem Statistics via https://github.com/luckisalive/npci_upi_analytics@5c007daef0b69f30dd8e555c548ba6f3bd85c43f
2025,2,2025-02-01,Niyo Global,0.09,46.26,0.0,0.0,0.0,0.0,0.09,46.26,NPCI UPI Ecosystem Statistics via https://github.com/luckisalive/npci_upi_analytics@5c007daef0b69f30dd8e555c548ba6f3bd85c43f
2025,2,2025-02-01,Omni Card,1.41,93.44,0.0,0.0,0.0,0.0,1.41,93.44,NPCI UPI Ecosystem Statistics via https://github.com/luckisalive/npci_upi_analytics@5c007daef0b69f30dd8e555c548ba6f3bd85c43f
2025,2,2025-02-01,One Card,0.66,742.49,0.0,0.0,0.0,0.0,0.66,742.49,NPCI UPI Ecosystem Statistics via https://github.com/luckisalive/npci_upi_analytics@5c007daef0b69f30dd8e555c548ba6f3bd85c43f
2025,2,2025-02-01,Other,1.8,216.46,0.0,0.0,0.15,6.15,1.94,222.61,NPCI UPI Ecosystem Statistics via https://github.com/luckisalive/npci_upi_analytics@5c007daef0b69f30dd8e555c548ba6f3bd85c43f
2025,2,2025-02-01,POP UPI,7.27,419.36,0.0,0.0,0.0,0.0,7.27,419.36,NPCI UPI Ecosystem Statistics via https://github.com/luckisalive/npci_upi_analytics@5c007daef0b69f30dd8e555c548ba6f3bd85c43f
2025,2,2025-02-01,Paytm,1079.64,117090.29,0.0,0.0,0.0,0.0,1079.64,117090.29,NPCI UPI Ecosystem Statistics via https://github.com/luckisalive/npci_upi_analytics@5c007daef0b69f30dd8e555c548ba6f3bd85c43f
2025,2,2025-02-01,PhonePe,7656.4,1118963.81,0.0,0.0,0.0,0.0,7656.4,1118963.81,NPCI UPI Ecosystem Statistics via https://github.com/luckisalive/npci_upi_analytics@5c007daef0b69f30dd8e555c548ba6f3bd85c43f
2025,2,2025-02-01,Punjab National Bank Apps,3.19,809.91,0.0,0.0,0.0,0.0,3.19,809.91,NPCI UPI Ecosystem Statistics via https://github.com/luckisalive/npci_upi_analytics@5c007daef0b69f30dd8e555c548ba6f3bd85c43f
2025,2,2025-02-01,Punjab Sind Bank Apps,0.03,9.76,0.0,0.0,0.0,0.0,0.03,9.76,NPCI UPI Ecosystem Statistics via https://github.com/luckisalive/npci_upi_analytics@5c007daef0b69f30dd8e555c548ba6f3bd85c43f
2025,2,2025-02-01,RBL Bank Apps,8.76,1408.32,0.0,0.0,0.1,13.57,8.86,1421.89,NPCI UPI Ecosystem Statistics via https://github.com/luckisalive/npci_upi_analytics@5c007daef0b69f30dd8e555c548ba6f3bd85c43f
2025,2,2025-02-01,Rapipay,0.12,14.62,0.0,0.0,0.0,0.0,0.12,14.62,NPCI UPI Ecosystem Statistics via https://github.com/luckisalive/npci_upi_analytics@5c007daef0b69f30dd8e555c548ba6f3bd85c43f
2025,2,2025-02-01,Salary Se,0.3,15.64,0.0,0.0,0.0,0.0,0.3,15.64,NPCI UPI Ecosystem Statistics via https://github.com/luckisalive/npci_upi_analytics@5c007daef0b69f30dd8e555c548ba6f3bd85c43f
2025,2,2025-02-01,Samsung Pay,8.09,576.3,0.0,0.0,0.0,0.0,8.09,576.3,NPCI UPI Ecosystem Statistics via https://github.com/luckisalive/npci_upi_analytics@5c007daef0b69f30dd8e555c548ba6f3bd85c43f
2025,2,2025-02-01,Shri Ram One,1.16,81.1,0.0,0.0,0.0,0.0,1.16,81.1,NPCI UPI Ecosystem Statistics via https://github.com/luckisalive/npci_upi_analytics@5c007daef0b69f30dd8e555c548ba6f3bd85c43f
2025,2,2025-02-01,Slice,15.31,1742.7,0.0,0.0,0.0,0.01,15.31,1742.71,NPCI UPI Ecosystem Statistics via https://github.com/luckisalive/npci_upi_analytics@5c007daef0b69f30dd8e555c548ba6f3bd85c43f
2025,2,2025-02-01,South Indian Bank Apps,0.62,178.11,0.0,0.0,0.0,0.0,0.62,178.11,NPCI UPI Ecosystem Statistics via https://github.com/luckisalive/npci_upi_analytics@5c007daef0b69f30dd8e555c548ba6f3bd85c43f
2025,2,2025-02-01,Spice Money,0.1,9.88,0.0,0.0,0.0,0.0,0.1,9.88,NPCI UPI Ecosystem Statistics via https://github.com/luckisalive/npci_upi_analytics@5c007daef0b69f30dd8e555c548ba6f3bd85c43f
2025,2,2025-02-01,Standard Chartered Bank Apps,0.2,114.04,0.0,0.0,0.0,0.07,0.2,114.12,NPCI UPI Ecosystem Statistics via https://github.com/luckisalive/npci_upi_analytics@5c007daef0b69f30dd8e555c548ba6f3bd85c43f
2025,2,2025-02-01,State Bank of India Apps,11.68,3197.67,0.0,0.0,0.0,0.0,11.68,3197.67,NPCI UPI Ecosystem Statistics via https://github.com/luckisalive/npci_upi_analytics@5c007daef0b69f30dd8e555c548ba6f3bd85c43f
2025,2,2025-02-01,Suryoday Bank Apps,1.1,189.69,0.0,0.0,0.02,3.59,1.12,193.28,NPCI UPI Ecosystem Statistics via https://github.com/luckisalive/npci_upi_analytics@5c007daef0b69f30dd8e555c548ba6f3bd85c43f
2025,2,2025-02-01,Tamilnad Mercantile Bank Apps,0.08,26.47,0.0,0.0,0.0,0.0,0.08,26.47,NPCI UPI Ecosystem Statistics via https://github.com/luckisalive/npci_upi_analytics@5c007daef0b69f30dd8e555c548ba6f3bd85c43f
2025,2,2025-02-01,Tata Neu,0.3,92.32,0.0,0.0,0.0,0.0,0.3,92.32,NPCI UPI Ecosystem Statistics via https://github.com/luckisalive/npci_upi_analytics@5c007daef0b69f30dd8e555c548ba6f3bd85c43f
2025,2,2025-02-01,Timepay,2.19,28.77,0.0,0.0,0.0,0.0,2.19,28.77,NPCI UPI Ecosystem Statistics via https://github.com/luckisalive/npci_upi_analytics@5c007daef0b69f30dd8e555c548ba6f3bd85c43f
2025,2,2025-02-01,True Balance,0.13,4.64,0.0,0.0,0.0,0.0,0.13,4.64,NPCI UPI Ecosystem Statistics via https://github.com/luckisalive/npci_upi_analytics@5c007daef0b69f30dd8e555c548ba6f3bd85c43f
2025,2,2025-02-01,UCO Bank Apps,0.35,89.18,0.0,0.0,0.0,0.0,0.35,89.18,NPCI UPI Ecosystem Statistics via https://github.com/luckisalive/npci_upi_analytics@5c007daef0b69f30dd8e555c548ba6f3bd85c43f
2025,2,2025-02-01,Ultracash,0.09,6.62,0.0,0.0,0.0,0.0,0.09,6.62,NPCI UPI Ecosystem Statistics via https://github.com/luckisalive/npci_upi_analytics@5c007daef0b69f30dd8e555c548ba6f3bd85c43f
2025,2,2025-02-01,Union Bank Apps,0.67,225.15,0.0,0.0,0.0,0.0,0.67,225.15,NPCI UPI Ecosystem Statistics via https://github.com/luckisalive/npci_upi_analytics@5c007daef0b69f30dd8e555c548ba6f3bd85c43f
2025,2,2025-02-01,Whatsapp,58.86,4349.62,0.0,0.0,0.0,0.0,58.86,4349.62,NPCI UPI Ecosystem Statistics via https://github.com/luckisalive/npci_upi_analytics@5c007daef0b69f30dd8e555c548ba6f3bd85c43f
2025,2,2025-02-01,Yes Bank Apps,37.4,8367.66,0.0,0.09,0.37,17.31,37.78,8385.06,NPCI UPI Ecosystem Statistics via https://github.com/luckisalive/npci_upi_analytics@5c007daef0b69f30dd8e555c548ba6f3bd85c43f
2025,2,2025-02-01,super.money,139.1,4812.44,0.0,0.0,0.0,0.0,139.1,4812.44,NPCI UPI Ecosystem Statistics via https://github.com/luckisalive/npci_upi_analytics@5c007daef0b69f30dd8e555c548ba6f3bd85c43f
2025,3,2025-03-01,AU Small Finance Bank Apps,0.59,174.06,0.0,0.0,0.0,0.0,0.59,174.06,NPCI UPI Ecosystem Statistics via https://github.com/luckisalive/npci_upi_analytics@5c007daef0b69f30dd8e555c548ba6f3bd85c43f
2025,3,2025-03-01,Aditya Birla Capital Digital,0.88,39.97,0.0,0.0,0.0,0.0,0.88,39.97,NPCI UPI Ecosystem Statistics via https://github.com/luckisalive/npci_upi_analytics@5c007daef0b69f30dd8e555c548ba6f3bd85c43f
2025,3,2025-03-01,Airtel Payments Bank Apps,21.63,1487.83,0.0,0.02,0.0,0.04,21.63,1487.89,NPCI UPI Ecosystem Statistics via https://github.com/luckisalive/npci_upi_analytics@5c007daef0b69f30dd8e555c548ba6f3bd85c43f
2025,3,2025-03-01,Amazon Pay,111.06,10606.66,0.0,0.0,0.0,0.0,111.06,10606.66,NPCI UPI Ecosystem Statistics via https://github.com/luckisalive/npci_upi_analytics@5c007daef0b69f30dd8e555c548ba6f3bd85c43f
2025,3,2025-03-01,Axis Bank Apps,20.26,5015.47,125.5,4948.62,0.01,2.43,145.78,9966.53,NPCI UPI Ecosystem Statistics via https://github.com/luckisalive/npci_upi_analytics@5c007daef0b69f30dd8e555c548ba6f3bd85c43f
2025,3,2025-03-01,BHIM,46.13,9540.09,0.0,0.0,0.0,0.0,46.13,9540.09,NPCI UPI Ecosystem Statistics via https://github.com/luckisalive/npci_upi_analytics@5c007daef0b69f30dd8e555c548ba6f3bd85c43f
2025,3,2025-03-01,Bajaj Finserv,9.66,1892.01,0.0,0.0,0.0,0.0,9.66,1892.01,NPCI UPI Ecosystem Statistics via https://github.com/luckisalive/npci_upi_analytics@5c007daef0b69f30dd8e555c548ba6f3bd85c43f
2025,3,2025-03-01,Bank of Baroda Apps,2.11,588.95,0.0,0.0,0.0,0.0,2.11,588.95,NPCI UPI Ecosystem Statistics via https://github.com/luckisalive/npci_upi_analytics@5c007daef0b69f30dd8e555c548ba6f3bd85c43f
2025,3,2025-03-01,Bank of India Apps,0.27,86.1,0.0,0.0,0.0,0.0,0.27,86.1,NPCI UPI Ecosystem Statistics via https://github.com/luckisalive/npci_upi_analytics@5c007daef0b69f30dd8e555c548ba6f3bd85c43f
2025,3,2025-03-01,Bank of Maharashtra Apps,0.03,9.11,0.0,0.0,0.0,0.0,0.03,9.11,NPCI UPI Ecosystem Statistics via https://github.com/luckisalive/npci_upi_analytics@5c007daef0b69f30dd8e555c548ba6f3bd85c43f
2025,3,2025-03-01,Bharat Pe,1.07,68.67,0.0,0.0,0.0,0.0,1.07,68.67,NPCI UPI Ecosystem Statistics via https://github.com/luckisalive/npci_upi_analytics@5c007daef0b69f30dd8e555c548ba6f3bd85c43f
2025,3,2025-03-01,Canara Bank Apps,3.75,975.91,0.0,0.0,0.0,0.0,3.75,975.91,NPCI UPI Ecosystem Statistics via https://github.com/luckisalive/npci_upi_analytics@5c007daef0b69f30dd8e555c548ba6f3bd85c43f
2025,3,2025-03-01,Central Bank of India Apps,1.57,268.0,0.0,0.0,0.0,0.0,1.57,268.0,NPCI UPI Ecosystem Statistics via https://github.com/luckisalive/npci_upi_analytics@5c007daef0b69f30dd8e555c548ba6f3bd85c43f
2025,3,2025-03-01,Cheq,0.03,2.43,0.0,0.0,0.0,0.0,0.03,2.43,NPCI UPI Ecosystem Statistics via https://github.com/luckisalive/npci_upi_analytics@5c007daef0b69f30dd8e555c548ba6f3bd85c43f
2025,3,2025-03-01,City Union Bank Apps,0.09,31.31,0.0,0.0,0.0,0.0,0.09,31.31,NPCI UPI Ecosystem Statistics via https://github.com/luckisalive/npci_upi_analytics@5c007daef0b69f30dd8e555c548ba6f3bd85c43f
2025,3,2025-03-01,Cred,144.82,55091.22,0.0,0.0,0.0,0.0,144.82,55091.22,NPCI UPI Ecosystem Statistics via https://github.com/luckisalive/npci_upi_analytics@5c007daef0b69f30dd8e555c548ba6f3bd85c43f
2025,3,2025-03-01,DBS Digibank Apps,1.02,228.73,0.0,0.0,0.01,1.48,1.02,230.21,NPCI UPI Ecosystem Statistics via https://github.com/luckisalive/npci_upi_analytics@5c007daef0b69f30dd8e555c548ba6f3bd85c43f
2025,3,2025-03-01,Deutsche Bank Apps,3.61,531.92,0.0,0.0,0.0,0.12,3.62,532.05,NPCI UPI Ecosystem Statistics via https://github.com/luckisalive/npci_upi_analytics@5c007daef0b69f30dd8e555c548ba6f3bd85c43f
2025,3,2025-03-01,Dhani,0.17,8.44,0.0,0.0,0.0,0.0,0.17,8.44,NPCI UPI Ecosystem Statistics via https://github.com/luckisalive/npci_upi_analytics@5c007daef0b69f30dd8e555c548ba6f3bd85c43f
2025,3,2025-03-01,Digikhata,0.8,258.58,0.0,0.0,0.0,0.0,0.8,258.58,NPCI UPI Ecosystem Statistics via https://github.com/luckisalive/npci_upi_analytics@5c007daef0b69f30dd8e555c548ba6f3bd85c43f
2025,3,2025-03-01,ESAF Small Finance Bank Apps,0.38,40.78,0.0,0.0,0.0,0.0,0.38,40.78,NPCI UPI Ecosystem Statistics via https://github.com/luckisalive/npci_upi_analytics@5c007daef0b69f30dd8e555c548ba6f3bd85c43f
2025,3,2025-03-01,FamApp by Trio,89.94,1099.28,0.0,0.0,0.0,0.0,89.94,1099.28,NPCI UPI Ecosystem Statistics via https://github.com/luckisalive/npci_upi_analytics@5c007daef0b69f30dd8e555c548ba6f3bd85c43f
2025,3,2025-03-01,Federal Bank App,4.75,869.77,0.0,0.0,0.0,0.0,4.75,869.77,NPCI UPI Ecosystem Statistics via https://github.com/luckisalive/npci_upi_analytics@5c007daef0b69f30dd8e555c548ba6f3bd85c43f
2025,3,2025-03-01,Fi Money,3.25,434.16,0.0,0.0,0.0,0.0,3.25,434.16,NPCI UPI Ecosystem Statistics via https://github.com/luckisalive/npci_upi_analytics@5c007daef0b69f30dd8e555c548ba6f3bd85c43f
2025,3,2025-03-01,Fino Payments Bank Apps,0.58,63.84,0.0,0.0,0.0,0.0,0.58,63.84,NPCI UPI Ecosystem Statistics via https://github.com/luckisalive/npci_upi_analytics@5c007daef0b69f30dd8e555c548ba6f3bd85c43f
2025,3,2025-03-01,Flipkart UPI,4.72,257.82,0.0,0.0,0.0,0.0,4.72,257.82,NPCI UPI Ecosystem Statistics via https://github.com/luckisalive/npci_upi_analytics@5c007daef0b69f30dd8e555c548ba6f3bd85c43f
2025,3,2025-03-01,Freo,0.05,3.87,0.0,0.0,0.0,0.0,0.05,3.87,NPCI UPI Ecosystem Statistics via https://github.com/luckisalive/npci_upi_analytics@5c007daef0b69f30dd8e555c548ba6f3bd85c43f
2025,3,2025-03-01,Genwise,0.07,28.34,0.0,0.0,0.0,0.0,0.07,28.34,NPCI UPI Ecosystem Statistics via https://github.com/luckisalive/npci_upi_analytics@5c007daef0b69f30dd8e555c548ba6f3bd85c43f
2025,3,2025-03-01,Google Pay,6596.76,866568.18,0.0,0.0,0.0,0.0,6596.76,866568.18,NPCI UPI Ecosystem Statistics via https://github.com/luckisalive/npci_upi_analytics@5c007daef0b69f30dd8e555c548ba6f3bd85c43f
2025,3,2025-03-01,Groww,11.63,7009.63,0.0,0.0,0.0,0.0,11.63,7009.63,NPCI UPI Ecosystem Statistics via https://github.com/luckisalive/npci_upi_analytics@5c007daef0b69f30dd8e555c548ba6f3bd85c43f
2025,3,2025-03-01,HDFC Bank Apps,46.63,11782.56,14.3,5.37,0.01,1.97,60.94,11789.9,NPCI UPI Ecosystem Statistics via https://github.com/luckisalive/npci_upi_analytics@5c007daef0b69f30dd8e555c548ba6f3bd85c43f
2025,3,2025-03-01,HSBC Bank Apps,0.99,224.31,0.01,0.32,0.0,0.21,1.0,224.84,NPCI UPI Ecosystem Statistics via https://github.com/luckisalive/npci_upi_analytics@5c007daef0b69f30dd8e555c548ba6f3bd85c43f
2025,3,2025-03-01,ICICI Bank Apps,65.41,14804.72,0.01,13.65,2.21,1878.57,67.63,16696.94,NPCI UPI Ecosystem Statistics via https://github.com/luckisalive/npci_upi_analytics@5c007daef0b69f30dd8e555c548ba6f3bd85c43f
2025,3,2025-03-01,IDBI Bank Apps,0.13,45.74,0.0,0.0,0.0,0.0,0.13,45.74,NPCI UPI Ecosystem Statistics via https://github.com/luckisalive/npci_upi_analytics@5c007daef0b69f30dd8e555c548ba6f3bd85c43f
2025,3,2025-03-01,IDFC Bank Apps,14.39,2478.07,0.14,7.96,0.01,0.05,14.53,2486.08,NPCI UPI Ecosystem Statistics via https://github.com/luckisalive/npci_upi_analytics@5c007daef0b69f30dd8e555c548ba6f3bd85c43f
2025,3,2025-03-01,Ind Money,0.95,436.8,0.0,0.0,0.0,0.0,0.95,436.8,NPCI UPI Ecosystem Statistics via https://github.com/luckisalive/npci_upi_analytics@5c007daef0b69f30dd8e555c548ba6f3bd85c43f
2025,3,2025-03-01,India Post Payments Bank Apps,16.58,1941.73,0.0,0.0,0.0,0.0,16.58,1941.73,NPCI UPI Ecosystem Statistics via https://github.com/luckisalive/npci_upi_analytics@5c007daef0b69f30dd8e555c548ba6f3bd85c43f
2025,3,2025-03-01,Indian Bank Apps,0.64,176.18,0.0,0.0,0.0,0.0,0.64,176.18,NPCI UPI Ecosystem Statistics via https://github.com/luckisalive/npci_upi_analytics@5c007daef0b69f30dd8e555c548ba6f3bd85c43f
2025,3,2025-03-01,Indian Overseas Bank Apps,0.26,60.29,0.0,0.0,0.0,0.0,0.26,60.29,NPCI UPI Ecosystem Statistics via https://github.com/luckisalive/npci_upi_analytics@5c007daef0b69f30dd8e555c548ba6f3bd85c43f
2025,3,2025-03-01,IndusInd Bank Apps,2.04,346.0,0.0,0.0,0.0,0.0,2.04,346.0,NPCI UPI Ecosystem Statistics via https://github.com/luckisalive/npci_upi_analytics@5c007daef0b69f30dd8e555c548ba6f3bd85c43f
2025,3,2025-03-01,Jammu and Kashmir Bank Apps,1.75,261.45,0.0,0.0,0.0,0.0,1.75,261.45,NPCI UPI Ecosystem Statistics via https://github.com/luckisalive/npci_upi_analytics@5c007daef0b69f30dd8e555c548ba6f3bd85c43f
2025,3,2025-03-01,Jio Payments Bank Apps,4.08,318.2,0.0,0.0,0.0,0.0,4.08,318.2,NPCI UPI Ecosystem Statistics via https://github.com/luckisalive/npci_upi_analytics@5c007daef0b69f30dd8e555c548ba6f3bd85c43f
2025,3,2025-03-01,Jupiter Money,6.49,958.52,0.0,0.0,0.0,0.0,6.49,958.52,NPCI UPI Ecosystem Statistics via https://github.com/luckisalive/npci_upi_analytics@5c007daef0b69f30dd8e555c548ba6f3bd85c43f
2025,3,2025-03-01,Karnataka Bank Apps,0.25,57.71,0.0,0.0,0.0,0.01,0.25,57.72,NPCI UPI Ecosystem Statistics via https://github.com/luckisalive/npci_upi_analytics@5c007daef0b69f30dd8e555c548ba6f3bd85c43f
2025,3,2025-03-01,Karur Vysya Bank Apps,0.09,33.66,0.0,0.0,0.0,0.0,0.09,33.66,NPCI UPI Ecosystem Statistics via https://github.com/luckisalive/npci_upi_analytics@5c007daef0b69f30dd8e555c548ba6f3bd85c43f
2025,3,2025-03-01,Kiwi,1.41,213.93,0.0,0.0,0.0,0.0,1.41,213.93,NPCI UPI Ecosystem Statistics via https://github.com/luckisalive/npci_upi_analytics@5c007daef0b69f30dd8e555c548ba6f3bd85c43f
2025,3,2025-03-01,Kotak Mahindra Bank Apps,57.05,7737.14,0.0,0.0,0.0,0.0,57.05,7737.14,NPCI UPI Ecosystem Statistics via https://github.com/luckisalive/npci_upi_analytics@5c007daef0b69f30dd8e555c548ba6f3bd85c43f
2025,3,2025-03-01,Kredit.Pe,0.19,26.43,0.0,0.0,0.0,0.0,0.19,26.43,NPCI UPI Ecosystem Statistics via https://github.com/luckisalive/npci_upi_analytics@5c007daef0b69f30dd8e555c548ba6f3bd85c43f
2025,3,2025-03-01,Mobikwik,29.8,4414.0,0.0,0.0,0.0,0.0,29.8,4414.0,NPCI UPI Ecosystem Statistics via https://github.com/luckisalive/npci_upi_analytics@5c007daef0b69f30dd8e555c548ba6f3bd85c43f
2025,3,2025-03-01,Money View,0.18,18.99,0.0,0.0,0.0,0.0,0.18,18.99,NPCI UPI Ecosystem Statistics via https://github.com/luckisalive/npci_upi_analytics@5c007daef0b69f30dd8e555c548ba6f3bd85c43f
2025,3,2025-03-01,NSDL Payments Bank Apps,0.04,5.54,0.0,0.0,0.0,0.0,0.04,5.54,NPCI UPI Ecosystem Statistics via https://github.com/luckisalive/npci_upi_analytics@5c007daef0b69f30dd8e555c548ba6f3bd85c43f
2025,3,2025-03-01,Navi,324.42,18018.65,0.0,0.0,0.0,0.0,324.42,18018.65,NPCI UPI Ecosystem Statistics via https://github.com/luckisalive/npci_upi_analytics@5c007daef0b69f30dd8e555c548ba6f3bd85c43f
2025,3,2025-03-01,Niyo Global,0.11,54.39,0.0,0.0,0.0,0.0,0.11,54.39,NPCI UPI Ecosystem Statistics via https://github.com/luckisalive/npci_upi_analytics@5c007daef0b69f30dd8e555c548ba6f3bd85c43f
2025,3,2025-03-01,Omni Card,1.59,86.51,0.0,0.0,0.0,0.0,1.59,86.51,NPCI UPI Ecosystem Statistics via https://github.com/luckisalive/npci_upi_analytics@5c007daef0b69f30dd8e555c548ba6f3bd85c43f
2025,3,2025-03-01,One Card,0.82,973.0,0.0,0.0,0.0,0.0,0.82,973.0,NPCI UPI Ecosystem Statistics via https://github.com/luckisalive/npci_upi_analytics@5c007daef0b69f30dd8e555c548ba6f3bd85c43f
2025,3,2025-03-01,Other,2.08,247.74,0.0,0.0,0.18,7.19,2.26,254.93,NPCI UPI Ecosystem Statistics via https://github.com/luckisalive/npci_upi_analytics@5c007daef0b69f30dd8e555c548ba6f3bd85c43f
2025,3,2025-03-01,POP UPI,8.53,449.95,0.0,0.0,0.0,0.0,8.53,449.95,NPCI UPI Ecosystem Statistics via https://github.com/luckisalive/npci_upi_analytics@5c007daef0b69f30dd8e555c548ba6f3bd85c43f
2025,3,2025-03-01,Paytm,1221.12,132912.04,0.0,0.0,0.0,0.0,1221.12,132912.04,NPCI UPI Ecosystem Statistics via https://github.com/luckisalive/npci_upi_analytics@5c007daef0b69f30dd8e555c548ba6f3bd85c43f
2025,3,2025-03-01,PhonePe,8647.78,1257075.54,0.0,0.0,0.0,0.0,8647.78,1257075.54,NPCI UPI Ecosystem Statistics via https://github.com/luckisalive/npci_upi_analytics@5c007daef0b69f30dd8e555c548ba6f3bd85c43f
2025,3,2025-03-01,Punjab National Bank Apps,3.38,898.95,0.0,0.0,0.0,0.0,3.38,898.95,NPCI UPI Ecosystem Statistics via https://github.com/luckisalive/npci_upi_analytics@5c007daef0b69f30dd8e555c548ba6f3bd85c43f
2025,3,2025-03-01,Punjab Sind Bank Apps,0.03,9.19,0.0,0.0,0.0,0.0,0.03,9.19,NPCI UPI Ecosystem Statistics via https://github.com/luckisalive/npci_upi_analytics@5c007daef0b69f30dd8e555c548ba6f3bd85c43f
2025,3,2025-03-01,RBL Bank Apps,12.38,1714.22,0.0,0.01,0.2,27.46,12.59,1741.69,NPCI UPI Ecosystem Statistics via https://github.com/luckisalive/npci_upi_analytics@5c007daef0b69f30dd8e555c548ba6f3bd85c43f
2025,3,2025-03-01,Rapipay,0.14,17.08,0.0,0.0,0.0,0.0,0.14,17.08,NPCI UPI Ecosystem Statistics via https://github.com/luckisalive/npci_upi_analytics@5c007daef0b69f30dd8e555c548ba6f3bd85c43f
2025,3,2025-03-01,Salary Se,0.36,18.23,0.0,0.0,0.0,0.0,0.36,18.23,NPCI UPI Ecosystem Statistics via https://github.com/luckisalive/npci_upi_analytics@5c007daef0b69f30dd8e555c548ba6f3bd85c43f
2025,3,2025-03-01,Samsung Pay,8.95,642.73,0.0,0.0,0.0,0.0,8.95,642.73,NPCI UPI Ecosystem Statistics via https://github.com/luckisalive/npci_upi_analytics@5c007daef0b69f30dd8e555c548ba6f3bd85c43f
2025,3,2025-03-01,Shri Ram One,1.75,116.77,0.0,0.0,0.0,0.0,1.75,116.77,NPCI UPI Ecosystem Statistics via https://github.com/luckisalive/npci_upi_analytics@5c007daef0b69f30dd8e555c548ba6f3bd85c43f
2025,3,2025-03-01,Slice,17.41,2069.29,0.0,0.0,0.0,0.02,17.41,2069.31,NPCI UPI Ecosystem Statistics via https://github.com/luckisalive/npci_upi_analytics@5c007daef0b69f30dd8e555c548ba6f3bd85c43f
2025,3,2025-03-01,South Indian Bank Apps,0.68,204.88,0.0,0.0,0.0,0.0,0.68,204.88,NPCI UPI Ecosystem Statistics via https://github.com/luckisalive/npci_upi_analytics@5c007daef0b69f30dd8e555c548ba6f3bd85c43f
2025,3,2025-03-01,Spice Money,0.16,12.87,0.0,0.0,0.0,0.0,0.16,12.87,NPCI UPI Ecosystem Statistics via https://github.com/luckisalive/npci_upi_analytics@5c007daef0b69f30dd8e555c548ba6f3bd85c43f
2025,3,2025-03-01,Standard Chartered Bank Apps,0.31,140.79,0.0,0.0,0.19,5.67,0.5,146.46,NPCI UPI Ecosystem Statistics via https://github.com/luckisalive/npci_upi_analytics@5c007daef0b69f30dd8e555c548ba6f3bd85c43f
2025,3,2025-03-01,State Bank of India Apps,12.61,3418.04,0.0,0.0,0.0,0.0,12.61,3418.04,NPCI UPI Ecosystem Statistics via https://github.com/luckisalive/npci_upi_analytics@5c007daef0b69f30dd8e555c548ba6f3bd85c43f
2025,3,2025-03-01,Suryoday Bank Apps,1.24,174.22,0.0,0.0,0.02,4.71,1.26,178.92,NPCI UPI Ecosystem Statistics via https://github.com/luckisalive/npci_upi_analytics@5c007daef0b69f30dd8e555c548ba6f3bd85c43f
2025,3,2025-03-01,Tamilnad Mercantile Bank Apps,0.08,29.48,0.0,0.0,0.0,0.0,0.08,29.48,NPCI UPI Ecosystem Statistics via https://github.com/luckisalive/npci_upi_analytics@5c007daef0b69f30dd8e555c548ba6f3bd85c43f
2025,3,2025-03-01,Tata Neu,0.38,111.95,0.0,0.0,0.0,0.0,0.38,111.95,NPCI UPI Ecosystem Statistics via https://github.com/luckisalive/npci_upi_analytics@5c007daef0b69f30dd8e555c548ba6f3bd85c43f
2025,3,2025-03-01,Timepay,3.07,37.66,0.0,0.0,0.0,0.0,3.07,37.66,NPCI UPI Ecosystem Statistics via https://github.com/luckisalive/npci_upi_analytics@5c007daef0b69f30dd8e555c548ba6f3bd85c43f
2025,3,2025-03-01,True Balance,0.1,3.41,0.0,0.0,0.0,0.0,0.1,3.41,NPCI UPI Ecosystem Statistics via https://github.com/luckisalive/npci_upi_analytics@5c007daef0b69f30dd8e555c548ba6f3bd85c43f
2025,3,2025-03-01,UCO Bank Apps,0.44,110.34,0.0,0.0,0.0,0.0,0.44,110.34,NPCI UPI Ecosystem Statistics via https://github.com/luckisalive/npci_upi_analytics@5c007daef0b69f30dd8e555c548ba6f3bd85c43f
2025,3,2025-03-01,Ultracash,0.11,8.67,0.0,0.0,0.0,0.0,0.11,8.67,NPCI UPI Ecosystem Statistics via https://github.com/luckisalive/npci_upi_analytics@5c007daef0b69f30dd8e555c548ba6f3bd85c43f
2025,3,2025-03-01,Union Bank Apps,0.72,241.09,0.0,0.0,0.0,0.0,0.72,241.09,NPCI UPI Ecosystem Statistics via https://github.com/luckisalive/npci_upi_analytics@5c007daef0b69f30dd8e555c548ba6f3bd85c43f
2025,3,2025-03-01,Whatsapp,66.23,4958.25,0.0,0.0,0.0,0.0,66.23,4958.25,NPCI UPI Ecosystem Statistics via https://github.com/luckisalive/npci_upi_analytics@5c007daef0b69f30dd8e555c548ba6f3bd85c43f
2025,3,2025-03-01,Yes Bank Apps,43.58,9369.6,0.01,0.12,0.44,19.13,44.03,9388.85,NPCI UPI Ecosystem Statistics via https://github.com/luckisalive/npci_upi_analytics@5c007daef0b69f30dd8e555c548ba6f3bd85c43f
2025,3,2025-03-01,super.money,171.75,5933.08,0.0,0.0,0.0,0.0,171.75,5933.08,NPCI UPI Ecosystem Statistics via https://github.com/luckisalive/npci_upi_analytics@5c007daef0b69f30dd8e555c548ba6f3bd85c43f
2025,4,2025-04-01,AU Small Finance Bank Apps,0.57,178.31,0.0,0.0,0.0,0.0,0.57,178.31,NPCI UPI Ecosystem Statistics via https://github.com/luckisalive/npci_upi_analytics@5c007daef0b69f30dd8e555c548ba6f3bd85c43f
2025,4,2025-04-01,Aditya Birla Capital Digital,0.63,32.69,0.0,0.0,0.0,0.0,0.63,32.69,NPCI UPI Ecosystem Statistics via https://github.com/luckisalive/npci_upi_analytics@5c007daef0b69f30dd8e555c548ba6f3bd85c43f
2025,4,2025-04-01,Airtel Payments Bank Apps,20.4,1416.38,0.0,0.01,0.0,0.0,20.4,1416.39,NPCI UPI Ecosystem Statistics via https://github.com/luckisalive/npci_upi_analytics@5c007daef0b69f30dd8e555c548ba6f3bd85c43f
2025,4,2025-04-01,Amazon Pay,98.26,9966.68,0.0,0.0,0.0,0.0,98.26,9966.68,NPCI UPI Ecosystem Statistics via https://github.com/luckisalive/npci_upi_analytics@5c007daef0b69f30dd8e555c548ba6f3bd85c43f
2025,4,2025-04-01,Axis Bank Apps,22.18,5281.1,97.85,3863.71,0.01,2.83,120.05,9147.64,NPCI UPI Ecosystem Statistics via https://github.com/luckisalive/npci_upi_analytics@5c007daef0b69f30dd8e555c548ba6f3bd85c43f
2025,4,2025-04-01,BHIM,53.57,10363.27,0.0,0.0,0.0,0.0,53.57,10363.27,NPCI UPI Ecosystem Statistics via https://github.com/luckisalive/npci_upi_analytics@5c007daef0b69f30dd8e555c548ba6f3bd85c43f
2025,4,2025-04-01,Bajaj Finserv,10.25,2002.37,0.0,0.0,0.0,0.0,10.25,2002.37,NPCI UPI Ecosystem Statistics via https://github.com/luckisalive/npci_upi_analytics@5c007daef0b69f30dd8e555c548ba6f3bd85c43f
2025,4,2025-04-01,Bank of Baroda Apps,1.9,567.22,0.0,0.0,0.0,0.0,1.9,567.22,NPCI UPI Ecosystem Statistics via https://github.com/luckisalive/npci_upi_analytics@5c007daef0b69f30dd8e555c548ba6f3bd85c43f
2025,4,2025-04-01,Bank of India Apps,0.3,90.46,0.0,0.0,0.0,0.0,0.3,90.46,NPCI UPI Ecosystem Statistics via https://github.com/luckisalive/npci_upi_analytics@5c007daef0b69f30dd8e555c548ba6f3bd85c43f
2025,4,2025-04-01,Bank of Maharashtra Apps,0.02,6.66,0.0,0.0,0.0,0.0,0.02,6.66,NPCI UPI Ecosystem Statistics via https://github.com/luckisalive/npci_upi_analytics@5c007daef0b69f30dd8e555c548ba6f3bd85c43f
2025,4,2025-04-01,Bharat Pe,0.78,59.59,0.0,0.0,0.0,0.0,0.78,59.59,NPCI UPI Ecosystem Statistics via https://github.com/luckisalive/npci_upi_analytics@5c007daef0b69f30dd8e555c548ba6f3bd85c43f
2025,4,2025-04-01,Canara Bank Apps,3.71,970.18,0.0,0.0,0.0,0.0,3.71,970.18,NPCI UPI Ecosystem Statistics via https://github.com/luckisalive/npci_upi_analytics@5c007daef0b69f30dd8e555c548ba6f3bd85c43f
2025,4,2025-04-01,Central Bank of India Apps,1.54,263.72,0.0,0.0,0.0,0.0,1.54,263.72,NPCI UPI Ecosystem Statistics via https://github.com/luckisalive/npci_upi_analytics@5c007daef0b69f30dd8e555c548ba6f3bd85c43f
2025,4,2025-04-01,Cheq,0.02,1.72,0.0,0.0,0.0,0.0,0.02,1.72,NPCI UPI Ecosystem Statistics via https://github.com/luckisalive/npci_upi_analytics@5c007daef0b69f30dd8e555c548ba6f3bd85c43f
2025,4,2025-04-01,City Union Bank Apps,0.08,29.3,0.0,0.0,0.0,0.0,0.08,29.3,NPCI UPI Ecosystem Statistics via https://github.com/luckisalive/npci_upi_analytics@5c007daef0b69f30dd8e555c548ba6f3bd85c43f
2025,4,2025-04-01,Cred,134.67,49753.0,0.0,0.0,0.0,0.0,134.67,49753.0,NPCI UPI Ecosystem Statistics via https://github.com/luckisalive/npci_upi_analytics@5c007daef0b69f30dd8e555c548ba6f3bd85c43f
2025,4,2025-04-01,DBS Digibank Apps,1.09,211.67,0.0,0.0,0.01,1.7,1.1,213.38,NPCI UPI Ecosystem Statistics via https://github.com/luckisalive/npci_upi_analytics@5c007daef0b69f30dd8e555c548ba6f3bd85c43f
2025,4,2025-04-01,Deutsche Bank Apps,3.55,647.31,0.0,0.0,0.0,0.11,3.56,647.42,NPCI UPI Ecosystem Statistics via https://github.com/luckisalive/npci_upi_analytics@5c007daef0b69f30dd8e555c548ba6f3bd85c43f
2025,4,2025-04-01,Dhani,0.16,7.15,0.0,0.0,0.0,0.0,0.16,7.15,NPCI UPI Ecosystem Statistics via https://github.com/luckisalive/npci_upi_analytics@5c007daef0b69f30dd8e555c548ba6f3bd85c43f
2025,4,2025-04-01,Digikhata,0.8,254.47,0.0,0.0,0.0,0.0,0.8,254.47,NPCI UPI Ecosystem Statistics via https://github.com/luckisalive/npci_upi_analytics@5c007daef0b69f30dd8e555c548ba6f3bd85c43f
2025,4,2025-04-01,ESAF Small Finance Bank Apps,0.44,52.11,0.0,0.0,0.0,0.0,0.44,52.11,NPCI UPI Ecosystem Statistics via https://github.com/luckisalive/npci_upi_analytics@5c007daef0b69f30dd8e555c548ba6f3bd85c43f
2025,4,2025-04-01,FamApp by Trio,99.91,1241.8,0.0,0.0,0.0,0.0,99.91,1241.8,NPCI UPI Ecosystem Statistics via https://github.com/luckisalive/npci_upi_analytics@5c007daef0b69f30dd8e555c548ba6f3bd85c43f
2025,4,2025-04-01,Federal Bank App,4.89,894.05,0.0,0.0,0.0,0.0,4.89,894.05,NPCI UPI Ecosystem Statistics via https://github.com/luckisalive/npci_upi_analytics@5c007daef0b69f30dd8e555c548ba6f3bd85c43f
2025,4,2025-04-01,Fi Money,3.01,396.69,0.0,0.0,0.0,0.0,3.01,396.69,NPCI UPI Ecosystem Statistics via https://github.com/luckisalive/npci_upi_analytics@5c007daef0b69f30dd8e555c548ba6f3bd85c43f
2025,4,2025-04-01,Fino Payments Bank Apps,0.51,54.6,0.0,0.0,0.0,0.0,0.51,54.6,NPCI UPI Ecosystem Statistics via https://github.com/luckisalive/npci_upi_analytics@5c007daef0b69f30dd8e555c548ba6f3bd85c43f
2025,4,2025-04-01,Flipkart UPI,3.47,195.89,0.0,0.0,0.0,0.0,3.47,195.89,NPCI UPI Ecosystem Statistics via https://github.com/luckisalive/npci_upi_analytics@5c007daef0b69f30dd8e555c548ba6f3bd85c43f
2025,4,2025-04-01,Freo,0.04,2.6,0.0,0.0,0.0,0.0,0.04,2.6,NPCI UPI Ecosystem Statistics via https://github.com/luckisalive/npci_upi_analytics@5c007daef0b69f30dd8e555c548ba6f3bd85c43f
2025,4,2025-04-01,Genwise,0.07,27.48,0.0,0.0,0.0,0.0,0.07,27.48,NPCI UPI Ecosystem Statistics via https://github.com/luckisalive/npci_upi_analytics@5c007daef0b69f30dd8e555c548ba6f3bd85c43f
2025,4,2025-04-01,Google Pay,6488.55,842628.56,0.0,0.0,0.0,0.0,6488.55,842628.56,NPCI UPI Ecosystem Statistics via https://github.com/luckisalive/npci_upi_analytics@5c007daef0b69f30dd8e555c548ba6f3bd85c43f
2025,4,2025-04-01,Groww,12.37,8788.46,0.0,0.0,0.0,0.0,12.37,8788.46,NPCI UPI Ecosystem Statistics via https://github.com/luckisalive/npci_upi_analytics@5c007daef0b69f30dd8e555c548ba6f3bd85c43f
2025,4,2025-04-01,HDFC Bank Apps,44.47,11941.31,12.98,5.21,0.01,1.23,57.46,11947.75,NPCI UPI Ecosystem Statistics via https://github.com/luckisalive/npci_upi_analytics@5c007daef0b69f30dd8e555c548ba6f3bd85c43f
2025,4,2025-04-01,HSBC Bank Apps,0.87,106.65,0.01,0.37,0.0,0.11,0.88,107.13,NPCI UPI Ecosystem Statistics via https://github.com/luckisalive/npci_upi_analytics@5c007daef0b69f30dd8e555c548ba6f3bd85c43f
2025,4,2025-04-01,ICICI Bank Apps,55.89,14360.28,0.01,12.53,2.21,1851.16,58.11,16223.97,NPCI UPI Ecosystem Statistics via https://github.com/luckisalive/npci_upi_analytics@5c007daef0b69f30dd8e555c548ba6f3bd85c43f
2025,4,2025-04-01,IDBI Bank Apps,0.13,47.44,0.0,0.0,0.0,0.0,0.13,47.44,NPCI UPI Ecosystem Statistics via https://github.com/luckisalive/npci_upi_analytics@5c007daef0b69f30dd8e555c548ba6f3bd85c43f
2025,4,2025-04-01,IDFC Bank Apps,16.01,2430.68,0.05,4.34,0.03,0.22,16.09,2435.24,NPCI UPI Ecosystem Statistics via https://github.com/luckisalive/npci_upi_analytics@5c007daef0b69f30dd8e555c548ba6f3bd85c43f
2025,4,2025-04-01,Ind Money,1.05,541.53,0.0,0.0,0.0,0.0,1.05,541.53,NPCI UPI Ecosystem Statistics via https://github.com/luckisalive/npci_upi_analytics@5c007daef0b69f30dd8e555c548ba6f3bd85c43f
2025,4,2025-04-01,India Post Payments Bank Apps,14.76,1738.65,0.0,0.0,0.0,0.0,14.76,1738.65,NPCI UPI Ecosystem Statistics via https://github.com/luckisalive/npci_upi_analytics@5c007daef0b69f30dd8e555c548ba6f3bd85c43f
2025,4,2025-04-01,Indian Bank Apps,0.7,186.42,0.0,0.0,0.0,0.0,0.7,186.42,NPCI UPI Ecosystem Statistics via https://github.com/luckisalive/npci_upi_analytics@5c007daef0b69f30dd8e555c548ba6f3bd85c43f
2025,4,2025-04-01,Indian Overseas Bank Apps,0.27,63.56,0.0,0.0,0.0,0.0,0.27,63.56,NPCI UPI Ecosystem Statistics via https://github.com/luckisalive/npci_upi_analytics@5c007daef0b69f30dd8e555c548ba6f3bd85c43f
2025,4,2025-04-01,IndusInd Bank Apps,2.17,345.61,0.0,0.0,0.0,0.0,2.17,345.61,NPCI UPI Ecosystem Statistics via https://github.com/luckisalive/npci_upi_analytics@5c007daef0b69f30dd8e555c548ba6f3bd85c43f
2025,4,2025-04-01,Jammu and Kashmir Bank Apps,2.11,281.4,0.0,0.0,0.0,0.0,2.11,281.4,NPCI UPI Ecosystem Statistics via https://github.com/luckisalive/npci_upi_analytics@5c007daef0b69f30dd8e555c548ba6f3bd85c43f
2025,4,2025-04-01,Jio Payments Bank Apps,4.21,315.88,0.0,0.0,0.0,0.0,4.21,315.88,NPCI UPI Ecosystem Statistics via https://github.com/luckisalive/npci_upi_analytics@5c007daef0b69f30dd8e555c548ba6f3bd85c43f
2025,4,2025-04-01,Jupiter Money,6.15,900.17,0.0,0.0,0.0,0.0,6.15,900.17,NPCI UPI Ecosystem Statistics via https://github.com/luckisalive/npci_upi_analytics@5c007daef0b69f30dd8e555c548ba6f3bd85c43f
2025,4,2025-04-01,Karnataka Bank Apps,0.24,58.02,0.0,0.0,0.0,0.0,0.24,58.02,NPCI UPI Ecosystem Statistics via https://github.com/luckisalive/npci_upi_analytics@5c007daef0b69f30dd8e555c548ba6f3bd85c43f
2025,4,2025-04-01,Karur Vysya Bank Apps,0.09,33.47,0.0,0.0,0.0,0.0,0.09,33.47,NPCI UPI Ecosystem Statistics via https://github.com/luckisalive/npci_upi_analytics@5c007daef0b69f30dd8e555c548ba6f3bd85c43f
2025,4,2025-04-01,Kiwi,2.41,297.79,0.0,0.0,0.0,0.0,2.41,297.79,NPCI UPI Ecosystem Statistics via https://github.com/luckisalive/npci_upi_analytics@5c007daef0b69f30dd8e555c548ba6f3bd85c43f
2025,4,2025-04-01,Kotak Mahindra Bank Apps,57.73,7681.65,0.0,0.0,0.0,0.0,57.73,7681.65,NPCI UPI Ecosystem Statistics via https://github.com/luckisalive/npci_upi_analytics@5c007daef0b69f30dd8e555c548ba6f3bd85c43f
2025,4,2025-04-01,Kredit.Pe,0.22,28.84,0.0,0.0,0.0,0.0,0.22,28.84,NPCI UPI Ecosystem Statistics via https://github.com/luckisalive/npci_upi_analytics@5c007daef0b69f30dd8e555c548ba6f3bd85c43f
2025,4,2025-04-01,Mobikwik,31.7,4277.05,0.0,0.0,0.0,0.0,31.7,4277.05,NPCI UPI Ecosystem Statistics via https://github.com/luckisalive/npci_upi_analytics@5c007daef0b69f30dd8e555c548ba6f3bd85c43f
2025,4,2025-04-01,Money View,0.23,25.72,0.0,0.0,0.0,0.0,0.23,25.72,NPCI UPI Ecosystem Statistics via https://github.com/luckisalive/npci_upi_analytics@5c007daef0b69f30dd8e555c548ba6f3bd85c43f
2025,4,2025-04-01,NSDL Payments Bank Apps,0.06,6.78,0.0,0.0,0.0,0.0,0.06,6.78,NPCI UPI Ecosystem Statistics via https://github.com/luckisalive/npci_upi_analytics@5c007daef0b69f30dd8e555c548ba6f3bd85c43f
2025,4,2025-04-01,Navi,344.21,18841.19,0.0,0.0,0.0,0.0,344.21,18841.19,NPCI UPI Ecosystem Statistics via https://github.com/luckisalive/npci_upi_analytics@5c007daef0b69f30dd8e555c548ba6f3bd85c43f
2025,4,2025-04-01,Niyo Global,0.11,58.73,0.0,0.0,0.0,0.0,0.11,58.73,NPCI UPI Ecosystem Statistics via https://github.com/luckisalive/npci_upi_analytics@5c007daef0b69f30dd8e555c548ba6f3bd85c43f
2025,4,2025-04-01,Obopay,0.04,4.79,0.0,0.0,0.0,0.0,0.04,4.79,NPCI UPI Ecosystem Statistics via https://github.com/luckisalive/npci_upi_analytics@5c007daef0b69f30dd8e555c548ba6f3bd85c43f
2025,4,2025-04-01,Omni Card,1.57,84.95,0.0,0.0,0.0,0.0,1.57,84.95,NPCI UPI Ecosystem Statistics via https://github.com/luckisalive/npci_upi_analytics@5c007daef0b69f30dd8e555c548ba6f3bd85c43f
2025,4,2025-04-01,One Card,0.74,842.35,0.0,0.0,0.0,0.0,0.74,842.35,NPCI UPI Ecosystem Statistics via https://github.com/luckisalive/npci_upi_analytics@5c007daef0b69f30dd8e555c548ba6f3bd85c43f
2025,4,2025-04-01,Other,1.75,210.85,0.0,0.0,0.13,6.06,1.88,216.91,NPCI UPI Ecosystem Statistics via https://github.com/luckisalive/npci_upi_analytics@5c007daef0b69f30dd8e555c548ba6f3bd85c43f
2025,4,2025-04-01,POP UPI,10.38,445.95,0.0,0.0,0.0,0.0,10.38,445.95,NPCI UPI Ecosystem Statistics via https://github.com/luckisalive/npci_upi_analytics@5c007daef0b69f30dd8e555c548ba6f3bd85c43f
2025,4,2025-04-01,Paytm,1210.24,131153.97,0.0,0.0,0.0,0.0,1210.24,131153.97,NPCI UPI Ecosystem Statistics via https://github.com/luckisalive/npci_upi_analytics@5c007daef0b69f30dd8e555c548ba6f3bd85c43f
2025,4,2025-04-01,PhonePe,8362.31,1205047.3,0.0,0.0,0.0,0.0,8362.31,1205047.3,NPCI UPI Ecosystem Statistics via https://github.com/luckisalive/npci_upi_analytics@5c007daef0b69f30dd8e555c548ba6f3bd85c43f
2025,4,2025-04-01,Punjab National Bank Apps,3.4,912.54,0.0,0.0,0.0,0.0,3.4,912.54,NPCI UPI Ecosystem Statistics via https://github.com/luckisalive/npci_upi_analytics@5c007daef0b69f30dd8e555c548ba6f3bd85c43f
2025,4,2025-04-01,Punjab Sind Bank Apps,0.03,9.5,0.0,0.0,0.0,0.0,0.03,9.5,NPCI UPI Ecosystem Statistics via https://github.com/luckisalive/npci_upi_analytics@5c007daef0b69f30dd8e555c548ba6f3bd85c43f
2025,4,2025-04-01,RBL Bank Apps,13.9,1630.61,0.0,0.14,0.19,22.38,14.09,1653.13,NPCI UPI Ecosystem Statistics via https://github.com/luckisalive/npci_upi_analytics@5c007daef0b69f30dd8e555c548ba6f3bd85c43f
2025,4,2025-04-01,Rapipay,0.15,16.93,0.0,0.0,0.0,0.0,0.15,16.93,NPCI UPI Ecosystem Statistics via https://github.com/luckisalive/npci_upi_analytics@5c007daef0b69f30dd8e555c548ba6f3bd85c43f
2025,4,2025-04-01,Salary Se,0.37,17.58,0.0,0.0,0.0,0.0,0.37,17.58,NPCI UPI Ecosystem Statistics via https://github.com/luckisalive/npci_upi_analytics@5c007daef0b69f30dd8e555c548ba6f3bd85c43f
2025,4,2025-04-01,Samsung Pay,8.72,619.96,0.0,0.0,0.0,0.0,8.72,619.96,NPCI UPI Ecosystem Statistics via https://github.com/luckisalive/npci_upi_analytics@5c007daef0b69f30dd8e555c548ba6f3bd85c43f
2025,4,2025-04-01,Shri Ram One,2.09,137.77,0.0,0.0,0.0,0.0,2.09,137.77,NPCI UPI Ecosystem Statistics via https://github.com/luckisalive/npci_upi_analytics@5c007daef0b69f30dd8e555c548ba6f3bd85c43f
2025,4,2025-04-01,Slice,17.81,2119.99,0.0,0.0,0.0,0.02,17.81,2120.01,NPCI UPI Ecosystem Statistics via https://github.com/luckisalive/npci_upi_analytics@5c007daef0b69f30dd8e555c548ba6f3bd85c43f
2025,4,2025-04-01,South Indian Bank Apps,0.68,200.19,0.0,0.0,0.0,0.0,0.68,200.19,NPCI UPI Ecosystem Statistics via https://github.com/luckisalive/npci_upi_analytics@5c007daef0b69f30dd8e555c548ba6f3bd85c43f
2025,4,2025-04-01,Spice Money,0.17,12.63,0.0,0.0,0.0,0.0,0.17,12.63,NPCI UPI Ecosystem Statistics via https://github.com/luckisalive/npci_upi_analytics@5c007daef0b69f30dd8e555c548ba6f3bd85c43f
2025,4,2025-04-01,Standard Chartered Bank Apps,1.72,153.33,0.0,0.0,0.18,5.07,1.9,158.39,NPCI UPI Ecosystem Statistics via https://github.com/luckisalive/npci_upi_analytics@5c007daef0b69f30dd8e555c548ba6f3bd85c43f
2025,4,2025-04-01,State Bank of India Apps,13.16,3524.25,0.0,0.0,0.0,0.0,13.16,3524.25,NPCI UPI Ecosystem Statistics via https://github.com/luckisalive/npci_upi_analytics@5c007daef0b69f30dd8e555c548ba6f3bd85c43f
2025,4,2025-04-01,Suryoday Bank Apps,0.73,130.27,0.0,0.0,0.01,5.3,0.75,135.57,NPCI UPI Ecosystem Statistics via https://github.com/luckisalive/npci_upi_analytics@5c007daef0b69f30dd8e555c548ba6f3bd85c43f
2025,4,2025-04-01,Tamilnad Mercantile Bank Apps,0.09,31.21,0.0,0.0,0.0,0.0,0.09,31.21,NPCI UPI Ecosystem Statistics via https://github.com/luckisalive/npci_upi_analytics@5c007daef0b69f30dd8e555c548ba6f3bd85c43f
2025,4,2025-04-01,Tata Neu,0.39,118.54,0.0,0.0,0.0,0.0,0.39,118.54,NPCI UPI Ecosystem Statistics via https://github.com/luckisalive/npci_upi_analytics@5c007daef0b69f30dd8e555c548ba6f3bd85c43f
2025,4,2025-04-01,Timepay,3.12,40.66,0.0,0.0,0.0,0.0,3.12,40.66,NPCI UPI Ecosystem Statistics via https://github.com/luckisalive/npci_upi_analytics@5c007daef0b69f30dd8e555c548ba6f3bd85c43f
2025,4,2025-04-01,True Balance,0.09,3.02,0.0,0.0,0.0,0.0,0.09,3.02,NPCI UPI Ecosystem Statistics via https://github.com/luckisalive/npci_upi_analytics@5c007daef0b69f30dd8e555c548ba6f3bd85c43f
2025,4,2025-04-01,UCO Bank Apps,0.46,116.7,0.0,0.0,0.0,0.0,0.46,116.7,NPCI UPI Ecosystem Statistics via https://github.com/luckisalive/npci_upi_analytics@5c007daef0b69f30dd8e555c548ba6f3bd85c43f
2025,4,2025-04-01,Ultracash,0.1,8.26,0.0,0.0,0.0,0.0,0.1,8.26,NPCI UPI Ecosystem Statistics via https://github.com/luckisalive/npci_upi_analytics@5c007daef0b69f30dd8e555c548ba6f3bd85c43f
2025,4,2025-04-01,Union Bank Apps,0.72,243.46,0.0,0.0,0.0,0.0,0.72,243.46,NPCI UPI Ecosystem Statistics via https://github.com/luckisalive/npci_upi_analytics@5c007daef0b69f30dd8e555c548ba6f3bd85c43f
2025,4,2025-04-01,Unity Small Finance Bank Apps,0.03,6.73,0.0,0.0,0.0,0.0,0.03,6.73,NPCI UPI Ecosystem Statistics via https://github.com/luckisalive/npci_upi_analytics@5c007daef0b69f30dd8e555c548ba6f3bd85c43f
2025,4,2025-04-01,Whatsapp,67.4,5065.44,0.0,0.0,0.0,0.0,67.4,5065.44,NPCI UPI Ecosystem Statistics via https://github.com/luckisalive/npci_upi_analytics@5c007daef0b69f30dd8e555c548ba6f3bd85c43f
2025,4,2025-04-01,Yes Bank Apps,47.98,9039.54,0.0,0.0,0.32,19.73,48.3,9059.27,NPCI UPI Ecosystem Statistics via https://github.com/luckisalive/npci_upi_analytics@5c007daef0b69f30dd8e555c548ba6f3bd85c43f
2025,4,2025-04-01,super.money,175.24,5924.95,0.0,0.0,0.0,0.0,175.24,5924.95,NPCI UPI Ecosystem Statistics via https://github.com/luckisalive/npci_upi_analytics@5c007daef0b69f30dd8e555c548ba6f3bd85c43f
2025,5,2025-05-01,AU Small Finance Bank Apps,0.6,184.67,0.0,0.0,0.0,0.0,0.6,184.67,NPCI UPI Ecosystem Statistics via https://github.com/luckisalive/npci_upi_analytics@5c007daef0b69f30dd8e555c548ba6f3bd85c43f
2025,5,2025-05-01,Aditya Birla Capital Digital,0.49,26.92,0.0,0.0,0.0,0.0,0.49,26.92,NPCI UPI Ecosystem Statistics via https://github.com/luckisalive/npci_upi_analytics@5c007daef0b69f30dd8e555c548ba6f3bd85c43f
2025,5,2025-05-01,Airtel Payments Bank Apps,20.14,1447.34,0.0,0.01,0.0,0.0,20.14,1447.35,NPCI UPI Ecosystem Statistics via https://github.com/luckisalive/npci_upi_analytics@5c007daef0b69f30dd8e555c548ba6f3bd85c43f
2025,5,2025-05-01,Amazon Pay,98.68,10343.44,0.0,0.0,0.0,0.0,98.68,10343.44,NPCI UPI Ecosystem Statistics via https://github.com/luckisalive/npci_upi_analytics@5c007daef0b69f30dd8e555c548ba6f3bd85c43f
2025,5,2025-05-01,Axis Bank Apps,23.1,5427.15,96.92,4253.72,0.01,2.95,120.03,9683.82,NPCI UPI Ecosystem Statistics via https://github.com/luckisalive/npci_upi_analytics@5c007daef0b69f30dd8e555c548ba6f3bd85c43f
2025,5,2025-05-01,BHIM,64.6,11243.73,0.0,0.0,0.0,0.0,64.6,11243.73,NPCI UPI Ecosystem Statistics via https://github.com/luckisalive/npci_upi_analytics@5c007daef0b69f30dd8e555c548ba6f3bd85c43f
2025,5,2025-05-01,Bajaj Finserv,10.67,2219.95,0.0,0.0,0.0,0.0,10.67,2219.95,NPCI UPI Ecosystem Statistics via https://github.com/luckisalive/npci_upi_analytics@5c007daef0b69f30dd8e555c548ba6f3bd85c43f
2025,5,2025-05-01,Bank of Baroda Apps,1.8,528.32,0.0,0.0,0.0,0.0,1.8,528.32,NPCI UPI Ecosystem Statistics via https://github.com/luckisalive/npci_upi_analytics@5c007daef0b69f30dd8e555c548ba6f3bd85c43f
2025,5,2025-05-01,Bank of India Apps,0.3,91.04,0.0,0.0,0.0,0.0,0.3,91.04,NPCI UPI Ecosystem Statistics via https://github.com/luckisalive/npci_upi_analytics@5c007daef0b69f30dd8e555c548ba6f3bd85c43f
2025,5,2025-05-01,Bank of Maharashtra Apps,0.02,7.44,0.0,0.0,0.0,0.0,0.02,7.44,NPCI UPI Ecosystem Statistics via https://github.com/luckisalive/npci_upi_analytics@5c007daef0b69f30dd8e555c548ba6f3bd85c43f
2025,5,2025-05-01,Bharat Pe,0.74,58.21,0.0,0.0,0.0,0.0,0.74,58.21,NPCI UPI Ecosystem Statistics via https://github.com/luckisalive/npci_upi_analytics@5c007daef0b69f30dd8e555c548ba6f3bd85c43f
2025,5,2025-05-01,Canara Bank Apps,3.85,992.9,0.0,0.0,0.0,0.0,3.85,992.9,NPCI UPI Ecosystem Statistics via https://github.com/luckisalive/npci_upi_analytics@5c007daef0b69f30dd8e555c548ba6f3bd85c43f
2025,5,2025-05-01,Central Bank of India Apps,1.56,268.09,0.0,0.0,0.0,0.0,1.56,268.09,NPCI UPI Ecosystem Statistics via https://github.com/luckisalive/npci_upi_analytics@5c007daef0b69f30dd8e555c548ba6f3bd85c43f
2025,5,2025-05-01,City Union Bank Apps,0.07,29.97,0.0,0.0,0.0,0.0,0.07,29.97,NPCI UPI Ecosystem Statistics via https://github.com/luckisalive/npci_upi_analytics@5c007daef0b69f30dd8e555c548ba6f3bd85c43f
2025,5,2025-05-01,Cred,141.95,55242.72,0.0,0.0,0.0,0.0,141.95,55242.72,NPCI UPI Ecosystem Statistics via https://github.com/luckisalive/npci_upi_analytics@5c007daef0b69f30dd8e555c548ba6f3bd85c43f
2025,5,2025-05-01,DBS Digibank Apps,1.04,224.55,0.0,0.0,0.02,2.1,1.06,226.65,NPCI UPI Ecosystem Statistics via https://github.com/luckisalive/npci_upi_analytics@5c007daef0b69f30dd8e555c548ba6f3bd85c43f
2025,5,2025-05-01,Deutsche Bank Apps,4.02,723.74,0.0,0.0,0.0,0.14,4.02,723.88,NPCI UPI Ecosystem Statistics via https://github.com/luckisalive/npci_upi_analytics@5c007daef0b69f30dd8e555c548ba6f3bd85c43f
2025,5,2025-05-01,Dhani,0.17,8.63,0.0,0.0,0.0,0.0,0.17,8.63,NPCI UPI Ecosystem Statistics via https://github.com/luckisalive/npci_upi_analytics@5c007daef0b69f30dd8e555c548ba6f3bd85c43f
2025,5,2025-05-01,Digikhata,0.87,282.69,0.0,0.0,0.0,0.0,0.87,282.69,NPCI UPI Ecosystem Statistics via https://github.com/luckisalive/npci_upi_analytics@5c007daef0b69f30dd8e555c548ba6f3bd85c43f
2025,5,2025-05-01,ESAF Small Finance Bank Apps,0.57,63.39,0.0,0.0,0.0,0.0,0.57,63.39,NPCI UPI Ecosystem Statistics via https://github.com/luckisalive/npci_upi_analytics@5c007daef0b69f30dd8e555c548ba6f3bd85c43f
2025,5,2025-05-01,FamApp by Trio,110.38,1415.4,0.0,0.0,0.0,0.0,110.38,1415.4,NPCI UPI Ecosystem Statistics via https://github.com/luckisalive/npci_upi_analytics@5c007daef0b69f30dd8e555c548ba6f3bd85c43f
2025,5,2025-05-01,Federal Bank App,5.09,982.11,0.0,0.0,0.0,0.0,5.09,982.11,NPCI UPI Ecosystem Statistics via https://github.com/luckisalive/npci_upi_analytics@5c007daef0b69f30dd8e555c548ba6f3bd85c43f
2025,5,2025-05-01,Fi Money,2.99,407.88,0.0,0.0,0.0,0.0,2.99,407.88,NPCI UPI Ecosystem Statistics via https://github.com/luckisalive/npci_upi_analytics@5c007daef0b69f30dd8e555c548ba6f3bd85c43f
2025,5,2025-05-01,Fino Payments Bank Apps,0.54,56.9,0.0,0.0,0.0,0.0,0.54,56.9,NPCI UPI Ecosystem Statistics via https://github.com/luckisalive/npci_upi_analytics@5c007daef0b69f30dd8e555c548ba6f3bd85c43f
2025,5,2025-05-01,Flipkart UPI,3.23,187.83,0.0,0.0,0.0,0.0,3.23,187.83,NPCI UPI Ecosystem Statistics via https://github.com/luckisalive/npci_upi_analytics@5c007daef0b69f30dd8e555c548ba6f3bd85c43f
2025,5,2025-05-01,Freo,0.04,2.27,0.0,0.0,0.0,0.0,0.04,2.27,NPCI UPI Ecosystem Statistics via https://github.com/luckisalive/npci_upi_analytics@5c007daef0b69f30dd8e555c548ba6f3bd85c43f
2025,5,2025-05-01,Google Pay,6740.42,884735.12,0.0,0.0,0.0,0.0,6740.42,884735.12,NPCI UPI Ecosystem Statistics via https://github.com/luckisalive/npci_upi_analytics@5c007daef0b69f30dd8e555c548ba6f3bd85c43f
2025,5,2025-05-01,Groww,12.14,8443.05,0.0,0.0,0.0,0.0,12.14,8443.05,NPCI UPI Ecosystem Statistics via https://github.com/luckisalive/npci_upi_analytics@5c007daef0b69f30dd8e555c548ba6f3bd85c43f
2025,5,2025-05-01,HDFC Bank Apps,48.1,14798.07,15.08,7.04,0.01,1.49,63.19,14806.6,NPCI UPI Ecosystem Statistics via https://github.com/luckisalive/npci_upi_analytics@5c007daef0b69f30dd8e555c548ba6f3bd85c43f
2025,5,2025-05-01,HSBC Bank Apps,1.01,123.87,0.01,0.27,0.0,0.22,1.03,124.36,NPCI UPI Ecosystem Statistics via https://github.com/luckisalive/npci_upi_analytics@5c007daef0b69f30dd8e555c548ba6f3bd85c43f
2025,5,2025-05-01,ICICI Bank Apps,57.17,14783.71,0.01,13.9,2.29,1891.92,59.47,16689.54,NPCI UPI Ecosystem Statistics via https://github.com/luckisalive/npci_upi_analytics@5c007daef0b69f30dd8e555c548ba6f3bd85c43f
2025,5,2025-05-01,IDBI Bank Apps,0.13,49.81,0.0,0.0,0.0,0.0,0.13,49.81,NPCI UPI Ecosystem Statistics via https://github.com/luckisalive/npci_upi_analytics@5c007daef0b69f30dd8e555c548ba6f3bd85c43f
2025,5,2025-05-01,IDFC Bank Apps,16.19,2493.14,0.0,0.02,0.02,0.12,16.21,2493.29,NPCI UPI Ecosystem Statistics via https://github.com/luckisalive/npci_upi_analytics@5c007daef0b69f30dd8e555c548ba6f3bd85c43f
2025,5,2025-05-01,Ind Money,1.3,560.96,0.0,0.0,0.0,0.0,1.3,560.96,NPCI UPI Ecosystem Statistics via https://github.com/luckisalive/npci_upi_analytics@5c007daef0b69f30dd8e555c548ba6f3bd85c43f
2025,5,2025-05-01,India Post Payments Bank Apps,16.51,1834.83,0.0,0.0,0.0,0.0,16.51,1834.83,NPCI UPI Ecosystem Statistics via https://github.com/luckisalive/npci_upi_analytics@5c007daef0b69f30dd8e555c548ba6f3bd85c43f
2025,5,2025-05-01,Indian Bank Apps,0.8,202.18,0.0,0.0,0.0,0.0,0.8,202.18,NPCI UPI Ecosystem Statistics via https://github.com/luckisalive/npci_upi_analytics@5c007daef0b69f30dd8e555c548ba6f3bd85c43f
2025,5,2025-05-01,Indian Overseas Bank Apps,0.27,64.81,0.0,0.0,0.0,0.0,0.27,64.81,NPCI UPI Ecosystem Statistics via https://github.com/luckisalive/npci_upi_analytics@5c007daef0b69f30dd8e555c548ba6f3bd85c43f
2025,5,2025-05-01,IndusInd Bank Apps,1.99,258.89,0.0,0.0,0.0,0.0,1.99,258.89,NPCI UPI Ecosystem Statistics via https://github.com/luckisalive/npci_upi_analytics@5c007daef0b69f30dd8e555c548ba6f3bd85c43f
2025,5,2025-05-01,Jammu and Kashmir Bank Apps,2.36,308.47,0.0,0.0,0.0,0.0,2.36,308.47,NPCI UPI Ecosystem Statistics via https://github.com/luckisalive/npci_upi_analytics@5c007daef0b69f30dd8e555c548ba6f3bd85c43f
2025,5,2025-05-01,Jio Payments Bank Apps,4.7,341.19,0.0,0.0,0.0,0.0,4.7,341.19,NPCI UPI Ecosystem Statistics via https://github.com/luckisalive/npci_upi_analytics@5c007daef0b69f30dd8e555c548ba6f3bd85c43f
2025,5,2025-05-01,Jupiter Money,6.4,950.85,0.0,0.0,0.0,0.0,6.4,950.85,NPCI UPI Ecosystem Statistics via https://github.com/luckisalive/npci_upi_analytics@5c007daef0b69f30dd8e555c548ba6f3bd85c43f
2025,5,2025-05-01,Karnataka Bank Apps,0.25,59.72,0.0,0.0,0.0,0.0,0.25,59.72,NPCI UPI Ecosystem Statistics via https://github.com/luckisalive/npci_upi_analytics@5c007daef0b69f30dd8e555c548ba6f3bd85c43f
2025,5,2025-05-01,Karur Vysya Bank Apps,0.1,35.02,0.0,0.0,0.0,0.0,0.1,35.02,NPCI UPI Ecosystem Statistics via https://github.com/luckisalive/npci_upi_analytics@5c007daef0b69f30dd8e555c548ba6f3bd85c43f
2025,5,2025-05-01,Kiwi,3.58,428.68,0.0,0.0,0.0,0.0,3.58,428.68,NPCI UPI Ecosystem Statistics via https://github.com/luckisalive/npci_upi_analytics@5c007daef0b69f30dd8e555c548ba6f3bd85c43f
2025,5,2025-05-01,Kotak Mahindra Bank Apps,59.74,7862.6,0.0,0.0,0.0,0.0,59.74,7862.6,NPCI UPI Ecosystem Statistics via https://github.com/luckisalive/npci_upi_analytics@5c007daef0b69f30dd8e555c548ba6f3bd85c43f
2025,5,2025-05-01,Kredit Pe,0.32,35.29,0.0,0.0,0.0,0.0,0.32,35.29,NPCI UPI Ecosystem Statistics via https://github.com/luckisalive/npci_upi_analytics@5c007daef0b69f30dd8e555c548ba6f3bd85c43f
2025,5,2025-05-01,Mobikwik,33.92,4674.33,0.0,0.0,0.0,0.0,33.92,4674.33,NPCI UPI Ecosystem Statistics via https://github.com/luckisalive/npci_upi_analytics@5c007daef0b69f30dd8e555c548ba6f3bd85c43f
2025,5,2025-05-01,Money View,0.32,31.91,0.0,0.0,0.0,0.0,0.32,31.91,NPCI UPI Ecosystem Statistics via https://github.com/luckisalive/npci_upi_analytics@5c007daef0b69f30dd8e555c548ba6f3bd85c43f
2025,5,2025-05-01,NSDL Payments Bank Apps,0.16,16.23,0.0,0.0,0.0,0.02,0.17,16.25,NPCI UPI Ecosystem Statistics via https://github.com/luckisalive/npci_upi_analytics@5c007daef0b69f30dd8e555c548ba6f3bd85c43f
2025,5,2025-05-01,Navi,386.21,21350.35,0.0,0.0,0.0,0.0,386.21,21350.35,NPCI UPI Ecosystem Statistics via https://github.com/luckisalive/npci_upi_analytics@5c007daef0b69f30dd8e555c548ba6f3bd85c43f
2025,5,2025-05-01,Niyo Global,0.07,25.75,0.0,0.0,0.0,0.0,0.07,25.75,NPCI UPI Ecosystem Statistics via https://github.com/luckisalive/npci_upi_analytics@5c007daef0b69f30dd8e555c548ba6f3bd85c43f
2025,5,2025-05-01,Obopay,0.06,8.77,0.0,0.0,0.0,0.0,0.06,8.77,NPCI UPI Ecosystem Statistics via https://github.com/luckisalive/npci_upi_analytics@5c007daef0b69f30dd8e555c548ba6f3bd85c43f
2025,5,2025-05-01,Omni Card,1.63,92.27,0.0,0.0,0.0,0.0,1.63,92.27,NPCI UPI Ecosystem Statistics via https://github.com/luckisalive/npci_upi_analytics@5c007daef0b69f30dd8e555c548ba6f3bd85c43f
2025,5,2025-05-01,One Card,0.8,954.81,0.0,0.0,0.0,0.0,0.8,954.81,NPCI UPI Ecosystem Statistics via https://github.com/luckisalive/npci_upi_analytics@5c007daef0b69f30dd8e555c548ba6f3bd85c43f
2025,5,2025-05-01,Other,1.76,235.74,0.0,0.0,0.12,5.04,1.87,240.77,NPCI UPI Ecosystem Statistics via https://github.com/luckisalive/npci_upi_analytics@5c007daef0b69f30dd8e555c548ba6f3bd85c43f
2025,5,2025-05-01,POP UPI,13.59,500.88,0.0,0.0,0.0,0.0,13.59,500.88,NPCI UPI Ecosystem Statistics via https://github.com/luckisalive/npci_upi_analytics@5c007daef0b69f30dd8e555c548ba6f3bd85c43f
2025,5,2025-05-01,Paytm,1277.56,138068.97,0.0,0.0,0.0,0.0,1277.56,138068.97,NPCI UPI Ecosystem Statistics via https://github.com/luckisalive/npci_upi_analytics@5c007daef0b69f30dd8e555c548ba6f3bd85c43f
2025,5,2025-05-01,Payworld,0.03,2.21,0.0,0.0,0.0,0.0,0.03,2.21,NPCI UPI Ecosystem Statistics via https://github.com/luckisalive/npci_upi_analytics@5c007daef0b69f30dd8e555c548ba6f3bd85c43f
2025,5,2025-05-01,PhonePe,8682.08,1256541.09,0.0,0.0,0.0,0.0,8682.08,1256541.09,NPCI UPI Ecosystem Statistics via https://github.com/luckisalive/npci_upi_analytics@5c007daef0b69f30dd8e555c548ba6f3bd85c43f
2025,5,2025-05-01,Punjab National Bank Apps,3.6,953.88,0.0,0.0,0.0,0.0,3.6,953.88,NPCI UPI Ecosystem Statistics via https://github.com/luckisalive/npci_upi_analytics@5c007daef0b69f30dd8e555c548ba6f3bd85c43f
2025,5,2025-05-01,Punjab Sind Bank Apps,0.02,8.87,0.0,0.0,0.0,0.0,0.02,8.87,NPCI UPI Ecosystem Statistics via https://github.com/luckisalive/npci_upi_analytics@5c007daef0b69f30dd8e555c548ba6f3bd85c43f
2025,5,2025-05-01,RBL Bank Apps,13.17,1744.69,0.0,0.13,0.1,17.6,13.27,1762.42,NPCI UPI Ecosystem Statistics via https://github.com/luckisalive/npci_upi_analytics@5c007daef0b69f30dd8e555c548ba6f3bd85c43f
2025,5,2025-05-01,Rapipay,0.17,19.16,0.0,0.0,0.0,0.0,0.17,19.16,NPCI UPI Ecosystem Statistics via https://github.com/luckisalive/npci_upi_analytics@5c007daef0b69f30dd8e555c548ba6f3bd85c43f
2025,5,2025-05-01,Salary Se,0.43,20.47,0.0,0.0,0.0,0.0,0.43,20.47,NPCI UPI Ecosystem Statistics via https://github.com/luckisalive/npci_upi_analytics@5c007daef0b69f30dd8e555c548ba6f3bd85c43f
2025,5,2025-05-01,Samsung Pay,9.14,656.92,0.0,0.0,0.0,0.0,9.14,656.92,NPCI UPI Ecosystem Statistics via https://github.com/luckisalive/npci_upi_analytics@5c007daef0b69f30dd8e555c548ba6f3bd85c43f
2025,5,2025-05-01,Shri Ram One,2.58,165.88,0.0,0.0,0.0,0.0,2.58,165.88,NPCI UPI Ecosystem Statistics via https://github.com/luckisalive/npci_upi_analytics@5c007daef0b69f30dd8e555c548ba6f3bd85c43f
2025,5,2025-05-01,Slice Small Finance Bank Apps,19.85,2330.2,0.0,0.0,0.0,0.02,19.85,2330.22,NPCI UPI Ecosystem Statistics via https://github.com/luckisalive/npci_upi_analytics@5c007daef0b69f30dd8e555c548ba6f3bd85c43f
2025,5,2025-05-01,South Indian Bank Apps,0.71,211.09,0.0,0.0,0.0,0.0,0.71,211.09,NPCI UPI Ecosystem Statistics via https://github.com/luckisalive/npci_upi_analytics@5c007daef0b69f30dd8e555c548ba6f3bd85c43f
2025,5,2025-05-01,Spice Money,0.2,14.26,0.0,0.0,0.0,0.0,0.2,14.26,NPCI UPI Ecosystem Statistics via https://github.com/luckisalive/npci_upi_analytics@5c007daef0b69f30dd8e555c548ba6f3bd85c43f
2025,5,2025-05-01,Standard Chartered Bank Apps,2.75,172.79,0.0,0.0,0.27,7.77,3.02,180.55,NPCI UPI Ecosystem Statistics via https://github.com/luckisalive/npci_upi_analytics@5c007daef0b69f30dd8e555c548ba6f3bd85c43f
2025,5,2025-05-01,State Bank of India Apps,13.48,3700.3,0.0,0.0,0.0,0.0,13.48,3700.3,NPCI UPI Ecosystem Statistics via https://github.com/luckisalive/npci_upi_analytics@5c007daef0b69f30dd8e555c548ba6f3bd85c43f
2025,5,2025-05-01,Suryoday Bank Apps,1.24,214.28,0.0,0.0,0.01,4.18,1.25,218.46,NPCI UPI Ecosystem Statistics via https://github.com/luckisalive/npci_upi_analytics@5c007daef0b69f30dd8e555c548ba6f3bd85c43f
2025,5,2025-05-01,Tamilnad Mercantile Bank Apps,0.09,32.95,0.0,0.0,0.0,0.0,0.09,32.95,NPCI UPI Ecosystem Statistics via https://github.com/luckisalive/npci_upi_analytics@5c007daef0b69f30dd8e555c548ba6f3bd85c43f
2025,5,2025-05-01,Tata Neu,0.45,132.55,0.0,0.0,0.0,0.0,0.45,132.55,NPCI UPI Ecosystem Statistics via https://github.com/luckisalive/npci_upi_analytics@5c007daef0b69f30dd8e555c548ba6f3bd85c43f
2025,5,2025-05-01,Timepay,3.9,50.01,0.0,0.0,0.0,0.0,3.9,50.01,NPCI UPI Ecosystem Statistics via https://github.com/luckisalive/npci_upi_analytics@5c007daef0b69f30dd8e555c548ba6f3bd85c43f
2025,5,2025-05-01,True Balance,0.1,3.01,0.0,0.0,0.0,0.0,0.1,3.01,NPCI UPI Ecosystem Statistics via https://github.com/luckisalive/npci_upi_analytics@5c007daef0b69f30dd8e555c548ba6f3bd85c43f
2025,5,2025-05-01,UCO Bank Apps,0.48,122.06,0.0,0.0,0.0,0.0,0.48,122.06,NPCI UPI Ecosystem Statistics via https://github.com/luckisalive/npci_upi_analytics@5c007daef0b69f30dd8e555c548ba6f3bd85c43f
2025,5,2025-05-01,Ultracash,0.1,7.77,0.0,0.0,0.0,0.0,0.1,7.77,NPCI UPI Ecosystem Statistics via https://github.com/luckisalive/npci_upi_analytics@5c007daef0b69f30dd8e555c548ba6f3bd85c43f
2025,5,2025-05-01,Union Bank Apps,0.73,241.85,0.0,0.0,0.0,0.0,0.73,241.85,NPCI UPI Ecosystem Statistics via https://github.com/luckisalive/npci_upi_analytics@5c007daef0b69f30dd8e555c548ba6f3bd85c43f
2025,5,2025-05-01,Unity Small Finance Bank Apps,0.06,12.79,0.0,0.0,0.0,0.0,0.06,12.79,NPCI UPI Ecosystem Statistics via https://github.com/luckisalive/npci_upi_analytics@5c007daef0b69f30dd8e555c548ba6f3bd85c43f
2025,5,2025-05-01,Whatsapp,70.19,5280.89,0.0,0.0,0.0,0.0,70.19,5280.89,NPCI UPI Ecosystem Statistics via https://github.com/luckisalive/npci_upi_analytics@5c007daef0b69f30dd8e555c548ba6f3bd85c43f
2025,5,2025-05-01,Yes Bank Apps,53.19,9496.55,0.01,0.02,0.33,22.4,53.52,9518.96,NPCI UPI Ecosystem Statistics via https://github.com/luckisalive/npci_upi_analytics@5c007daef0b69f30dd8e555c548ba6f3bd85c43f
2025,5,2025-05-01,super.money,203.42,7054.28,0.0,0.0,0.0,0.0,203.42,7054.28,NPCI UPI Ecosystem Statistics via https://github.com/luckisalive/npci_upi_analytics@5c007daef0b69f30dd8e555c548ba6f3bd85c43f
2025,6,2025-06-01,AU Small Finance Bank Apps,0.62,184.72,0.0,0.0,0.0,0.0,0.62,184.72,NPCI UPI Ecosystem Statistics via https://github.com/luckisalive/npci_upi_analytics@5c007daef0b69f30dd8e555c548ba6f3bd85c43f
2025,6,2025-06-01,Aditya Birla Capital Digital,0.37,42.7,0.0,0.0,0.0,0.0,0.37,42.7,NPCI UPI Ecosystem Statistics via https://github.com/luckisalive/npci_upi_analytics@5c007daef0b69f30dd8e555c548ba6f3bd85c43f
2025,6,2025-06-01,Airtel Payments Bank Apps,19.74,1368.19,0.0,0.01,0.0,0.0,19.74,1368.2,NPCI UPI Ecosystem Statistics via https://github.com/luckisalive/npci_upi_analytics@5c007daef0b69f30dd8e555c548ba6f3bd85c43f
2025,6,2025-06-01,Amazon Pay,93.25,9942.48,0.0,0.0,0.0,0.0,93.25,9942.48,NPCI UPI Ecosystem Statistics via https://github.com/luckisalive/npci_upi_analytics@5c007daef0b69f30dd8e555c548ba6f3bd85c43f
2025,6,2025-06-01,Axis Bank Apps,24.05,5230.63,102.21,4155.09,0.01,2.78,126.27,9388.51,NPCI UPI Ecosystem Statistics via https://github.com/luckisalive/npci_upi_analytics@5c007daef0b69f30dd8e555c548ba6f3bd85c43f
2025,6,2025-06-01,BHIM,73.07,11725.85,0.0,0.0,0.0,0.0,73.07,11725.85,NPCI UPI Ecosystem Statistics via https://github.com/luckisalive/npci_upi_analytics@5c007daef0b69f30dd8e555c548ba6f3bd85c43f
2025,6,2025-06-01,Bajaj Finserv,11.4,2351.65,0.0,0.0,0.0,0.0,11.4,2351.65,NPCI UPI Ecosystem Statistics via https://github.com/luckisalive/npci_upi_analytics@5c007daef0b69f30dd8e555c548ba6f3bd85c43f
2025,6,2025-06-01,Bank of Baroda Apps,1.77,497.24,0.0,0.0,0.0,0.0,1.77,497.24,NPCI UPI Ecosystem Statistics via https://github.com/luckisalive/npci_upi_analytics@5c007daef0b69f30dd8e555c548ba6f3bd85c43f
2025,6,2025-06-01,Bank of India Apps,0.28,82.52,0.0,0.0,0.0,0.0,0.28,82.52,NPCI UPI Ecosystem Statistics via https://github.com/luckisalive/npci_upi_analytics@5c007daef0b69f30dd8e555c548ba6f3bd85c43f
2025,6,2025-06-01,Bank of Maharashtra Apps,0.02,8.31,0.0,0.0,0.0,0.0,0.02,8.31,NPCI UPI Ecosystem Statistics via https://github.com/luckisalive/npci_upi_analytics@5c007daef0b69f30dd8e555c548ba6f3bd85c43f
2025,6,2025-06-01,Bharat Pe,0.54,46.14,0.0,0.0,0.0,0.0,0.54,46.14,NPCI UPI Ecosystem Statistics via https://github.com/luckisalive/npci_upi_analytics@5c007daef0b69f30dd8e555c548ba6f3bd85c43f
2025,6,2025-06-01,Canara Bank Apps,3.49,911.93,0.0,0.0,0.0,0.0,3.49,911.93,NPCI UPI Ecosystem Statistics via https://github.com/luckisalive/npci_upi_analytics@5c007daef0b69f30dd8e555c548ba6f3bd85c43f
2025,6,2025-06-01,Central Bank of India Apps,0.93,186.91,0.0,0.0,0.0,0.0,0.93,186.91,NPCI UPI Ecosystem Statistics via https://github.com/luckisalive/npci_upi_analytics@5c007daef0b69f30dd8e555c548ba6f3bd85c43f
2025,6,2025-06-01,City Union Bank Apps,0.08,29.99,0.0,0.0,0.0,0.0,0.08,29.99,NPCI UPI Ecosystem Statistics via https://github.com/luckisalive/npci_upi_analytics@5c007daef0b69f30dd8e555c548ba6f3bd85c43f
2025,6,2025-06-01,Cred,138.32,51384.11,0.0,0.0,0.0,0.0,138.32,51384.11,NPCI UPI Ecosystem Statistics via https://github.com/luckisalive/npci_upi_analytics@5c007daef0b69f30dd8e555c548ba6f3bd85c43f
2025,6,2025-06-01,DBS Digibank Apps,0.86,221.17,0.0,0.0,0.01,1.8,0.87,222.97,NPCI UPI Ecosystem Statistics via https://github.com/luckisalive/npci_upi_analytics@5c007daef0b69f30dd8e555c548ba6f3bd85c43f
2025,6,2025-06-01,Deutsche Bank Apps,4.02,723.81,0.0,0.0,0.0,0.14,4.02,723.95,NPCI UPI Ecosystem Statistics via https://github.com/luckisalive/npci_upi_analytics@5c007daef0b69f30dd8e555c548ba6f3bd85c43f
2025,6,2025-06-01,Dhani,0.17,7.65,0.0,0.0,0.0,0.0,0.17,7.65,NPCI UPI Ecosystem Statistics via https://github.com/luckisalive/npci_upi_analytics@5c007daef0b69f30dd8e555c548ba6f3bd85c43f
2025,6,2025-06-01,Digikhata,0.88,287.21,0.0,0.0,0.0,0.0,0.88,287.21,NPCI UPI Ecosystem Statistics via https://github.com/luckisalive/npci_upi_analytics@5c007daef0b69f30dd8e555c548ba6f3bd85c43f
2025,6,2025-06-01,ESAF Small Finance Bank Apps,0.57,58.0,0.0,0.0,0.0,0.0,0.57,58.0,NPCI UPI Ecosystem Statistics via https://github.com/luckisalive/npci_upi_analytics@5c007daef0b69f30dd8e555c548ba6f3bd85c43f
2025,6,2025-06-01,FamApp by Trio,112.75,1439.64,0.0,0.0,0.0,0.0,112.75,1439.64,NPCI UPI Ecosystem Statistics via https://github.com/luckisalive/npci_upi_analytics@5c007daef0b69f30dd8e555c548ba6f3bd85c43f
2025,6,2025-06-01,Federal Bank App,5.22,1006.22,0.0,0.0,0.0,0.0,5.22,1006.22,NPCI UPI Ecosystem Statistics via https://github.com/luckisalive/npci_upi_analytics@5c007daef0b69f30dd8e555c548ba6f3bd85c43f
2025,6,2025-06-01,Fi Money,2.75,375.21,0.0,0.0,0.0,0.0,2.75,375.21,NPCI UPI Ecosystem Statistics via https://github.com/luckisalive/npci_upi_analytics@5c007daef0b69f30dd8e555c548ba6f3bd85c43f
2025,6,2025-06-01,Fino Payments Bank Apps,0.54,53.51,0.0,0.0,0.0,0.0,0.54,53.51,NPCI UPI Ecosystem Statistics via https://github.com/luckisalive/npci_upi_analytics@5c007daef0b69f30dd8e555c548ba6f3bd85c43f
2025,6,2025-06-01,Flipkart UPI,2.52,144.64,0.0,0.0,0.0,0.0,2.52,144.64,NPCI UPI Ecosystem Statistics via https://github.com/luckisalive/npci_upi_analytics@5c007daef0b69f30dd8e555c548ba6f3bd85c43f
2025,6,2025-06-01,Freo,0.03,2.23,0.0,0.0,0.0,0.0,0.03,2.23,NPCI UPI Ecosystem Statistics via https://github.com/luckisalive/npci_upi_analytics@5c007daef0b69f30dd8e555c548ba6f3bd85c43f
2025,6,2025-06-01,Google Pay,6540.92,840931.06,0.0,0.0,0.0,0.0,6540.92,840931.06,NPCI UPI Ecosystem Statistics via https://github.com/luckisalive/npci_upi_analytics@5c007daef0b69f30dd8e555c548ba6f3bd85c43f
2025,6,2025-06-01,Groww,12.46,8801.55,0.0,0.0,0.0,0.0,12.46,8801.55,NPCI UPI Ecosystem Statistics via https://github.com/luckisalive/npci_upi_analytics@5c007daef0b69f30dd8e555c548ba6f3bd85c43f
2025,6,2025-06-01,HDFC Bank Apps,48.4,14287.88,19.05,8.75,0.01,1.18,67.46,14297.8,NPCI UPI Ecosystem Statistics via https://github.com/luckisalive/npci_upi_analytics@5c007daef0b69f30dd8e555c548ba6f3bd85c43f
2025,6,2025-06-01,HSBC Bank Apps,1.0,121.63,0.01,0.28,0.0,0.25,1.02,122.16,NPCI UPI Ecosystem Statistics via https://github.com/luckisalive/npci_upi_analytics@5c007daef0b69f30dd8e555c548ba6f3bd85c43f
2025,6,2025-06-01,ICICI Bank Apps,59.57,14148.92,0.01,13.81,2.24,1821.19,61.82,15983.92,NPCI UPI Ecosystem Statistics via https://github.com/luckisalive/npci_upi_analytics@5c007daef0b69f30dd8e555c548ba6f3bd85c43f
2025,6,2025-06-01,IDBI Bank Apps,0.14,49.11,0.0,0.0,0.0,0.0,0.14,49.11,NPCI UPI Ecosystem Statistics via https://github.com/luckisalive/npci_upi_analytics@5c007daef0b69f30dd8e555c548ba6f3bd85c43f
2025,6,2025-06-01,IDFC Bank Apps,17.42,2481.19,0.0,0.03,0.02,0.1,17.44,2481.31,NPCI UPI Ecosystem Statistics via https://github.com/luckisalive/npci_upi_analytics@5c007daef0b69f30dd8e555c548ba6f3bd85c43f
2025,6,2025-06-01,Ind Money,1.41,558.23,0.0,0.0,0.0,0.0,1.41,558.23,NPCI UPI Ecosystem Statistics via https://github.com/luckisalive/npci_upi_analytics@5c007daef0b69f30dd8e555c548ba6f3bd85c43f
2025,6,2025-06-01,India Post Payments Bank Apps,16.65,1730.46,0.0,0.0,0.0,0.0,16.65,1730.46,NPCI UPI Ecosystem Statistics via https://github.com/luckisalive/npci_upi_analytics@5c007daef0b69f30dd8e555c548ba6f3bd85c43f
2025,6,2025-06-01,Indian Bank Apps,0.87,203.68,0.0,0.0,0.0,0.0,0.87,203.68,NPCI UPI Ecosystem Statistics via https://github.com/luckisalive/npci_upi_analytics@5c007daef0b69f30dd8e555c548ba6f3bd85c43f
2025,6,2025-06-01,Indian Overseas Bank Apps,0.28,67.04,0.0,0.0,0.0,0.0,0.28,67.04,NPCI UPI Ecosystem Statistics via https://github.com/luckisalive/npci_upi_analytics@5c007daef0b69f30dd8e555c548ba6f3bd85c43f
2025,6,2025-06-01,IndusInd Bank Apps,1.31,173.24,0.0,0.0,0.0,0.0,1.31,173.24,NPCI UPI Ecosystem Statistics via https://github.com/luckisalive/npci_upi_analytics@5c007daef0b69f30dd8e555c548ba6f3bd85c43f
2025,6,2025-06-01,Jammu and Kashmir Bank Apps,2.41,316.86,0.0,0.0,0.0,0.0,2.41,316.86,NPCI UPI Ecosystem Statistics via https://github.com/luckisalive/npci_upi_analytics@5c007daef0b69f30dd8e555c548ba6f3bd85c43f
2025,6,2025-06-01,Jio Payments Bank Apps,4.26,308.69,0.0,0.0,0.0,0.0,4.26,308.69,NPCI UPI Ecosystem Statistics via https://github.com/luckisalive/npci_upi_analytics@5c007daef0b69f30dd8e555c548ba6f3bd85c43f
2025,6,2025-06-01,Jupiter Money,5.99,905.62,0.0,0.0,0.0,0.0,5.99,905.62,NPCI UPI Ecosystem Statistics via https://github.com/luckisalive/npci_upi_analytics@5c007daef0b69f30dd8e555c548ba6f3bd85c43f
2025,6,2025-06-01,Karnataka Bank Apps,0.25,57.35,0.0,0.0,0.0,0.0,0.25,57.35,NPCI UPI Ecosystem Statistics via https://github.com/luckisalive/npci_upi_analytics@5c007daef0b69f30dd8e555c548ba6f3bd85c43f
2025,6,2025-06-01,Karur Vysya Bank Apps,0.1,35.57,0.0,0.0,0.0,0.0,0.1,35.57,NPCI UPI Ecosystem Statistics via https://github.com/luckisalive/npci_upi_analytics@5c007daef0b69f30dd8e555c548ba6f3bd85c43f
2025,6,2025-06-01,Kiwi,3.43,385.72,0.0,0.0,0.0,0.0,3.43,385.72,NPCI UPI Ecosystem Statistics via https://github.com/luckisalive/npci_upi_analytics@5c007daef0b69f30dd8e555c548ba6f3bd85c43f
2025,6,2025-06-01,Kotak Mahindra Bank Apps,60.36,7735.27,0.0,0.0,0.0,0.0,60.36,7735.27,NPCI UPI Ecosystem Statistics via https://github.com/luckisalive/npci_upi_analytics@5c007daef0b69f30dd8e555c548ba6f3bd85c43f
2025,6,2025-06-01,Kredit Pe,0.43,42.0,0.0,0.0,0.0,0.0,0.43,42.0,NPCI UPI Ecosystem Statistics via https://github.com/luckisalive/npci_upi_analytics@5c007daef0b69f30dd8e555c548ba6f3bd85c43f
2025,6,2025-06-01,Mobikwik,34.43,4600.71,0.0,0.0,0.0,0.0,34.43,4600.71,NPCI UPI Ecosystem Statistics via https://github.com/luckisalive/npci_upi_analytics@5c007daef0b69f30dd8e555c548ba6f3bd85c43f
2025,6,2025-06-01,Money View,0.34,38.22,0.0,0.0,0.0,0.0,0.34,38.22,NPCI UPI Ecosystem Statistics via https://github.com/luckisalive/npci_upi_analytics@5c007daef0b69f30dd8e555c548ba6f3bd85c43f
2025,6,2025-06-01,NSDL Payments Bank Apps,1.18,47.5,0.0,0.0,0.01,0.91,1.19,48.41,NPCI UPI Ecosystem Statistics via https://github.com/luckisalive/npci_upi_analytics@5c007daef0b69f30dd8e555c548ba6f3bd85c43f
2025,6,2025-06-01,Navi,406.01,21814.51,0.0,0.0,0.0,0.0,406.01,21814.51,NPCI UPI Ecosystem Statistics via https://github.com/luckisalive/npci_upi_analytics@5c007daef0b69f30dd8e555c548ba6f3bd85c43f
2025,6,2025-06-01,Niyo Global,0.06,14.82,0.0,0.0,0.0,0.0,0.06,14.82,NPCI UPI Ecosystem Statistics via https://github.com/luckisalive/npci_upi_analytics@5c007daef0b69f30dd8e555c548ba6f3bd85c43f
2025,6,2025-06-01,Obopay,0.08,11.38,0.0,0.0,0.0,0.0,0.08,11.38,NPCI UPI Ecosystem Statistics via https://github.com/luckisalive/npci_upi_analytics@5c007daef0b69f30dd8e555c548ba6f3bd85c43f
2025,6,2025-06-01,Omni Card,1.62,93.83,0.0,0.0,0.0,0.0,1.62,93.83,NPCI UPI Ecosystem Statistics via https://github.com/luckisalive/npci_upi_analytics@5c007daef0b69f30dd8e555c548ba6f3bd85c43f
2025,6,2025-06-01,One Card,0.73,834.56,0.0,0.0,0.0,0.0,0.73,834.56,NPCI UPI Ecosystem Statistics via https://github.com/luckisalive/npci_upi_analytics@5c007daef0b69f30dd8e555c548ba6f3bd85c43f
2025,6,2025-06-01,Other,1.94,238.55,0.0,0.0,0.12,5.06,2.06,243.61,NPCI UPI Ecosystem Statistics via https://github.com/luckisalive/npci_upi_analytics@5c007daef0b69f30dd8e555c548ba6f3bd85c43f
2025,6,2025-06-01,POP UPI,32.33,834.39,0.0,0.0,0.0,0.0,32.33,834.39,NPCI UPI Ecosystem Statistics via https://github.com/luckisalive/npci_upi_analytics@5c007daef0b69f30dd8e555c548ba6f3bd85c43f
2025,6,2025-06-01,Paytm,1269.16,134171.16,0.0,0.0,0.0,0.0,1269.16,134171.16,NPCI UPI Ecosystem Statistics via https://github.com/luckisalive/npci_upi_analytics@5c007daef0b69f30dd8e555c548ba6f3bd85c43f
2025,6,2025-06-01,Payworld,0.03,1.96,0.0,0.0,0.0,0.0,0.03,1.96,NPCI UPI Ecosystem Statistics via https://github.com/luckisalive/npci_upi_analytics@5c007daef0b69f30dd8e555c548ba6f3bd85c43f
2025,6,2025-06-01,PhonePe,8547.04,1198690.03,0.0,0.0,0.0,0.0,8547.04,1198690.03,NPCI UPI Ecosystem Statistics via https://github.com/luckisalive/npci_upi_analytics@5c007daef0b69f30dd8e555c548ba6f3bd85c43f
2025,6,2025-06-01,Punjab National Bank Apps,3.46,917.08,0.0,0.0,0.0,0.0,3.46,917.08,NPCI UPI Ecosystem Statistics via https://github.com/luckisalive/npci_upi_analytics@5c007daef0b69f30dd8e555c548ba6f3bd85c43f
2025,6,2025-06-01,RBL Bank Apps,10.57,1560.21,0.0,0.1,0.12,27.35,10.7,1587.67,NPCI UPI Ecosystem Statistics via https://github.com/luckisalive/npci_upi_analytics@5c007daef0b69f30dd8e555c548ba6f3bd85c43f
2025,6,2025-06-01,Rapipay,0.17,19.48,0.0,0.0,0.0,0.0,0.17,19.48,NPCI UPI Ecosystem Statistics via https://github.com/luckisalive/npci_upi_analytics@5c007daef0b69f30dd8e555c548ba6f3bd85c43f
2025,6,2025-06-01,Salary Se,0.46,21.59,0.0,0.0,0.0,0.0,0.46,21.59,NPCI UPI Ecosystem Statistics via https://github.com/luckisalive/npci_upi_analytics@5c007daef0b69f30dd8e555c548ba6f3bd85c43f
2025,6,2025-06-01,Samsung Pay,8.81,624.29,0.0,0.0,0.0,0.0,8.81,624.29,NPCI UPI Ecosystem Statistics via https://github.com/luckisalive/npci_upi_analytics@5c007daef0b69f30dd8e555c548ba6f3bd85c43f
2025,6,2025-06-01,Shri Ram One,2.16,144.64,0.0,0.0,0.0,0.0,2.16,144.64,NPCI UPI Ecosystem Statistics via https://github.com/luckisalive/npci_upi_analytics@5c007daef0b69f30dd8e555c548ba6f3bd85c43f
2025,6,2025-06-01,Slice Small Finance Bank Apps,17.76,2317.46,0.0,0.0,0.0,0.0,17.76,2317.46,NPCI UPI Ecosystem Statistics via https://github.com/luckisalive/npci_upi_analytics@5c007daef0b69f30dd8e555c548ba6f3bd85c43f
2025,6,2025-06-01,South Indian Bank Apps,0.73,208.33,0.0,0.0,0.0,0.0,0.73,208.33,NPCI UPI Ecosystem Statistics via https://github.com/luckisalive/npci_upi_analytics@5c007daef0b69f30dd8e555c548ba6f3bd85c43f
2025,6,2025-06-01,Spice Money,0.2,14.16,0.0,0.0,0.0,0.0,0.2,14.16,NPCI UPI Ecosystem Statistics via https://github.com/luckisalive/npci_upi_analytics@5c007daef0b69f30dd8e555c548ba6f3bd85c43f
2025,6,2025-06-01,Standard Chartered Bank Apps,1.54,158.54,0.0,0.0,0.2,6.54,1.74,165.08,NPCI UPI Ecosystem Statistics via https://github.com/luckisalive/npci_upi_analytics@5c007daef0b69f30dd8e555c548ba6f3bd85c43f
2025,6,2025-06-01,State Bank of India Apps,13.35,3591.53,0.0,0.0,0.0,0.0,13.35,3591.53,NPCI UPI Ecosystem Statistics via https://github.com/luckisalive/npci_upi_analytics@5c007daef0b69f30dd8e555c548ba6f3bd85c43f
2025,6,2025-06-01,Suryoday Bank Apps,0.89,118.34,0.0,0.0,0.01,3.07,0.9,121.41,NPCI UPI Ecosystem Statistics via https://github.com/luckisalive/npci_upi_analytics@5c007daef0b69f30dd8e555c548ba6f3bd85c43f
2025,6,2025-06-01,Tamilnad Mercantile Bank Apps,0.09,32.85,0.0,0.0,0.0,0.0,0.09,32.85,NPCI UPI Ecosystem Statistics via https://github.com/luckisalive/npci_upi_analytics@5c007daef0b69f30dd8e555c548ba6f3bd85c43f
2025,6,2025-06-01,Tata Pay,0.47,134.16,0.0,0.0,0.0,0.0,0.47,134.16,NPCI UPI Ecosystem Statistics via https://github.com/luckisalive/npci_upi_analytics@5c007daef0b69f30dd8e555c548ba6f3bd85c43f
2025,6,2025-06-01,Timepay,3.96,50.49,0.0,0.0,0.0,0.0,3.96,50.49,NPCI UPI Ecosystem Statistics via https://github.com/luckisalive/npci_upi_analytics@5c007daef0b69f30dd8e555c548ba6f3bd85c43f
2025,6,2025-06-01,True Balance,0.07,2.2,0.0,0.0,0.0,0.0,0.07,2.2,NPCI UPI Ecosystem Statistics via https://github.com/luckisalive/npci_upi_analytics@5c007daef0b69f30dd8e555c548ba6f3bd85c43f
2025,6,2025-06-01,UCO Bank Apps,0.51,125.51,0.0,0.0,0.0,0.0,0.51,125.51,NPCI UPI Ecosystem Statistics via https://github.com/luckisalive/npci_upi_analytics@5c007daef0b69f30dd8e555c548ba6f3bd85c43f
2025,6,2025-06-01,Ultracash,0.1,7.45,0.0,0.0,0.0,0.0,0.1,7.45,NPCI UPI Ecosystem Statistics via https://github.com/luckisalive/npci_upi_analytics@5c007daef0b69f30dd8e555c548ba6f3bd85c43f
2025,6,2025-06-01,Union Bank Apps,0.74,236.2,0.0,0.0,0.0,0.0,0.74,236.2,NPCI UPI Ecosystem Statistics via https://github.com/luckisalive/npci_upi_analytics@5c007daef0b69f30dd8e555c548ba6f3bd85c43f
2025,6,2025-06-01,Unity Small Finance Bank Apps,0.07,16.01,0.0,0.0,0.0,0.0,0.07,16.01,NPCI UPI Ecosystem Statistics via https://github.com/luckisalive/npci_upi_analytics@5c007daef0b69f30dd8e555c548ba6f3bd85c43f
2025,6,2025-06-01,Whatsapp,67.48,4989.34,0.0,0.0,0.0,0.0,67.48,4989.34,NPCI UPI Ecosystem Statistics via https://github.com/luckisalive/npci_upi_analytics@5c007daef0b69f30dd8e555c548ba6f3bd85c43f
2025,6,2025-06-01,Yes Bank Apps,52.2,8898.96,0.01,0.05,0.34,18.31,52.55,8917.32,NPCI UPI Ecosystem Statistics via https://github.com/luckisalive/npci_upi_analytics@5c007daef0b69f30dd8e555c548ba6f3bd85c43f
2025,6,2025-06-01,super.money,218.96,7716.48,0.0,0.0,0.0,0.0,218.96,7716.48,NPCI UPI Ecosystem Statistics via https://github.com/luckisalive/npci_upi_analytics@5c007daef0b69f30dd8e555c548ba6f3bd85c43f
2025,7,2025-07-01,AU Small Finance Bank Apps,0.65,201.78,0.0,0.0,0.0,0.0,0.65,201.78,NPCI UPI Ecosystem Statistics via https://github.com/luckisalive/npci_upi_analytics@5c007daef0b69f30dd8e555c548ba6f3bd85c43f
2025,7,2025-07-01,Aditya Birla Capital Digital,0.39,23.14,0.0,0.0,0.0,0.0,0.39,23.14,NPCI UPI Ecosystem Statistics via https://github.com/luckisalive/npci_upi_analytics@5c007daef0b69f30dd8e555c548ba6f3bd85c43f
2025,7,2025-07-01,Airtel Payments Bank Apps,21.34,1509.17,0.0,0.01,0.0,0.0,21.34,1509.17,NPCI UPI Ecosystem Statistics via https://github.com/luckisalive/npci_upi_analytics@5c007daef0b69f30dd8e555c548ba6f3bd85c43f
2025,7,2025-07-01,Amazon Pay,100.53,10813.98,0.0,0.0,0.0,0.0,100.53,10813.98,NPCI UPI Ecosystem Statistics via https://github.com/luckisalive/npci_upi_analytics@5c007daef0b69f30dd8e555c548ba6f3bd85c43f
2025,7,2025-07-01,Axis Bank Apps,27.79,5483.32,95.63,4287.26,0.01,2.81,123.44,9773.39,NPCI UPI Ecosystem Statistics via https://github.com/luckisalive/npci_upi_analytics@5c007daef0b69f30dd8e555c548ba6f3bd85c43f
2025,7,2025-07-01,BHIM,87.13,14522.39,0.0,0.0,0.0,0.0,87.13,14522.39,NPCI UPI Ecosystem Statistics via https://github.com/luckisalive/npci_upi_analytics@5c007daef0b69f30dd8e555c548ba6f3bd85c43f
2025,7,2025-07-01,Bajaj Finserv,10.87,2516.08,0.0,0.0,0.0,0.0,10.87,2516.08,NPCI UPI Ecosystem Statistics via https://github.com/luckisalive/npci_upi_analytics@5c007daef0b69f30dd8e555c548ba6f3bd85c43f
2025,7,2025-07-01,Bank of Baroda Apps,2.01,529.28,0.0,0.0,0.0,0.01,2.01,529.28,NPCI UPI Ecosystem Statistics via https://github.com/luckisalive/npci_upi_analytics@5c007daef0b69f30dd8e555c548ba6f3bd85c43f
2025,7,2025-07-01,Bank of India Apps,0.31,95.7,0.0,0.0,0.0,0.0,0.31,95.7,NPCI UPI Ecosystem Statistics via https://github.com/luckisalive/npci_upi_analytics@5c007daef0b69f30dd8e555c548ba6f3bd85c43f
2025,7,2025-07-01,Bank of Maharashtra Apps,0.02,8.09,0.0,0.0,0.0,0.0,0.02,8.09,NPCI UPI Ecosystem Statistics via https://github.com/luckisalive/npci_upi_analytics@5c007daef0b69f30dd8e555c548ba6f3bd85c43f
2025,7,2025-07-01,Bharat Pe,0.92,62.45,0.0,0.0,0.0,0.0,0.92,62.45,NPCI UPI Ecosystem Statistics via https://github.com/luckisalive/npci_upi_analytics@5c007daef0b69f30dd8e555c548ba6f3bd85c43f
2025,7,2025-07-01,Canara Bank Apps,4.05,1018.59,0.0,0.0,0.0,0.0,4.05,1018.59,NPCI UPI Ecosystem Statistics via https://github.com/luckisalive/npci_upi_analytics@5c007daef0b69f30dd8e555c548ba6f3bd85c43f
2025,7,2025-07-01,Central Bank of India Apps,0.86,186.24,0.0,0.0,0.0,0.0,0.86,186.24,NPCI UPI Ecosystem Statistics via https://github.com/luckisalive/npci_upi_analytics@5c007daef0b69f30dd8e555c548ba6f3bd85c43f
2025,7,2025-07-01,City Union Bank Apps,0.07,27.83,0.0,0.0,0.0,0.0,0.07,27.83,NPCI UPI Ecosystem Statistics via https://github.com/luckisalive/npci_upi_analytics@5c007daef0b69f30dd8e555c548ba6f3bd85c43f
2025,7,2025-07-01,Cred,144.38,55259.9,0.0,0.0,0.0,0.0,144.38,55259.9,NPCI UPI Ecosystem Statistics via https://github.com/luckisalive/npci_upi_analytics@5c007daef0b69f30dd8e555c548ba6f3bd85c43f
2025,7,2025-07-01,DBS Digibank Apps,0.88,221.94,0.0,0.0,0.0,0.54,0.88,222.49,NPCI UPI Ecosystem Statistics via https://github.com/luckisalive/npci_upi_analytics@5c007daef0b69f30dd8e555c548ba6f3bd85c43f
2025,7,2025-07-01,Deutsche Bank Apps,4.43,770.49,0.0,0.0,0.0,0.14,4.43,770.63,NPCI UPI Ecosystem Statistics via https://github.com/luckisalive/npci_upi_analytics@5c007daef0b69f30dd8e555c548ba6f3bd85c43f
2025,7,2025-07-01,Dhani,0.2,8.73,0.0,0.0,0.0,0.0,0.2,8.73,NPCI UPI Ecosystem Statistics via https://github.com/luckisalive/npci_upi_analytics@5c007daef0b69f30dd8e555c548ba6f3bd85c43f
2025,7,2025-07-01,Digikhata,1.01,320.5,0.0,0.0,0.0,0.0,1.01,320.5,NPCI UPI Ecosystem Statistics via https://github.com/luckisalive/npci_upi_analytics@5c007daef0b69f30dd8e555c548ba6f3bd85c43f
2025,7,2025-07-01,ESAF Small Finance Bank Apps,0.59,64.58,0.0,0.0,0.0,0.0,0.59,64.58,NPCI UPI Ecosystem Statistics via https://github.com/luckisalive/npci_upi_analytics@5c007daef0b69f30dd8e555c548ba6f3bd85c43f
2025,7,2025-07-01,FamApp by Trio,125.0,1563.58,0.0,0.0,0.0,0.0,125.0,1563.58,NPCI UPI Ecosystem Statistics via https://github.com/luckisalive/npci_upi_analytics@5c007daef0b69f30dd8e555c548ba6f3bd85c43f
2025,7,2025-07-01,Federal Bank App,5.86,1163.18,0.0,0.0,0.0,0.0,5.86,1163.18,NPCI UPI Ecosystem Statistics via https://github.com/luckisalive/npci_upi_analytics@5c007daef0b69f30dd8e555c548ba6f3bd85c43f
2025,7,2025-07-01,Fi Money,2.84,400.92,0.0,0.0,0.0,0.0,2.84,400.92,NPCI UPI Ecosystem Statistics via https://github.com/luckisalive/npci_upi_analytics@5c007daef0b69f30dd8e555c548ba6f3bd85c43f
2025,7,2025-07-01,Fino Payments Bank Apps,0.55,55.18,0.0,0.0,0.0,0.0,0.55,55.18,NPCI UPI Ecosystem Statistics via https://github.com/luckisalive/npci_upi_analytics@5c007daef0b69f30dd8e555c548ba6f3bd85c43f
2025,7,2025-07-01,Flipkart UPI,2.7,155.64,0.0,0.0,0.0,0.0,2.7,155.64,NPCI UPI Ecosystem Statistics via https://github.com/luckisalive/npci_upi_analytics@5c007daef0b69f30dd8e555c548ba6f3bd85c43f
2025,7,2025-07-01,Freo,0.04,2.57,0.0,0.0,0.0,0.0,0.04,2.57,NPCI UPI Ecosystem Statistics via https://github.com/luckisalive/npci_upi_analytics@5c007daef0b69f30dd8e555c548ba6f3bd85c43f
2025,7,2025-07-01,Google Pay,6922.92,891297.38,0.0,0.0,0.0,0.0,6922.92,891297.38,NPCI UPI Ecosystem Statistics via https://github.com/luckisalive/npci_upi_analytics@5c007daef0b69f30dd8e555c548ba6f3bd85c43f
2025,7,2025-07-01,Groww,14.06,11012.81,0.0,0.0,0.0,0.0,14.06,11012.81,NPCI UPI Ecosystem Statistics via https://github.com/luckisalive/npci_upi_analytics@5c007daef0b69f30dd8e555c548ba6f3bd85c43f
2025,7,2025-07-01,HDFC Bank Apps,49.83,15420.1,15.13,9.63,0.01,0.87,64.97,15430.59,NPCI UPI Ecosystem Statistics via https://github.com/luckisalive/npci_upi_analytics@5c007daef0b69f30dd8e555c548ba6f3bd85c43f
2025,7,2025-07-01,HSBC Bank Apps,1.08,134.67,0.01,0.41,0.0,0.44,1.09,135.52,NPCI UPI Ecosystem Statistics via https://github.com/luckisalive/npci_upi_analytics@5c007daef0b69f30dd8e555c548ba6f3bd85c43f
2025,7,2025-07-01,ICICI Bank Apps,68.94,15112.05,0.01,14.78,2.37,1975.53,71.33,17102.36,NPCI UPI Ecosystem Statistics via https://github.com/luckisalive/npci_upi_analytics@5c007daef0b69f30dd8e555c548ba6f3bd85c43f
2025,7,2025-07-01,IDBI Bank Apps,0.16,60.93,0.0,0.0,0.0,0.0,0.16,60.93,NPCI UPI Ecosystem Statistics via https://github.com/luckisalive/npci_upi_analytics@5c007daef0b69f30dd8e555c548ba6f3bd85c43f
2025,7,2025-07-01,IDFC Bank Apps,18.04,2707.76,0.0,0.03,0.04,0.14,18.08,2707.93,NPCI UPI Ecosystem Statistics via https://github.com/luckisalive/npci_upi_analytics@5c007daef0b69f30dd8e555c548ba6f3bd85c43f
2025,7,2025-07-01,Ind Money,1.86,730.24,0.0,0.0,0.0,0.0,1.86,730.24,NPCI UPI Ecosystem Statistics via https://github.com/luckisalive/npci_upi_analytics@5c007daef0b69f30dd8e555c548ba6f3bd85c43f
2025,7,2025-07-01,India Post Payments Bank Apps,18.16,1759.02,0.0,0.0,0.0,0.0,18.16,1759.02,NPCI UPI Ecosystem Statistics via https://github.com/luckisalive/npci_upi_analytics@5c007daef0b69f30dd8e555c548ba6f3bd85c43f
2025,7,2025-07-01,Indian Bank Apps,1.11,255.91,0.0,0.0,0.0,0.0,1.11,255.91,NPCI UPI Ecosystem Statistics via https://github.com/luckisalive/npci_upi_analytics@5c007daef0b69f30dd8e555c548ba6f3bd85c43f
2025,7,2025-07-01,Indian Overseas Bank Apps,0.29,69.35,0.0,0.0,0.0,0.0,0.29,69.35,NPCI UPI Ecosystem Statistics via https://github.com/luckisalive/npci_upi_analytics@5c007daef0b69f30dd8e555c548ba6f3bd85c43f
2025,7,2025-07-01,IndusInd Bank Apps,1.26,178.71,0.0,0.0,0.0,0.0,1.26,178.71,NPCI UPI Ecosystem Statistics via https://github.com/luckisalive/npci_upi_analytics@5c007daef0b69f30dd8e555c548ba6f3bd85c43f
2025,7,2025-07-01,Jammu and Kashmir Bank Apps,2.62,343.24,0.0,0.0,0.0,0.0,2.62,343.24,NPCI UPI Ecosystem Statistics via https://github.com/luckisalive/npci_upi_analytics@5c007daef0b69f30dd8e555c548ba6f3bd85c43f
2025,7,2025-07-01,Jar,0.02,0.5,0.0,0.0,0.0,0.0,0.02,0.5,NPCI UPI Ecosystem Statistics via https://github.com/luckisalive/npci_upi_analytics@5c007daef0b69f30dd8e555c548ba6f3bd85c43f
2025,7,2025-07-01,Jio Payments Bank Apps,4.47,306.58,0.0,0.0,0.0,0.0,4.47,306.58,NPCI UPI Ecosystem Statistics via https://github.com/luckisalive/npci_upi_analytics@5c007daef0b69f30dd8e555c548ba6f3bd85c43f
2025,7,2025-07-01,Jupiter Money,6.3,981.5,0.0,0.0,0.0,0.0,6.3,981.5,NPCI UPI Ecosystem Statistics via https://github.com/luckisalive/npci_upi_analytics@5c007daef0b69f30dd8e555c548ba6f3bd85c43f
2025,7,2025-07-01,Karnataka Bank Apps,0.26,61.44,0.0,0.0,0.0,0.0,0.26,61.44,NPCI UPI Ecosystem Statistics via https://github.com/luckisalive/npci_upi_analytics@5c007daef0b69f30dd8e555c548ba6f3bd85c43f
2025,7,2025-07-01,Karur Vysya Bank Apps,0.11,38.44,0.0,0.0,0.0,0.0,0.11,38.44,NPCI UPI Ecosystem Statistics via https://github.com/luckisalive/npci_upi_analytics@5c007daef0b69f30dd8e555c548ba6f3bd85c43f
2025,7,2025-07-01,Kiwi,2.85,323.87,0.0,0.0,0.0,0.0,2.85,323.87,NPCI UPI Ecosystem Statistics via https://github.com/luckisalive/npci_upi_analytics@5c007daef0b69f30dd8e555c548ba6f3bd85c43f
2025,7,2025-07-01,Kotak Mahindra Bank Apps,66.63,8497.73,0.0,0.0,0.0,0.0,66.63,8497.73,NPCI UPI Ecosystem Statistics via https://github.com/luckisalive/npci_upi_analytics@5c007daef0b69f30dd8e555c548ba6f3bd85c43f
2025,7,2025-07-01,Kredit Pe,0.6,54.67,0.0,0.0,0.0,0.0,0.6,54.67,NPCI UPI Ecosystem Statistics via https://github.com/luckisalive/npci_upi_analytics@5c007daef0b69f30dd8e555c548ba6f3bd85c43f
2025,7,2025-07-01,Mobikwik,43.17,5578.43,0.0,0.0,0.0,0.0,43.17,5578.43,NPCI UPI Ecosystem Statistics via https://github.com/luckisalive/npci_upi_analytics@5c007daef0b69f30dd8e555c548ba6f3bd85c43f
2025,7,2025-07-01,Money View,0.71,64.31,0.0,0.0,0.0,0.0,0.71,64.31,NPCI UPI Ecosystem Statistics via https://github.com/luckisalive/npci_upi_analytics@5c007daef0b69f30dd8e555c548ba6f3bd85c43f
2025,7,2025-07-01,NSDL Payments Bank Apps,2.72,107.11,0.0,0.0,0.06,3.14,2.78,110.25,NPCI UPI Ecosystem Statistics via https://github.com/luckisalive/npci_upi_analytics@5c007daef0b69f30dd8e555c548ba6f3bd85c43f
2025,7,2025-07-01,Navi,444.06,23562.51,0.0,0.0,0.0,0.0,444.06,23562.51,NPCI UPI Ecosystem Statistics via https://github.com/luckisalive/npci_upi_analytics@5c007daef0b69f30dd8e555c548ba6f3bd85c43f
2025,7,2025-07-01,Niyo Global,0.08,20.06,0.0,0.0,0.0,0.0,0.08,20.06,NPCI UPI Ecosystem Statistics via https://github.com/luckisalive/npci_upi_analytics@5c007daef0b69f30dd8e555c548ba6f3bd85c43f
2025,7,2025-07-01,Obopay,0.11,15.31,0.0,0.0,0.0,0.0,0.11,15.31,NPCI UPI Ecosystem Statistics via https://github.com/luckisalive/npci_upi_analytics@5c007daef0b69f30dd8e555c548ba6f3bd85c43f
2025,7,2025-07-01,Omni Card,1.73,98.15,0.0,0.0,0.0,0.0,1.73,98.15,NPCI UPI Ecosystem Statistics via https://github.com/luckisalive/npci_upi_analytics@5c007daef0b69f30dd8e555c548ba6f3bd85c43f
2025,7,2025-07-01,One Card,0.78,918.16,0.0,0.0,0.0,0.0,0.78,918.16,NPCI UPI Ecosystem Statistics via https://github.com/luckisalive/npci_upi_analytics@5c007daef0b69f30dd8e555c548ba6f3bd85c43f
2025,7,2025-07-01,Other,2.15,238.0,0.0,0.0,0.16,6.14,2.31,244.14,NPCI UPI Ecosystem Statistics via https://github.com/luckisalive/npci_upi_analytics@5c007daef0b69f30dd8e555c548ba6f3bd85c43f
2025,7,2025-07-01,POP UPI,63.63,1539.48,0.0,0.0,0.0,0.0,63.63,1539.48,NPCI UPI Ecosystem Statistics via https://github.com/luckisalive/npci_upi_analytics@5c007daef0b69f30dd8e555c548ba6f3bd85c43f
2025,7,2025-07-01,Paytm,1366.05,143650.62,0.0,0.0,0.0,0.0,1366.05,143650.62,NPCI UPI Ecosystem Statistics via https://github.com/luckisalive/npci_upi_analytics@5c007daef0b69f30dd8e555c548ba6f3bd85c43f
2025,7,2025-07-01,Payworld,0.04,3.27,0.0,0.0,0.0,0.0,0.04,3.27,NPCI UPI Ecosystem Statistics via https://github.com/luckisalive/npci_upi_analytics@5c007daef0b69f30dd8e555c548ba6f3bd85c43f
2025,7,2025-07-01,PhonePe,8931.24,1220140.68,0.0,0.0,0.0,0.0,8931.24,1220140.68,NPCI UPI Ecosystem Statistics via https://github.com/luckisalive/npci_upi_analytics@5c007daef0b69f30dd8e555c548ba6f3bd85c43f
2025,7,2025-07-01,Punjab National Bank Apps,3.67,980.66,0.0,0.0,0.0,0.0,3.67,980.66,NPCI UPI Ecosystem Statistics via https://github.com/luckisalive/npci_upi_analytics@5c007daef0b69f30dd8e555c548ba6f3bd85c43f
2025,7,2025-07-01,Punjab Sind Bank Apps,0.02,7.28,0.0,0.0,0.0,0.0,0.02,7.28,NPCI UPI Ecosystem Statistics via https://github.com/luckisalive/npci_upi_analytics@5c007daef0b69f30dd8e555c548ba6f3bd85c43f
2025,7,2025-07-01,RBL Bank Apps,8.41,1358.41,0.0,0.01,0.12,30.29,8.54,1388.7,NPCI UPI Ecosystem Statistics via https://github.com/luckisalive/npci_upi_analytics@5c007daef0b69f30dd8e555c548ba6f3bd85c43f
2025,7,2025-07-01,Rapipay,0.22,23.19,0.0,0.0,0.0,0.0,0.22,23.19,NPCI UPI Ecosystem Statistics via https://github.com/luckisalive/npci_upi_analytics@5c007daef0b69f30dd8e555c548ba6f3bd85c43f
2025,7,2025-07-01,Salary Se,0.5,22.32,0.0,0.0,0.0,0.0,0.5,22.32,NPCI UPI Ecosystem Statistics via https://github.com/luckisalive/npci_upi_analytics@5c007daef0b69f30dd8e555c548ba6f3bd85c43f
2025,7,2025-07-01,Samsung Pay,9.34,669.72,0.0,0.0,0.0,0.0,9.34,669.72,NPCI UPI Ecosystem Statistics via https://github.com/luckisalive/npci_upi_analytics@5c007daef0b69f30dd8e555c548ba6f3bd85c43f
2025,7,2025-07-01,Shri Ram One,2.38,155.72,0.0,0.0,0.0,0.0,2.38,155.72,NPCI UPI Ecosystem Statistics via https://github.com/luckisalive/npci_upi_analytics@5c007daef0b69f30dd8e555c548ba6f3bd85c43f
2025,7,2025-07-01,Slice Small Finance Bank Apps,19.83,2586.21,0.0,0.0,0.0,0.01,19.83,2586.22,NPCI UPI Ecosystem Statistics via https://github.com/luckisalive/npci_upi_analytics@5c007daef0b69f30dd8e555c548ba6f3bd85c43f
2025,7,2025-07-01,South Indian Bank Apps,0.83,240.25,0.0,0.0,0.0,0.0,0.83,240.25,NPCI UPI Ecosystem Statistics via https://github.com/luckisalive/npci_upi_analytics@5c007daef0b69f30dd8e555c548ba6f3bd85c43f
2025,7,2025-07-01,Spice Money,0.26,21.44,0.0,0.0,0.0,0.0,0.26,21.44,NPCI UPI Ecosystem Statistics via https://github.com/luckisalive/npci_upi_analytics@5c007daef0b69f30dd8e555c548ba6f3bd85c43f
2025,7,2025-07-01,Standard Chartered Bank Apps,0.91,147.75,0.0,0.0,0.08,3.06,0.99,150.81,NPCI UPI Ecosystem Statistics via https://github.com/luckisalive/npci_upi_analytics@5c007daef0b69f30dd8e555c548ba6f3bd85c43f
2025,7,2025-07-01,State Bank of India Apps,12.26,3633.07,0.0,0.0,0.0,0.0,12.26,3633.07,NPCI UPI Ecosystem Statistics via https://github.com/luckisalive/npci_upi_analytics@5c007daef0b69f30dd8e555c548ba6f3bd85c43f
2025,7,2025-07-01,Suryoday Bank Apps,1.05,150.41,0.0,0.0,0.01,1.42,1.06,151.82,NPCI UPI Ecosystem Statistics via https://github.com/luckisalive/npci_upi_analytics@5c007daef0b69f30dd8e555c548ba6f3bd85c43f
2025,7,2025-07-01,Tamilnad Mercantile Bank Apps,0.1,33.72,0.0,0.0,0.0,0.0,0.1,33.72,NPCI UPI Ecosystem Statistics via https://github.com/luckisalive/npci_upi_analytics@5c007daef0b69f30dd8e555c548ba6f3bd85c43f
2025,7,2025-07-01,Tata Pay,0.49,144.2,0.0,0.0,0.0,0.0,0.49,144.2,NPCI UPI Ecosystem Statistics via https://github.com/luckisalive/npci_upi_analytics@5c007daef0b69f30dd8e555c548ba6f3bd85c43f
2025,7,2025-07-01,Timepay,3.14,47.4,0.0,0.0,0.0,0.0,3.14,47.4,NPCI UPI Ecosystem Statistics via https://github.com/luckisalive/npci_upi_analytics@5c007daef0b69f30dd8e555c548ba6f3bd85c43f
2025,7,2025-07-01,True Balance,0.13,4.22,0.0,0.0,0.0,0.0,0.13,4.22,NPCI UPI Ecosystem Statistics via https://github.com/luckisalive/npci_upi_analytics@5c007daef0b69f30dd8e555c548ba6f3bd85c43f
2025,7,2025-07-01,UCO Bank Apps,0.57,140.44,0.0,0.0,0.0,0.0,0.57,140.44,NPCI UPI Ecosystem Statistics via https://github.com/luckisalive/npci_upi_analytics@5c007daef0b69f30dd8e555c548ba6f3bd85c43f
2025,7,2025-07-01,Ultracash,0.11,7.7,0.0,0.0,0.0,0.0,0.11,7.7,NPCI UPI Ecosystem Statistics via https://github.com/luckisalive/npci_upi_analytics@5c007daef0b69f30dd8e555c548ba6f3bd85c43f
2025,7,2025-07-01,Union Bank Apps,0.79,259.13,0.0,0.0,0.0,0.0,0.79,259.13,NPCI UPI Ecosystem Statistics via https://github.com/luckisalive/npci_upi_analytics@5c007daef0b69f30dd8e555c548ba6f3bd85c43f
2025,7,2025-07-01,Unity Small Finance Bank Apps,0.07,16.97,0.0,0.0,0.0,0.0,0.07,16.97,NPCI UPI Ecosystem Statistics via https://github.com/luckisalive/npci_upi_analytics@5c007daef0b69f30dd8e555c548ba6f3bd85c43f
2025,7,2025-07-01,Utkarsh Small Finance Bank Apps,0.02,3.19,0.0,0.0,0.0,0.0,0.02,3.19,NPCI UPI Ecosystem Statistics via https://github.com/luckisalive/npci_upi_analytics@5c007daef0b69f30dd8e555c548ba6f3bd85c43f
2025,7,2025-07-01,Whatsapp,74.6,5412.58,0.0,0.0,0.0,0.0,74.6,5412.58,NPCI UPI Ecosystem Statistics via https://github.com/luckisalive/npci_upi_analytics@5c007daef0b69f30dd8e555c548ba6f3bd85c43f
2025,7,2025-07-01,Yes Bank Apps,55.2,9470.16,0.0,0.0,0.4,21.45,55.6,9491.62,NPCI UPI Ecosystem Statistics via https://github.com/luckisalive/npci_upi_analytics@5c007daef0b69f30dd8e555c548ba6f3bd85c43f
2025,7,2025-07-01,super.money,252.85,9018.71,0.0,0.0,0.0,0.0,252.85,9018.71,NPCI UPI Ecosystem Statistics via https://github.com/luckisalive/npci_upi_analytics@5c007daef0b69f30dd8e555c548ba6f3bd85c43f
2025,8,2025-08-01,AU Small Finance Bank Apps,0.68,208.06,0.0,0.0,0.0,0.0,0.68,208.06,NPCI UPI Ecosystem Statistics via https://github.com/luckisalive/npci_upi_analytics@5c007daef0b69f30dd8e555c548ba6f3bd85c43f
2025,8,2025-08-01,Aditya Birla Capital Digital,0.42,28.13,0.0,0.0,0.0,0.0,0.42,28.13,NPCI UPI Ecosystem Statistics via https://github.com/luckisalive/npci_upi_analytics@5c007daef0b69f30dd8e555c548ba6f3bd85c43f
2025,8,2025-08-01,Airtel Payments Bank Apps,21.4,1650.42,0.0,0.0,0.0,0.0,21.4,1650.42,NPCI UPI Ecosystem Statistics via https://github.com/luckisalive/npci_upi_analytics@5c007daef0b69f30dd8e555c548ba6f3bd85c43f
2025,8,2025-08-01,Amazon Pay,98.98,10830.8,0.0,0.0,0.0,0.0,98.98,10830.8,NPCI UPI Ecosystem Statistics via https://github.com/luckisalive/npci_upi_analytics@5c007daef0b69f30dd8e555c548ba6f3bd85c43f
2025,8,2025-08-01,Axis Bank Apps,30.37,5482.37,104.76,4327.97,0.01,2.17,135.14,9812.52,NPCI UPI Ecosystem Statistics via https://github.com/luckisalive/npci_upi_analytics@5c007daef0b69f30dd8e555c548ba6f3bd85c43f
2025,8,2025-08-01,BHIM,100.16,15002.68,0.0,0.0,0.0,0.0,100.17,15002.68,NPCI UPI Ecosystem Statistics via https://github.com/luckisalive/npci_upi_analytics@5c007daef0b69f30dd8e555c548ba6f3bd85c43f
2025,8,2025-08-01,Bajaj Finserv,11.63,2456.88,0.0,0.0,0.0,0.0,11.63,2456.88,NPCI UPI Ecosystem Statistics via https://github.com/luckisalive/npci_upi_analytics@5c007daef0b69f30dd8e555c548ba6f3bd85c43f
2025,8,2025-08-01,Bank of Baroda Apps,2.39,508.85,0.0,0.0,0.0,0.0,2.39,508.85,NPCI UPI Ecosystem Statistics via https://github.com/luckisalive/npci_upi_analytics@5c007daef0b69f30dd8e555c548ba6f3bd85c43f
2025,8,2025-08-01,Bank of India Apps,0.3,93.6,0.0,0.0,0.0,0.0,0.3,93.6,NPCI UPI Ecosystem Statistics via https://github.com/luckisalive/npci_upi_analytics@5c007daef0b69f30dd8e555c548ba6f3bd85c43f
2025,8,2025-08-01,Bharat Pe,4.69,233.82,0.0,0.0,0.0,0.0,4.69,233.82,NPCI UPI Ecosystem Statistics via https://github.com/luckisalive/npci_upi_analytics@5c007daef0b69f30dd8e555c548ba6f3bd85c43f
2025,8,2025-08-01,Canara Bank Apps,4.27,1028.07,0.0,0.0,0.0,0.0,4.27,1028.07,NPCI UPI Ecosystem Statistics via https://github.com/luckisalive/npci_upi_analytics@5c007daef0b69f30dd8e555c548ba6f3bd85c43f
2025,8,2025-08-01,Central Bank of India Apps,0.71,161.42,0.0,0.0,0.0,0.0,0.71,161.42,NPCI UPI Ecosystem Statistics via https://github.com/luckisalive/npci_upi_analytics@5c007daef0b69f30dd8e555c548ba6f3bd85c43f
2025,8,2025-08-01,City Union Bank Apps,0.07,28.22,0.0,0.0,0.0,0.0,0.07,28.22,NPCI UPI Ecosystem Statistics via https://github.com/luckisalive/npci_upi_analytics@5c007daef0b69f30dd8e555c548ba6f3bd85c43f
2025,8,2025-08-01,Cred,150.0,55756.24,0.0,0.0,0.0,0.0,150.0,55756.24,NPCI UPI Ecosystem Statistics via https://github.com/luckisalive/npci_upi_analytics@5c007daef0b69f30dd8e555c548ba6f3bd85c43f
2025,8,2025-08-01,DBS Digibank Apps,0.75,252.09,0.0,0.0,0.0,0.2,0.75,252.29,NPCI UPI Ecosystem Statistics via https://github.com/luckisalive/npci_upi_analytics@5c007daef0b69f30dd8e555c548ba6f3bd85c43f
2025,8,2025-08-01,Deutsche Bank Apps,4.23,774.07,0.0,0.0,0.0,0.13,4.24,774.19,NPCI UPI Ecosystem Statistics via https://github.com/luckisalive/npci_upi_analytics@5c007daef0b69f30dd8e555c548ba6f3bd85c43f
2025,8,2025-08-01,Dhani,0.22,9.85,0.0,0.0,0.0,0.0,0.22,9.85,NPCI UPI Ecosystem Statistics via https://github.com/luckisalive/npci_upi_analytics@5c007daef0b69f30dd8e555c548ba6f3bd85c43f
2025,8,2025-08-01,Digikhata,1.1,365.04,0.0,0.0,0.0,0.0,1.1,365.04,NPCI UPI Ecosystem Statistics via https://github.com/luckisalive/npci_upi_analytics@5c007daef0b69f30dd8e555c548ba6f3bd85c43f
2025,8,2025-08-01,ESAF Small Finance Bank Apps,0.59,63.66,0.0,0.0,0.0,0.0,0.59,63.66,NPCI UPI Ecosystem Statistics via https://github.com/luckisalive/npci_upi_analytics@5c007daef0b69f30dd8e555c548ba6f3bd85c43f
2025,8,2025-08-01,FamApp by Trio,135.65,1708.85,0.0,0.0,0.0,0.0,135.65,1708.85,NPCI UPI Ecosystem Statistics via https://github.com/luckisalive/npci_upi_analytics@5c007daef0b69f30dd8e555c548ba6f3bd85c43f
2025,8,2025-08-01,Federal Bank App,6.55,1295.01,0.0,0.0,0.0,0.0,6.55,1295.01,NPCI UPI Ecosystem Statistics via https://github.com/luckisalive/npci_upi_analytics@5c007daef0b69f30dd8e555c548ba6f3bd85c43f
2025,8,2025-08-01,Fi Money,2.77,391.19,0.0,0.0,0.0,0.0,2.77,391.19,NPCI UPI Ecosystem Statistics via https://github.com/luckisalive/npci_upi_analytics@5c007daef0b69f30dd8e555c548ba6f3bd85c43f
2025,8,2025-08-01,Fino Payments Bank Apps,0.69,68.05,0.0,0.0,0.0,0.0,0.69,68.05,NPCI UPI Ecosystem Statistics via https://github.com/luckisalive/npci_upi_analytics@5c007daef0b69f30dd8e555c548ba6f3bd85c43f
2025,8,2025-08-01,Flipkart UPI,3.46,194.88,0.0,0.0,0.0,0.0,3.46,194.88,NPCI UPI Ecosystem Statistics via https://github.com/luckisalive/npci_upi_analytics@5c007daef0b69f30dd8e555c548ba6f3bd85c43f
2025,8,2025-08-01,Freo,0.04,2.43,0.0,0.0,0.0,0.0,0.04,2.43,NPCI UPI Ecosystem Statistics via https://github.com/luckisalive/npci_upi_analytics@5c007daef0b69f30dd8e555c548ba6f3bd85c43f
2025,8,2025-08-01,Google Pay,7063.76,883682.27,0.0,0.0,0.0,0.0,7063.76,883682.27,NPCI UPI Ecosystem Statistics via https://github.com/luckisalive/npci_upi_analytics@5c007daef0b69f30dd8e555c548ba6f3bd85c43f
2025,8,2025-08-01,Groww,13.01,9001.87,0.0,0.0,0.0,0.0,13.01,9001.87,NPCI UPI Ecosystem Statistics via https://github.com/luckisalive/npci_upi_analytics@5c007daef0b69f30dd8e555c548ba6f3bd85c43f
2025,8,2025-08-01,HDFC Bank Apps,49.66,16107.74,23.19,11.75,0.01,0.7,72.86,16120.19,NPCI UPI Ecosystem Statistics via https://github.com/luckisalive/npci_upi_analytics@5c007daef0b69f30dd8e555c548ba6f3bd85c43f
2025,8,2025-08-01,HSBC Bank Apps,1.2,150.84,0.01,0.31,0.0,0.41,1.21,151.55,NPCI UPI Ecosystem Statistics via https://github.com/luckisalive/npci_upi_analytics@5c007daef0b69f30dd8e555c548ba6f3bd85c43f
2025,8,2025-08-01,ICICI Bank Apps,73.48,14644.94,0.01,15.57,2.31,1929.25,75.8,16589.76,NPCI UPI Ecosystem Statistics via https://github.com/luckisalive/npci_upi_analytics@5c007daef0b69f30dd8e555c548ba6f3bd85c43f
2025,8,2025-08-01,IDBI Bank Apps,0.17,67.08,0.0,0.0,0.0,0.0,0.17,67.08,NPCI UPI Ecosystem Statistics via https://github.com/luckisalive/npci_upi_analytics@5c007daef0b69f30dd8e555c548ba6f3bd85c43f
2025,8,2025-08-01,IDFC Bank Apps,17.44,2728.15,0.0,0.03,0.04,0.19,17.48,2728.37,NPCI UPI Ecosystem Statistics via https://github.com/luckisalive/npci_upi_analytics@5c007daef0b69f30dd8e555c548ba6f3bd85c43f
2025,8,2025-08-01,Ind Money,2.15,758.73,0.0,0.0,0.0,0.0,2.15,758.73,NPCI UPI Ecosystem Statistics via https://github.com/luckisalive/npci_upi_analytics@5c007daef0b69f30dd8e555c548ba6f3bd85c43f
2025,8,2025-08-01,India Post Payments Bank Apps,19.58,1892.61,0.0,0.0,0.0,0.0,19.58,1892.61,NPCI UPI Ecosystem Statistics via https://github.com/luckisalive/npci_upi_analytics@5c007daef0b69f30dd8e555c548ba6f3bd85c43f
2025,8,2025-08-01,Indian Bank Apps,1.26,281.53,0.0,0.0,0.0,0.0,1.26,281.53,NPCI UPI Ecosystem Statistics via https://github.com/luckisalive/npci_upi_analytics@5c007daef0b69f30dd8e555c548ba6f3bd85c43f
2025,8,2025-08-01,Indian Overseas Bank Apps,0.26,64.38,0.0,0.0,0.0,0.0,0.26,64.38,NPCI UPI Ecosystem Statistics via https://github.com/luckisalive/npci_upi_analytics@5c007daef0b69f30dd8e555c548ba6f3bd85c43f
2025,8,2025-08-01,IndusInd Bank Apps,1.91,238.35,0.0,0.0,0.0,0.0,1.91,238.35,NPCI UPI Ecosystem Statistics via https://github.com/luckisalive/npci_upi_analytics@5c007daef0b69f30dd8e555c548ba6f3bd85c43f
2025,8,2025-08-01,JAR,0.04,1.14,0.0,0.0,0.0,0.0,0.04,1.14,NPCI UPI Ecosystem Statistics via https://github.com/luckisalive/npci_upi_analytics@5c007daef0b69f30dd8e555c548ba6f3bd85c43f
2025,8,2025-08-01,Jammu and Kashmir Bank Apps,2.47,334.59,0.0,0.0,0.0,0.0,2.47,334.59,NPCI UPI Ecosystem Statistics via https://github.com/luckisalive/npci_upi_analytics@5c007daef0b69f30dd8e555c548ba6f3bd85c43f
2025,8,2025-08-01,Jio Payments Bank Apps,4.65,319.72,0.0,0.0,0.0,0.0,4.65,319.72,NPCI UPI Ecosystem Statistics via https://github.com/luckisalive/npci_upi_analytics@5c007daef0b69f30dd8e555c548ba6f3bd85c43f
2025,8,2025-08-01,Jupiter Money,6.49,998.01,0.0,0.0,0.0,0.0,6.49,998.01,NPCI UPI Ecosystem Statistics via https://github.com/luckisalive/npci_upi_analytics@5c007daef0b69f30dd8e555c548ba6f3bd85c43f
2025,8,2025-08-01,Karnataka Bank Apps,0.27,60.7,0.0,0.0,0.0,0.01,0.27,60.71,NPCI UPI Ecosystem Statistics via https://github.com/luckisalive/npci_upi_analytics@5c007daef0b69f30dd8e555c548ba6f3bd85c43f
2025,8,2025-08-01,Karur Vysya Bank Apps,0.11,38.33,0.0,0.0,0.0,0.0,0.11,38.33,NPCI UPI Ecosystem Statistics via https://github.com/luckisalive/npci_upi_analytics@5c007daef0b69f30dd8e555c548ba6f3bd85c43f
2025,8,2025-08-01,Kiwi,2.69,305.39,0.0,0.0,0.0,0.0,2.69,305.39,NPCI UPI Ecosystem Statistics via https://github.com/luckisalive/npci_upi_analytics@5c007daef0b69f30dd8e555c548ba6f3bd85c43f
2025,8,2025-08-01,Kotak Mahindra Bank Apps,71.87,8662.31,0.0,0.0,0.0,0.0,71.87,8662.31,NPCI UPI Ecosystem Statistics via https://github.com/luckisalive/npci_upi_analytics@5c007daef0b69f30dd8e555c548ba6f3bd85c43f
2025,8,2025-08-01,Kredit Pe,0.71,60.21,0.0,0.0,0.0,0.0,0.71,60.21,NPCI UPI Ecosystem Statistics via https://github.com/luckisalive/npci_upi_analytics@5c007daef0b69f30dd8e555c548ba6f3bd85c43f
2025,8,2025-08-01,Mobikwik,48.14,6010.88,0.0,0.0,0.0,0.0,48.14,6010.88,NPCI UPI Ecosystem Statistics via https://github.com/luckisalive/npci_upi_analytics@5c007daef0b69f30dd8e555c548ba6f3bd85c43f
2025,8,2025-08-01,Money View,1.03,74.94,0.0,0.0,0.0,0.0,1.03,74.94,NPCI UPI Ecosystem Statistics via https://github.com/luckisalive/npci_upi_analytics@5c007daef0b69f30dd8e555c548ba6f3bd85c43f
2025,8,2025-08-01,NSDL Payments Bank Apps,3.46,191.44,0.0,0.0,0.13,7.3,3.59,198.74,NPCI UPI Ecosystem Statistics via https://github.com/luckisalive/npci_upi_analytics@5c007daef0b69f30dd8e555c548ba6f3bd85c43f
2025,8,2025-08-01,Navi,504.45,25396.91,0.0,0.0,0.0,0.0,504.45,25396.91,NPCI UPI Ecosystem Statistics via https://github.com/luckisalive/npci_upi_analytics@5c007daef0b69f30dd8e555c548ba6f3bd85c43f
2025,8,2025-08-01,Niyo Global,0.09,22.11,0.0,0.0,0.0,0.0,0.09,22.11,NPCI UPI Ecosystem Statistics via https://github.com/luckisalive/npci_upi_analytics@5c007daef0b69f30dd8e555c548ba6f3bd85c43f
2025,8,2025-08-01,OBOPAY,0.11,16.77,0.0,0.0,0.0,0.0,0.11,16.77,NPCI UPI Ecosystem Statistics via https://github.com/luckisalive/npci_upi_analytics@5c007daef0b69f30dd8e555c548ba6f3bd85c43f
2025,8,2025-08-01,Omni Card,1.82,113.4,0.0,0.0,0.0,0.0,1.82,113.4,NPCI UPI Ecosystem Statistics via https://github.com/luckisalive/npci_upi_analytics@5c007daef0b69f30dd8e555c548ba6f3bd85c43f
2025,8,2025-08-01,One Card,0.76,884.64,0.0,0.0,0.0,0.0,0.76,884.64,NPCI UPI Ecosystem Statistics via https://github.com/luckisalive/npci_upi_analytics@5c007daef0b69f30dd8e555c548ba6f3bd85c43f
2025,8,2025-08-01,Other,4.390000000000001,504.66,0.0,0.0,0.32,12.489999999999998,4.720000000000001,517.15,NPCI UPI Ecosystem Statistics via https://github.com/luckisalive/npci_upi_analytics@5c007daef0b69f30dd8e555c548ba6f3bd85c43f
2025,8,2025-08-01,POP UPI,44.53,1694.22,0.0,0.0,0.0,0.0,44.53,1694.22,NPCI UPI Ecosystem Statistics via https://github.com/luckisalive/npci_upi_analytics@5c007daef0b69f30dd8e555c548ba6f3bd85c43f
2025,8,2025-08-01,Paytm,1407.23,143484.97,0.0,0.0,0.0,0.0,1407.23,143484.97,NPCI UPI Ecosystem Statistics via https://github.com/luckisalive/npci_upi_analytics@5c007daef0b69f30dd8e555c548ba6f3bd85c43f
2025,8,2025-08-01,Payworld,0.04,4.0,0.0,0.0,0.0,0.0,0.04,4.0,NPCI UPI Ecosystem Statistics via https://github.com/luckisalive/npci_upi_analytics@5c007daef0b69f30dd8e555c548ba6f3bd85c43f
2025,8,2025-08-01,PhonePe,9152.54,1199457.73,0.0,0.0,0.0,0.0,9152.54,1199457.73,NPCI UPI Ecosystem Statistics via https://github.com/luckisalive/npci_upi_analytics@5c007daef0b69f30dd8e555c548ba6f3bd85c43f
2025,8,2025-08-01,Punjab National Bank Apps,3.79,964.86,0.0,0.0,0.0,0.0,3.79,964.86,NPCI UPI Ecosystem Statistics via https://github.com/luckisalive/npci_upi_analytics@5c007daef0b69f30dd8e555c548ba6f3bd85c43f
2025,8,2025-08-01,Punjab Sind Bank Apps,0.02,6.63,0.0,0.0,0.0,0.0,0.02,6.63,NPCI UPI Ecosystem Statistics via https://github.com/luckisalive/npci_upi_analytics@5c007daef0b69f30dd8e555c548ba6f3bd85c43f
2025,8,2025-08-01,RBL Bank Apps,9.15,1423.59,0.0,0.0,0.14,33.26,9.29,1456.85,NPCI UPI Ecosystem Statistics via https://github.com/luckisalive/npci_upi_analytics@5c007daef0b69f30dd8e555c548ba6f3bd85c43f
2025,8,2025-08-01,Rapipay,0.24,25.0,0.0,0.0,0.0,0.0,0.24,25.0,NPCI UPI Ecosystem Statistics via https://github.com/luckisalive/npci_upi_analytics@5c007daef0b69f30dd8e555c548ba6f3bd85c43f
2025,8,2025-08-01,Salary Se,0.53,24.31,0.0,0.0,0.0,0.0,0.53,24.31,NPCI UPI Ecosystem Statistics via https://github.com/luckisalive/npci_upi_analytics@5c007daef0b69f30dd8e555c548ba6f3bd85c43f
2025,8,2025-08-01,Samsung Pay,9.9,682.42,0.0,0.0,0.0,0.0,9.9,682.42,NPCI UPI Ecosystem Statistics via https://github.com/luckisalive/npci_upi_analytics@5c007daef0b69f30dd8e555c548ba6f3bd85c43f
2025,8,2025-08-01,Shri Ram One,2.61,159.27,0.0,0.0,0.0,0.0,2.61,159.27,NPCI UPI Ecosystem Statistics via https://github.com/luckisalive/npci_upi_analytics@5c007daef0b69f30dd8e555c548ba6f3bd85c43f
2025,8,2025-08-01,Slice Small Finance Bank Apps,20.75,2716.14,0.0,0.0,0.0,0.01,20.75,2716.15,NPCI UPI Ecosystem Statistics via https://github.com/luckisalive/npci_upi_analytics@5c007daef0b69f30dd8e555c548ba6f3bd85c43f
2025,8,2025-08-01,South Indian Bank Apps,0.9,248.87,0.0,0.0,0.0,0.0,0.9,248.87,NPCI UPI Ecosystem Statistics via https://github.com/luckisalive/npci_upi_analytics@5c007daef0b69f30dd8e555c548ba6f3bd85c43f
2025,8,2025-08-01,Spice Money,0.3,26.1,0.0,0.0,0.0,0.0,0.3,26.1,NPCI UPI Ecosystem Statistics via https://github.com/luckisalive/npci_upi_analytics@5c007daef0b69f30dd8e555c548ba6f3bd85c43f
2025,8,2025-08-01,Standard Chartered Bank Apps,0.26,123.17,0.0,0.0,0.0,0.16,0.26,123.33,NPCI UPI Ecosystem Statistics via https://github.com/luckisalive/npci_upi_analytics@5c007daef0b69f30dd8e555c548ba6f3bd85c43f
2025,8,2025-08-01,State Bank of India Apps,12.99,3668.47,0.0,0.0,0.0,0.0,12.99,3668.47,NPCI UPI Ecosystem Statistics via https://github.com/luckisalive/npci_upi_analytics@5c007daef0b69f30dd8e555c548ba6f3bd85c43f
2025,8,2025-08-01,Suryoday Bank Apps,1.46,111.08,0.0,0.0,0.01,0.86,1.46,111.94,NPCI UPI Ecosystem Statistics via https://github.com/luckisalive/npci_upi_analytics@5c007daef0b69f30dd8e555c548ba6f3bd85c43f
2025,8,2025-08-01,Tamilnad Mercantile Bank Apps,0.1,33.36,0.0,0.0,0.0,0.0,0.1,33.36,NPCI UPI Ecosystem Statistics via https://github.com/luckisalive/npci_upi_analytics@5c007daef0b69f30dd8e555c548ba6f3bd85c43f
2025,8,2025-08-01,Tata Pay,0.52,155.47,0.0,0.0,0.0,0.0,0.52,155.47,NPCI UPI Ecosystem Statistics via https://github.com/luckisalive/npci_upi_analytics@5c007daef0b69f30dd8e555c548ba6f3bd85c43f
2025,8,2025-08-01,Timepay,2.98,43.77,0.0,0.0,0.0,0.0,2.98,43.77,NPCI UPI Ecosystem Statistics via https://github.com/luckisalive/npci_upi_analytics@5c007daef0b69f30dd8e555c548ba6f3bd85c43f
2025,8,2025-08-01,True Balance,0.15,4.9,0.0,0.0,0.0,0.0,0.15,4.9,NPCI UPI Ecosystem Statistics via https://github.com/luckisalive/npci_upi_analytics@5c007daef0b69f30dd8e555c548ba6f3bd85c43f
2025,8,2025-08-01,UCO Bank Apps,0.53,130.16,0.0,0.0,0.0,0.0,0.53,130.16,NPCI UPI Ecosystem Statistics via https://github.com/luckisalive/npci_upi_analytics@5c007daef0b69f30dd8e555c548ba6f3bd85c43f
2025,8,2025-08-01,Ultracash,0.1,7.48,0.0,0.0,0.0,0.0,0.1,7.48,NPCI UPI Ecosystem Statistics via https://github.com/luckisalive/npci_upi_analytics@5c007daef0b69f30dd8e555c548ba6f3bd85c43f
2025,8,2025-08-01,Union Bank Apps,0.84,259.85,0.0,0.0,0.0,0.0,0.84,259.85,NPCI UPI Ecosystem Statistics via https://github.com/luckisalive/npci_upi_analytics@5c007daef0b69f30dd8e555c548ba6f3bd85c43f
2025,8,2025-08-01,Unity Small Finance Bank Apps,0.07,19.76,0.0,0.0,0.0,0.0,0.07,19.76,NPCI UPI Ecosystem Statistics via https://github.com/luckisalive/npci_upi_analytics@5c007daef0b69f30dd8e555c548ba6f3bd85c43f
2025,8,2025-08-01,Utkarsh Small Finance Bank Apps,0.03,4.18,0.0,0.0,0.0,0.0,0.03,4.18,NPCI UPI Ecosystem Statistics via https://github.com/luckisalive/npci_upi_analytics@5c007daef0b69f30dd8e555c548ba6f3bd85c43f
2025,8,2025-08-01,Whatsapp,78.21,5583.34,0.0,0.0,0.0,0.0,78.21,5583.34,NPCI UPI Ecosystem Statistics via https://github.com/luckisalive/npci_upi_analytics@5c007daef0b69f30dd8e555c548ba6f3bd85c43f
2025,8,2025-08-01,Yes Bank Apps,53.91,9408.85,0.0,0.0,0.43,19.3,54.33,9428.15,NPCI UPI Ecosystem Statistics via https://github.com/luckisalive/npci_upi_analytics@5c007daef0b69f30dd8e555c548ba6f3bd85c43f
2025,8,2025-08-01,super.money,256.64,9290.21,0.0,0.0,0.0,0.0,256.64,9290.21,NPCI UPI Ecosystem Statistics via https://github.com/luckisalive/npci_upi_analytics@5c007daef0b69f30dd8e555c548ba6f3bd85c43f
2025,9,2025-09-01,AU Small Finance Bank Apps,0.69,221.41,0.0,0.0,0.0,0.0,0.69,221.41,NPCI UPI Ecosystem Statistics via https://github.com/luckisalive/npci_upi_analytics@5c007daef0b69f30dd8e555c548ba6f3bd85c43f
2025,9,2025-09-01,Aditya Birla Capital Digital,0.56,25.14,0.0,0.0,0.0,0.0,0.56,25.14,NPCI UPI Ecosystem Statistics via https://github.com/luckisalive/npci_upi_analytics@5c007daef0b69f30dd8e555c548ba6f3bd85c43f
2025,9,2025-09-01,Airtel Payments Bank Apps,17.34,1290.54,0.0,0.0,0.0,0.0,17.34,1290.54,NPCI UPI Ecosystem Statistics via https://github.com/luckisalive/npci_upi_analytics@5c007daef0b69f30dd8e555c548ba6f3bd85c43f
2025,9,2025-09-01,Amazon Pay,91.4,10234.84,0.0,0.0,0.0,0.0,91.4,10234.84,NPCI UPI Ecosystem Statistics via https://github.com/luckisalive/npci_upi_analytics@5c007daef0b69f30dd8e555c548ba6f3bd85c43f
2025,9,2025-09-01,Axis Bank Apps,29.21,5381.5,128.83,9528.33,0.01,1.53,158.05,14911.36,NPCI UPI Ecosystem Statistics via https://github.com/luckisalive/npci_upi_analytics@5c007daef0b69f30dd8e555c548ba6f3bd85c43f
2025,9,2025-09-01,BHIM,110.84,16273.38,0.0,0.0,0.0,0.0,110.84,16273.38,NPCI UPI Ecosystem Statistics via https://github.com/luckisalive/npci_upi_analytics@5c007daef0b69f30dd8e555c548ba6f3bd85c43f
2025,9,2025-09-01,Bajaj Finserv,12.01,2520.3,0.0,0.0,0.0,0.0,12.01,2520.3,NPCI UPI Ecosystem Statistics via https://github.com/luckisalive/npci_upi_analytics@5c007daef0b69f30dd8e555c548ba6f3bd85c43f
2025,9,2025-09-01,Bank of Baroda Apps,2.59,611.74,0.0,0.0,0.0,0.0,2.59,611.74,NPCI UPI Ecosystem Statistics via https://github.com/luckisalive/npci_upi_analytics@5c007daef0b69f30dd8e555c548ba6f3bd85c43f
2025,9,2025-09-01,Bank of India Apps,0.32,101.51,0.0,0.0,0.0,0.0,0.32,101.51,NPCI UPI Ecosystem Statistics via https://github.com/luckisalive/npci_upi_analytics@5c007daef0b69f30dd8e555c548ba6f3bd85c43f
2025,9,2025-09-01,Bharat Pe,16.05,1357.79,0.0,0.0,0.02,0.0,16.07,1357.79,NPCI UPI Ecosystem Statistics via https://github.com/luckisalive/npci_upi_analytics@5c007daef0b69f30dd8e555c548ba6f3bd85c43f
2025,9,2025-09-01,Canara Bank Apps,4.27,1049.05,0.0,0.0,0.0,0.0,4.27,1049.05,NPCI UPI Ecosystem Statistics via https://github.com/luckisalive/npci_upi_analytics@5c007daef0b69f30dd8e555c548ba6f3bd85c43f
2025,9,2025-09-01,Central Bank of India Apps,0.55,137.29,0.0,0.0,0.0,0.0,0.55,137.29,NPCI UPI Ecosystem Statistics via https://github.com/luckisalive/npci_upi_analytics@5c007daef0b69f30dd8e555c548ba6f3bd85c43f
2025,9,2025-09-01,City Union Bank Apps,0.08,31.81,0.0,0.0,0.0,0.0,0.08,31.81,NPCI UPI Ecosystem Statistics via https://github.com/luckisalive/npci_upi_analytics@5c007daef0b69f30dd8e555c548ba6f3bd85c43f
2025,9,2025-09-01,Cred,147.86,54796.41,0.0,0.0,0.0,0.0,147.86,54796.41,NPCI UPI Ecosystem Statistics via https://github.com/luckisalive/npci_upi_analytics@5c007daef0b69f30dd8e555c548ba6f3bd85c43f
2025,9,2025-09-01,DBS Digibank Apps,0.72,250.56,0.0,0.0,0.0,0.34,0.73,250.9,NPCI UPI Ecosystem Statistics via https://github.com/luckisalive/npci_upi_analytics@5c007daef0b69f30dd8e555c548ba6f3bd85c43f
2025,9,2025-09-01,Deutsche Bank Apps,4.63,764.92,0.0,0.0,0.0,0.46,4.63,765.38,NPCI UPI Ecosystem Statistics via https://github.com/luckisalive/npci_upi_analytics@5c007daef0b69f30dd8e555c548ba6f3bd85c43f
2025,9,2025-09-01,Dhani,0.23,10.7,0.0,0.0,0.0,0.0,0.23,10.7,NPCI UPI Ecosystem Statistics via https://github.com/luckisalive/npci_upi_analytics@5c007daef0b69f30dd8e555c548ba6f3bd85c43f
2025,9,2025-09-01,Digikhata,1.05,352.31,0.0,0.0,0.0,0.0,1.05,352.31,NPCI UPI Ecosystem Statistics via https://github.com/luckisalive/npci_upi_analytics@5c007daef0b69f30dd8e555c548ba6f3bd85c43f
2025,9,2025-09-01,ESAF Small Finance Bank Apps,0.67,65.43,0.0,0.0,0.0,0.0,0.67,65.43,NPCI UPI Ecosystem Statistics via https://github.com/luckisalive/npci_upi_analytics@5c007daef0b69f30dd8e555c548ba6f3bd85c43f
2025,9,2025-09-01,Equitas Small Finance Bank Apps,0.02,7.23,0.0,0.0,0.0,0.0,0.02,7.23,NPCI UPI Ecosystem Statistics via https://github.com/luckisalive/npci_upi_analytics@5c007daef0b69f30dd8e555c548ba6f3bd85c43f
2025,9,2025-09-01,FamApp by Trio,140.01,1751.77,0.0,0.0,0.0,0.0,140.01,1751.77,NPCI UPI Ecosystem Statistics via https://github.com/luckisalive/npci_upi_analytics@5c007daef0b69f30dd8e555c548ba6f3bd85c43f
2025,9,2025-09-01,Federal Bank App,6.61,1330.79,0.0,0.0,0.0,0.0,6.61,1330.79,NPCI UPI Ecosystem Statistics via https://github.com/luckisalive/npci_upi_analytics@5c007daef0b69f30dd8e555c548ba6f3bd85c43f
2025,9,2025-09-01,Fi Money,2.66,382.26,0.0,0.0,0.0,0.0,2.66,382.26,NPCI UPI Ecosystem Statistics via https://github.com/luckisalive/npci_upi_analytics@5c007daef0b69f30dd8e555c548ba6f3bd85c43f
2025,9,2025-09-01,Fino Payments Bank Apps,0.78,69.88,0.0,0.0,0.0,0.0,0.78,69.88,NPCI UPI Ecosystem Statistics via https://github.com/luckisalive/npci_upi_analytics@5c007daef0b69f30dd8e555c548ba6f3bd85c43f
2025,9,2025-09-01,Flipkart UPI,3.58,263.48,0.0,0.0,0.0,0.0,3.58,263.48,NPCI UPI Ecosystem Statistics via https://github.com/luckisalive/npci_upi_analytics@5c007daef0b69f30dd8e555c548ba6f3bd85c43f
2025,9,2025-09-01,Freo,0.03,1.96,0.0,0.0,0.0,0.0,0.03,1.96,NPCI UPI Ecosystem Statistics via https://github.com/luckisalive/npci_upi_analytics@5c007daef0b69f30dd8e555c548ba6f3bd85c43f
2025,9,2025-09-01,Google Pay,6832.93,873639.91,0.0,0.0,0.0,0.0,6832.93,873639.91,NPCI UPI Ecosystem Statistics via https://github.com/luckisalive/npci_upi_analytics@5c007daef0b69f30dd8e555c548ba6f3bd85c43f
2025,9,2025-09-01,Groww,14.17,10098.51,0.0,0.0,0.0,0.0,14.17,10098.51,NPCI UPI Ecosystem Statistics via https://github.com/luckisalive/npci_upi_analytics@5c007daef0b69f30dd8e555c548ba6f3bd85c43f
2025,9,2025-09-01,HDFC Bank Apps,48.29,16409.2,26.3,10.6,0.01,0.84,74.6,16420.63,NPCI UPI Ecosystem Statistics via https://github.com/luckisalive/npci_upi_analytics@5c007daef0b69f30dd8e555c548ba6f3bd85c43f
2025,9,2025-09-01,HSBC Bank Apps,1.21,145.51,0.01,0.25,0.0,0.13,1.22,145.89,NPCI UPI Ecosystem Statistics via https://github.com/luckisalive/npci_upi_analytics@5c007daef0b69f30dd8e555c548ba6f3bd85c43f
2025,9,2025-09-01,ICICI Bank Apps,71.63,14491.28,0.02,16.91,2.45,2116.41,74.1,16624.59,NPCI UPI Ecosystem Statistics via https://github.com/luckisalive/npci_upi_analytics@5c007daef0b69f30dd8e555c548ba6f3bd85c43f
2025,9,2025-09-01,IDBI Bank Apps,0.17,69.18,0.0,0.0,0.0,0.0,0.17,69.18,NPCI UPI Ecosystem Statistics via https://github.com/luckisalive/npci_upi_analytics@5c007daef0b69f30dd8e555c548ba6f3bd85c43f
2025,9,2025-09-01,IDFC Bank Apps,12.99,2718.6,0.0,0.03,0.15,0.16,13.14,2718.78,NPCI UPI Ecosystem Statistics via https://github.com/luckisalive/npci_upi_analytics@5c007daef0b69f30dd8e555c548ba6f3bd85c43f
2025,9,2025-09-01,Ind Money,2.61,870.13,0.0,0.0,0.0,0.0,2.61,870.13,NPCI UPI Ecosystem Statistics via https://github.com/luckisalive/npci_upi_analytics@5c007daef0b69f30dd8e555c548ba6f3bd85c43f
2025,9,2025-09-01,India Post Payments Bank Apps,16.81,1625.33,0.0,0.0,0.0,0.0,16.81,1625.33,NPCI UPI Ecosystem Statistics via https://github.com/luckisalive/npci_upi_analytics@5c007daef0b69f30dd8e555c548ba6f3bd85c43f
2025,9,2025-09-01,Indian Bank Apps,1.38,316.14,0.0,0.0,0.0,0.0,1.38,316.14,NPCI UPI Ecosystem Statistics via https://github.com/luckisalive/npci_upi_analytics@5c007daef0b69f30dd8e555c548ba6f3bd85c43f
2025,9,2025-09-01,Indian Overseas Bank Apps,0.24,62.77,0.0,0.0,0.0,0.0,0.24,62.77,NPCI UPI Ecosystem Statistics via https://github.com/luckisalive/npci_upi_analytics@5c007daef0b69f30dd8e555c548ba6f3bd85c43f
2025,9,2025-09-01,IndusInd Bank Apps,1.67,222.41,0.0,0.0,0.0,0.0,1.67,222.41,NPCI UPI Ecosystem Statistics via https://github.com/luckisalive/npci_upi_analytics@5c007daef0b69f30dd8e555c548ba6f3bd85c43f
2025,9,2025-09-01,Jammu and Kashmir Bank Apps,2.38,348.51,0.0,0.0,0.0,0.0,2.38,348.51,NPCI UPI Ecosystem Statistics via https://github.com/luckisalive/npci_upi_analytics@5c007daef0b69f30dd8e555c548ba6f3bd85c43f
2025,9,2025-09-01,Jar,0.14,3.13,0.0,0.0,0.0,0.0,0.14,3.13,NPCI UPI Ecosystem Statistics via https://github.com/luckisalive/npci_upi_analytics@5c007daef0b69f30dd8e555c548ba6f3bd85c43f
2025,9,2025-09-01,Jio Payments Bank Apps,5.0,344.89,0.0,0.0,0.0,0.0,5.0,344.89,NPCI UPI Ecosystem Statistics via https://github.com/luckisalive/npci_upi_analytics@5c007daef0b69f30dd8e555c548ba6f3bd85c43f
2025,9,2025-09-01,Jupiter Money,6.06,958.38,0.0,0.0,0.0,0.0,6.06,958.38,NPCI UPI Ecosystem Statistics via https://github.com/luckisalive/npci_upi_analytics@5c007daef0b69f30dd8e555c548ba6f3bd85c43f
2025,9,2025-09-01,Karnataka Bank Apps,0.27,62.55,0.0,0.0,0.0,0.03,0.27,62.58,NPCI UPI Ecosystem Statistics via https://github.com/luckisalive/npci_upi_analytics@5c007daef0b69f30dd8e555c548ba6f3bd85c43f
2025,9,2025-09-01,Karur Vysya Bank Apps,0.11,40.62,0.0,0.0,0.0,0.0,0.11,40.62,NPCI UPI Ecosystem Statistics via https://github.com/luckisalive/npci_upi_analytics@5c007daef0b69f30dd8e555c548ba6f3bd85c43f
2025,9,2025-09-01,Kiwi,2.5,306.62,0.0,0.0,0.0,0.0,2.5,306.62,NPCI UPI Ecosystem Statistics via https://github.com/luckisalive/npci_upi_analytics@5c007daef0b69f30dd8e555c548ba6f3bd85c43f
2025,9,2025-09-01,Kotak Mahindra Bank Apps,75.46,9168.77,0.0,0.0,0.0,0.0,75.46,9168.77,NPCI UPI Ecosystem Statistics via https://github.com/luckisalive/npci_upi_analytics@5c007daef0b69f30dd8e555c548ba6f3bd85c43f
2025,9,2025-09-01,Kredit Pe,0.67,54.86,0.0,0.0,0.0,0.0,0.67,54.86,NPCI UPI Ecosystem Statistics via https://github.com/luckisalive/npci_upi_analytics@5c007daef0b69f30dd8e555c548ba6f3bd85c43f
2025,9,2025-09-01,KreditBee,0.05,2.18,0.0,0.0,0.0,0.0,0.05,2.18,NPCI UPI Ecosystem Statistics via https://github.com/luckisalive/npci_upi_analytics@5c007daef0b69f30dd8e555c548ba6f3bd85c43f
2025,9,2025-09-01,Mobikwik,46.95,5761.51,0.0,0.0,0.0,0.0,46.95,5761.51,NPCI UPI Ecosystem Statistics via https://github.com/luckisalive/npci_upi_analytics@5c007daef0b69f30dd8e555c548ba6f3bd85c43f
2025,9,2025-09-01,Money View,1.09,87.15,0.0,0.0,0.0,0.0,1.09,87.15,NPCI UPI Ecosystem Statistics via https://github.com/luckisalive/npci_upi_analytics@5c007daef0b69f30dd8e555c548ba6f3bd85c43f
2025,9,2025-09-01,NSDL Payments Bank Apps,1.95,210.27,0.0,0.0,0.1,6.03,2.05,216.31,NPCI UPI Ecosystem Statistics via https://github.com/luckisalive/npci_upi_analytics@5c007daef0b69f30dd8e555c548ba6f3bd85c43f
2025,9,2025-09-01,Navi,526.02,26510.97,0.0,0.0,0.0,0.0,526.02,26510.97,NPCI UPI Ecosystem Statistics via https://github.com/luckisalive/npci_upi_analytics@5c007daef0b69f30dd8e555c548ba6f3bd85c43f
2025,9,2025-09-01,Niyo Global,0.05,13.16,0.0,0.0,0.0,0.0,0.05,13.16,NPCI UPI Ecosystem Statistics via https://github.com/luckisalive/npci_upi_analytics@5c007daef0b69f30dd8e555c548ba6f3bd85c43f
2025,9,2025-09-01,Obopay,0.13,19.72,0.0,0.0,0.0,0.0,0.13,19.72,NPCI UPI Ecosystem Statistics via https://github.com/luckisalive/npci_upi_analytics@5c007daef0b69f30dd8e555c548ba6f3bd85c43f
2025,9,2025-09-01,Omni Card,1.86,118.22,0.0,0.0,0.0,0.0,1.86,118.22,NPCI UPI Ecosystem Statistics via https://github.com/luckisalive/npci_upi_analytics@5c007daef0b69f30dd8e555c548ba6f3bd85c43f
2025,9,2025-09-01,One Card,0.71,827.92,0.0,0.0,0.0,0.0,0.71,827.92,NPCI UPI Ecosystem Statistics via https://github.com/luckisalive/npci_upi_analytics@5c007daef0b69f30dd8e555c548ba6f3bd85c43f
2025,9,2025-09-01,Other,2.15,221.08,0.0,0.0,0.17,6.13,2.32,227.21,NPCI UPI Ecosystem Statistics via https://github.com/luckisalive/npci_upi_analytics@5c007daef0b69f30dd8e555c548ba6f3bd85c43f
2025,9,2025-09-01,POP UPI,51.61,1953.68,0.0,0.0,0.0,0.0,51.61,1953.68,NPCI UPI Ecosystem Statistics via https://github.com/luckisalive/npci_upi_analytics@5c007daef0b69f30dd8e555c548ba6f3bd85c43f
2025,9,2025-09-01,Paytm,1394.07,145134.78,0.0,0.0,0.0,0.0,1394.07,145134.78,NPCI UPI Ecosystem Statistics via https://github.com/luckisalive/npci_upi_analytics@5c007daef0b69f30dd8e555c548ba6f3bd85c43f
2025,9,2025-09-01,Payworld,0.05,4.05,0.0,0.0,0.0,0.0,0.05,4.05,NPCI UPI Ecosystem Statistics via https://github.com/luckisalive/npci_upi_analytics@5c007daef0b69f30dd8e555c548ba6f3bd85c43f
2025,9,2025-09-01,PhonePe,8961.78,1203787.91,0.0,0.0,0.0,0.0,8961.78,1203787.91,NPCI UPI Ecosystem Statistics via https://github.com/luckisalive/npci_upi_analytics@5c007daef0b69f30dd8e555c548ba6f3bd85c43f
2025,9,2025-09-01,Punjab National Bank Apps,3.88,983.32,0.0,0.0,0.0,0.0,3.88,983.32,NPCI UPI Ecosystem Statistics via https://github.com/luckisalive/npci_upi_analytics@5c007daef0b69f30dd8e555c548ba6f3bd85c43f
2025,9,2025-09-01,Punjab Sind Bank Apps,0.02,7.21,0.0,0.0,0.0,0.0,0.02,7.21,NPCI UPI Ecosystem Statistics via https://github.com/luckisalive/npci_upi_analytics@5c007daef0b69f30dd8e555c548ba6f3bd85c43f
2025,9,2025-09-01,RBL Bank Apps,7.79,1512.34,0.0,0.0,0.12,33.77,7.92,1546.1,NPCI UPI Ecosystem Statistics via https://github.com/luckisalive/npci_upi_analytics@5c007daef0b69f30dd8e555c548ba6f3bd85c43f
2025,9,2025-09-01,Rapipay,0.23,24.83,0.0,0.0,0.0,0.0,0.23,24.83,NPCI UPI Ecosystem Statistics via https://github.com/luckisalive/npci_upi_analytics@5c007daef0b69f30dd8e555c548ba6f3bd85c43f
2025,9,2025-09-01,Salary Se,0.49,22.88,0.0,0.0,0.0,0.0,0.49,22.88,NPCI UPI Ecosystem Statistics via https://github.com/luckisalive/npci_upi_analytics@5c007daef0b69f30dd8e555c548ba6f3bd85c43f
2025,9,2025-09-01,Samsung Pay,9.9,676.36,0.0,0.0,0.0,0.0,9.9,676.36,NPCI UPI Ecosystem Statistics via https://github.com/luckisalive/npci_upi_analytics@5c007daef0b69f30dd8e555c548ba6f3bd85c43f
2025,9,2025-09-01,Shri Ram One,1.81,136.08,0.0,0.0,0.0,0.0,1.81,136.08,NPCI UPI Ecosystem Statistics via https://github.com/luckisalive/npci_upi_analytics@5c007daef0b69f30dd8e555c548ba6f3bd85c43f
2025,9,2025-09-01,Slice Small Finance Bank Apps,22.62,3014.8,0.0,0.0,0.0,0.0,22.62,3014.8,NPCI UPI Ecosystem Statistics via https://github.com/luckisalive/npci_upi_analytics@5c007daef0b69f30dd8e555c548ba6f3bd85c43f
2025,9,2025-09-01,South Indian Bank Apps,0.86,248.26,0.0,0.0,0.0,0.0,0.86,248.26,NPCI UPI Ecosystem Statistics via https://github.com/luckisalive/npci_upi_analytics@5c007daef0b69f30dd8e555c548ba6f3bd85c43f
2025,9,2025-09-01,Spice Money,0.3,28.07,0.0,0.0,0.0,0.0,0.3,28.07,NPCI UPI Ecosystem Statistics via https://github.com/luckisalive/npci_upi_analytics@5c007daef0b69f30dd8e555c548ba6f3bd85c43f
2025,9,2025-09-01,Standard Chartered Bank Apps,0.25,113.45,0.0,0.0,0.0,0.18,0.25,113.63,NPCI UPI Ecosystem Statistics via https://github.com/luckisalive/npci_upi_analytics@5c007daef0b69f30dd8e555c548ba6f3bd85c43f
2025,9,2025-09-01,State Bank of India Apps,12.18,3614.58,0.0,0.0,0.0,0.0,12.18,3614.58,NPCI UPI Ecosystem Statistics via https://github.com/luckisalive/npci_upi_analytics@5c007daef0b69f30dd8e555c548ba6f3bd85c43f
2025,9,2025-09-01,Suryoday Bank Apps,1.67,11.34,0.0,0.0,0.01,2.13,1.68,13.47,NPCI UPI Ecosystem Statistics via https://github.com/luckisalive/npci_upi_analytics@5c007daef0b69f30dd8e555c548ba6f3bd85c43f
2025,9,2025-09-01,Tamilnad Mercantile Bank Apps,0.1,36.17,0.0,0.0,0.0,0.0,0.1,36.17,NPCI UPI Ecosystem Statistics via https://github.com/luckisalive/npci_upi_analytics@5c007daef0b69f30dd8e555c548ba6f3bd85c43f
2025,9,2025-09-01,Tata Pay,0.5,159.6,0.0,0.0,0.0,0.0,0.5,159.6,NPCI UPI Ecosystem Statistics via https://github.com/luckisalive/npci_upi_analytics@5c007daef0b69f30dd8e555c548ba6f3bd85c43f
2025,9,2025-09-01,Timepay,2.98,41.89,0.0,0.0,0.0,0.0,2.98,41.89,NPCI UPI Ecosystem Statistics via https://github.com/luckisalive/npci_upi_analytics@5c007daef0b69f30dd8e555c548ba6f3bd85c43f
2025,9,2025-09-01,True Balance,0.13,4.49,0.0,0.0,0.0,0.0,0.13,4.49,NPCI UPI Ecosystem Statistics via https://github.com/luckisalive/npci_upi_analytics@5c007daef0b69f30dd8e555c548ba6f3bd85c43f
2025,9,2025-09-01,UCO Bank Apps,0.54,140.39,0.0,0.0,0.0,0.0,0.54,140.39,NPCI UPI Ecosystem Statistics via https://github.com/luckisalive/npci_upi_analytics@5c007daef0b69f30dd8e555c548ba6f3bd85c43f
2025,9,2025-09-01,Ultracash,0.09,6.96,0.0,0.0,0.0,0.0,0.09,6.96,NPCI UPI Ecosystem Statistics via https://github.com/luckisalive/npci_upi_analytics@5c007daef0b69f30dd8e555c548ba6f3bd85c43f
2025,9,2025-09-01,Union Bank Apps,0.73,232.38,0.0,0.0,0.0,0.0,0.73,232.38,NPCI UPI Ecosystem Statistics via https://github.com/luckisalive/npci_upi_analytics@5c007daef0b69f30dd8e555c548ba6f3bd85c43f
2025,9,2025-09-01,Unity Small Finance Bank Apps,0.07,21.92,0.0,0.0,0.0,0.0,0.07,21.92,NPCI UPI Ecosystem Statistics via https://github.com/luckisalive/npci_upi_analytics@5c007daef0b69f30dd8e555c548ba6f3bd85c43f
2025,9,2025-09-01,Utkarsh Small Finance Bank Apps,0.03,5.49,0.0,0.0,0.0,0.0,0.03,5.49,NPCI UPI Ecosystem Statistics via https://github.com/luckisalive/npci_upi_analytics@5c007daef0b69f30dd8e555c548ba6f3bd85c43f
2025,9,2025-09-01,Whatsapp,79.75,5768.86,0.0,0.0,0.0,0.0,79.75,5768.86,NPCI UPI Ecosystem Statistics via https://github.com/luckisalive/npci_upi_analytics@5c007daef0b69f30dd8e555c548ba6f3bd85c43f
2025,9,2025-09-01,Yes Bank Apps,47.37,6735.08,0.0,0.0,0.38,23.35,47.75,6758.44,NPCI UPI Ecosystem Statistics via https://github.com/luckisalive/npci_upi_analytics@5c007daef0b69f30dd8e555c548ba6f3bd85c43f
2025,9,2025-09-01,super.money,256.34,9852.44,0.0,0.0,0.0,0.0,256.34,9852.44,NPCI UPI Ecosystem Statistics via https://github.com/luckisalive/npci_upi_analytics@5c007daef0b69f30dd8e555c548ba6f3bd85c43f
2025,10,2025-10-01,AU Small Finance Bank Apps,0.71,244.77,0.0,1.9,0.0,0.0,0.71,246.67,NPCI UPI Ecosystem Statistics via https://github.com/luckisalive/npci_upi_analytics@5c007daef0b69f30dd8e555c548ba6f3bd85c43f
2025,10,2025-10-01,Aditya Birla Capital Digital,0.42,21.45,0.0,0.0,0.0,0.0,0.42,21.45,NPCI UPI Ecosystem Statistics via https://github.com/luckisalive/npci_upi_analytics@5c007daef0b69f30dd8e555c548ba6f3bd85c43f
2025,10,2025-10-01,Airtel Payments Bank Apps,16.78,1285.71,0.65,54.31,0.0,0.0,17.43,1340.02,NPCI UPI Ecosystem Statistics via https://github.com/luckisalive/npci_upi_analytics@5c007daef0b69f30dd8e555c548ba6f3bd85c43f
2025,10,2025-10-01,Amazon Pay,91.65,10710.43,0.0,0.0,0.0,0.0,91.65,10710.43,NPCI UPI Ecosystem Statistics via https://github.com/luckisalive/npci_upi_analytics@5c007daef0b69f30dd8e555c548ba6f3bd85c43f
2025,10,2025-10-01,Axis Bank Apps,17.09,4666.78,96.34,11080.46,0.15,14.01,113.58,15761.25,NPCI UPI Ecosystem Statistics via https://github.com/luckisalive/npci_upi_analytics@5c007daef0b69f30dd8e555c548ba6f3bd85c43f
2025,10,2025-10-01,BHIM,124.25,19376.26,0.0,0.0,0.0,0.0,124.25,19376.26,NPCI UPI Ecosystem Statistics via https://github.com/luckisalive/npci_upi_analytics@5c007daef0b69f30dd8e555c548ba6f3bd85c43f
2025,10,2025-10-01,Bajaj Finserv,12.82,2599.28,0.0,0.0,0.0,0.0,12.82,2599.28,NPCI UPI Ecosystem Statistics via https://github.com/luckisalive/npci_upi_analytics@5c007daef0b69f30dd8e555c548ba6f3bd85c43f
2025,10,2025-10-01,Bank of Baroda Apps,2.77,721.61,0.0,0.0,0.0,1.67,2.77,723.28,NPCI UPI Ecosystem Statistics via https://github.com/luckisalive/npci_upi_analytics@5c007daef0b69f30dd8e555c548ba6f3bd85c43f
2025,10,2025-10-01,Bank of India Apps,0.33,107.21,0.0,0.0,0.0,0.0,0.33,107.21,NPCI UPI Ecosystem Statistics via https://github.com/luckisalive/npci_upi_analytics@5c007daef0b69f30dd8e555c548ba6f3bd85c43f
2025,10,2025-10-01,Bank of Maharashtra Apps,0.03,6.86,0.0,0.0,0.0,2.6,0.03,9.46,NPCI UPI Ecosystem Statistics via https://github.com/luckisalive/npci_upi_analytics@5c007daef0b69f30dd8e555c548ba6f3bd85c43f
2025,10,2025-10-01,Bharat Pe,1.77,137.63,0.0,0.0,0.0,0.0,1.77,137.63,NPCI UPI Ecosystem Statistics via https://github.com/luckisalive/npci_upi_analytics@5c007daef0b69f30dd8e555c548ba6f3bd85c43f
2025,10,2025-10-01,Canara Bank Apps,4.37,1133.76,0.0,0.0,0.0,0.0,4.37,1133.76,NPCI UPI Ecosystem Statistics via https://github.com/luckisalive/npci_upi_analytics@5c007daef0b69f30dd8e555c548ba6f3bd85c43f
2025,10,2025-10-01,Central Bank of India Apps,0.4,115.39,0.0,0.0,0.0,0.0,0.4,115.39,NPCI UPI Ecosystem Statistics via https://github.com/luckisalive/npci_upi_analytics@5c007daef0b69f30dd8e555c548ba6f3bd85c43f
2025,10,2025-10-01,City Union Bank Apps,0.08,32.76,0.0,0.0,0.0,0.0,0.08,32.76,NPCI UPI Ecosystem Statistics via https://github.com/luckisalive/npci_upi_analytics@5c007daef0b69f30dd8e555c548ba6f3bd85c43f
2025,10,2025-10-01,Cred,157.99,62438.03,0.0,0.0,0.0,0.0,157.99,62438.03,NPCI UPI Ecosystem Statistics via https://github.com/luckisalive/npci_upi_analytics@5c007daef0b69f30dd8e555c548ba6f3bd85c43f
2025,10,2025-10-01,DBS Digibank Apps,0.54,191.82,0.06,25.82,0.0,0.19,0.61,217.83,NPCI UPI Ecosystem Statistics via https://github.com/luckisalive/npci_upi_analytics@5c007daef0b69f30dd8e555c548ba6f3bd85c43f
2025,10,2025-10-01,Deutsche Bank Apps,0.03,37.74,5.18,997.43,0.0,0.15,5.21,1035.32,NPCI UPI Ecosystem Statistics via https://github.com/luckisalive/npci_upi_analytics@5c007daef0b69f30dd8e555c548ba6f3bd85c43f
2025,10,2025-10-01,Dhani,0.24,10.84,0.0,0.0,0.0,0.0,0.24,10.84,NPCI UPI Ecosystem Statistics via https://github.com/luckisalive/npci_upi_analytics@5c007daef0b69f30dd8e555c548ba6f3bd85c43f
2025,10,2025-10-01,Digikhata,1.14,409.7,0.0,0.0,0.0,0.0,1.14,409.7,NPCI UPI Ecosystem Statistics via https://github.com/luckisalive/npci_upi_analytics@5c007daef0b69f30dd8e555c548ba6f3bd85c43f
2025,10,2025-10-01,ESAF Small Finance Bank Apps,0.97,98.21,0.0,0.0,0.0,0.0,0.97,98.21,NPCI UPI Ecosystem Statistics via https://github.com/luckisalive/npci_upi_analytics@5c007daef0b69f30dd8e555c548ba6f3bd85c43f
2025,10,2025-10-01,Equitas Small Finance Bank Apps,0.02,7.76,0.0,0.0,0.0,0.0,0.02,7.76,NPCI UPI Ecosystem Statistics via https://github.com/luckisalive/npci_upi_analytics@5c007daef0b69f30dd8e555c548ba6f3bd85c43f
2025,10,2025-10-01,FamApp by Trio,146.03,1900.99,0.0,0.0,0.0,0.0,146.03,1900.99,NPCI UPI Ecosystem Statistics via https://github.com/luckisalive/npci_upi_analytics@5c007daef0b69f30dd8e555c548ba6f3bd85c43f
2025,10,2025-10-01,Federal Bank App,6.99,1621.3,0.0,5.27,0.0,0.0,6.99,1626.56,NPCI UPI Ecosystem Statistics via https://github.com/luckisalive/npci_upi_analytics@5c007daef0b69f30dd8e555c548ba6f3bd85c43f
2025,10,2025-10-01,Fi Money,2.7,405.88,0.0,0.0,0.0,0.0,2.7,405.88,NPCI UPI Ecosystem Statistics via https://github.com/luckisalive/npci_upi_analytics@5c007daef0b69f30dd8e555c548ba6f3bd85c43f
2025,10,2025-10-01,Fino Payments Bank Apps,0.91,82.72,0.0,0.0,0.0,0.0,0.91,82.72,NPCI UPI Ecosystem Statistics via https://github.com/luckisalive/npci_upi_analytics@5c007daef0b69f30dd8e555c548ba6f3bd85c43f
2025,10,2025-10-01,Flipkart UPI,3.31,208.86,0.0,0.0,0.0,0.0,3.31,208.86,NPCI UPI Ecosystem Statistics via https://github.com/luckisalive/npci_upi_analytics@5c007daef0b69f30dd8e555c548ba6f3bd85c43f
2025,10,2025-10-01,Freo,0.03,2.1,0.0,0.0,0.0,0.0,0.03,2.1,NPCI UPI Ecosystem Statistics via https://github.com/luckisalive/npci_upi_analytics@5c007daef0b69f30dd8e555c548ba6f3bd85c43f
2025,10,2025-10-01,Google Pay,7164.43,954048.01,0.0,0.0,0.0,0.0,7164.43,954048.01,NPCI UPI Ecosystem Statistics via https://github.com/luckisalive/npci_upi_analytics@5c007daef0b69f30dd8e555c548ba6f3bd85c43f
2025,10,2025-10-01,Groww,15.87,12555.52,0.0,0.0,0.0,0.0,15.87,12555.52,NPCI UPI Ecosystem Statistics via https://github.com/luckisalive/npci_upi_analytics@5c007daef0b69f30dd8e555c548ba6f3bd85c43f
2025,10,2025-10-01,HDFC Bank Apps,34.58,11910.56,45.78,6712.15,0.01,0.99,80.37,18623.69,NPCI UPI Ecosystem Statistics via https://github.com/luckisalive/npci_upi_analytics@5c007daef0b69f30dd8e555c548ba6f3bd85c43f
2025,10,2025-10-01,HSBC Bank Apps,0.92,166.98,0.58,3.0,0.0,0.27,1.5,170.25,NPCI UPI Ecosystem Statistics via https://github.com/luckisalive/npci_upi_analytics@5c007daef0b69f30dd8e555c548ba6f3bd85c43f
2025,10,2025-10-01,ICICI Bank Apps,23.03,7137.83,47.72,8686.08,2.45,2290.93,73.2,18114.84,NPCI UPI Ecosystem Statistics via https://github.com/luckisalive/npci_upi_analytics@5c007daef0b69f30dd8e555c548ba6f3bd85c43f
2025,10,2025-10-01,IDBI Bank Apps,0.17,75.41,0.0,0.0,0.0,0.0,0.17,75.41,NPCI UPI Ecosystem Statistics via https://github.com/luckisalive/npci_upi_analytics@5c007daef0b69f30dd8e555c548ba6f3bd85c43f
2025,10,2025-10-01,IDFC Bank Apps,13.35,2977.47,0.37,64.05,0.02,0.21,13.74,3041.73,NPCI UPI Ecosystem Statistics via https://github.com/luckisalive/npci_upi_analytics@5c007daef0b69f30dd8e555c548ba6f3bd85c43f
2025,10,2025-10-01,Ind Money,2.98,1121.61,0.0,0.0,0.0,0.0,2.98,1121.61,NPCI UPI Ecosystem Statistics via https://github.com/luckisalive/npci_upi_analytics@5c007daef0b69f30dd8e555c548ba6f3bd85c43f
2025,10,2025-10-01,India Post Payments Bank Apps,17.97,1879.52,0.0,0.0,0.0,0.0,17.97,1879.52,NPCI UPI Ecosystem Statistics via https://github.com/luckisalive/npci_upi_analytics@5c007daef0b69f30dd8e555c548ba6f3bd85c43f
2025,10,2025-10-01,Indian Bank Apps,1.38,342.06,0.0,0.0,0.1,106.4,1.49,448.46,NPCI UPI Ecosystem Statistics via https://github.com/luckisalive/npci_upi_analytics@5c007daef0b69f30dd8e555c548ba6f3bd85c43f
2025,10,2025-10-01,Indian Overseas Bank Apps,0.21,59.47,0.0,0.0,0.0,0.0,0.21,59.47,NPCI UPI Ecosystem Statistics via https://github.com/luckisalive/npci_upi_analytics@5c007daef0b69f30dd8e555c548ba6f3bd85c43f
2025,10,2025-10-01,IndusInd Bank Apps,0.53,141.01,1.06,83.24,0.0,0.0,1.58,224.25,NPCI UPI Ecosystem Statistics via https://github.com/luckisalive/npci_upi_analytics@5c007daef0b69f30dd8e555c548ba6f3bd85c43f
2025,10,2025-10-01,Jammu and Kashmir Bank Apps,2.66,419.17,0.0,0.0,0.0,0.0,2.66,419.17,NPCI UPI Ecosystem Statistics via https://github.com/luckisalive/npci_upi_analytics@5c007daef0b69f30dd8e555c548ba6f3bd85c43f
2025,10,2025-10-01,Jar,0.46,10.67,0.0,0.0,0.0,0.0,0.46,10.67,NPCI UPI Ecosystem Statistics via https://github.com/luckisalive/npci_upi_analytics@5c007daef0b69f30dd8e555c548ba6f3bd85c43f
2025,10,2025-10-01,Jio Payments Bank Apps,5.68,417.41,0.0,0.0,0.0,0.0,5.68,417.41,NPCI UPI Ecosystem Statistics via https://github.com/luckisalive/npci_upi_analytics@5c007daef0b69f30dd8e555c548ba6f3bd85c43f
2025,10,2025-10-01,Jupiter Money,6.06,991.43,0.0,0.0,0.0,0.0,6.06,991.43,NPCI UPI Ecosystem Statistics via https://github.com/luckisalive/npci_upi_analytics@5c007daef0b69f30dd8e555c548ba6f3bd85c43f
2025,10,2025-10-01,Karnataka Bank Apps,0.26,62.54,0.0,0.0,0.0,0.01,0.26,62.55,NPCI UPI Ecosystem Statistics via https://github.com/luckisalive/npci_upi_analytics@5c007daef0b69f30dd8e555c548ba6f3bd85c43f
2025,10,2025-10-01,Karur Vysya Bank Apps,0.12,44.87,0.0,0.0,0.0,0.0,0.12,44.87,NPCI UPI Ecosystem Statistics via https://github.com/luckisalive/npci_upi_analytics@5c007daef0b69f30dd8e555c548ba6f3bd85c43f
2025,10,2025-10-01,Kiwi,2.92,403.52,0.0,0.0,0.0,0.0,2.92,403.52,NPCI UPI Ecosystem Statistics via https://github.com/luckisalive/npci_upi_analytics@5c007daef0b69f30dd8e555c548ba6f3bd85c43f
2025,10,2025-10-01,Kotak Mahindra Bank Apps,85.14,10842.53,0.0,0.44,0.0,0.0,85.14,10842.97,NPCI UPI Ecosystem Statistics via https://github.com/luckisalive/npci_upi_analytics@5c007daef0b69f30dd8e555c548ba6f3bd85c43f
2025,10,2025-10-01,Kredit Pe,0.63,56.41,0.0,0.0,0.0,0.0,0.63,56.41,NPCI UPI Ecosystem Statistics via https://github.com/luckisalive/npci_upi_analytics@5c007daef0b69f30dd8e555c548ba6f3bd85c43f
2025,10,2025-10-01,KreditBee,0.5,13.9,0.0,0.0,0.0,0.0,0.5,13.9,NPCI UPI Ecosystem Statistics via https://github.com/luckisalive/npci_upi_analytics@5c007daef0b69f30dd8e555c548ba6f3bd85c43f
2025,10,2025-10-01,Mobikwik,52.39,6500.58,0.0,0.0,0.0,0.0,52.39,6500.58,NPCI UPI Ecosystem Statistics via https://github.com/luckisalive/npci_upi_analytics@5c007daef0b69f30dd8e555c548ba6f3bd85c43f
2025,10,2025-10-01,Money View,1.38,105.13,0.0,0.0,0.0,0.0,1.38,105.13,NPCI UPI Ecosystem Statistics via https://github.com/luckisalive/npci_upi_analytics@5c007daef0b69f30dd8e555c548ba6f3bd85c43f
2025,10,2025-10-01,NSDL Payments Bank Apps,0.12,12.18,3.22,348.4,0.13,7.81,3.47,368.39,NPCI UPI Ecosystem Statistics via https://github.com/luckisalive/npci_upi_analytics@5c007daef0b69f30dd8e555c548ba6f3bd85c43f
2025,10,2025-10-01,Navi,573.79,30599.37,0.0,0.0,0.0,0.0,573.79,30599.37,NPCI UPI Ecosystem Statistics via https://github.com/luckisalive/npci_upi_analytics@5c007daef0b69f30dd8e555c548ba6f3bd85c43f
2025,10,2025-10-01,Obopay,0.14,21.43,0.0,0.0,0.0,0.0,0.14,21.43,NPCI UPI Ecosystem Statistics via https://github.com/luckisalive/npci_upi_analytics@5c007daef0b69f30dd8e555c548ba6f3bd85c43f
2025,10,2025-10-01,Omni Card,1.92,128.78,0.0,0.0,0.0,0.0,1.92,128.78,NPCI UPI Ecosystem Statistics via https://github.com/luckisalive/npci_upi_analytics@5c007daef0b69f30dd8e555c548ba6f3bd85c43f
2025,10,2025-10-01,One Card,0.73,904.13,0.0,0.0,0.0,0.0,0.73,904.13,NPCI UPI Ecosystem Statistics via https://github.com/luckisalive/npci_upi_analytics@5c007daef0b69f30dd8e555c548ba6f3bd85c43f
2025,10,2025-10-01,Other,2.26,227.57,0.0,0.12,0.18,6.71,2.44,234.4,NPCI UPI Ecosystem Statistics via https://github.com/luckisalive/npci_upi_analytics@5c007daef0b69f30dd8e555c548ba6f3bd85c43f
2025,10,2025-10-01,POP UPI,38.92,1700.27,0.0,0.0,0.0,0.0,38.92,1700.27,NPCI UPI Ecosystem Statistics via https://github.com/luckisalive/npci_upi_analytics@5c007daef0b69f30dd8e555c548ba6f3bd85c43f
2025,10,2025-10-01,Paytm,1498.54,166629.1,0.0,0.0,0.0,0.0,1498.54,166629.1,NPCI UPI Ecosystem Statistics via https://github.com/luckisalive/npci_upi_analytics@5c007daef0b69f30dd8e555c548ba6f3bd85c43f
2025,10,2025-10-01,Payworld,0.07,5.97,0.0,0.0,0.0,0.0,0.07,5.97,NPCI UPI Ecosystem Statistics via https://github.com/luckisalive/npci_upi_analytics@5c007daef0b69f30dd8e555c548ba6f3bd85c43f
2025,10,2025-10-01,PhonePe,9410.55,1306265.2,0.0,0.0,0.0,0.0,9410.55,1306265.2,NPCI UPI Ecosystem Statistics via https://github.com/luckisalive/npci_upi_analytics@5c007daef0b69f30dd8e555c548ba6f3bd85c43f
2025,10,2025-10-01,Punjab National Bank Apps,4.15,1110.15,0.0,0.0,0.0,0.0,4.15,1110.15,NPCI UPI Ecosystem Statistics via https://github.com/luckisalive/npci_upi_analytics@5c007daef0b69f30dd8e555c548ba6f3bd85c43f
2025,10,2025-10-01,Punjab Sind Bank Apps,0.04,14.19,0.0,0.0,0.0,0.0,0.04,14.19,NPCI UPI Ecosystem Statistics via https://github.com/luckisalive/npci_upi_analytics@5c007daef0b69f30dd8e555c548ba6f3bd85c43f
2025,10,2025-10-01,RBL Bank Apps,0.56,228.48,6.19,1717.37,0.18,37.41,6.92,1983.26,NPCI UPI Ecosystem Statistics via https://github.com/luckisalive/npci_upi_analytics@5c007daef0b69f30dd8e555c548ba6f3bd85c43f
2025,10,2025-10-01,Rapipay,0.26,27.54,0.0,0.0,0.0,0.0,0.26,27.54,NPCI UPI Ecosystem Statistics via https://github.com/luckisalive/npci_upi_analytics@5c007daef0b69f30dd8e555c548ba6f3bd85c43f
2025,10,2025-10-01,Salary Se,0.48,24.33,0.0,0.0,0.0,0.0,0.48,24.33,NPCI UPI Ecosystem Statistics via https://github.com/luckisalive/npci_upi_analytics@5c007daef0b69f30dd8e555c548ba6f3bd85c43f
2025,10,2025-10-01,Samsung Pay,10.47,758.79,0.0,0.0,0.0,0.0,10.47,758.79,NPCI UPI Ecosystem Statistics via https://github.com/luckisalive/npci_upi_analytics@5c007daef0b69f30dd8e555c548ba6f3bd85c43f
2025,10,2025-10-01,Shri Ram One,1.43,121.39,0.0,0.0,0.0,0.0,1.43,121.39,NPCI UPI Ecosystem Statistics via https://github.com/luckisalive/npci_upi_analytics@5c007daef0b69f30dd8e555c548ba6f3bd85c43f
2025,10,2025-10-01,Slice Small Finance Bank Apps,23.76,2519.29,1.34,635.84,0.0,0.02,25.1,3155.16,NPCI UPI Ecosystem Statistics via https://github.com/luckisalive/npci_upi_analytics@5c007daef0b69f30dd8e555c548ba6f3bd85c43f
2025,10,2025-10-01,South Indian Bank Apps,0.87,259.65,0.0,0.01,0.0,0.0,0.87,259.65,NPCI UPI Ecosystem Statistics via https://github.com/luckisalive/npci_upi_analytics@5c007daef0b69f30dd8e555c548ba6f3bd85c43f
2025,10,2025-10-01,Spice Money,0.33,31.47,0.0,0.0,0.0,0.0,0.33,31.47,NPCI UPI Ecosystem Statistics via https://github.com/luckisalive/npci_upi_analytics@5c007daef0b69f30dd8e555c548ba6f3bd85c43f
2025,10,2025-10-01,Standard Chartered Bank Apps,0.14,109.77,0.15,10.4,0.0,0.16,0.29,120.33,NPCI UPI Ecosystem Statistics via https://github.com/luckisalive/npci_upi_analytics@5c007daef0b69f30dd8e555c548ba6f3bd85c43f
2025,10,2025-10-01,State Bank of India Apps,12.9,4041.63,0.0,0.01,0.0,0.0,12.9,4041.65,NPCI UPI Ecosystem Statistics via https://github.com/luckisalive/npci_upi_analytics@5c007daef0b69f30dd8e555c548ba6f3bd85c43f
2025,10,2025-10-01,Suryoday Bank Apps,,,2.29,13.31,0.01,1.02,2.3,14.34,NPCI UPI Ecosystem Statistics via https://github.com/luckisalive/npci_upi_analytics@5c007daef0b69f30dd8e555c548ba6f3bd85c43f
2025,10,2025-10-01,Tamilnad Mercantile Bank Apps,0.1,35.99,0.0,0.0,0.0,0.0,0.1,35.99,NPCI UPI Ecosystem Statistics via https://github.com/luckisalive/npci_upi_analytics@5c007daef0b69f30dd8e555c548ba6f3bd85c43f
2025,10,2025-10-01,Tata Pay,0.5,167.09,0.0,0.0,0.0,0.0,0.5,167.09,NPCI UPI Ecosystem Statistics via https://github.com/luckisalive/npci_upi_analytics@5c007daef0b69f30dd8e555c548ba6f3bd85c43f
2025,10,2025-10-01,Timepay,1.94,38.42,0.0,0.0,0.0,0.0,1.94,38.42,NPCI UPI Ecosystem Statistics via https://github.com/luckisalive/npci_upi_analytics@5c007daef0b69f30dd8e555c548ba6f3bd85c43f
2025,10,2025-10-01,True Balance,0.15,5.04,0.0,0.0,0.0,0.0,0.15,5.04,NPCI UPI Ecosystem Statistics via https://github.com/luckisalive/npci_upi_analytics@5c007daef0b69f30dd8e555c548ba6f3bd85c43f
2025,10,2025-10-01,TwidPay,0.1,10.9,0.0,0.0,0.0,0.0,0.1,10.9,NPCI UPI Ecosystem Statistics via https://github.com/luckisalive/npci_upi_analytics@5c007daef0b69f30dd8e555c548ba6f3bd85c43f
2025,10,2025-10-01,UCO Bank Apps,0.59,161.03,0.0,0.0,0.0,0.0,0.59,161.03,NPCI UPI Ecosystem Statistics via https://github.com/luckisalive/npci_upi_analytics@5c007daef0b69f30dd8e555c548ba6f3bd85c43f
2025,10,2025-10-01,Ultracash,0.09,6.99,0.0,0.0,0.0,0.0,0.09,6.99,NPCI UPI Ecosystem Statistics via https://github.com/luckisalive/npci_upi_analytics@5c007daef0b69f30dd8e555c548ba6f3bd85c43f
2025,10,2025-10-01,Union Bank Apps,0.73,225.05,0.0,0.0,0.0,0.0,0.73,225.05,NPCI UPI Ecosystem Statistics via https://github.com/luckisalive/npci_upi_analytics@5c007daef0b69f30dd8e555c548ba6f3bd85c43f
2025,10,2025-10-01,Unity Small Finance Bank Apps,0.08,25.74,0.0,0.0,0.0,0.0,0.08,25.74,NPCI UPI Ecosystem Statistics via https://github.com/luckisalive/npci_upi_analytics@5c007daef0b69f30dd8e555c548ba6f3bd85c43f
2025,10,2025-10-01,Utkarsh Small Finance Bank Apps,0.02,5.64,0.0,0.0,0.0,0.0,0.02,5.64,NPCI UPI Ecosystem Statistics via https://github.com/luckisalive/npci_upi_analytics@5c007daef0b69f30dd8e555c548ba6f3bd85c43f
2025,10,2025-10-01,Whatsapp,84.35,6512.78,0.0,0.0,0.0,0.0,84.35,6512.78,NPCI UPI Ecosystem Statistics via https://github.com/luckisalive/npci_upi_analytics@5c007daef0b69f30dd8e555c548ba6f3bd85c43f
2025,10,2025-10-01,Yes Bank Apps,3.57,2992.99,50.82,4478.84,0.43,23.86,54.81,7495.68,NPCI UPI Ecosystem Statistics via https://github.com/luckisalive/npci_upi_analytics@5c007daef0b69f30dd8e555c548ba6f3bd85c43f
2025,10,2025-10-01,super.money,264.77,10962.09,0.0,0.0,0.0,0.0,264.77,10962.09,NPCI UPI Ecosystem Statistics via https://github.com/luckisalive/npci_upi_analytics@5c007daef0b69f30dd8e555c548ba6f3bd85c43f
2025,11,2025-11-01,AU Small Finance Bank Apps,0.73,240.02,0.0,1.66,0.0,0.0,0.73,241.68,NPCI UPI Ecosystem Statistics via https://github.com/luckisalive/npci_upi_analytics@5c007daef0b69f30dd8e555c548ba6f3bd85c43f
2025,11,2025-11-01,Aditya Birla Capital Digital,1.11,24.14,0.0,0.0,0.0,0.0,1.11,24.14,NPCI UPI Ecosystem Statistics via https://github.com/luckisalive/npci_upi_analytics@5c007daef0b69f30dd8e555c548ba6f3bd85c43f
2025,11,2025-11-01,Airtel Payments Bank Apps,15.08,1202.76,0.65,61.1,0.0,0.0,15.73,1263.86,NPCI UPI Ecosystem Statistics via https://github.com/luckisalive/npci_upi_analytics@5c007daef0b69f30dd8e555c548ba6f3bd85c43f
2025,11,2025-11-01,Amazon Pay,86.58,9909.89,0.0,0.0,0.0,0.0,86.58,9909.89,NPCI UPI Ecosystem Statistics via https://github.com/luckisalive/npci_upi_analytics@5c007daef0b69f30dd8e555c548ba6f3bd85c43f
2025,11,2025-11-01,Axis Bank Apps,30.7,5053.53,102.87,10450.25,0.06,12.18,133.63,15515.97,NPCI UPI Ecosystem Statistics via https://github.com/luckisalive/npci_upi_analytics@5c007daef0b69f30dd8e555c548ba6f3bd85c43f
2025,11,2025-11-01,BHIM,139.11,18280.83,0.0,0.0,0.0,0.0,139.11,18280.83,NPCI UPI Ecosystem Statistics via https://github.com/luckisalive/npci_upi_analytics@5c007daef0b69f30dd8e555c548ba6f3bd85c43f
2025,11,2025-11-01,Bajaj Finserv,12.87,2750.64,0.0,0.0,0.0,0.0,12.87,2750.64,NPCI UPI Ecosystem Statistics via https://github.com/luckisalive/npci_upi_analytics@5c007daef0b69f30dd8e555c548ba6f3bd85c43f
2025,11,2025-11-01,Bank of Baroda Apps,2.74,649.77,0.0,0.0,0.0,3.75,2.74,653.52,NPCI UPI Ecosystem Statistics via https://github.com/luckisalive/npci_upi_analytics@5c007daef0b69f30dd8e555c548ba6f3bd85c43f
2025,11,2025-11-01,Bank of India Apps,0.34,108.52,0.0,0.0,0.0,0.0,0.34,108.52,NPCI UPI Ecosystem Statistics via https://github.com/luckisalive/npci_upi_analytics@5c007daef0b69f30dd8e555c548ba6f3bd85c43f
2025,11,2025-11-01,Bank of Maharashtra Apps,0.04,10.83,0.0,0.0,0.0,0.11,0.04,10.94,NPCI UPI Ecosystem Statistics via https://github.com/luckisalive/npci_upi_analytics@5c007daef0b69f30dd8e555c548ba6f3bd85c43f
2025,11,2025-11-01,Bharat Pe,2.28,177.52,0.0,0.0,0.0,0.0,2.28,177.52,NPCI UPI Ecosystem Statistics via https://github.com/luckisalive/npci_upi_analytics@5c007daef0b69f30dd8e555c548ba6f3bd85c43f
2025,11,2025-11-01,Canara Bank Apps,4.35,1074.18,0.0,0.0,0.0,0.0,4.35,1074.18,NPCI UPI Ecosystem Statistics via https://github.com/luckisalive/npci_upi_analytics@5c007daef0b69f30dd8e555c548ba6f3bd85c43f
2025,11,2025-11-01,Central Bank of India Apps,0.42,126.34,0.0,0.0,0.0,0.0,0.42,126.34,NPCI UPI Ecosystem Statistics via https://github.com/luckisalive/npci_upi_analytics@5c007daef0b69f30dd8e555c548ba6f3bd85c43f
2025,11,2025-11-01,Cheq,0.02,2.44,0.0,0.0,0.0,0.0,0.02,2.44,NPCI UPI Ecosystem Statistics via https://github.com/luckisalive/npci_upi_analytics@5c007daef0b69f30dd8e555c548ba6f3bd85c43f
2025,11,2025-11-01,City Union Bank Apps,0.07,29.85,0.0,0.0,0.0,0.0,0.07,29.85,NPCI UPI Ecosystem Statistics via https://github.com/luckisalive/npci_upi_analytics@5c007daef0b69f30dd8e555c548ba6f3bd85c43f
2025,11,2025-11-01,Cred,153.54,59261.16,0.0,0.0,0.0,0.0,153.54,59261.16,NPCI UPI Ecosystem Statistics via https://github.com/luckisalive/npci_upi_analytics@5c007daef0b69f30dd8e555c548ba6f3bd85c43f
2025,11,2025-11-01,Curie Money,0.04,3.25,0.0,0.0,0.0,0.0,0.04,3.25,NPCI UPI Ecosystem Statistics via https://github.com/luckisalive/npci_upi_analytics@5c007daef0b69f30dd8e555c548ba6f3bd85c43f
2025,11,2025-11-01,DBS Digibank Apps,0.52,172.45,0.06,30.12,0.0,0.45,0.58,203.03,NPCI UPI Ecosystem Statistics via https://github.com/luckisalive/npci_upi_analytics@5c007daef0b69f30dd8e555c548ba6f3bd85c43f
2025,11,2025-11-01,Deutsche Bank Apps,0.03,34.78,4.35,723.43,0.0,2.54,4.39,760.75,NPCI UPI Ecosystem Statistics via https://github.com/luckisalive/npci_upi_analytics@5c007daef0b69f30dd8e555c548ba6f3bd85c43f
2025,11,2025-11-01,Dhani,0.21,9.42,0.0,0.0,0.0,0.0,0.21,9.42,NPCI UPI Ecosystem Statistics via https://github.com/luckisalive/npci_upi_analytics@5c007daef0b69f30dd8e555c548ba6f3bd85c43f
2025,11,2025-11-01,Digikhata,1.16,412.73,0.0,0.0,0.0,0.0,1.16,412.73,NPCI UPI Ecosystem Statistics via https://github.com/luckisalive/npci_upi_analytics@5c007daef0b69f30dd8e555c548ba6f3bd85c43f
2025,11,2025-11-01,ESAF Small Finance Bank Apps,1.19,127.39,0.0,0.0,0.0,0.0,1.19,127.39,NPCI UPI Ecosystem Statistics via https://github.com/luckisalive/npci_upi_analytics@5c007daef0b69f30dd8e555c548ba6f3bd85c43f
2025,11,2025-11-01,Equitas Small Finance Bank Apps,0.03,10.2,0.0,0.0,0.0,0.0,0.03,10.2,NPCI UPI Ecosystem Statistics via https://github.com/luckisalive/npci_upi_analytics@5c007daef0b69f30dd8e555c548ba6f3bd85c43f
2025,11,2025-11-01,FamApp by Trio,149.79,1867.72,0.0,0.0,0.0,0.0,149.79,1867.72,NPCI UPI Ecosystem Statistics via https://github.com/luckisalive/npci_upi_analytics@5c007daef0b69f30dd8e555c548ba6f3bd85c43f
2025,11,2025-11-01,Federal Bank App,6.37,1576.12,0.0,5.45,0.0,0.0,6.38,1581.57,NPCI UPI Ecosystem Statistics via https://github.com/luckisalive/npci_upi_analytics@5c007daef0b69f30dd8e555c548ba6f3bd85c43f
2025,11,2025-11-01,Fi Money,2.58,375.77,0.0,0.0,0.0,0.0,2.58,375.77,NPCI UPI Ecosystem Statistics via https://github.com/luckisalive/npci_upi_analytics@5c007daef0b69f30dd8e555c548ba6f3bd85c43f
2025,11,2025-11-01,Fino Payments Bank Apps,0.96,83.45,0.0,0.0,0.0,0.0,0.96,83.45,NPCI UPI Ecosystem Statistics via https://github.com/luckisalive/npci_upi_analytics@5c007daef0b69f30dd8e555c548ba6f3bd85c43f
2025,11,2025-11-01,Flipkart UPI,2.66,146.29,0.0,0.0,0.0,0.0,2.66,146.29,NPCI UPI Ecosystem Statistics via https://github.com/luckisalive/npci_upi_analytics@5c007daef0b69f30dd8e555c548ba6f3bd85c43f
2025,11,2025-11-01,Freo,0.03,1.84,0.0,0.0,0.0,0.0,0.03,1.84,NPCI UPI Ecosystem Statistics via https://github.com/luckisalive/npci_upi_analytics@5c007daef0b69f30dd8e555c548ba6f3bd85c43f
2025,11,2025-11-01,Google Pay,7020.94,905445.37,0.0,0.0,0.0,0.0,7020.94,905445.37,NPCI UPI Ecosystem Statistics via https://github.com/luckisalive/npci_upi_analytics@5c007daef0b69f30dd8e555c548ba6f3bd85c43f
2025,11,2025-11-01,Groww,14.28,9763.15,0.0,0.0,0.0,0.0,14.28,9763.15,NPCI UPI Ecosystem Statistics via https://github.com/luckisalive/npci_upi_analytics@5c007daef0b69f30dd8e555c548ba6f3bd85c43f
2025,11,2025-11-01,HDFC Bank Apps,32.78,10671.41,40.78,6123.52,0.01,0.86,73.57,16795.79,NPCI UPI Ecosystem Statistics via https://github.com/luckisalive/npci_upi_analytics@5c007daef0b69f30dd8e555c548ba6f3bd85c43f
2025,11,2025-11-01,HSBC Bank Apps,0.84,155.18,0.41,2.78,0.0,0.16,1.26,158.12,NPCI UPI Ecosystem Statistics via https://github.com/luckisalive/npci_upi_analytics@5c007daef0b69f30dd8e555c548ba6f3bd85c43f
2025,11,2025-11-01,ICICI Bank Apps,22.35,6431.84,41.01,8583.95,2.37,2141.13,65.74,17156.92,NPCI UPI Ecosystem Statistics via https://github.com/luckisalive/npci_upi_analytics@5c007daef0b69f30dd8e555c548ba6f3bd85c43f
2025,11,2025-11-01,IDBI Bank Apps,0.16,71.99,0.0,0.0,0.0,0.0,0.16,71.99,NPCI UPI Ecosystem Statistics via https://github.com/luckisalive/npci_upi_analytics@5c007daef0b69f30dd8e555c548ba6f3bd85c43f
2025,11,2025-11-01,IDFC Bank Apps,13.22,2886.78,2.15,68.42,0.02,0.19,15.38,2955.39,NPCI UPI Ecosystem Statistics via https://github.com/luckisalive/npci_upi_analytics@5c007daef0b69f30dd8e555c548ba6f3bd85c43f
2025,11,2025-11-01,Ind Money,3.02,994.89,0.0,0.0,0.0,0.0,3.02,994.89,NPCI UPI Ecosystem Statistics via https://github.com/luckisalive/npci_upi_analytics@5c007daef0b69f30dd8e555c548ba6f3bd85c43f
2025,11,2025-11-01,India Post Payments Bank Apps,19.17,1912.88,0.0,0.0,0.0,0.0,19.17,1912.89,NPCI UPI Ecosystem Statistics via https://github.com/luckisalive/npci_upi_analytics@5c007daef0b69f30dd8e555c548ba6f3bd85c43f
2025,11,2025-11-01,Indian Bank Apps,1.42,323.95,0.0,0.0,0.1,98.7,1.52,422.65,NPCI UPI Ecosystem Statistics via https://github.com/luckisalive/npci_upi_analytics@5c007daef0b69f30dd8e555c548ba6f3bd85c43f
2025,11,2025-11-01,Indian Overseas Bank Apps,0.2,53.88,0.0,0.0,0.0,0.0,0.2,53.88,NPCI UPI Ecosystem Statistics via https://github.com/luckisalive/npci_upi_analytics@5c007daef0b69f30dd8e555c548ba6f3bd85c43f
2025,11,2025-11-01,IndusInd Bank Apps,0.52,131.55,0.87,80.73,0.0,0.0,1.39,212.28,NPCI UPI Ecosystem Statistics via https://github.com/luckisalive/npci_upi_analytics@5c007daef0b69f30dd8e555c548ba6f3bd85c43f
2025,11,2025-11-01,Jammu and Kashmir Bank Apps,2.42,378.25,0.0,0.0,0.0,0.0,2.42,378.25,NPCI UPI Ecosystem Statistics via https://github.com/luckisalive/npci_upi_analytics@5c007daef0b69f30dd8e555c548ba6f3bd85c43f
2025,11,2025-11-01,Jar,0.33,8.42,0.0,0.0,0.0,0.0,0.33,8.42,NPCI UPI Ecosystem Statistics via https://github.com/luckisalive/npci_upi_analytics@5c007daef0b69f30dd8e555c548ba6f3bd85c43f
2025,11,2025-11-01,Jio Payments Bank Apps,5.92,418.34,0.0,0.0,0.0,0.0,5.92,418.34,NPCI UPI Ecosystem Statistics via https://github.com/luckisalive/npci_upi_analytics@5c007daef0b69f30dd8e555c548ba6f3bd85c43f
2025,11,2025-11-01,Jupiter Money,6.04,935.1,0.0,0.0,0.0,0.0,6.04,935.1,NPCI UPI Ecosystem Statistics via https://github.com/luckisalive/npci_upi_analytics@5c007daef0b69f30dd8e555c548ba6f3bd85c43f
2025,11,2025-11-01,Karnataka Bank Apps,0.27,63.01,0.0,0.0,0.0,0.01,0.27,63.02,NPCI UPI Ecosystem Statistics via https://github.com/luckisalive/npci_upi_analytics@5c007daef0b69f30dd8e555c548ba6f3bd85c43f
2025,11,2025-11-01,Karur Vysya Bank Apps,0.12,43.7,0.0,0.0,0.0,0.0,0.12,43.7,NPCI UPI Ecosystem Statistics via https://github.com/luckisalive/npci_upi_analytics@5c007daef0b69f30dd8e555c548ba6f3bd85c43f
2025,11,2025-11-01,Kiwi,3.08,404.62,0.0,0.0,0.0,0.0,3.08,404.62,NPCI UPI Ecosystem Statistics via https://github.com/luckisalive/npci_upi_analytics@5c007daef0b69f30dd8e555c548ba6f3bd85c43f
2025,11,2025-11-01,Kotak Mahindra Bank Apps,86.37,10392.95,0.01,0.5,0.0,0.0,86.37,10393.45,NPCI UPI Ecosystem Statistics via https://github.com/luckisalive/npci_upi_analytics@5c007daef0b69f30dd8e555c548ba6f3bd85c43f
2025,11,2025-11-01,Kredit Pe,0.6,53.81,0.0,0.0,0.0,0.0,0.6,53.81,NPCI UPI Ecosystem Statistics via https://github.com/luckisalive/npci_upi_analytics@5c007daef0b69f30dd8e555c548ba6f3bd85c43f
2025,11,2025-11-01,KreditBee,1.06,37.32,0.0,0.0,0.0,0.0,1.06,37.32,NPCI UPI Ecosystem Statistics via https://github.com/luckisalive/npci_upi_analytics@5c007daef0b69f30dd8e555c548ba6f3bd85c43f
2025,11,2025-11-01,LXME,0.02,1.65,0.0,0.0,0.0,0.0,0.02,1.65,NPCI UPI Ecosystem Statistics via https://github.com/luckisalive/npci_upi_analytics@5c007daef0b69f30dd8e555c548ba6f3bd85c43f
2025,11,2025-11-01,Mobikwik,56.52,6916.48,0.0,0.0,0.0,0.0,56.52,6916.48,NPCI UPI Ecosystem Statistics via https://github.com/luckisalive/npci_upi_analytics@5c007daef0b69f30dd8e555c548ba6f3bd85c43f
2025,11,2025-11-01,Money View,1.41,98.11,0.0,0.0,0.0,0.0,1.41,98.11,NPCI UPI Ecosystem Statistics via https://github.com/luckisalive/npci_upi_analytics@5c007daef0b69f30dd8e555c548ba6f3bd85c43f
2025,11,2025-11-01,NSDL Payments Bank Apps,0.14,13.01,3.22,299.76,0.12,6.79,3.48,319.56,NPCI UPI Ecosystem Statistics via https://github.com/luckisalive/npci_upi_analytics@5c007daef0b69f30dd8e555c548ba6f3bd85c43f
2025,11,2025-11-01,Navi,606.61,32180.8,0.0,0.0,0.0,0.0,606.61,32180.8,NPCI UPI Ecosystem Statistics via https://github.com/luckisalive/npci_upi_analytics@5c007daef0b69f30dd8e555c548ba6f3bd85c43f
2025,11,2025-11-01,Obopay,0.15,23.14,0.0,0.0,0.0,0.0,0.15,23.14,NPCI UPI Ecosystem Statistics via https://github.com/luckisalive/npci_upi_analytics@5c007daef0b69f30dd8e555c548ba6f3bd85c43f
2025,11,2025-11-01,Omni Card,1.9,129.21,0.0,0.0,0.0,0.0,1.9,129.21,NPCI UPI Ecosystem Statistics via https://github.com/luckisalive/npci_upi_analytics@5c007daef0b69f30dd8e555c548ba6f3bd85c43f
2025,11,2025-11-01,One Card,0.63,793.04,0.0,0.0,0.0,0.0,0.63,793.04,NPCI UPI Ecosystem Statistics via https://github.com/luckisalive/npci_upi_analytics@5c007daef0b69f30dd8e555c548ba6f3bd85c43f
2025,11,2025-11-01,Other,2.37,238.45,0.0,0.0,0.17,6.29,2.54,244.75,NPCI UPI Ecosystem Statistics via https://github.com/luckisalive/npci_upi_analytics@5c007daef0b69f30dd8e555c548ba6f3bd85c43f
2025,11,2025-11-01,Oxymoney,0.0,0.0,0.16,10.58,0.0,0.0,0.16,10.58,NPCI UPI Ecosystem Statistics via https://github.com/luckisalive/npci_upi_analytics@5c007daef0b69f30dd8e555c548ba6f3bd85c43f
2025,11,2025-11-01,POP UPI,14.58,834.96,0.0,0.0,0.0,0.0,14.58,834.96,NPCI UPI Ecosystem Statistics via https://github.com/luckisalive/npci_upi_analytics@5c007daef0b69f30dd8e555c548ba6f3bd85c43f
2025,11,2025-11-01,Paytm,1518.95,163210.19,0.0,0.0,0.0,0.0,1518.95,163210.19,NPCI UPI Ecosystem Statistics via https://github.com/luckisalive/npci_upi_analytics@5c007daef0b69f30dd8e555c548ba6f3bd85c43f
2025,11,2025-11-01,Payworld,0.08,7.81,0.0,0.0,0.0,0.0,0.08,7.81,NPCI UPI Ecosystem Statistics via https://github.com/luckisalive/npci_upi_analytics@5c007daef0b69f30dd8e555c548ba6f3bd85c43f
2025,11,2025-11-01,PhonePe,9322.29,1274723.47,0.0,0.0,0.0,0.0,9322.29,1274723.47,NPCI UPI Ecosystem Statistics via https://github.com/luckisalive/npci_upi_analytics@5c007daef0b69f30dd8e555c548ba6f3bd85c43f
2025,11,2025-11-01,Punjab National Bank Apps,4.03,1040.95,0.0,0.0,0.0,0.0,4.03,1040.95,NPCI UPI Ecosystem Statistics via https://github.com/luckisalive/npci_upi_analytics@5c007daef0b69f30dd8e555c548ba6f3bd85c43f
2025,11,2025-11-01,Punjab Sind Bank Apps,0.03,11.81,0.0,0.0,0.0,0.0,0.03,11.81,NPCI UPI Ecosystem Statistics via https://github.com/luckisalive/npci_upi_analytics@5c007daef0b69f30dd8e555c548ba6f3bd85c43f
2025,11,2025-11-01,RBL Bank Apps,0.52,202.34,6.13,1985.96,0.25,40.2,6.9,2228.5,NPCI UPI Ecosystem Statistics via https://github.com/luckisalive/npci_upi_analytics@5c007daef0b69f30dd8e555c548ba6f3bd85c43f
2025,11,2025-11-01,Rapipay,0.3,29.39,0.0,0.0,0.0,0.0,0.3,29.39,NPCI UPI Ecosystem Statistics via https://github.com/luckisalive/npci_upi_analytics@5c007daef0b69f30dd8e555c548ba6f3bd85c43f
2025,11,2025-11-01,Salary Se,0.48,23.87,0.0,0.0,0.0,0.0,0.48,23.87,NPCI UPI Ecosystem Statistics via https://github.com/luckisalive/npci_upi_analytics@5c007daef0b69f30dd8e555c548ba6f3bd85c43f
2025,11,2025-11-01,Samsung Pay,11.21,716.66,0.0,0.0,0.0,0.0,11.21,716.66,NPCI UPI Ecosystem Statistics via https://github.com/luckisalive/npci_upi_analytics@5c007daef0b69f30dd8e555c548ba6f3bd85c43f
2025,11,2025-11-01,Shri Ram One,1.39,108.4,0.0,0.0,0.0,0.0,1.39,108.4,NPCI UPI Ecosystem Statistics via https://github.com/luckisalive/npci_upi_analytics@5c007daef0b69f30dd8e555c548ba6f3bd85c43f
2025,11,2025-11-01,Slice Small Finance Bank Apps,28.27,2774.41,1.05,396.95,0.0,1.56,29.32,3172.92,NPCI UPI Ecosystem Statistics via https://github.com/luckisalive/npci_upi_analytics@5c007daef0b69f30dd8e555c548ba6f3bd85c43f
2025,11,2025-11-01,South Indian Bank Apps,0.84,243.72,0.0,0.01,0.0,0.0,0.84,243.72,NPCI UPI Ecosystem Statistics via https://github.com/luckisalive/npci_upi_analytics@5c007daef0b69f30dd8e555c548ba6f3bd85c43f
2025,11,2025-11-01,Spice Money,0.32,30.58,0.0,0.0,0.0,0.0,0.32,30.58,NPCI UPI Ecosystem Statistics via https://github.com/luckisalive/npci_upi_analytics@5c007daef0b69f30dd8e555c548ba6f3bd85c43f
2025,11,2025-11-01,Standard Chartered Bank Apps,0.13,104.43,0.23,11.87,0.0,0.23,0.36,116.53,NPCI UPI Ecosystem Statistics via https://github.com/luckisalive/npci_upi_analytics@5c007daef0b69f30dd8e555c548ba6f3bd85c43f
2025,11,2025-11-01,State Bank of India Apps,13.17,3838.91,0.0,0.02,0.0,0.0,13.17,3838.92,NPCI UPI Ecosystem Statistics via https://github.com/luckisalive/npci_upi_analytics@5c007daef0b69f30dd8e555c548ba6f3bd85c43f
2025,11,2025-11-01,Suryoday Bank Apps,0.0,0.0,1.88,2.4,0.01,1.15,1.89,3.55,NPCI UPI Ecosystem Statistics via https://github.com/luckisalive/npci_upi_analytics@5c007daef0b69f30dd8e555c548ba6f3bd85c43f
2025,11,2025-11-01,Tamilnad Mercantile Bank Apps,0.1,34.64,0.0,0.0,0.0,0.0,0.1,34.64,NPCI UPI Ecosystem Statistics via https://github.com/luckisalive/npci_upi_analytics@5c007daef0b69f30dd8e555c548ba6f3bd85c43f
2025,11,2025-11-01,Tata Pay,0.42,148.43,0.0,0.0,0.0,0.0,0.42,148.43,NPCI UPI Ecosystem Statistics via https://github.com/luckisalive/npci_upi_analytics@5c007daef0b69f30dd8e555c548ba6f3bd85c43f
2025,11,2025-11-01,Timepay,2.0,39.98,0.0,0.0,0.0,0.0,2.0,39.98,NPCI UPI Ecosystem Statistics via https://github.com/luckisalive/npci_upi_analytics@5c007daef0b69f30dd8e555c548ba6f3bd85c43f
2025,11,2025-11-01,True Balance,0.18,6.09,0.0,0.0,0.0,0.0,0.18,6.09,NPCI UPI Ecosystem Statistics via https://github.com/luckisalive/npci_upi_analytics@5c007daef0b69f30dd8e555c548ba6f3bd85c43f
2025,11,2025-11-01,TwidPay,0.11,12.18,0.0,0.0,0.0,0.0,0.11,12.18,NPCI UPI Ecosystem Statistics via https://github.com/luckisalive/npci_upi_analytics@5c007daef0b69f30dd8e555c548ba6f3bd85c43f
2025,11,2025-11-01,UCO Bank Apps,0.58,154.26,0.0,0.0,0.0,0.0,0.58,154.26,NPCI UPI Ecosystem Statistics via https://github.com/luckisalive/npci_upi_analytics@5c007daef0b69f30dd8e555c548ba6f3bd85c43f
2025,11,2025-11-01,Ultracash,0.08,6.31,0.0,0.0,0.0,0.0,0.08,6.31,NPCI UPI Ecosystem Statistics via https://github.com/luckisalive/npci_upi_analytics@5c007daef0b69f30dd8e555c548ba6f3bd85c43f
2025,11,2025-11-01,Union Bank Apps,0.88,250.09,0.0,0.0,0.0,0.0,0.88,250.09,NPCI UPI Ecosystem Statistics via https://github.com/luckisalive/npci_upi_analytics@5c007daef0b69f30dd8e555c548ba6f3bd85c43f
2025,11,2025-11-01,Unity Small Finance Bank Apps,0.08,24.79,0.0,0.0,0.0,0.0,0.08,24.79,NPCI UPI Ecosystem Statistics via https://github.com/luckisalive/npci_upi_analytics@5c007daef0b69f30dd8e555c548ba6f3bd85c43f
2025,11,2025-11-01,Whatsapp,87.06,7168.01,0.0,0.0,0.0,0.0,87.06,7168.01,NPCI UPI Ecosystem Statistics via https://github.com/luckisalive/npci_upi_analytics@5c007daef0b69f30dd8e555c548ba6f3bd85c43f
2025,11,2025-11-01,Yes Bank Apps,3.52,2879.46,43.44,3482.04,0.4,22.67,47.37,6384.17,NPCI UPI Ecosystem Statistics via https://github.com/luckisalive/npci_upi_analytics@5c007daef0b69f30dd8e555c548ba6f3bd85c43f
2025,11,2025-11-01,super.money,265.07,10569.55,0.0,0.0,0.0,0.0,265.07,10569.55,NPCI UPI Ecosystem Statistics via https://github.com/luckisalive/npci_upi_analytics@5c007daef0b69f30dd8e555c548ba6f3bd85c43f
2025,12,2025-12-01,AU Small Finance Bank Apps,0.81,263.27,0.0,0.9,0.0,0.0,0.81,264.18,NPCI UPI Ecosystem Statistics via https://github.com/luckisalive/npci_upi_analytics@5c007daef0b69f30dd8e555c548ba6f3bd85c43f
2025,12,2025-12-01,Aditya Birla Capital Digital,1.46,26.21,0.0,0.0,0.0,0.0,1.46,26.21,NPCI UPI Ecosystem Statistics via https://github.com/luckisalive/npci_upi_analytics@5c007daef0b69f30dd8e555c548ba6f3bd85c43f
2025,12,2025-12-01,Airtel Payments Bank Apps,14.78,1184.43,1.27,148.52,0.0,0.0,16.05,1332.95,NPCI UPI Ecosystem Statistics via https://github.com/luckisalive/npci_upi_analytics@5c007daef0b69f30dd8e555c548ba6f3bd85c43f
2025,12,2025-12-01,Amazon Pay,86.48,10133.85,0.0,0.0,0.0,0.0,86.48,10133.85,NPCI UPI Ecosystem Statistics via https://github.com/luckisalive/npci_upi_analytics@5c007daef0b69f30dd8e555c548ba6f3bd85c43f
2025,12,2025-12-01,Axis Bank Apps,35.5,5272.52,109.14,8324.04,0.1,15.45,144.75,13612.02,NPCI UPI Ecosystem Statistics via https://github.com/luckisalive/npci_upi_analytics@5c007daef0b69f30dd8e555c548ba6f3bd85c43f
2025,12,2025-12-01,BHIM,155.75,20246.97,0.0,0.0,0.0,0.0,155.75,20246.97,NPCI UPI Ecosystem Statistics via https://github.com/luckisalive/npci_upi_analytics@5c007daef0b69f30dd8e555c548ba6f3bd85c43f
2025,12,2025-12-01,Bajaj Finserv,13.35,2822.57,0.0,0.0,0.0,0.0,13.35,2822.57,NPCI UPI Ecosystem Statistics via https://github.com/luckisalive/npci_upi_analytics@5c007daef0b69f30dd8e555c548ba6f3bd85c43f
2025,12,2025-12-01,Bank of Baroda Apps,2.25,565.02,0.0,0.0,0.0,1.73,2.25,566.75,NPCI UPI Ecosystem Statistics via https://github.com/luckisalive/npci_upi_analytics@5c007daef0b69f30dd8e555c548ba6f3bd85c43f
2025,12,2025-12-01,Bank of India Apps,0.38,120.71,0.0,0.0,0.0,0.0,0.38,120.71,NPCI UPI Ecosystem Statistics via https://github.com/luckisalive/npci_upi_analytics@5c007daef0b69f30dd8e555c548ba6f3bd85c43f
2025,12,2025-12-01,Bank of Maharashtra Apps,0.06,16.91,0.0,0.0,0.0,0.72,0.06,17.64,NPCI UPI Ecosystem Statistics via https://github.com/luckisalive/npci_upi_analytics@5c007daef0b69f30dd8e555c548ba6f3bd85c43f
2025,12,2025-12-01,Bharat Pe,2.46,206.84,0.0,0.0,0.0,0.0,2.46,206.84,NPCI UPI Ecosystem Statistics via https://github.com/luckisalive/npci_upi_analytics@5c007daef0b69f30dd8e555c548ba6f3bd85c43f
2025,12,2025-12-01,Canara Bank Apps,4.53,1142.72,0.0,0.0,0.0,0.0,4.53,1142.72,NPCI UPI Ecosystem Statistics via https://github.com/luckisalive/npci_upi_analytics@5c007daef0b69f30dd8e555c548ba6f3bd85c43f
2025,12,2025-12-01,Central Bank of India Apps,0.46,150.27,0.0,0.0,0.0,0.0,0.46,150.27,NPCI UPI Ecosystem Statistics via https://github.com/luckisalive/npci_upi_analytics@5c007daef0b69f30dd8e555c548ba6f3bd85c43f
2025,12,2025-12-01,Cheq,0.04,3.88,0.0,0.0,0.0,0.0,0.04,3.88,NPCI UPI Ecosystem Statistics via https://github.com/luckisalive/npci_upi_analytics@5c007daef0b69f30dd8e555c548ba6f3bd85c43f
2025,12,2025-12-01,City Union Bank Apps,0.07,29.47,0.0,0.0,0.0,0.0,0.07,29.47,NPCI UPI Ecosystem Statistics via https://github.com/luckisalive/npci_upi_analytics@5c007daef0b69f30dd8e555c548ba6f3bd85c43f
2025,12,2025-12-01,Cred,157.25,59073.03,0.0,0.0,0.0,0.0,157.25,59073.03,NPCI UPI Ecosystem Statistics via https://github.com/luckisalive/npci_upi_analytics@5c007daef0b69f30dd8e555c548ba6f3bd85c43f
2025,12,2025-12-01,Curie Money,0.05,2.71,0.0,0.0,0.0,0.0,0.05,2.71,NPCI UPI Ecosystem Statistics via https://github.com/luckisalive/npci_upi_analytics@5c007daef0b69f30dd8e555c548ba6f3bd85c43f
2025,12,2025-12-01,DBS Digibank Apps,0.54,180.15,0.08,43.47,0.0,0.94,0.63,224.56,NPCI UPI Ecosystem Statistics via https://github.com/luckisalive/npci_upi_analytics@5c007daef0b69f30dd8e555c548ba6f3bd85c43f
2025,12,2025-12-01,Deutsche Bank Apps,0.03,37.88,5.32,786.44,0.0,2.78,5.36,827.1,NPCI UPI Ecosystem Statistics via https://github.com/luckisalive/npci_upi_analytics@5c007daef0b69f30dd8e555c548ba6f3bd85c43f
2025,12,2025-12-01,Dhani,0.21,9.1,0.0,0.0,0.0,0.0,0.21,9.1,NPCI UPI Ecosystem Statistics via https://github.com/luckisalive/npci_upi_analytics@5c007daef0b69f30dd8e555c548ba6f3bd85c43f
2025,12,2025-12-01,Digikhata,1.25,421.6,0.0,0.0,0.0,0.0,1.25,421.6,NPCI UPI Ecosystem Statistics via https://github.com/luckisalive/npci_upi_analytics@5c007daef0b69f30dd8e555c548ba6f3bd85c43f
2025,12,2025-12-01,ESAF Small Finance Bank Apps,1.28,133.33,0.0,0.0,0.0,0.0,1.28,133.33,NPCI UPI Ecosystem Statistics via https://github.com/luckisalive/npci_upi_analytics@5c007daef0b69f30dd8e555c548ba6f3bd85c43f
2025,12,2025-12-01,Equitas Small Finance Bank Apps,0.05,14.17,0.0,0.0,0.0,0.0,0.05,14.17,NPCI UPI Ecosystem Statistics via https://github.com/luckisalive/npci_upi_analytics@5c007daef0b69f30dd8e555c548ba6f3bd85c43f
2025,12,2025-12-01,FamApp by Trio,159.05,2007.01,0.0,0.0,0.0,0.0,159.05,2007.01,NPCI UPI Ecosystem Statistics via https://github.com/luckisalive/npci_upi_analytics@5c007daef0b69f30dd8e555c548ba6f3bd85c43f
2025,12,2025-12-01,Fave,0.03,7.04,0.0,0.0,0.0,0.0,0.03,7.04,NPCI UPI Ecosystem Statistics via https://github.com/luckisalive/npci_upi_analytics@5c007daef0b69f30dd8e555c548ba6f3bd85c43f
2025,12,2025-12-01,Federal Bank App,7.32,1848.12,0.0,5.13,0.0,0.0,7.33,1853.24,NPCI UPI Ecosystem Statistics via https://github.com/luckisalive/npci_upi_analytics@5c007daef0b69f30dd8e555c548ba6f3bd85c43f
2025,12,2025-12-01,Fi Money,2.59,381.14,0.0,0.0,0.0,0.0,2.59,381.14,NPCI UPI Ecosystem Statistics via https://github.com/luckisalive/npci_upi_analytics@5c007daef0b69f30dd8e555c548ba6f3bd85c43f
2025,12,2025-12-01,Fino Payments Bank Apps,1.0,87.85,0.0,0.0,0.0,0.0,1.0,87.85,NPCI UPI Ecosystem Statistics via https://github.com/luckisalive/npci_upi_analytics@5c007daef0b69f30dd8e555c548ba6f3bd85c43f
2025,12,2025-12-01,Flipkart UPI,2.8,152.97,0.0,0.0,0.0,0.0,2.8,152.97,NPCI UPI Ecosystem Statistics via https://github.com/luckisalive/npci_upi_analytics@5c007daef0b69f30dd8e555c548ba6f3bd85c43f
2025,12,2025-12-01,Freo,0.59,56.56,0.0,0.0,0.0,0.0,0.59,56.56,NPCI UPI Ecosystem Statistics via https://github.com/luckisalive/npci_upi_analytics@5c007daef0b69f30dd8e555c548ba6f3bd85c43f
2025,12,2025-12-01,Google Pay,7311.67,956693.92,0.0,0.0,0.0,0.0,7311.67,956693.92,NPCI UPI Ecosystem Statistics via https://github.com/luckisalive/npci_upi_analytics@5c007daef0b69f30dd8e555c548ba6f3bd85c43f
2025,12,2025-12-01,Groww,15.87,11688.01,0.0,0.0,0.0,0.0,15.87,11688.01,NPCI UPI Ecosystem Statistics via https://github.com/luckisalive/npci_upi_analytics@5c007daef0b69f30dd8e555c548ba6f3bd85c43f
2025,12,2025-12-01,HDFC Bank Apps,32.68,10686.26,42.66,6853.22,0.0,0.88,75.34,17540.37,NPCI UPI Ecosystem Statistics via https://github.com/luckisalive/npci_upi_analytics@5c007daef0b69f30dd8e555c548ba6f3bd85c43f
2025,12,2025-12-01,HSBC Bank Apps,0.82,153.36,0.44,3.24,0.01,0.32,1.26,156.91,NPCI UPI Ecosystem Statistics via https://github.com/luckisalive/npci_upi_analytics@5c007daef0b69f30dd8e555c548ba6f3bd85c43f
2025,12,2025-12-01,ICICI Bank Apps,23.61,7137.59,46.43,9309.6,2.48,2295.76,72.52,18742.95,NPCI UPI Ecosystem Statistics via https://github.com/luckisalive/npci_upi_analytics@5c007daef0b69f30dd8e555c548ba6f3bd85c43f
2025,12,2025-12-01,IDBI Bank Apps,0.17,84.4,0.0,0.0,0.0,0.0,0.17,84.4,NPCI UPI Ecosystem Statistics via https://github.com/luckisalive/npci_upi_analytics@5c007daef0b69f30dd8e555c548ba6f3bd85c43f
2025,12,2025-12-01,IDFC Bank Apps,14.1,3122.92,0.37,50.36,0.02,0.03,14.49,3173.31,NPCI UPI Ecosystem Statistics via https://github.com/luckisalive/npci_upi_analytics@5c007daef0b69f30dd8e555c548ba6f3bd85c43f
2025,12,2025-12-01,Ind Money,3.33,1054.69,0.0,0.0,0.0,0.0,3.33,1054.69,NPCI UPI Ecosystem Statistics via https://github.com/luckisalive/npci_upi_analytics@5c007daef0b69f30dd8e555c548ba6f3bd85c43f
2025,12,2025-12-01,India Post Payments Bank Apps,17.91,1893.26,0.0,0.0,0.0,0.0,17.91,1893.26,NPCI UPI Ecosystem Statistics via https://github.com/luckisalive/npci_upi_analytics@5c007daef0b69f30dd8e555c548ba6f3bd85c43f
2025,12,2025-12-01,Indian Bank Apps,1.48,352.99,0.0,0.0,0.11,121.13,1.59,474.12,NPCI UPI Ecosystem Statistics via https://github.com/luckisalive/npci_upi_analytics@5c007daef0b69f30dd8e555c548ba6f3bd85c43f
2025,12,2025-12-01,Indian Overseas Bank Apps,0.19,52.64,0.0,0.0,0.0,0.0,0.19,52.64,NPCI UPI Ecosystem Statistics via https://github.com/luckisalive/npci_upi_analytics@5c007daef0b69f30dd8e555c548ba6f3bd85c43f
2025,12,2025-12-01,IndusInd Bank Apps,0.57,149.77,1.13,116.3,0.0,0.02,1.7,266.09,NPCI UPI Ecosystem Statistics via https://github.com/luckisalive/npci_upi_analytics@5c007daef0b69f30dd8e555c548ba6f3bd85c43f
2025,12,2025-12-01,Jammu and Kashmir Bank Apps,2.5,390.02,0.0,0.0,0.0,0.0,2.5,390.02,NPCI UPI Ecosystem Statistics via https://github.com/luckisalive/npci_upi_analytics@5c007daef0b69f30dd8e555c548ba6f3bd85c43f
2025,12,2025-12-01,Jar,0.25,6.05,0.0,0.0,0.0,0.0,0.25,6.05,NPCI UPI Ecosystem Statistics via https://github.com/luckisalive/npci_upi_analytics@5c007daef0b69f30dd8e555c548ba6f3bd85c43f
2025,12,2025-12-01,Jio Payments Bank Apps,6.39,440.97,0.0,0.0,0.0,0.0,6.39,440.97,NPCI UPI Ecosystem Statistics via https://github.com/luckisalive/npci_upi_analytics@5c007daef0b69f30dd8e555c548ba6f3bd85c43f
2025,12,2025-12-01,Jupiter Money,6.09,966.07,0.0,0.0,0.0,0.0,6.09,966.07,NPCI UPI Ecosystem Statistics via https://github.com/luckisalive/npci_upi_analytics@5c007daef0b69f30dd8e555c548ba6f3bd85c43f
2025,12,2025-12-01,Karnataka Bank Apps,0.29,68.62,0.0,0.01,0.0,0.01,0.29,68.64,NPCI UPI Ecosystem Statistics via https://github.com/luckisalive/npci_upi_analytics@5c007daef0b69f30dd8e555c548ba6f3bd85c43f
2025,12,2025-12-01,Karur Vysya Bank Apps,0.13,45.88,0.0,0.0,0.0,0.0,0.13,45.88,NPCI UPI Ecosystem Statistics via https://github.com/luckisalive/npci_upi_analytics@5c007daef0b69f30dd8e555c548ba6f3bd85c43f
2025,12,2025-12-01,Kiwi,3.1,439.43,0.0,0.0,0.0,0.0,3.1,439.43,NPCI UPI Ecosystem Statistics via https://github.com/luckisalive/npci_upi_analytics@5c007daef0b69f30dd8e555c548ba6f3bd85c43f
2025,12,2025-12-01,Kotak Mahindra Bank Apps,94.54,11500.37,0.01,0.27,0.0,0.0,94.55,11500.65,NPCI UPI Ecosystem Statistics via https://github.com/luckisalive/npci_upi_analytics@5c007daef0b69f30dd8e555c548ba6f3bd85c43f
2025,12,2025-12-01,Kredit Pe,0.61,54.13,0.0,0.0,0.0,0.0,0.61,54.13,NPCI UPI Ecosystem Statistics via https://github.com/luckisalive/npci_upi_analytics@5c007daef0b69f30dd8e555c548ba6f3bd85c43f
2025,12,2025-12-01,KreditBee,1.57,77.28,0.0,0.0,0.0,0.0,1.57,77.28,NPCI UPI Ecosystem Statistics via https://github.com/luckisalive/npci_upi_analytics@5c007daef0b69f30dd8e555c548ba6f3bd85c43f
2025,12,2025-12-01,LXME,0.03,2.43,0.0,0.0,0.0,0.0,0.03,2.43,NPCI UPI Ecosystem Statistics via https://github.com/luckisalive/npci_upi_analytics@5c007daef0b69f30dd8e555c548ba6f3bd85c43f
2025,12,2025-12-01,Mobikwik,63.4,7451.94,0.0,0.0,0.0,0.0,63.4,7451.94,NPCI UPI Ecosystem Statistics via https://github.com/luckisalive/npci_upi_analytics@5c007daef0b69f30dd8e555c548ba6f3bd85c43f
2025,12,2025-12-01,Money View,1.79,103.65,0.0,0.0,0.0,0.0,1.79,103.65,NPCI UPI Ecosystem Statistics via https://github.com/luckisalive/npci_upi_analytics@5c007daef0b69f30dd8e555c548ba6f3bd85c43f
2025,12,2025-12-01,NSDL Payments Bank Apps,0.16,14.28,3.49,293.57,0.11,8.19,3.77,316.05,NPCI UPI Ecosystem Statistics via https://github.com/luckisalive/npci_upi_analytics@5c007daef0b69f30dd8e555c548ba6f3bd85c43f
2025,12,2025-12-01,Navi,671.89,35715.89,0.0,0.0,0.0,0.0,671.89,35715.89,NPCI UPI Ecosystem Statistics via https://github.com/luckisalive/npci_upi_analytics@5c007daef0b69f30dd8e555c548ba6f3bd85c43f
2025,12,2025-12-01,Obopay,0.17,26.26,0.0,0.0,0.0,0.0,0.17,26.26,NPCI UPI Ecosystem Statistics via https://github.com/luckisalive/npci_upi_analytics@5c007daef0b69f30dd8e555c548ba6f3bd85c43f
2025,12,2025-12-01,Omni Card,1.95,134.81,0.0,0.0,0.0,0.0,1.95,134.81,NPCI UPI Ecosystem Statistics via https://github.com/luckisalive/npci_upi_analytics@5c007daef0b69f30dd8e555c548ba6f3bd85c43f
2025,12,2025-12-01,One Card,0.62,784.25,0.0,0.0,0.0,0.0,0.62,784.25,NPCI UPI Ecosystem Statistics via https://github.com/luckisalive/npci_upi_analytics@5c007daef0b69f30dd8e555c548ba6f3bd85c43f
2025,12,2025-12-01,Other,2.71,265.37,0.0,0.0,0.18,7.17,2.89,272.54,NPCI UPI Ecosystem Statistics via https://github.com/luckisalive/npci_upi_analytics@5c007daef0b69f30dd8e555c548ba6f3bd85c43f
2025,12,2025-12-01,Oxymoney,0.0,0.08,1.01,16.89,0.0,0.0,1.01,16.97,NPCI UPI Ecosystem Statistics via https://github.com/luckisalive/npci_upi_analytics@5c007daef0b69f30dd8e555c548ba6f3bd85c43f
2025,12,2025-12-01,POP UPI,9.38,705.72,0.0,0.0,0.0,0.0,9.38,705.72,NPCI UPI Ecosystem Statistics via https://github.com/luckisalive/npci_upi_analytics@5c007daef0b69f30dd8e555c548ba6f3bd85c43f
2025,12,2025-12-01,Paytm,1624.45,175716.1,0.0,0.0,0.0,0.0,1624.45,175716.1,NPCI UPI Ecosystem Statistics via https://github.com/luckisalive/npci_upi_analytics@5c007daef0b69f30dd8e555c548ba6f3bd85c43f
2025,12,2025-12-01,Payworld,0.1,10.22,0.0,0.0,0.0,0.0,0.1,10.22,NPCI UPI Ecosystem Statistics via https://github.com/luckisalive/npci_upi_analytics@5c007daef0b69f30dd8e555c548ba6f3bd85c43f
2025,12,2025-12-01,PhonePe,9799.14,1360501.94,0.0,0.0,0.0,0.0,9799.14,1360501.94,NPCI UPI Ecosystem Statistics via https://github.com/luckisalive/npci_upi_analytics@5c007daef0b69f30dd8e555c548ba6f3bd85c43f
2025,12,2025-12-01,Punjab National Bank Apps,2.96,748.71,0.0,0.0,0.0,0.0,2.96,748.71,NPCI UPI Ecosystem Statistics via https://github.com/luckisalive/npci_upi_analytics@5c007daef0b69f30dd8e555c548ba6f3bd85c43f
2025,12,2025-12-01,Punjab Sind Bank Apps,0.03,12.97,0.0,0.0,0.0,0.0,0.03,12.97,NPCI UPI Ecosystem Statistics via https://github.com/luckisalive/npci_upi_analytics@5c007daef0b69f30dd8e555c548ba6f3bd85c43f
2025,12,2025-12-01,RBL Bank Apps,0.56,215.29,7.8,4070.31,0.21,42.38,8.56,4327.98,NPCI UPI Ecosystem Statistics via https://github.com/luckisalive/npci_upi_analytics@5c007daef0b69f30dd8e555c548ba6f3bd85c43f
2025,12,2025-12-01,Rapipay,0.4,33.66,0.0,0.0,0.0,0.0,0.4,33.66,NPCI UPI Ecosystem Statistics via https://github.com/luckisalive/npci_upi_analytics@5c007daef0b69f30dd8e555c548ba6f3bd85c43f
2025,12,2025-12-01,Saathi by PayNearBy,0.06,6.09,0.0,0.0,0.0,0.0,0.06,6.09,NPCI UPI Ecosystem Statistics via https://github.com/luckisalive/npci_upi_analytics@5c007daef0b69f30dd8e555c548ba6f3bd85c43f
2025,12,2025-12-01,Salary Se,0.42,25.24,0.0,0.0,0.0,0.0,0.42,25.24,NPCI UPI Ecosystem Statistics via https://github.com/luckisalive/npci_upi_analytics@5c007daef0b69f30dd8e555c548ba6f3bd85c43f
2025,12,2025-12-01,Samsung Pay,11.36,745.25,0.0,0.0,0.0,0.0,11.36,745.25,NPCI UPI Ecosystem Statistics via https://github.com/luckisalive/npci_upi_analytics@5c007daef0b69f30dd8e555c548ba6f3bd85c43f
2025,12,2025-12-01,Shri Ram One,1.43,111.67,0.0,0.0,0.0,0.0,1.43,111.67,NPCI UPI Ecosystem Statistics via https://github.com/luckisalive/npci_upi_analytics@5c007daef0b69f30dd8e555c548ba6f3bd85c43f
2025,12,2025-12-01,Slice Small Finance Bank Apps,32.71,3224.74,1.74,522.84,0.0,2.01,34.45,3749.59,NPCI UPI Ecosystem Statistics via https://github.com/luckisalive/npci_upi_analytics@5c007daef0b69f30dd8e555c548ba6f3bd85c43f
2025,12,2025-12-01,South Indian Bank Apps,0.93,273.46,0.0,0.0,0.0,0.0,0.93,273.46,NPCI UPI Ecosystem Statistics via https://github.com/luckisalive/npci_upi_analytics@5c007daef0b69f30dd8e555c548ba6f3bd85c43f
2025,12,2025-12-01,Spice Money,0.36,32.52,0.0,0.0,0.0,0.0,0.36,32.52,NPCI UPI Ecosystem Statistics via https://github.com/luckisalive/npci_upi_analytics@5c007daef0b69f30dd8e555c548ba6f3bd85c43f
2025,12,2025-12-01,Standard Chartered Bank Apps,0.13,102.09,0.28,20.49,0.0,0.25,0.41,122.83,NPCI UPI Ecosystem Statistics via https://github.com/luckisalive/npci_upi_analytics@5c007daef0b69f30dd8e555c548ba6f3bd85c43f
2025,12,2025-12-01,State Bank of India Apps,14.63,4313.66,0.0,0.19,0.0,0.0,14.63,4313.86,NPCI UPI Ecosystem Statistics via https://github.com/luckisalive/npci_upi_analytics@5c007daef0b69f30dd8e555c548ba6f3bd85c43f
2025,12,2025-12-01,Suryoday Bank Apps,0.0,0.0,2.47,3.94,0.03,1.82,2.5,5.76,NPCI UPI Ecosystem Statistics via https://github.com/luckisalive/npci_upi_analytics@5c007daef0b69f30dd8e555c548ba6f3bd85c43f
2025,12,2025-12-01,Tamilnad Mercantile Bank Apps,0.11,39.25,0.0,0.0,0.0,0.0,0.11,39.25,NPCI UPI Ecosystem Statistics via https://github.com/luckisalive/npci_upi_analytics@5c007daef0b69f30dd8e555c548ba6f3bd85c43f
2025,12,2025-12-01,Tata Pay,0.37,126.35,0.0,0.0,0.0,0.0,0.37,126.35,NPCI UPI Ecosystem Statistics via https://github.com/luckisalive/npci_upi_analytics@5c007daef0b69f30dd8e555c548ba6f3bd85c43f
2025,12,2025-12-01,Timepay,1.81,37.13,0.0,0.0,0.0,0.0,1.81,37.13,NPCI UPI Ecosystem Statistics via https://github.com/luckisalive/npci_upi_analytics@5c007daef0b69f30dd8e555c548ba6f3bd85c43f
2025,12,2025-12-01,True Balance,0.21,7.24,0.0,0.0,0.0,0.0,0.21,7.24,NPCI UPI Ecosystem Statistics via https://github.com/luckisalive/npci_upi_analytics@5c007daef0b69f30dd8e555c548ba6f3bd85c43f
2025,12,2025-12-01,TwidPay,0.13,15.83,0.0,0.0,0.0,0.0,0.13,15.83,NPCI UPI Ecosystem Statistics via https://github.com/luckisalive/npci_upi_analytics@5c007daef0b69f30dd8e555c548ba6f3bd85c43f
2025,12,2025-12-01,UCO Bank Apps,0.6,164.56,0.0,0.0,0.0,0.0,0.6,164.56,NPCI UPI Ecosystem Statistics via https://github.com/luckisalive/npci_upi_analytics@5c007daef0b69f30dd8e555c548ba6f3bd85c43f
2025,12,2025-12-01,Ultracash,0.05,3.7,0.0,0.0,0.0,0.0,0.05,3.7,NPCI UPI Ecosystem Statistics via https://github.com/luckisalive/npci_upi_analytics@5c007daef0b69f30dd8e555c548ba6f3bd85c43f
2025,12,2025-12-01,Union Bank Apps,0.94,273.39,0.0,0.0,0.0,0.0,0.94,273.39,NPCI UPI Ecosystem Statistics via https://github.com/luckisalive/npci_upi_analytics@5c007daef0b69f30dd8e555c548ba6f3bd85c43f
2025,12,2025-12-01,Unity Small Finance Bank Apps,0.08,26.45,0.0,0.0,0.0,0.0,0.08,26.45,NPCI UPI Ecosystem Statistics via https://github.com/luckisalive/npci_upi_analytics@5c007daef0b69f30dd8e555c548ba6f3bd85c43f
2025,12,2025-12-01,Whatsapp,100.45,7399.16,0.0,0.0,0.0,0.0,100.45,7399.16,NPCI UPI Ecosystem Statistics via https://github.com/luckisalive/npci_upi_analytics@5c007daef0b69f30dd8e555c548ba6f3bd85c43f
2025,12,2025-12-01,Yes Bank Apps,3.64,3437.24,45.55,3460.28,0.28,20.17,49.47,6917.69,NPCI UPI Ecosystem Statistics via https://github.com/luckisalive/npci_upi_analytics@5c007daef0b69f30dd8e555c548ba6f3bd85c43f
2025,12,2025-12-01,super.money,286.86,11745.61,0.0,0.0,0.0,0.0,286.86,11745.61,NPCI UPI Ecosystem Statistics via https://github.com/luckisalive/npci_upi_analytics@5c007daef0b69f30dd8e555c548ba6f3bd85c43f
2026,1,2026-01-01,AU Small Finance Bank Apps,0.86,281.4,0.0,0.92,0.0,0.0,0.86,282.32,NPCI UPI Ecosystem Statistics via https://github.com/luckisalive/npci_upi_analytics@5c007daef0b69f30dd8e555c548ba6f3bd85c43f
2026,1,2026-01-01,Aditya Birla Capital Digital,1.58,26.15,0.0,0.0,0.0,0.0,1.58,26.15,NPCI UPI Ecosystem Statistics via https://github.com/luckisalive/npci_upi_analytics@5c007daef0b69f30dd8e555c548ba6f3bd85c43f
2026,1,2026-01-01,Airtel Payments Bank Apps,15.96,1243.5,1.19,133.48,0.0,0.0,17.15,1376.98,NPCI UPI Ecosystem Statistics via https://github.com/luckisalive/npci_upi_analytics@5c007daef0b69f30dd8e555c548ba6f3bd85c43f
2026,1,2026-01-01,Amazon Pay,83.99,10257.83,0.0,0.0,0.0,0.0,83.99,10257.83,NPCI UPI Ecosystem Statistics via https://github.com/luckisalive/npci_upi_analytics@5c007daef0b69f30dd8e555c548ba6f3bd85c43f
2026,1,2026-01-01,Axis Bank Apps,30.24,4978.86,122.29,8214.0,0.07,14.04,152.6,13206.89,NPCI UPI Ecosystem Statistics via https://github.com/luckisalive/npci_upi_analytics@5c007daef0b69f30dd8e555c548ba6f3bd85c43f
2026,1,2026-01-01,BHIM,172.07,22025.89,0.0,0.0,0.0,0.0,172.07,22025.89,NPCI UPI Ecosystem Statistics via https://github.com/luckisalive/npci_upi_analytics@5c007daef0b69f30dd8e555c548ba6f3bd85c43f
2026,1,2026-01-01,Bajaj Finserv,13.38,2757.27,0.0,0.0,0.0,0.0,13.38,2757.27,NPCI UPI Ecosystem Statistics via https://github.com/luckisalive/npci_upi_analytics@5c007daef0b69f30dd8e555c548ba6f3bd85c43f
2026,1,2026-01-01,Bank of Baroda Apps,1.57,430.07,0.0,0.0,0.0,8.44,1.57,438.51,NPCI UPI Ecosystem Statistics via https://github.com/luckisalive/npci_upi_analytics@5c007daef0b69f30dd8e555c548ba6f3bd85c43f
2026,1,2026-01-01,Bank of India Apps,0.34,110.33,0.0,0.0,0.0,0.0,0.34,110.33,NPCI UPI Ecosystem Statistics via https://github.com/luckisalive/npci_upi_analytics@5c007daef0b69f30dd8e555c548ba6f3bd85c43f
2026,1,2026-01-01,Bank of Maharashtra Apps,0.07,25.7,0.0,0.0,0.0,0.0,0.07,25.7,NPCI UPI Ecosystem Statistics via https://github.com/luckisalive/npci_upi_analytics@5c007daef0b69f30dd8e555c548ba6f3bd85c43f
2026,1,2026-01-01,Bharat Pe,2.48,218.56,0.0,0.0,0.0,0.0,2.48,218.56,NPCI UPI Ecosystem Statistics via https://github.com/luckisalive/npci_upi_analytics@5c007daef0b69f30dd8e555c548ba6f3bd85c43f
2026,1,2026-01-01,Canara Bank Apps,4.14,1110.65,0.0,0.0,0.0,0.0,4.14,1110.65,NPCI UPI Ecosystem Statistics via https://github.com/luckisalive/npci_upi_analytics@5c007daef0b69f30dd8e555c548ba6f3bd85c43f
2026,1,2026-01-01,Central Bank of India Apps,0.48,165.59,0.0,0.0,0.0,0.0,0.48,165.59,NPCI UPI Ecosystem Statistics via https://github.com/luckisalive/npci_upi_analytics@5c007daef0b69f30dd8e555c548ba6f3bd85c43f
2026,1,2026-01-01,Cheq,0.07,6.43,0.0,0.0,0.0,0.0,0.07,6.43,NPCI UPI Ecosystem Statistics via https://github.com/luckisalive/npci_upi_analytics@5c007daef0b69f30dd8e555c548ba6f3bd85c43f
2026,1,2026-01-01,City Union Bank Apps,0.07,28.62,0.0,0.0,0.0,0.0,0.07,28.62,NPCI UPI Ecosystem Statistics via https://github.com/luckisalive/npci_upi_analytics@5c007daef0b69f30dd8e555c548ba6f3bd85c43f
2026,1,2026-01-01,Cred,156.86,58840.62,0.0,0.0,0.0,0.0,156.86,58840.62,NPCI UPI Ecosystem Statistics via https://github.com/luckisalive/npci_upi_analytics@5c007daef0b69f30dd8e555c548ba6f3bd85c43f
2026,1,2026-01-01,Curie Money,0.05,3.14,0.0,0.0,0.0,0.0,0.05,3.14,NPCI UPI Ecosystem Statistics via https://github.com/luckisalive/npci_upi_analytics@5c007daef0b69f30dd8e555c548ba6f3bd85c43f
2026,1,2026-01-01,DBS Digibank Apps,0.54,187.45,0.06,44.07,0.0,1.23,0.6,232.75,NPCI UPI Ecosystem Statistics via https://github.com/luckisalive/npci_upi_analytics@5c007daef0b69f30dd8e555c548ba6f3bd85c43f
2026,1,2026-01-01,Deutsche Bank Apps,0.03,37.67,5.26,815.57,0.0,0.17,5.29,853.4,NPCI UPI Ecosystem Statistics via https://github.com/luckisalive/npci_upi_analytics@5c007daef0b69f30dd8e555c548ba6f3bd85c43f
2026,1,2026-01-01,Dhani,0.21,9.1,0.0,0.0,0.0,0.0,0.21,9.1,NPCI UPI Ecosystem Statistics via https://github.com/luckisalive/npci_upi_analytics@5c007daef0b69f30dd8e555c548ba6f3bd85c43f
2026,1,2026-01-01,Digikhata,1.35,465.91,0.0,0.0,0.0,0.0,1.35,465.91,NPCI UPI Ecosystem Statistics via https://github.com/luckisalive/npci_upi_analytics@5c007daef0b69f30dd8e555c548ba6f3bd85c43f
2026,1,2026-01-01,ESAF Small Finance Bank Apps,0.9,102.33,0.0,0.0,0.0,0.0,0.9,102.33,NPCI UPI Ecosystem Statistics via https://github.com/luckisalive/npci_upi_analytics@5c007daef0b69f30dd8e555c548ba6f3bd85c43f
2026,1,2026-01-01,Equitas Small Finance Bank Apps,0.06,14.87,0.0,0.0,0.0,0.0,0.06,14.87,NPCI UPI Ecosystem Statistics via https://github.com/luckisalive/npci_upi_analytics@5c007daef0b69f30dd8e555c548ba6f3bd85c43f
2026,1,2026-01-01,FamApp by Trio,161.18,2038.12,0.0,0.0,0.0,0.0,161.18,2038.12,NPCI UPI Ecosystem Statistics via https://github.com/luckisalive/npci_upi_analytics@5c007daef0b69f30dd8e555c548ba6f3bd85c43f
2026,1,2026-01-01,Fave,0.04,7.47,0.0,0.0,0.0,0.0,0.04,7.47,NPCI UPI Ecosystem Statistics via https://github.com/luckisalive/npci_upi_analytics@5c007daef0b69f30dd8e555c548ba6f3bd85c43f
2026,1,2026-01-01,Federal Bank App,7.51,2011.26,0.0,5.07,0.0,0.0,7.52,2016.33,NPCI UPI Ecosystem Statistics via https://github.com/luckisalive/npci_upi_analytics@5c007daef0b69f30dd8e555c548ba6f3bd85c43f
2026,1,2026-01-01,Fi Money,2.5,373.44,0.0,0.0,0.0,0.0,2.5,373.44,NPCI UPI Ecosystem Statistics via https://github.com/luckisalive/npci_upi_analytics@5c007daef0b69f30dd8e555c548ba6f3bd85c43f
2026,1,2026-01-01,Fino Payments Bank Apps,0.46,46.59,0.0,0.0,0.0,0.0,0.46,46.59,NPCI UPI Ecosystem Statistics via https://github.com/luckisalive/npci_upi_analytics@5c007daef0b69f30dd8e555c548ba6f3bd85c43f
2026,1,2026-01-01,Flipkart UPI,3.09,163.55,0.0,0.0,0.0,0.0,3.09,163.55,NPCI UPI Ecosystem Statistics via https://github.com/luckisalive/npci_upi_analytics@5c007daef0b69f30dd8e555c548ba6f3bd85c43f
2026,1,2026-01-01,Freo,0.4,38.48,0.0,0.0,0.0,0.0,0.4,38.48,NPCI UPI Ecosystem Statistics via https://github.com/luckisalive/npci_upi_analytics@5c007daef0b69f30dd8e555c548ba6f3bd85c43f
2026,1,2026-01-01,Google Pay,7229.11,956985.04,0.0,0.0,0.0,0.0,7229.11,956985.04,NPCI UPI Ecosystem Statistics via https://github.com/luckisalive/npci_upi_analytics@5c007daef0b69f30dd8e555c548ba6f3bd85c43f
2026,1,2026-01-01,Groww,18.82,16201.06,0.0,0.0,0.0,0.0,18.82,16201.06,NPCI UPI Ecosystem Statistics via https://github.com/luckisalive/npci_upi_analytics@5c007daef0b69f30dd8e555c548ba6f3bd85c43f
2026,1,2026-01-01,HDFC Bank Apps,32.36,10620.31,44.93,6043.71,0.0,1.01,77.29,16665.03,NPCI UPI Ecosystem Statistics via https://github.com/luckisalive/npci_upi_analytics@5c007daef0b69f30dd8e555c548ba6f3bd85c43f
2026,1,2026-01-01,HSBC Bank Apps,0.73,150.62,0.52,3.4,0.01,0.19,1.26,154.21,NPCI UPI Ecosystem Statistics via https://github.com/luckisalive/npci_upi_analytics@5c007daef0b69f30dd8e555c548ba6f3bd85c43f
2026,1,2026-01-01,ICICI Bank Apps,23.33,7678.09,42.21,9243.54,2.43,2397.55,67.97,19319.18,NPCI UPI Ecosystem Statistics via https://github.com/luckisalive/npci_upi_analytics@5c007daef0b69f30dd8e555c548ba6f3bd85c43f
2026,1,2026-01-01,IDBI Bank Apps,0.2,97.89,0.0,0.0,0.0,0.0,0.2,97.89,NPCI UPI Ecosystem Statistics via https://github.com/luckisalive/npci_upi_analytics@5c007daef0b69f30dd8e555c548ba6f3bd85c43f
2026,1,2026-01-01,IDFC Bank Apps,14.26,3290.34,3.47,25.14,0.02,0.12,17.75,3315.6,NPCI UPI Ecosystem Statistics via https://github.com/luckisalive/npci_upi_analytics@5c007daef0b69f30dd8e555c548ba6f3bd85c43f
2026,1,2026-01-01,Ind Money,4.01,1336.23,0.0,0.0,0.0,0.0,4.01,1336.23,NPCI UPI Ecosystem Statistics via https://github.com/luckisalive/npci_upi_analytics@5c007daef0b69f30dd8e555c548ba6f3bd85c43f
2026,1,2026-01-01,India Post Payments Bank Apps,18.75,1999.27,0.0,0.0,0.0,0.0,18.75,1999.28,NPCI UPI Ecosystem Statistics via https://github.com/luckisalive/npci_upi_analytics@5c007daef0b69f30dd8e555c548ba6f3bd85c43f
2026,1,2026-01-01,Indian Bank Apps,1.41,358.89,0.0,0.0,0.09,90.12,1.49,449.01,NPCI UPI Ecosystem Statistics via https://github.com/luckisalive/npci_upi_analytics@5c007daef0b69f30dd8e555c548ba6f3bd85c43f
2026,1,2026-01-01,Indian Overseas Bank Apps,0.18,51.36,0.0,0.0,0.0,0.0,0.18,51.36,NPCI UPI Ecosystem Statistics via https://github.com/luckisalive/npci_upi_analytics@5c007daef0b69f30dd8e555c548ba6f3bd85c43f
2026,1,2026-01-01,IndusInd Bank Apps,0.54,145.53,0.82,88.26,0.0,0.02,1.37,233.81,NPCI UPI Ecosystem Statistics via https://github.com/luckisalive/npci_upi_analytics@5c007daef0b69f30dd8e555c548ba6f3bd85c43f
2026,1,2026-01-01,Jammu and Kashmir Bank Apps,2.46,371.79,0.0,0.0,0.0,0.0,2.46,371.79,NPCI UPI Ecosystem Statistics via https://github.com/luckisalive/npci_upi_analytics@5c007daef0b69f30dd8e555c548ba6f3bd85c43f
2026,1,2026-01-01,Jar,0.53,15.68,0.0,0.0,0.0,0.0,0.53,15.68,NPCI UPI Ecosystem Statistics via https://github.com/luckisalive/npci_upi_analytics@5c007daef0b69f30dd8e555c548ba6f3bd85c43f
2026,1,2026-01-01,Jio Payments Bank Apps,6.57,456.14,0.0,0.0,0.0,0.0,6.57,456.14,NPCI UPI Ecosystem Statistics via https://github.com/luckisalive/npci_upi_analytics@5c007daef0b69f30dd8e555c548ba6f3bd85c43f
2026,1,2026-01-01,Jupiter Money,5.93,982.03,0.0,0.0,0.0,0.0,5.93,982.03,NPCI UPI Ecosystem Statistics via https://github.com/luckisalive/npci_upi_analytics@5c007daef0b69f30dd8e555c548ba6f3bd85c43f
2026,1,2026-01-01,Karnataka Bank Apps,0.29,69.24,0.0,0.0,0.0,0.0,0.29,69.24,NPCI UPI Ecosystem Statistics via https://github.com/luckisalive/npci_upi_analytics@5c007daef0b69f30dd8e555c548ba6f3bd85c43f
2026,1,2026-01-01,Karur Vysya Bank Apps,0.14,49.25,0.0,0.0,0.0,0.0,0.14,49.25,NPCI UPI Ecosystem Statistics via https://github.com/luckisalive/npci_upi_analytics@5c007daef0b69f30dd8e555c548ba6f3bd85c43f
2026,1,2026-01-01,Kiwi,3.04,474.14,0.0,0.0,0.0,0.0,3.04,474.14,NPCI UPI Ecosystem Statistics via https://github.com/luckisalive/npci_upi_analytics@5c007daef0b69f30dd8e555c548ba6f3bd85c43f
2026,1,2026-01-01,Kotak Mahindra Bank Apps,101.35,12304.47,0.01,0.23,0.0,0.0,101.35,12304.69,NPCI UPI Ecosystem Statistics via https://github.com/luckisalive/npci_upi_analytics@5c007daef0b69f30dd8e555c548ba6f3bd85c43f
2026,1,2026-01-01,Kredit Pe,0.66,60.31,0.0,0.0,0.0,0.0,0.66,60.31,NPCI UPI Ecosystem Statistics via https://github.com/luckisalive/npci_upi_analytics@5c007daef0b69f30dd8e555c548ba6f3bd85c43f
2026,1,2026-01-01,KreditBee,2.21,120.02,0.0,0.0,0.0,0.0,2.21,120.02,NPCI UPI Ecosystem Statistics via https://github.com/luckisalive/npci_upi_analytics@5c007daef0b69f30dd8e555c548ba6f3bd85c43f
2026,1,2026-01-01,LXME,0.04,3.33,0.0,0.0,0.0,0.0,0.04,3.33,NPCI UPI Ecosystem Statistics via https://github.com/luckisalive/npci_upi_analytics@5c007daef0b69f30dd8e555c548ba6f3bd85c43f
2026,1,2026-01-01,Mobikwik,64.72,7631.14,0.0,0.0,0.0,0.0,64.72,7631.14,NPCI UPI Ecosystem Statistics via https://github.com/luckisalive/npci_upi_analytics@5c007daef0b69f30dd8e555c548ba6f3bd85c43f
2026,1,2026-01-01,Money View,2.61,143.19,0.0,0.0,0.0,0.0,2.61,143.19,NPCI UPI Ecosystem Statistics via https://github.com/luckisalive/npci_upi_analytics@5c007daef0b69f30dd8e555c548ba6f3bd85c43f
2026,1,2026-01-01,NSDL Payments Bank Apps,0.18,15.34,2.68,362.22,0.08,5.59,2.94,383.15,NPCI UPI Ecosystem Statistics via https://github.com/luckisalive/npci_upi_analytics@5c007daef0b69f30dd8e555c548ba6f3bd85c43f
2026,1,2026-01-01,Navi,709.26,37955.69,0.0,0.0,0.0,0.0,709.26,37955.69,NPCI UPI Ecosystem Statistics via https://github.com/luckisalive/npci_upi_analytics@5c007daef0b69f30dd8e555c548ba6f3bd85c43f
2026,1,2026-01-01,Obopay,0.18,28.32,0.0,0.0,0.0,0.0,0.18,28.32,NPCI UPI Ecosystem Statistics via https://github.com/luckisalive/npci_upi_analytics@5c007daef0b69f30dd8e555c548ba6f3bd85c43f
2026,1,2026-01-01,Omni Card,1.94,121.46,0.0,0.0,0.0,0.0,1.94,121.46,NPCI UPI Ecosystem Statistics via https://github.com/luckisalive/npci_upi_analytics@5c007daef0b69f30dd8e555c548ba6f3bd85c43f
2026,1,2026-01-01,One Card,0.61,734.23,0.0,0.0,0.0,0.0,0.61,734.23,NPCI UPI Ecosystem Statistics via https://github.com/luckisalive/npci_upi_analytics@5c007daef0b69f30dd8e555c548ba6f3bd85c43f
2026,1,2026-01-01,Other,2.81,253.26,0.0,0.0,0.17,7.38,2.98,260.65,NPCI UPI Ecosystem Statistics via https://github.com/luckisalive/npci_upi_analytics@5c007daef0b69f30dd8e555c548ba6f3bd85c43f
2026,1,2026-01-01,Oxymoney,0.0,0.04,0.36,1.68,0.0,0.0,0.37,1.71,NPCI UPI Ecosystem Statistics via https://github.com/luckisalive/npci_upi_analytics@5c007daef0b69f30dd8e555c548ba6f3bd85c43f
2026,1,2026-01-01,POP UPI,8.5,686.09,0.0,0.0,0.0,0.0,8.5,686.09,NPCI UPI Ecosystem Statistics via https://github.com/luckisalive/npci_upi_analytics@5c007daef0b69f30dd8e555c548ba6f3bd85c43f
2026,1,2026-01-01,Paytm,1659.49,181973.34,0.0,0.0,0.0,0.0,1659.49,181973.34,NPCI UPI Ecosystem Statistics via https://github.com/luckisalive/npci_upi_analytics@5c007daef0b69f30dd8e555c548ba6f3bd85c43f
2026,1,2026-01-01,Payworld,0.11,10.57,0.0,0.0,0.0,0.0,0.11,10.57,NPCI UPI Ecosystem Statistics via https://github.com/luckisalive/npci_upi_analytics@5c007daef0b69f30dd8e555c548ba6f3bd85c43f
2026,1,2026-01-01,PhonePe,9913.63,1377458.79,0.0,0.0,0.0,0.0,9913.63,1377458.79,NPCI UPI Ecosystem Statistics via https://github.com/luckisalive/npci_upi_analytics@5c007daef0b69f30dd8e555c548ba6f3bd85c43f
2026,1,2026-01-01,Punjab National Bank Apps,1.85,479.04,0.0,0.0,0.0,0.0,1.85,479.04,NPCI UPI Ecosystem Statistics via https://github.com/luckisalive/npci_upi_analytics@5c007daef0b69f30dd8e555c548ba6f3bd85c43f
2026,1,2026-01-01,Punjab Sind Bank Apps,0.03,15.58,0.0,0.0,0.0,0.0,0.03,15.58,NPCI UPI Ecosystem Statistics via https://github.com/luckisalive/npci_upi_analytics@5c007daef0b69f30dd8e555c548ba6f3bd85c43f
2026,1,2026-01-01,RBL Bank Apps,0.54,215.76,7.63,4110.58,0.13,39.26,8.29,4365.61,NPCI UPI Ecosystem Statistics via https://github.com/luckisalive/npci_upi_analytics@5c007daef0b69f30dd8e555c548ba6f3bd85c43f
2026,1,2026-01-01,Rapipay,0.5,40.91,0.0,0.0,0.0,0.0,0.5,40.91,NPCI UPI Ecosystem Statistics via https://github.com/luckisalive/npci_upi_analytics@5c007daef0b69f30dd8e555c548ba6f3bd85c43f
2026,1,2026-01-01,Saathi by PayNearBy,0.17,19.74,0.0,0.0,0.0,0.0,0.17,19.74,NPCI UPI Ecosystem Statistics via https://github.com/luckisalive/npci_upi_analytics@5c007daef0b69f30dd8e555c548ba6f3bd85c43f
2026,1,2026-01-01,Salary Se,0.46,33.35,0.0,0.0,0.0,0.0,0.46,33.35,NPCI UPI Ecosystem Statistics via https://github.com/luckisalive/npci_upi_analytics@5c007daef0b69f30dd8e555c548ba6f3bd85c43f
2026,1,2026-01-01,Samsung Pay,11.21,752.03,0.0,0.0,0.0,0.0,11.21,752.03,NPCI UPI Ecosystem Statistics via https://github.com/luckisalive/npci_upi_analytics@5c007daef0b69f30dd8e555c548ba6f3bd85c43f
2026,1,2026-01-01,Shri Ram One,1.98,148.12,0.0,0.0,0.0,0.0,1.98,148.12,NPCI UPI Ecosystem Statistics via https://github.com/luckisalive/npci_upi_analytics@5c007daef0b69f30dd8e555c548ba6f3bd85c43f
2026,1,2026-01-01,Slice Small Finance Bank Apps,37.27,3660.63,2.29,394.73,0.01,2.48,39.57,4057.84,NPCI UPI Ecosystem Statistics via https://github.com/luckisalive/npci_upi_analytics@5c007daef0b69f30dd8e555c548ba6f3bd85c43f
2026,1,2026-01-01,South Indian Bank Apps,0.92,289.61,0.0,0.0,0.0,0.0,0.92,289.61,NPCI UPI Ecosystem Statistics via https://github.com/luckisalive/npci_upi_analytics@5c007daef0b69f30dd8e555c548ba6f3bd85c43f
2026,1,2026-01-01,Spice Money,0.39,35.36,0.0,0.0,0.0,0.0,0.39,35.36,NPCI UPI Ecosystem Statistics via https://github.com/luckisalive/npci_upi_analytics@5c007daef0b69f30dd8e555c548ba6f3bd85c43f
2026,1,2026-01-01,Standard Chartered Bank Apps,0.13,107.21,0.33,16.64,0.0,0.22,0.46,124.07,NPCI UPI Ecosystem Statistics via https://github.com/luckisalive/npci_upi_analytics@5c007daef0b69f30dd8e555c548ba6f3bd85c43f
2026,1,2026-01-01,State Bank of India Apps,15.6,4575.6,0.0,3.62,0.0,0.0,15.6,4579.21,NPCI UPI Ecosystem Statistics via https://github.com/luckisalive/npci_upi_analytics@5c007daef0b69f30dd8e555c548ba6f3bd85c43f
2026,1,2026-01-01,Suryoday Bank Apps,0.0,0.0,2.97,4.05,0.03,2.01,3.0,6.05,NPCI UPI Ecosystem Statistics via https://github.com/luckisalive/npci_upi_analytics@5c007daef0b69f30dd8e555c548ba6f3bd85c43f
2026,1,2026-01-01,Tamilnad Mercantile Bank Apps,0.11,41.01,0.0,0.0,0.0,0.0,0.11,41.01,NPCI UPI Ecosystem Statistics via https://github.com/luckisalive/npci_upi_analytics@5c007daef0b69f30dd8e555c548ba6f3bd85c43f
2026,1,2026-01-01,Tata Pay,0.35,127.17,0.0,0.0,0.0,0.0,0.35,127.17,NPCI UPI Ecosystem Statistics via https://github.com/luckisalive/npci_upi_analytics@5c007daef0b69f30dd8e555c548ba6f3bd85c43f
2026,1,2026-01-01,Timepay,1.51,27.49,0.0,0.0,0.0,0.0,1.51,27.49,NPCI UPI Ecosystem Statistics via https://github.com/luckisalive/npci_upi_analytics@5c007daef0b69f30dd8e555c548ba6f3bd85c43f
2026,1,2026-01-01,True Balance,0.21,7.27,0.0,0.0,0.0,0.0,0.21,7.27,NPCI UPI Ecosystem Statistics via https://github.com/luckisalive/npci_upi_analytics@5c007daef0b69f30dd8e555c548ba6f3bd85c43f
2026,1,2026-01-01,TwidPay,0.1,12.15,0.0,0.0,0.0,0.0,0.1,12.15,NPCI UPI Ecosystem Statistics via https://github.com/luckisalive/npci_upi_analytics@5c007daef0b69f30dd8e555c548ba6f3bd85c43f
2026,1,2026-01-01,UCO Bank Apps,0.61,170.83,0.0,0.0,0.0,0.0,0.61,170.83,NPCI UPI Ecosystem Statistics via https://github.com/luckisalive/npci_upi_analytics@5c007daef0b69f30dd8e555c548ba6f3bd85c43f
2026,1,2026-01-01,Ultracash,0.05,3.61,0.0,0.0,0.0,0.0,0.05,3.61,NPCI UPI Ecosystem Statistics via https://github.com/luckisalive/npci_upi_analytics@5c007daef0b69f30dd8e555c548ba6f3bd85c43f
2026,1,2026-01-01,Union Bank Apps,0.99,286.52,0.0,0.0,0.0,0.0,0.99,286.52,NPCI UPI Ecosystem Statistics via https://github.com/luckisalive/npci_upi_analytics@5c007daef0b69f30dd8e555c548ba6f3bd85c43f
2026,1,2026-01-01,Unity Small Finance Bank Apps,0.05,15.24,0.0,0.0,0.0,0.0,0.05,15.24,NPCI UPI Ecosystem Statistics via https://github.com/luckisalive/npci_upi_analytics@5c007daef0b69f30dd8e555c548ba6f3bd85c43f
2026,1,2026-01-01,Whatsapp,112.65,8358.21,0.0,0.0,0.0,0.0,112.65,8358.21,NPCI UPI Ecosystem Statistics via https://github.com/luckisalive/npci_upi_analytics@5c007daef0b69f30dd8e555c548ba6f3bd85c43f
2026,1,2026-01-01,Yes Bank Apps,3.84,3595.9,49.01,4238.94,0.12,15.73,52.98,7850.57,NPCI UPI Ecosystem Statistics via https://github.com/luckisalive/npci_upi_analytics@5c007daef0b69f30dd8e555c548ba6f3bd85c43f
2026,1,2026-01-01,super.money,298.41,12546.39,0.0,0.0,0.0,0.0,298.41,12546.39,NPCI UPI Ecosystem Statistics via https://github.com/luckisalive/npci_upi_analytics@5c007daef0b69f30dd8e555c548ba6f3bd85c43f
2026,2,2026-02-01,AU Small Finance Bank Apps,0.85,276.39,0.0,0.68,0.0,0.0,0.85,277.08,NPCI UPI Ecosystem Statistics via https://github.com/luckisalive/npci_upi_analytics@5c007daef0b69f30dd8e555c548ba6f3bd85c43f
2026,2,2026-02-01,Aditya Birla Capital Digital,1.87,25.79,0.0,0.0,0.0,0.0,1.87,25.79,NPCI UPI Ecosystem Statistics via https://github.com/luckisalive/npci_upi_analytics@5c007daef0b69f30dd8e555c548ba6f3bd85c43f
2026,2,2026-02-01,Airtel Payments Bank Apps,15.29,1214.22,1.04,109.15,0.0,0.0,16.33,1323.37,NPCI UPI Ecosystem Statistics via https://github.com/luckisalive/npci_upi_analytics@5c007daef0b69f30dd8e555c548ba6f3bd85c43f
2026,2,2026-02-01,Amazon Pay,75.81,9288.21,0.0,0.0,0.0,0.0,75.81,9288.21,NPCI UPI Ecosystem Statistics via https://github.com/luckisalive/npci_upi_analytics@5c007daef0b69f30dd8e555c548ba6f3bd85c43f
2026,2,2026-02-01,Axis Bank Apps,26.1,4765.47,105.94,7381.58,0.07,10.89,132.11,12157.93,NPCI UPI Ecosystem Statistics via https://github.com/luckisalive/npci_upi_analytics@5c007daef0b69f30dd8e555c548ba6f3bd85c43f
2026,2,2026-02-01,BHIM,175.93,21263.92,0.0,0.0,0.0,0.0,175.93,21263.92,NPCI UPI Ecosystem Statistics via https://github.com/luckisalive/npci_upi_analytics@5c007daef0b69f30dd8e555c548ba6f3bd85c43f
2026,2,2026-02-01,Bajaj Finserv,13.01,2805.76,0.0,0.0,0.0,0.0,13.01,2805.76,NPCI UPI Ecosystem Statistics via https://github.com/luckisalive/npci_upi_analytics@5c007daef0b69f30dd8e555c548ba6f3bd85c43f
2026,2,2026-02-01,Bank of Baroda Apps,1.44,407.57,0.0,0.0,0.0,18.17,1.44,425.74,NPCI UPI Ecosystem Statistics via https://github.com/luckisalive/npci_upi_analytics@5c007daef0b69f30dd8e555c548ba6f3bd85c43f
2026,2,2026-02-01,Bank of India Apps,0.26,89.73,0.0,0.0,0.0,0.0,0.26,89.73,NPCI UPI Ecosystem Statistics via https://github.com/luckisalive/npci_upi_analytics@5c007daef0b69f30dd8e555c548ba6f3bd85c43f
2026,2,2026-02-01,Bank of Maharashtra Apps,0.06,22.32,0.0,0.0,0.0,0.0,0.06,22.32,NPCI UPI Ecosystem Statistics via https://github.com/luckisalive/npci_upi_analytics@5c007daef0b69f30dd8e555c548ba6f3bd85c43f
2026,2,2026-02-01,Bharat Pe,2.72,224.48,0.0,0.0,0.0,0.0,2.72,224.48,NPCI UPI Ecosystem Statistics via https://github.com/luckisalive/npci_upi_analytics@5c007daef0b69f30dd8e555c548ba6f3bd85c43f
2026,2,2026-02-01,Canara Bank Apps,3.61,972.59,0.0,0.0,0.0,0.0,3.61,972.59,NPCI UPI Ecosystem Statistics via https://github.com/luckisalive/npci_upi_analytics@5c007daef0b69f30dd8e555c548ba6f3bd85c43f
2026,2,2026-02-01,Central Bank of India Apps,0.47,165.55,0.0,0.0,0.0,0.0,0.47,165.55,NPCI UPI Ecosystem Statistics via https://github.com/luckisalive/npci_upi_analytics@5c007daef0b69f30dd8e555c548ba6f3bd85c43f
2026,2,2026-02-01,Cheq,0.08,7.5,0.0,0.0,0.0,0.0,0.08,7.5,NPCI UPI Ecosystem Statistics via https://github.com/luckisalive/npci_upi_analytics@5c007daef0b69f30dd8e555c548ba6f3bd85c43f
2026,2,2026-02-01,City Union Bank Apps,0.06,28.19,0.02,0.33,0.0,0.07,0.08,28.59,NPCI UPI Ecosystem Statistics via https://github.com/luckisalive/npci_upi_analytics@5c007daef0b69f30dd8e555c548ba6f3bd85c43f
2026,2,2026-02-01,Cred,145.98,54045.92,0.0,0.0,0.0,0.0,145.98,54045.92,NPCI UPI Ecosystem Statistics via https://github.com/luckisalive/npci_upi_analytics@5c007daef0b69f30dd8e555c548ba6f3bd85c43f
2026,2,2026-02-01,Curie Money,0.05,2.96,0.0,0.0,0.0,0.0,0.05,2.96,NPCI UPI Ecosystem Statistics via https://github.com/luckisalive/npci_upi_analytics@5c007daef0b69f30dd8e555c548ba6f3bd85c43f
2026,2,2026-02-01,DBS Digibank Apps,0.51,171.35,0.04,33.31,0.0,0.58,0.55,205.24,NPCI UPI Ecosystem Statistics via https://github.com/luckisalive/npci_upi_analytics@5c007daef0b69f30dd8e555c548ba6f3bd85c43f
2026,2,2026-02-01,Deutsche Bank Apps,0.03,32.16,4.82,759.08,0.0,0.14,4.85,791.38,NPCI UPI Ecosystem Statistics via https://github.com/luckisalive/npci_upi_analytics@5c007daef0b69f30dd8e555c548ba6f3bd85c43f
2026,2,2026-02-01,Dhani,0.19,8.16,0.0,0.0,0.0,0.0,0.19,8.16,NPCI UPI Ecosystem Statistics via https://github.com/luckisalive/npci_upi_analytics@5c007daef0b69f30dd8e555c548ba6f3bd85c43f
2026,2,2026-02-01,Digikhata,1.31,472.46,0.0,0.0,0.0,0.0,1.31,472.46,NPCI UPI Ecosystem Statistics via https://github.com/luckisalive/npci_upi_analytics@5c007daef0b69f30dd8e555c548ba6f3bd85c43f
2026,2,2026-02-01,ESAF Small Finance Bank Apps,0.35,38.36,0.0,0.0,0.0,0.0,0.35,38.36,NPCI UPI Ecosystem Statistics via https://github.com/luckisalive/npci_upi_analytics@5c007daef0b69f30dd8e555c548ba6f3bd85c43f
2026,2,2026-02-01,Equitas Small Finance Bank Apps,0.06,16.45,0.0,0.0,0.0,0.0,0.06,16.45,NPCI UPI Ecosystem Statistics via https://github.com/luckisalive/npci_upi_analytics@5c007daef0b69f30dd8e555c548ba6f3bd85c43f
2026,2,2026-02-01,FamApp by Trio,149.06,1898.62,0.0,0.0,0.0,0.0,149.06,1898.62,NPCI UPI Ecosystem Statistics via https://github.com/luckisalive/npci_upi_analytics@5c007daef0b69f30dd8e555c548ba6f3bd85c43f
2026,2,2026-02-01,Fave,0.04,8.37,0.0,0.0,0.0,0.0,0.04,8.37,NPCI UPI Ecosystem Statistics via https://github.com/luckisalive/npci_upi_analytics@5c007daef0b69f30dd8e555c548ba6f3bd85c43f
2026,2,2026-02-01,Federal Bank App,6.7,1996.03,0.0,6.19,0.0,0.0,6.7,2002.22,NPCI UPI Ecosystem Statistics via https://github.com/luckisalive/npci_upi_analytics@5c007daef0b69f30dd8e555c548ba6f3bd85c43f
2026,2,2026-02-01,Fi Money,1.92,299.83,0.0,0.0,0.0,0.0,1.92,299.83,NPCI UPI Ecosystem Statistics via https://github.com/luckisalive/npci_upi_analytics@5c007daef0b69f30dd8e555c548ba6f3bd85c43f
2026,2,2026-02-01,Fino Payments Bank Apps,0.52,51.55,0.0,0.0,0.0,0.0,0.52,51.55,NPCI UPI Ecosystem Statistics via https://github.com/luckisalive/npci_upi_analytics@5c007daef0b69f30dd8e555c548ba6f3bd85c43f
2026,2,2026-02-01,Flipkart UPI,2.39,115.59,0.0,0.0,0.0,0.0,2.39,115.59,NPCI UPI Ecosystem Statistics via https://github.com/luckisalive/npci_upi_analytics@5c007daef0b69f30dd8e555c548ba6f3bd85c43f
2026,2,2026-02-01,Freo,0.77,72.69,0.0,0.0,0.0,0.0,0.77,72.69,NPCI UPI Ecosystem Statistics via https://github.com/luckisalive/npci_upi_analytics@5c007daef0b69f30dd8e555c548ba6f3bd85c43f
2026,2,2026-02-01,Google Pay,6767.14,903051.6,0.0,0.0,0.0,0.0,6767.14,903051.6,NPCI UPI Ecosystem Statistics via https://github.com/luckisalive/npci_upi_analytics@5c007daef0b69f30dd8e555c548ba6f3bd85c43f
2026,2,2026-02-01,Groww,16.3,12154.86,0.0,0.0,0.0,0.0,16.3,12154.86,NPCI UPI Ecosystem Statistics via https://github.com/luckisalive/npci_upi_analytics@5c007daef0b69f30dd8e555c548ba6f3bd85c43f
2026,2,2026-02-01,HDFC Bank Apps,29.81,9915.03,37.13,5333.5,0.0,0.3,66.94,15248.82,NPCI UPI Ecosystem Statistics via https://github.com/luckisalive/npci_upi_analytics@5c007daef0b69f30dd8e555c548ba6f3bd85c43f
2026,2,2026-02-01,HSBC Bank Apps,0.76,144.93,0.48,3.06,0.01,0.33,1.25,148.32,NPCI UPI Ecosystem Statistics via https://github.com/luckisalive/npci_upi_analytics@5c007daef0b69f30dd8e555c548ba6f3bd85c43f
2026,2,2026-02-01,ICICI Bank Apps,21.66,6802.26,15.92,9028.29,2.37,2383.12,39.95,18213.67,NPCI UPI Ecosystem Statistics via https://github.com/luckisalive/npci_upi_analytics@5c007daef0b69f30dd8e555c548ba6f3bd85c43f
2026,2,2026-02-01,IDBI Bank Apps,0.19,94.62,0.0,0.0,0.0,0.0,0.19,94.62,NPCI UPI Ecosystem Statistics via https://github.com/luckisalive/npci_upi_analytics@5c007daef0b69f30dd8e555c548ba6f3bd85c43f
2026,2,2026-02-01,IDFC Bank Apps,13.5,3189.21,23.91,39.16,0.01,0.19,37.41,3228.56,NPCI UPI Ecosystem Statistics via https://github.com/luckisalive/npci_upi_analytics@5c007daef0b69f30dd8e555c548ba6f3bd85c43f
2026,2,2026-02-01,Ind Money,3.7,1096.38,0.0,0.0,0.0,0.0,3.7,1096.38,NPCI UPI Ecosystem Statistics via https://github.com/luckisalive/npci_upi_analytics@5c007daef0b69f30dd8e555c548ba6f3bd85c43f
2026,2,2026-02-01,India Post Payments Bank Apps,16.52,1788.5,0.0,0.0,0.0,0.0,16.52,1788.5,NPCI UPI Ecosystem Statistics via https://github.com/luckisalive/npci_upi_analytics@5c007daef0b69f30dd8e555c548ba6f3bd85c43f
2026,2,2026-02-01,Indian Bank Apps,1.33,338.37,0.0,0.0,0.12,117.24,1.45,455.61,NPCI UPI Ecosystem Statistics via https://github.com/luckisalive/npci_upi_analytics@5c007daef0b69f30dd8e555c548ba6f3bd85c43f
2026,2,2026-02-01,Indian Overseas Bank Apps,0.12,37.83,0.0,0.0,0.0,0.0,0.12,37.83,NPCI UPI Ecosystem Statistics via https://github.com/luckisalive/npci_upi_analytics@5c007daef0b69f30dd8e555c548ba6f3bd85c43f
2026,2,2026-02-01,IndusInd Bank Apps,0.49,131.85,0.68,65.34,0.0,0.04,1.17,197.23,NPCI UPI Ecosystem Statistics via https://github.com/luckisalive/npci_upi_analytics@5c007daef0b69f30dd8e555c548ba6f3bd85c43f
2026,2,2026-02-01,Jammu and Kashmir Bank Apps,2.65,394.59,0.0,0.0,0.0,0.0,2.65,394.59,NPCI UPI Ecosystem Statistics via https://github.com/luckisalive/npci_upi_analytics@5c007daef0b69f30dd8e555c548ba6f3bd85c43f
2026,2,2026-02-01,Jar,0.63,19.07,0.0,0.0,0.0,0.0,0.63,19.07,NPCI UPI Ecosystem Statistics via https://github.com/luckisalive/npci_upi_analytics@5c007daef0b69f30dd8e555c548ba6f3bd85c43f
2026,2,2026-02-01,Jio Payments Bank Apps,6.64,449.17,0.0,0.0,0.0,0.0,6.64,449.17,NPCI UPI Ecosystem Statistics via https://github.com/luckisalive/npci_upi_analytics@5c007daef0b69f30dd8e555c548ba6f3bd85c43f
2026,2,2026-02-01,Jupiter Money,5.35,897.61,0.0,0.0,0.0,0.0,5.35,897.61,NPCI UPI Ecosystem Statistics via https://github.com/luckisalive/npci_upi_analytics@5c007daef0b69f30dd8e555c548ba6f3bd85c43f
2026,2,2026-02-01,Karnataka Bank Apps,0.26,63.37,0.0,0.0,0.0,0.01,0.26,63.38,NPCI UPI Ecosystem Statistics via https://github.com/luckisalive/npci_upi_analytics@5c007daef0b69f30dd8e555c548ba6f3bd85c43f
2026,2,2026-02-01,Karur Vysya Bank Apps,0.13,46.09,0.0,0.0,0.0,0.0,0.13,46.09,NPCI UPI Ecosystem Statistics via https://github.com/luckisalive/npci_upi_analytics@5c007daef0b69f30dd8e555c548ba6f3bd85c43f
2026,2,2026-02-01,Kiwi,2.65,434.15,0.0,0.0,0.0,0.0,2.65,434.15,NPCI UPI Ecosystem Statistics via https://github.com/luckisalive/npci_upi_analytics@5c007daef0b69f30dd8e555c548ba6f3bd85c43f
2026,2,2026-02-01,Kotak Mahindra Bank Apps,102.0,12295.68,0.01,0.22,0.0,0.0,102.0,12295.9,NPCI UPI Ecosystem Statistics via https://github.com/luckisalive/npci_upi_analytics@5c007daef0b69f30dd8e555c548ba6f3bd85c43f
2026,2,2026-02-01,Kredit Pe,0.67,58.61,0.0,0.0,0.0,0.0,0.67,58.61,NPCI UPI Ecosystem Statistics via https://github.com/luckisalive/npci_upi_analytics@5c007daef0b69f30dd8e555c548ba6f3bd85c43f
2026,2,2026-02-01,KreditBee,2.44,142.33,0.0,0.0,0.0,0.0,2.44,142.33,NPCI UPI Ecosystem Statistics via https://github.com/luckisalive/npci_upi_analytics@5c007daef0b69f30dd8e555c548ba6f3bd85c43f
2026,2,2026-02-01,LXME,0.05,3.78,0.0,0.0,0.0,0.0,0.05,3.78,NPCI UPI Ecosystem Statistics via https://github.com/luckisalive/npci_upi_analytics@5c007daef0b69f30dd8e555c548ba6f3bd85c43f
2026,2,2026-02-01,Mobikwik,65.81,7509.87,0.0,0.0,0.0,0.0,65.81,7509.87,NPCI UPI Ecosystem Statistics via https://github.com/luckisalive/npci_upi_analytics@5c007daef0b69f30dd8e555c548ba6f3bd85c43f
2026,2,2026-02-01,Money View,2.83,157.81,0.0,0.0,0.0,0.0,2.83,157.81,NPCI UPI Ecosystem Statistics via https://github.com/luckisalive/npci_upi_analytics@5c007daef0b69f30dd8e555c548ba6f3bd85c43f
2026,2,2026-02-01,NSDL Payments Bank Apps,0.14,12.95,0.8,263.13,0.02,1.74,0.96,277.82,NPCI UPI Ecosystem Statistics via https://github.com/luckisalive/npci_upi_analytics@5c007daef0b69f30dd8e555c548ba6f3bd85c43f
2026,2,2026-02-01,Navi,650.28,36563.0,0.0,0.0,0.0,0.0,650.28,36563.0,NPCI UPI Ecosystem Statistics via https://github.com/luckisalive/npci_upi_analytics@5c007daef0b69f30dd8e555c548ba6f3bd85c43f
2026,2,2026-02-01,Obopay,0.19,30.31,0.0,0.0,0.0,0.0,0.19,30.31,NPCI UPI Ecosystem Statistics via https://github.com/luckisalive/npci_upi_analytics@5c007daef0b69f30dd8e555c548ba6f3bd85c43f
2026,2,2026-02-01,Omni Card,1.77,92.21,0.0,0.0,0.0,0.0,1.77,92.21,NPCI UPI Ecosystem Statistics via https://github.com/luckisalive/npci_upi_analytics@5c007daef0b69f30dd8e555c548ba6f3bd85c43f
2026,2,2026-02-01,One Card,0.57,684.4,0.0,0.0,0.0,0.0,0.57,684.4,NPCI UPI Ecosystem Statistics via https://github.com/luckisalive/npci_upi_analytics@5c007daef0b69f30dd8e555c548ba6f3bd85c43f
2026,2,2026-02-01,Other,2.89,239.63,0.0,0.0,0.15,6.73,3.04,246.36,NPCI UPI Ecosystem Statistics via https://github.com/luckisalive/npci_upi_analytics@5c007daef0b69f30dd8e555c548ba6f3bd85c43f
2026,2,2026-02-01,POP UPI,8.48,662.57,0.0,0.0,0.0,0.0,8.48,662.57,NPCI UPI Ecosystem Statistics via https://github.com/luckisalive/npci_upi_analytics@5c007daef0b69f30dd8e555c548ba6f3bd85c43f
2026,2,2026-02-01,Paytm,1595.09,174128.86,0.0,0.0,0.0,0.0,1595.09,174128.86,NPCI UPI Ecosystem Statistics via https://github.com/luckisalive/npci_upi_analytics@5c007daef0b69f30dd8e555c548ba6f3bd85c43f
2026,2,2026-02-01,Payworld,0.12,10.68,0.0,0.0,0.0,0.0,0.12,10.68,NPCI UPI Ecosystem Statistics via https://github.com/luckisalive/npci_upi_analytics@5c007daef0b69f30dd8e555c548ba6f3bd85c43f
2026,2,2026-02-01,PhonePe,9284.22,1310392.95,0.0,0.0,0.0,0.0,9284.22,1310392.95,NPCI UPI Ecosystem Statistics via https://github.com/luckisalive/npci_upi_analytics@5c007daef0b69f30dd8e555c548ba6f3bd85c43f
2026,2,2026-02-01,Punjab National Bank Apps,1.96,536.12,0.0,0.0,0.0,0.0,1.96,536.12,NPCI UPI Ecosystem Statistics via https://github.com/luckisalive/npci_upi_analytics@5c007daef0b69f30dd8e555c548ba6f3bd85c43f
2026,2,2026-02-01,Punjab Sind Bank Apps,0.03,12.71,0.0,0.0,0.0,0.0,0.03,12.71,NPCI UPI Ecosystem Statistics via https://github.com/luckisalive/npci_upi_analytics@5c007daef0b69f30dd8e555c548ba6f3bd85c43f
2026,2,2026-02-01,RBL Bank Apps,0.49,201.3,9.42,3981.52,0.12,34.01,10.03,4216.83,NPCI UPI Ecosystem Statistics via https://github.com/luckisalive/npci_upi_analytics@5c007daef0b69f30dd8e555c548ba6f3bd85c43f
2026,2,2026-02-01,Rapipay,0.47,33.53,0.0,0.0,0.0,0.0,0.47,33.53,NPCI UPI Ecosystem Statistics via https://github.com/luckisalive/npci_upi_analytics@5c007daef0b69f30dd8e555c548ba6f3bd85c43f
2026,2,2026-02-01,Saathi by PayNearBy,0.19,23.54,0.0,0.0,0.0,0.0,0.19,23.54,NPCI UPI Ecosystem Statistics via https://github.com/luckisalive/npci_upi_analytics@5c007daef0b69f30dd8e555c548ba6f3bd85c43f
2026,2,2026-02-01,Salary Se,0.48,38.44,0.0,0.0,0.0,0.0,0.48,38.44,NPCI UPI Ecosystem Statistics via https://github.com/luckisalive/npci_upi_analytics@5c007daef0b69f30dd8e555c548ba6f3bd85c43f
2026,2,2026-02-01,Samsung Pay,10.29,679.66,0.0,0.0,0.0,0.0,10.29,679.66,NPCI UPI Ecosystem Statistics via https://github.com/luckisalive/npci_upi_analytics@5c007daef0b69f30dd8e555c548ba6f3bd85c43f
2026,2,2026-02-01,Shri Ram One,0.71,82.45,0.0,0.0,0.0,0.0,0.71,82.45,NPCI UPI Ecosystem Statistics via https://github.com/luckisalive/npci_upi_analytics@5c007daef0b69f30dd8e555c548ba6f3bd85c43f
2026,2,2026-02-01,Slice Small Finance Bank Apps,39.98,3775.84,2.58,425.0,0.01,4.34,42.57,4205.18,NPCI UPI Ecosystem Statistics via https://github.com/luckisalive/npci_upi_analytics@5c007daef0b69f30dd8e555c548ba6f3bd85c43f
2026,2,2026-02-01,South Indian Bank Apps,0.84,266.22,0.0,0.0,0.0,0.0,0.84,266.22,NPCI UPI Ecosystem Statistics via https://github.com/luckisalive/npci_upi_analytics@5c007daef0b69f30dd8e555c548ba6f3bd85c43f
2026,2,2026-02-01,Spice Money,0.39,35.08,0.0,0.0,0.0,0.0,0.39,35.08,NPCI UPI Ecosystem Statistics via https://github.com/luckisalive/npci_upi_analytics@5c007daef0b69f30dd8e555c548ba6f3bd85c43f
2026,2,2026-02-01,Standard Chartered Bank Apps,0.12,95.62,0.34,13.89,0.0,0.2,0.46,109.71,NPCI UPI Ecosystem Statistics via https://github.com/luckisalive/npci_upi_analytics@5c007daef0b69f30dd8e555c548ba6f3bd85c43f
2026,2,2026-02-01,State Bank of India Apps,15.7,4698.1,0.0,0.41,0.0,0.0,15.7,4698.51,NPCI UPI Ecosystem Statistics via https://github.com/luckisalive/npci_upi_analytics@5c007daef0b69f30dd8e555c548ba6f3bd85c43f
2026,2,2026-02-01,Suryoday Bank Apps,0.0,0.0,2.34,10.35,0.03,2.94,2.37,13.3,NPCI UPI Ecosystem Statistics via https://github.com/luckisalive/npci_upi_analytics@5c007daef0b69f30dd8e555c548ba6f3bd85c43f
2026,2,2026-02-01,Tamilnad Mercantile Bank Apps,0.1,39.0,0.0,0.0,0.0,0.0,0.1,39.0,NPCI UPI Ecosystem Statistics via https://github.com/luckisalive/npci_upi_analytics@5c007daef0b69f30dd8e555c548ba6f3bd85c43f
2026,2,2026-02-01,Tata Pay,0.29,101.76,0.0,0.0,0.0,0.0,0.29,101.76,NPCI UPI Ecosystem Statistics via https://github.com/luckisalive/npci_upi_analytics@5c007daef0b69f30dd8e555c548ba6f3bd85c43f
2026,2,2026-02-01,Timepay,1.23,21.55,0.0,0.0,0.0,0.0,1.23,21.55,NPCI UPI Ecosystem Statistics via https://github.com/luckisalive/npci_upi_analytics@5c007daef0b69f30dd8e555c548ba6f3bd85c43f
2026,2,2026-02-01,True Balance,0.19,6.55,0.0,0.0,0.0,0.0,0.19,6.55,NPCI UPI Ecosystem Statistics via https://github.com/luckisalive/npci_upi_analytics@5c007daef0b69f30dd8e555c548ba6f3bd85c43f
2026,2,2026-02-01,TwidPay,0.14,14.73,0.0,0.0,0.0,0.0,0.14,14.73,NPCI UPI Ecosystem Statistics via https://github.com/luckisalive/npci_upi_analytics@5c007daef0b69f30dd8e555c548ba6f3bd85c43f
2026,2,2026-02-01,UCO Bank Apps,0.57,161.22,0.0,0.0,0.0,0.0,0.57,161.22,NPCI UPI Ecosystem Statistics via https://github.com/luckisalive/npci_upi_analytics@5c007daef0b69f30dd8e555c548ba6f3bd85c43f
2026,2,2026-02-01,Ultracash,0.05,3.72,0.0,0.0,0.0,0.0,0.05,3.72,NPCI UPI Ecosystem Statistics via https://github.com/luckisalive/npci_upi_analytics@5c007daef0b69f30dd8e555c548ba6f3bd85c43f
2026,2,2026-02-01,Union Bank Apps,0.84,241.03,0.0,0.0,0.0,0.0,0.84,241.03,NPCI UPI Ecosystem Statistics via https://github.com/luckisalive/npci_upi_analytics@5c007daef0b69f30dd8e555c548ba6f3bd85c43f
2026,2,2026-02-01,Unity Small Finance Bank Apps,0.05,11.21,0.0,0.0,0.0,0.0,0.05,11.21,NPCI UPI Ecosystem Statistics via https://github.com/luckisalive/npci_upi_analytics@5c007daef0b69f30dd8e555c548ba6f3bd85c43f
2026,2,2026-02-01,Whatsapp,112.89,8557.08,0.0,0.0,0.0,0.0,112.89,8557.08,NPCI UPI Ecosystem Statistics via https://github.com/luckisalive/npci_upi_analytics@5c007daef0b69f30dd8e555c548ba6f3bd85c43f
2026,2,2026-02-01,Yes Bank Apps,3.47,2845.34,38.48,3340.61,0.12,8.75,42.07,6194.7,NPCI UPI Ecosystem Statistics via https://github.com/luckisalive/npci_upi_analytics@5c007daef0b69f30dd8e555c548ba6f3bd85c43f
2026,2,2026-02-01,ZET,0.03,2.01,0.0,0.0,0.0,0.0,0.03,2.01,NPCI UPI Ecosystem Statistics via https://github.com/luckisalive/npci_upi_analytics@5c007daef0b69f30dd8e555c548ba6f3bd85c43f
2026,2,2026-02-01,super.money,289.32,12314.08,0.0,0.0,0.0,0.0,289.32,12314.08,NPCI UPI Ecosystem Statistics via https://github.com/luckisalive/npci_upi_analytics@5c007daef0b69f30dd8e555c548ba6f3bd85c43f
2026,4,2026-04-01,AU Small Finance Bank Apps,0.986525,313.527510068,0.0,0.86,0.0,0.0,0.986726,314.383012568,NPCI UPI Ecosystem Statistics via https://github.com/luckisalive/npci_upi_analytics@5c007daef0b69f30dd8e555c548ba6f3bd85c43f
2026,4,2026-04-01,Aditya Birla Capital Digital,0.97487,20.827081981,0.0,0.0,0.0,0.0,0.97487,20.827081981,NPCI UPI Ecosystem Statistics via https://github.com/luckisalive/npci_upi_analytics@5c007daef0b69f30dd8e555c548ba6f3bd85c43f
2026,4,2026-04-01,Airtel Payments Bank Apps,17.958038,1935.3383248769992,1.75,209.57,0.0,0.0,19.708104,2144.9111455029997,NPCI UPI Ecosystem Statistics via https://github.com/luckisalive/npci_upi_analytics@5c007daef0b69f30dd8e555c548ba6f3bd85c43f
2026,4,2026-04-01,Amazon Pay,83.774217,10067.742476972988,0.0,0.0,0.0,0.0,83.774217,10067.742476972988,NPCI UPI Ecosystem Statistics via https://github.com/luckisalive/npci_upi_analytics@5c007daef0b69f30dd8e555c548ba6f3bd85c43f
2026,4,2026-04-01,Axis Bank Apps,28.288254,5223.562405149999,97.45,5017.72,0.07,12.38,125.811857,10253.663412364998,NPCI UPI Ecosystem Statistics via https://github.com/luckisalive/npci_upi_analytics@5c007daef0b69f30dd8e555c548ba6f3bd85c43f
2026,4,2026-04-01,BHIM,210.173588,25198.435842505987,0.0,0.0,0.0,0.0,210.173588,25198.435842505987,NPCI UPI Ecosystem Statistics via https://github.com/luckisalive/npci_upi_analytics@5c007daef0b69f30dd8e555c548ba6f3bd85c43f
2026,4,2026-04-01,Bajaj Finserv,14.387697,3027.375606598999,0.0,0.0,0.0,0.0,14.387697,3027.375606598999,NPCI UPI Ecosystem Statistics via https://github.com/luckisalive/npci_upi_analytics@5c007daef0b69f30dd8e555c548ba6f3bd85c43f
2026,4,2026-04-01,Bank of Baroda Apps,1.619616,475.428937361998,0.0,0.0,0.0,18.54,1.622346,493.966469861998,NPCI UPI Ecosystem Statistics via https://github.com/luckisalive/npci_upi_analytics@5c007daef0b69f30dd8e555c548ba6f3bd85c43f
2026,4,2026-04-01,Bank of India Apps,0.313851,113.81993899699992,0.0,0.0,0.0,0.0,0.313851,113.81993899699992,NPCI UPI Ecosystem Statistics via https://github.com/luckisalive/npci_upi_analytics@5c007daef0b69f30dd8e555c548ba6f3bd85c43f
2026,4,2026-04-01,Bank of Maharashtra Apps,0.083207,32.145964881999895,0.0,0.0,0.0,0.0,0.083207,32.145964881999895,NPCI UPI Ecosystem Statistics via https://github.com/luckisalive/npci_upi_analytics@5c007daef0b69f30dd8e555c548ba6f3bd85c43f
2026,4,2026-04-01,Bharat Pe,2.296061,236.53168827799988,0.0,0.0,0.0,0.0,2.296061,236.53168827799988,NPCI UPI Ecosystem Statistics via https://github.com/luckisalive/npci_upi_analytics@5c007daef0b69f30dd8e555c548ba6f3bd85c43f
2026,4,2026-04-01,Canara Bank Apps,3.343432,1014.380649811,0.0,0.0,0.0,0.0,3.343432,1014.380649811,NPCI UPI Ecosystem Statistics via https://github.com/luckisalive/npci_upi_analytics@5c007daef0b69f30dd8e555c548ba6f3bd85c43f
2026,4,2026-04-01,Central Bank of India Apps,0.53077,188.970395526999,0.0,0.0,0.0,0.0,0.53077,188.970395526999,NPCI UPI Ecosystem Statistics via https://github.com/luckisalive/npci_upi_analytics@5c007daef0b69f30dd8e555c548ba6f3bd85c43f
2026,4,2026-04-01,Cheq,0.047977,4.39953017999999,0.0,0.0,0.0,0.0,0.047977,4.39953017999999,NPCI UPI Ecosystem Statistics via https://github.com/luckisalive/npci_upi_analytics@5c007daef0b69f30dd8e555c548ba6f3bd85c43f
2026,4,2026-04-01,City Union Bank Apps,0.071631,31.4252758729999,0.11,1.13,0.0,0.26,0.181588,32.810298116999896,NPCI UPI Ecosystem Statistics via https://github.com/luckisalive/npci_upi_analytics@5c007daef0b69f30dd8e555c548ba6f3bd85c43f
2026,4,2026-04-01,Cred,157.509997,56569.0806640629,0.0,0.0,0.0,0.0,157.509997,56569.0806640629,NPCI UPI Ecosystem Statistics via https://github.com/luckisalive/npci_upi_analytics@5c007daef0b69f30dd8e555c548ba6f3bd85c43f
2026,4,2026-04-01,Curie Money,0.067012,4.439861911,0.0,0.0,0.0,0.0,0.067012,4.439861911,NPCI UPI Ecosystem Statistics via https://github.com/luckisalive/npci_upi_analytics@5c007daef0b69f30dd8e555c548ba6f3bd85c43f
2026,4,2026-04-01,DBS Digibank Apps,0.532882,181.62802199399889,0.02,20.97,0.0,0.04,0.552259,202.6345368879988,NPCI UPI Ecosystem Statistics via https://github.com/luckisalive/npci_upi_analytics@5c007daef0b69f30dd8e555c548ba6f3bd85c43f
2026,4,2026-04-01,Deutsche Bank Apps,0.02892,39.10837484,4.75,866.81,0.0,0.11,4.783666,906.0217630359988,NPCI UPI Ecosystem Statistics via https://github.com/luckisalive/npci_upi_analytics@5c007daef0b69f30dd8e555c548ba6f3bd85c43f
2026,4,2026-04-01,Dhani,0.162991,8.08897363699999,0.0,0.0,0.0,0.0,0.162991,8.08897363699999,NPCI UPI Ecosystem Statistics via https://github.com/luckisalive/npci_upi_analytics@5c007daef0b69f30dd8e555c548ba6f3bd85c43f
2026,4,2026-04-01,Digikhata,1.53158,556.235699725999,0.0,0.0,0.0,0.0,1.53158,556.235699725999,NPCI UPI Ecosystem Statistics via https://github.com/luckisalive/npci_upi_analytics@5c007daef0b69f30dd8e555c548ba6f3bd85c43f
2026,4,2026-04-01,Equitas Small Finance Bank Apps,0.0632,17.966893522,0.0,0.0,0.0,0.0,0.0632,17.966893522,NPCI UPI Ecosystem Statistics via https://github.com/luckisalive/npci_upi_analytics@5c007daef0b69f30dd8e555c548ba6f3bd85c43f
2026,4,2026-04-01,FamApp by Trio,182.873413,2503.311990657,0.0,0.0,0.0,0.0,182.873413,2503.311990657,NPCI UPI Ecosystem Statistics via https://github.com/luckisalive/npci_upi_analytics@5c007daef0b69f30dd8e555c548ba6f3bd85c43f
2026,4,2026-04-01,Fave,0.068521,12.464045172,0.0,0.0,0.0,0.0,0.068521,12.464045172,NPCI UPI Ecosystem Statistics via https://github.com/luckisalive/npci_upi_analytics@5c007daef0b69f30dd8e555c548ba6f3bd85c43f
2026,4,2026-04-01,Federal Bank App,7.827066,2949.4939633929885,0.01,8.36,0.0,0.0,7.834133,2957.858426495988,NPCI UPI Ecosystem Statistics via https://github.com/luckisalive/npci_upi_analytics@5c007daef0b69f30dd8e555c548ba6f3bd85c43f
2026,4,2026-04-01,Fi Money,0.491204,98.0960133089999,0.0,0.0,0.0,0.0,0.491204,98.0960133089999,NPCI UPI Ecosystem Statistics via https://github.com/luckisalive/npci_upi_analytics@5c007daef0b69f30dd8e555c548ba6f3bd85c43f
2026,4,2026-04-01,Fino Payments Bank Apps,0.619884,59.80680088399999,0.0,0.0,0.0,0.0,0.619884,59.80680088399999,NPCI UPI Ecosystem Statistics via https://github.com/luckisalive/npci_upi_analytics@5c007daef0b69f30dd8e555c548ba6f3bd85c43f
2026,4,2026-04-01,Flipkart UPI,2.91298,127.702909843,0.0,0.0,0.0,0.0,2.91298,127.702909843,NPCI UPI Ecosystem Statistics via https://github.com/luckisalive/npci_upi_analytics@5c007daef0b69f30dd8e555c548ba6f3bd85c43f
2026,4,2026-04-01,Freo,1.365579,147.190806101,0.0,0.0,0.0,0.0,1.365579,147.190806101,NPCI UPI Ecosystem Statistics via https://github.com/luckisalive/npci_upi_analytics@5c007daef0b69f30dd8e555c548ba6f3bd85c43f
2026,4,2026-04-01,Google Pay,7359.444662,972068.420005001,0.0,0.0,0.0,0.0,7359.444662,972068.420005001,NPCI UPI Ecosystem Statistics via https://github.com/luckisalive/npci_upi_analytics@5c007daef0b69f30dd8e555c548ba6f3bd85c43f
2026,4,2026-04-01,Groww,14.657838,12631.620073593893,0.0,0.0,0.0,0.0,14.657838,12631.620073593893,NPCI UPI Ecosystem Statistics via https://github.com/luckisalive/npci_upi_analytics@5c007daef0b69f30dd8e555c548ba6f3bd85c43f
2026,4,2026-04-01,HDFC Bank Apps,33.15219,11362.73125466597,33.67,5187.96,0.0,0.46,66.825236,16551.15322380397,NPCI UPI Ecosystem Statistics via https://github.com/luckisalive/npci_upi_analytics@5c007daef0b69f30dd8e555c548ba6f3bd85c43f
2026,4,2026-04-01,HSBC Bank Apps,0.94578,175.5462597219989,0.63,4.01,0.01,0.27,1.582114,179.82658085899888,NPCI UPI Ecosystem Statistics via https://github.com/luckisalive/npci_upi_analytics@5c007daef0b69f30dd8e555c548ba6f3bd85c43f
2026,4,2026-04-01,ICICI Bank Apps,22.942857,7793.931389291987,36.13,10599.92,2.88,2972.32,61.959958,21366.17197792398,NPCI UPI Ecosystem Statistics via https://github.com/luckisalive/npci_upi_analytics@5c007daef0b69f30dd8e555c548ba6f3bd85c43f
2026,4,2026-04-01,IDBI Bank Apps,0.238647,120.32321569099992,0.0,0.0,0.0,0.0,0.238647,120.32321569099992,NPCI UPI Ecosystem Statistics via https://github.com/luckisalive/npci_upi_analytics@5c007daef0b69f30dd8e555c548ba6f3bd85c43f
2026,4,2026-04-01,IDFC Bank Apps,14.750643,3466.65090753499,12.09,146.35,0.02,1.86,26.855782,3614.8656023859903,NPCI UPI Ecosystem Statistics via https://github.com/luckisalive/npci_upi_analytics@5c007daef0b69f30dd8e555c548ba6f3bd85c43f
2026,4,2026-04-01,Ind Money,3.875766,1238.388015309999,0.0,0.0,0.0,0.0,3.875766,1238.388015309999,NPCI UPI Ecosystem Statistics via https://github.com/luckisalive/npci_upi_analytics@5c007daef0b69f30dd8e555c548ba6f3bd85c43f
2026,4,2026-04-01,India Post Payments Bank Apps,17.189645,1968.1560465219904,0.0,0.01,0.0,0.0,17.189759,1968.1611386219904,NPCI UPI Ecosystem Statistics via https://github.com/luckisalive/npci_upi_analytics@5c007daef0b69f30dd8e555c548ba6f3bd85c43f
2026,4,2026-04-01,Indian Bank Apps,1.593865,407.3811916459989,0.0,0.0,0.1,100.84,1.6889390000000002,508.2195853459989,NPCI UPI Ecosystem Statistics via https://github.com/luckisalive/npci_upi_analytics@5c007daef0b69f30dd8e555c548ba6f3bd85c43f
2026,4,2026-04-01,Indian Overseas Bank Apps,0.094235,32.02998119299999,0.0,0.0,0.0,0.0,0.094235,32.02998119299999,NPCI UPI Ecosystem Statistics via https://github.com/luckisalive/npci_upi_analytics@5c007daef0b69f30dd8e555c548ba6f3bd85c43f
2026,4,2026-04-01,IndusInd Bank Apps,0.536704,142.8010228589999,0.89,92.36,0.0,0.09,1.427642,235.2558057819999,NPCI UPI Ecosystem Statistics via https://github.com/luckisalive/npci_upi_analytics@5c007daef0b69f30dd8e555c548ba6f3bd85c43f
2026,4,2026-04-01,Jammu and Kashmir Bank Apps,3.638092,514.717645824,0.0,0.0,0.0,0.0,3.638092,514.717645824,NPCI UPI Ecosystem Statistics via https://github.com/luckisalive/npci_upi_analytics@5c007daef0b69f30dd8e555c548ba6f3bd85c43f
2026,4,2026-04-01,Jar,1.037849,27.1393369729999,0.0,0.0,0.0,0.0,1.037849,27.1393369729999,NPCI UPI Ecosystem Statistics via https://github.com/luckisalive/npci_upi_analytics@5c007daef0b69f30dd8e555c548ba6f3bd85c43f
2026,4,2026-04-01,Jio Payments Bank Apps,7.320664,471.0650029789998,0.0,0.0,0.0,0.0,7.320664,471.0650029789998,NPCI UPI Ecosystem Statistics via https://github.com/luckisalive/npci_upi_analytics@5c007daef0b69f30dd8e555c548ba6f3bd85c43f
2026,4,2026-04-01,Jupiter Money,5.543604,914.663728615,0.0,0.0,0.0,0.0,5.543604,914.663728615,NPCI UPI Ecosystem Statistics via https://github.com/luckisalive/npci_upi_analytics@5c007daef0b69f30dd8e555c548ba6f3bd85c43f
2026,4,2026-04-01,Karnataka Bank Apps,0.237785,62.7239978109998,0.0,0.01,0.0,0.01,0.237797,62.7453036109998,NPCI UPI Ecosystem Statistics via https://github.com/luckisalive/npci_upi_analytics@5c007daef0b69f30dd8e555c548ba6f3bd85c43f
2026,4,2026-04-01,Karur Vysya Bank Apps,0.12646,44.7049037989999,0.0,0.0,0.0,0.0,0.12646,44.7049037989999,NPCI UPI Ecosystem Statistics via https://github.com/luckisalive/npci_upi_analytics@5c007daef0b69f30dd8e555c548ba6f3bd85c43f
2026,4,2026-04-01,Kiwi,2.413714,461.489343314999,0.0,0.0,0.0,0.0,2.413714,461.489343314999,NPCI UPI Ecosystem Statistics via https://github.com/luckisalive/npci_upi_analytics@5c007daef0b69f30dd8e555c548ba6f3bd85c43f
2026,4,2026-04-01,Kotak Mahindra Bank Apps,116.186431,13894.872211503984,0.01,0.29,0.0,0.0,116.192629,13895.159964258986,NPCI UPI Ecosystem Statistics via https://github.com/luckisalive/npci_upi_analytics@5c007daef0b69f30dd8e555c548ba6f3bd85c43f
2026,4,2026-04-01,Kredit Pe,0.845314,66.29496477400001,0.0,0.0,0.0,0.0,0.845314,66.29496477400001,NPCI UPI Ecosystem Statistics via https://github.com/luckisalive/npci_upi_analytics@5c007daef0b69f30dd8e555c548ba6f3bd85c43f
2026,4,2026-04-01,KreditBee,7.002038,159.170020048999,0.0,0.0,0.0,0.0,7.002038,159.170020048999,NPCI UPI Ecosystem Statistics via https://github.com/luckisalive/npci_upi_analytics@5c007daef0b69f30dd8e555c548ba6f3bd85c43f
2026,4,2026-04-01,LXME,0.07041,4.920331919999989,0.0,0.0,0.0,0.0,0.07041,4.920331919999989,NPCI UPI Ecosystem Statistics via https://github.com/luckisalive/npci_upi_analytics@5c007daef0b69f30dd8e555c548ba6f3bd85c43f
2026,4,2026-04-01,Mobikwik,80.158103,9186.344648103966,0.0,0.0,0.0,0.0,80.158103,9186.344648103966,NPCI UPI Ecosystem Statistics via https://github.com/luckisalive/npci_upi_analytics@5c007daef0b69f30dd8e555c548ba6f3bd85c43f
2026,4,2026-04-01,Money View,3.501976,239.401527749,0.0,0.0,0.0,0.0,3.501976,239.401527749,NPCI UPI Ecosystem Statistics via https://github.com/luckisalive/npci_upi_analytics@5c007daef0b69f30dd8e555c548ba6f3bd85c43f
2026,4,2026-04-01,NSDL Payments Bank Apps,0.175936,15.461283498000002,0.11,167.03,0.0,0.21,0.282486,182.696741498,NPCI UPI Ecosystem Statistics via https://github.com/luckisalive/npci_upi_analytics@5c007daef0b69f30dd8e555c548ba6f3bd85c43f
2026,4,2026-04-01,Navi,801.868585,42683.84940068697,0.0,0.0,0.0,0.0,801.868585,42683.84940068697,NPCI UPI Ecosystem Statistics via https://github.com/luckisalive/npci_upi_analytics@5c007daef0b69f30dd8e555c548ba6f3bd85c43f
2026,4,2026-04-01,Obopay,0.243732,39.68300368499989,0.0,0.0,0.0,0.0,0.243732,39.68300368499989,NPCI UPI Ecosystem Statistics via https://github.com/luckisalive/npci_upi_analytics@5c007daef0b69f30dd8e555c548ba6f3bd85c43f
2026,4,2026-04-01,Omni Card,1.939128,103.4473673269998,0.0,0.0,0.0,0.0,1.939128,103.4473673269998,NPCI UPI Ecosystem Statistics via https://github.com/luckisalive/npci_upi_analytics@5c007daef0b69f30dd8e555c548ba6f3bd85c43f
2026,4,2026-04-01,One Card,0.529279,633.091626544,0.0,0.0,0.0,0.0,0.529279,633.091626544,NPCI UPI Ecosystem Statistics via https://github.com/luckisalive/npci_upi_analytics@5c007daef0b69f30dd8e555c548ba6f3bd85c43f
2026,4,2026-04-01,Other,3.213307,296.92042895499964,0.0,0.0,0.17,7.57,3.378435,304.4919279799997,NPCI UPI Ecosystem Statistics via https://github.com/luckisalive/npci_upi_analytics@5c007daef0b69f30dd8e555c548ba6f3bd85c43f
2026,4,2026-04-01,POP UPI,6.886336,579.4056688639998,0.0,0.0,0.0,0.0,6.886336,579.4056688639998,NPCI UPI Ecosystem Statistics via https://github.com/luckisalive/npci_upi_analytics@5c007daef0b69f30dd8e555c548ba6f3bd85c43f
2026,4,2026-04-01,Paytm,1778.059593,194317.76860332096,0.0,0.0,0.0,0.0,1778.059593,194317.76860332096,NPCI UPI Ecosystem Statistics via https://github.com/luckisalive/npci_upi_analytics@5c007daef0b69f30dd8e555c548ba6f3bd85c43f
2026,4,2026-04-01,Payworld,0.085584,7.76975312299999,0.0,0.0,0.0,0.0,0.085584,7.76975312299999,NPCI UPI Ecosystem Statistics via https://github.com/luckisalive/npci_upi_analytics@5c007daef0b69f30dd8e555c548ba6f3bd85c43f
2026,4,2026-04-01,PhonePe,10330.303979,1431722.5613297992,0.0,0.0,0.0,0.0,10330.303979,1431722.5613297992,NPCI UPI Ecosystem Statistics via https://github.com/luckisalive/npci_upi_analytics@5c007daef0b69f30dd8e555c548ba6f3bd85c43f
2026,4,2026-04-01,Punjab National Bank Apps,1.65532,469.0889576429989,0.0,0.0,0.0,0.0,1.65532,469.0889576429989,NPCI UPI Ecosystem Statistics via https://github.com/luckisalive/npci_upi_analytics@5c007daef0b69f30dd8e555c548ba6f3bd85c43f
2026,4,2026-04-01,Punjab Sind Bank Apps,0.031497,14.451431473999987,0.0,0.0,0.0,0.0,0.031497,14.451431473999987,NPCI UPI Ecosystem Statistics via https://github.com/luckisalive/npci_upi_analytics@5c007daef0b69f30dd8e555c548ba6f3bd85c43f
2026,4,2026-04-01,RBL Bank Apps,0.517839,211.123731914999,6.33,3521.63,0.07,31.06,6.910487,3763.8154641099904,NPCI UPI Ecosystem Statistics via https://github.com/luckisalive/npci_upi_analytics@5c007daef0b69f30dd8e555c548ba6f3bd85c43f
2026,4,2026-04-01,Rapipay,0.545678,32.3625663199999,0.0,0.0,0.0,0.0,0.545678,32.3625663199999,NPCI UPI Ecosystem Statistics via https://github.com/luckisalive/npci_upi_analytics@5c007daef0b69f30dd8e555c548ba6f3bd85c43f
2026,4,2026-04-01,Saathi by PayNearBy,0.383545,46.0992815669999,0.0,0.0,0.0,0.0,0.383545,46.0992815669999,NPCI UPI Ecosystem Statistics via https://github.com/luckisalive/npci_upi_analytics@5c007daef0b69f30dd8e555c548ba6f3bd85c43f
2026,4,2026-04-01,Salary Se,0.785489,59.7657966429999,0.0,0.0,0.0,0.0,0.785489,59.7657966429999,NPCI UPI Ecosystem Statistics via https://github.com/luckisalive/npci_upi_analytics@5c007daef0b69f30dd8e555c548ba6f3bd85c43f
2026,4,2026-04-01,Samsung Pay,10.821601,719.617210510999,0.0,0.0,0.0,0.0,10.821601,719.617210510999,NPCI UPI Ecosystem Statistics via https://github.com/luckisalive/npci_upi_analytics@5c007daef0b69f30dd8e555c548ba6f3bd85c43f
2026,4,2026-04-01,Scapia,0.054768,24.7384078149999,0.0,0.0,0.0,0.0,0.054768,24.7384078149999,NPCI UPI Ecosystem Statistics via https://github.com/luckisalive/npci_upi_analytics@5c007daef0b69f30dd8e555c548ba6f3bd85c43f
2026,4,2026-04-01,Shri Ram One,0.530667,60.601133293,0.0,0.0,0.0,0.0,0.530667,60.601133293,NPCI UPI Ecosystem Statistics via https://github.com/luckisalive/npci_upi_analytics@5c007daef0b69f30dd8e555c548ba6f3bd85c43f
2026,4,2026-04-01,Slice Small Finance Bank Apps,52.788429,4769.439191901,2.88,381.52,0.02,5.02,55.682687,5155.977231589999,NPCI UPI Ecosystem Statistics via https://github.com/luckisalive/npci_upi_analytics@5c007daef0b69f30dd8e555c548ba6f3bd85c43f
2026,4,2026-04-01,South Indian Bank Apps,0.892038,289.263515952,0.0,0.0,0.0,0.0,0.89205,289.265632097,NPCI UPI Ecosystem Statistics via https://github.com/luckisalive/npci_upi_analytics@5c007daef0b69f30dd8e555c548ba6f3bd85c43f
2026,4,2026-04-01,Spice Money,0.426068,37.817691778,0.0,0.0,0.0,0.0,0.426068,37.817691778,NPCI UPI Ecosystem Statistics via https://github.com/luckisalive/npci_upi_analytics@5c007daef0b69f30dd8e555c548ba6f3bd85c43f
2026,4,2026-04-01,Standard Chartered Bank Apps,0.122957,105.857256626999,0.81,61.49,0.01,0.51,0.94092,167.8488617309989,NPCI UPI Ecosystem Statistics via https://github.com/luckisalive/npci_upi_analytics@5c007daef0b69f30dd8e555c548ba6f3bd85c43f
2026,4,2026-04-01,State Bank of India Apps,19.063598,5658.71406432499,0.0,0.06,0.0,0.0,19.066916,5658.77275682499,NPCI UPI Ecosystem Statistics via https://github.com/luckisalive/npci_upi_analytics@5c007daef0b69f30dd8e555c548ba6f3bd85c43f
2026,4,2026-04-01,Suryoday Bank Apps,0.0,0.0,2.65,11.43,0.04,4.13,2.69418,15.553211847,NPCI UPI Ecosystem Statistics via https://github.com/luckisalive/npci_upi_analytics@5c007daef0b69f30dd8e555c548ba6f3bd85c43f
2026,4,2026-04-01,Tamilnad Mercantile Bank Apps,0.10334,42.710359072,0.0,0.0,0.0,0.0,0.10334,42.710359072,NPCI UPI Ecosystem Statistics via https://github.com/luckisalive/npci_upi_analytics@5c007daef0b69f30dd8e555c548ba6f3bd85c43f
2026,4,2026-04-01,Tata Pay,0.321385,91.04177619,0.0,0.0,0.0,0.0,0.321385,91.04177619,NPCI UPI Ecosystem Statistics via https://github.com/luckisalive/npci_upi_analytics@5c007daef0b69f30dd8e555c548ba6f3bd85c43f
2026,4,2026-04-01,Timepay,0.817385,17.936441097,0.0,0.0,0.0,0.0,0.817385,17.936441097,NPCI UPI Ecosystem Statistics via https://github.com/luckisalive/npci_upi_analytics@5c007daef0b69f30dd8e555c548ba6f3bd85c43f
2026,4,2026-04-01,True Balance,0.158839,5.6056432,0.0,0.0,0.0,0.0,0.158839,5.6056432,NPCI UPI Ecosystem Statistics via https://github.com/luckisalive/npci_upi_analytics@5c007daef0b69f30dd8e555c548ba6f3bd85c43f
2026,4,2026-04-01,UCO Bank Apps,0.612339,174.273535548,0.0,0.0,0.0,0.0,0.612339,174.273535548,NPCI UPI Ecosystem Statistics via https://github.com/luckisalive/npci_upi_analytics@5c007daef0b69f30dd8e555c548ba6f3bd85c43f
2026,4,2026-04-01,Ultracash,0.046721,4.03292473399999,0.0,0.0,0.0,0.0,0.046721,4.03292473399999,NPCI UPI Ecosystem Statistics via https://github.com/luckisalive/npci_upi_analytics@5c007daef0b69f30dd8e555c548ba6f3bd85c43f
2026,4,2026-04-01,Union Bank Apps,1.025216,320.1983105429998,0.0,0.0,0.0,0.0,1.025216,320.1983105429998,NPCI UPI Ecosystem Statistics via https://github.com/luckisalive/npci_upi_analytics@5c007daef0b69f30dd8e555c548ba6f3bd85c43f
2026,4,2026-04-01,Unity Small Finance Bank Apps,0.0603,14.6279291079999,12.54,1580.85,0.08,0.0,12.683757,1595.48082747,NPCI UPI Ecosystem Statistics via https://github.com/luckisalive/npci_upi_analytics@5c007daef0b69f30dd8e555c548ba6f3bd85c43f
2026,4,2026-04-01,Whatsapp,138.687311,10498.21920845898,0.0,0.0,0.0,0.0,138.687311,10498.21920845898,NPCI UPI Ecosystem Statistics via https://github.com/luckisalive/npci_upi_analytics@5c007daef0b69f30dd8e555c548ba6f3bd85c43f
2026,4,2026-04-01,Yes Bank Apps,3.624622,2889.441718901989,42.69,4200.83,0.21,12.93,46.522278,7103.202168847989,NPCI UPI Ecosystem Statistics via https://github.com/luckisalive/npci_upi_analytics@5c007daef0b69f30dd8e555c548ba6f3bd85c43f
2026,4,2026-04-01,ZET,0.033551,2.611462218,0.0,0.0,0.0,0.0,0.033551,2.611462218,NPCI UPI Ecosystem Statistics via https://github.com/luckisalive/npci_upi_analytics@5c007daef0b69f30dd8e555c548ba6f3bd85c43f
2026,4,2026-04-01,super.money,369.405055,16365.126034387,0.0,0.0,0.0,0.0,369.405055,16365.126034387,NPCI UPI Ecosystem Statistics via https://github.com/luckisalive/npci_upi_analytics@5c007daef0b69f30dd8e555c548ba6f3bd85c43f
