state_slug,state_name,year,population_persons,source_state_or_aggregation,source_table,source_date_basis,source_url,method_note
andaman-&-nicobar-islands,Andaman & Nicobar Islands,2011,381000,Andaman & Nicobar,Table 8: projected total population by sex as on 1 March,1 March of each calendar year,https://nhm.gov.in/New_Updates_2018/Report_Population_Projection_2019.pdf,Dadra & Nagar Haveli and Daman & Diu are summed to match the merged PhonePe geography.
andaman-&-nicobar-islands,Andaman & Nicobar Islands,2012,383000,Andaman & Nicobar,Table 8: projected total population by sex as on 1 March,1 March of each calendar year,https://nhm.gov.in/New_Updates_2018/Report_Population_Projection_2019.pdf,Dadra & Nagar Haveli and Daman & Diu are summed to match the merged PhonePe geography.
andaman-&-nicobar-islands,Andaman & Nicobar Islands,2013,385000,Andaman & Nicobar,Table 8: projected total population by sex as on 1 March,1 March of each calendar year,https://nhm.gov.in/New_Updates_2018/Report_Population_Projection_2019.pdf,Dadra & Nagar Haveli and Daman & Diu are summed to match the merged PhonePe geography.
andaman-&-nicobar-islands,Andaman & Nicobar Islands,2014,387000,Andaman & Nicobar,Table 8: projected total population by sex as on 1 March,1 March of each calendar year,https://nhm.gov.in/New_Updates_2018/Report_Population_Projection_2019.pdf,Dadra & Nagar Haveli and Daman & Diu are summed to match the merged PhonePe geography.
andaman-&-nicobar-islands,Andaman & Nicobar Islands,2015,390000,Andaman & Nicobar,Table 8: projected total population by sex as on 1 March,1 March of each calendar year,https://nhm.gov.in/New_Updates_2018/Report_Population_Projection_2019.pdf,Dadra & Nagar Haveli and Daman & Diu are summed to match the merged PhonePe geography.
andaman-&-nicobar-islands,Andaman & Nicobar Islands,2016,392000,Andaman & Nicobar,Table 8: projected total population by sex as on 1 March,1 March of each calendar year,https://nhm.gov.in/New_Updates_2018/Report_Population_Projection_2019.pdf,Dadra & Nagar Haveli and Daman & Diu are summed to match the merged PhonePe geography.
andaman-&-nicobar-islands,Andaman & Nicobar Islands,2017,394000,Andaman & Nicobar,Table 8: projected total population by sex as on 1 March,1 March of each calendar year,https://nhm.gov.in/New_Updates_2018/Report_Population_Projection_2019.pdf,Dadra & Nagar Haveli and Daman & Diu are summed to match the merged PhonePe geography.
andaman-&-nicobar-islands,Andaman & Nicobar Islands,2018,395000,Andaman & Nicobar,Table 8: projected total population by sex as on 1 March,1 March of each calendar year,https://nhm.gov.in/New_Updates_2018/Report_Population_Projection_2019.pdf,Dadra & Nagar Haveli and Daman & Diu are summed to match the merged PhonePe geography.
andaman-&-nicobar-islands,Andaman & Nicobar Islands,2019,397000,Andaman & Nicobar,Table 8: projected total population by sex as on 1 March,1 March of each calendar year,https://nhm.gov.in/New_Updates_2018/Report_Population_Projection_2019.pdf,Dadra & Nagar Haveli and Daman & Diu are summed to match the merged PhonePe geography.
andaman-&-nicobar-islands,Andaman & Nicobar Islands,2020,399000,Andaman & Nicobar,Table 8: projected total population by sex as on 1 March,1 March of each calendar year,https://nhm.gov.in/New_Updates_2018/Report_Population_Projection_2019.pdf,Dadra & Nagar Haveli and Daman & Diu are summed to match the merged PhonePe geography.
andaman-&-nicobar-islands,Andaman & Nicobar Islands,2021,400000,Andaman & Nicobar,Table 8: projected total population by sex as on 1 March,1 March of each calendar year,https://nhm.gov.in/New_Updates_2018/Report_Population_Projection_2019.pdf,Dadra & Nagar Haveli and Daman & Diu are summed to match the merged PhonePe geography.
andaman-&-nicobar-islands,Andaman & Nicobar Islands,2022,402000,Andaman & Nicobar,Table 8: projected total population by sex as on 1 March,1 March of each calendar year,https://nhm.gov.in/New_Updates_2018/Report_Population_Projection_2019.pdf,Dadra & Nagar Haveli and Daman & Diu are summed to match the merged PhonePe geography.
andaman-&-nicobar-islands,Andaman & Nicobar Islands,2023,403000,Andaman & Nicobar,Table 8: projected total population by sex as on 1 March,1 March of each calendar year,https://nhm.gov.in/New_Updates_2018/Report_Population_Projection_2019.pdf,Dadra & Nagar Haveli and Daman & Diu are summed to match the merged PhonePe geography.
andaman-&-nicobar-islands,Andaman & Nicobar Islands,2024,404000,Andaman & Nicobar,Table 8: projected total population by sex as on 1 March,1 March of each calendar year,https://nhm.gov.in/New_Updates_2018/Report_Population_Projection_2019.pdf,Dadra & Nagar Haveli and Daman & Diu are summed to match the merged PhonePe geography.
andaman-&-nicobar-islands,Andaman & Nicobar Islands,2025,405000,Andaman & Nicobar,Table 8: projected total population by sex as on 1 March,1 March of each calendar year,https://nhm.gov.in/New_Updates_2018/Report_Population_Projection_2019.pdf,Dadra & Nagar Haveli and Daman & Diu are summed to match the merged PhonePe geography.
andaman-&-nicobar-islands,Andaman & Nicobar Islands,2026,406000,Andaman & Nicobar,Table 8: projected total population by sex as on 1 March,1 March of each calendar year,https://nhm.gov.in/New_Updates_2018/Report_Population_Projection_2019.pdf,Dadra & Nagar Haveli and Daman & Diu are summed to match the merged PhonePe geography.
andaman-&-nicobar-islands,Andaman & Nicobar Islands,2027,407000,Andaman & Nicobar,Table 8: projected total population by sex as on 1 March,1 March of each calendar year,https://nhm.gov.in/New_Updates_2018/Report_Population_Projection_2019.pdf,Dadra & Nagar Haveli and Daman & Diu are summed to match the merged PhonePe geography.
andaman-&-nicobar-islands,Andaman & Nicobar Islands,2028,408000,Andaman & Nicobar,Table 8: projected total population by sex as on 1 March,1 March of each calendar year,https://nhm.gov.in/New_Updates_2018/Report_Population_Projection_2019.pdf,Dadra & Nagar Haveli and Daman & Diu are summed to match the merged PhonePe geography.
andaman-&-nicobar-islands,Andaman & Nicobar Islands,2029,409000,Andaman & Nicobar,Table 8: projected total population by sex as on 1 March,1 March of each calendar year,https://nhm.gov.in/New_Updates_2018/Report_Population_Projection_2019.pdf,Dadra & Nagar Haveli and Daman & Diu are summed to match the merged PhonePe geography.
andaman-&-nicobar-islands,Andaman & Nicobar Islands,2030,410000,Andaman & Nicobar,Table 8: projected total population by sex as on 1 March,1 March of each calendar year,https://nhm.gov.in/New_Updates_2018/Report_Population_Projection_2019.pdf,Dadra & Nagar Haveli and Daman & Diu are summed to match the merged PhonePe geography.
andaman-&-nicobar-islands,Andaman & Nicobar Islands,2031,410000,Andaman & Nicobar,Table 8: projected total population by sex as on 1 March,1 March of each calendar year,https://nhm.gov.in/New_Updates_2018/Report_Population_Projection_2019.pdf,Dadra & Nagar Haveli and Daman & Diu are summed to match the merged PhonePe geography.
andaman-&-nicobar-islands,Andaman & Nicobar Islands,2032,411000,Andaman & Nicobar,Table 8: projected total population by sex as on 1 March,1 March of each calendar year,https://nhm.gov.in/New_Updates_2018/Report_Population_Projection_2019.pdf,Dadra & Nagar Haveli and Daman & Diu are summed to match the merged PhonePe geography.
andaman-&-nicobar-islands,Andaman & Nicobar Islands,2033,412000,Andaman & Nicobar,Table 8: projected total population by sex as on 1 March,1 March of each calendar year,https://nhm.gov.in/New_Updates_2018/Report_Population_Projection_2019.pdf,Dadra & Nagar Haveli and Daman & Diu are summed to match the merged PhonePe geography.
andaman-&-nicobar-islands,Andaman & Nicobar Islands,2034,412000,Andaman & Nicobar,Table 8: projected total population by sex as on 1 March,1 March of each calendar year,https://nhm.gov.in/New_Updates_2018/Report_Population_Projection_2019.pdf,Dadra & Nagar Haveli and Daman & Diu are summed to match the merged PhonePe geography.
andaman-&-nicobar-islands,Andaman & Nicobar Islands,2035,413000,Andaman & Nicobar,Table 8: projected total population by sex as on 1 March,1 March of each calendar year,https://nhm.gov.in/New_Updates_2018/Report_Population_Projection_2019.pdf,Dadra & Nagar Haveli and Daman & Diu are summed to match the merged PhonePe geography.
andaman-&-nicobar-islands,Andaman & Nicobar Islands,2036,413000,Andaman & Nicobar,Table 8: projected total population by sex as on 1 March,1 March of each calendar year,https://nhm.gov.in/New_Updates_2018/Report_Population_Projection_2019.pdf,Dadra & Nagar Haveli and Daman & Diu are summed to match the merged PhonePe geography.
andhra-pradesh,Andhra Pradesh,2011,49577000,Andhra Pradesh,Table 8: projected total population by sex as on 1 March,1 March of each calendar year,https://nhm.gov.in/New_Updates_2018/Report_Population_Projection_2019.pdf,Dadra & Nagar Haveli and Daman & Diu are summed to match the merged PhonePe geography.
andhra-pradesh,Andhra Pradesh,2012,49936000,Andhra Pradesh,Table 8: projected total population by sex as on 1 March,1 March of each calendar year,https://nhm.gov.in/New_Updates_2018/Report_Population_Projection_2019.pdf,Dadra & Nagar Haveli and Daman & Diu are summed to match the merged PhonePe geography.
andhra-pradesh,Andhra Pradesh,2013,50295000,Andhra Pradesh,Table 8: projected total population by sex as on 1 March,1 March of each calendar year,https://nhm.gov.in/New_Updates_2018/Report_Population_Projection_2019.pdf,Dadra & Nagar Haveli and Daman & Diu are summed to match the merged PhonePe geography.
andhra-pradesh,Andhra Pradesh,2014,50654000,Andhra Pradesh,Table 8: projected total population by sex as on 1 March,1 March of each calendar year,https://nhm.gov.in/New_Updates_2018/Report_Population_Projection_2019.pdf,Dadra & Nagar Haveli and Daman & Diu are summed to match the merged PhonePe geography.
andhra-pradesh,Andhra Pradesh,2015,51012000,Andhra Pradesh,Table 8: projected total population by sex as on 1 March,1 March of each calendar year,https://nhm.gov.in/New_Updates_2018/Report_Population_Projection_2019.pdf,Dadra & Nagar Haveli and Daman & Diu are summed to match the merged PhonePe geography.
andhra-pradesh,Andhra Pradesh,2016,51371000,Andhra Pradesh,Table 8: projected total population by sex as on 1 March,1 March of each calendar year,https://nhm.gov.in/New_Updates_2018/Report_Population_Projection_2019.pdf,Dadra & Nagar Haveli and Daman & Diu are summed to match the merged PhonePe geography.
andhra-pradesh,Andhra Pradesh,2017,51655000,Andhra Pradesh,Table 8: projected total population by sex as on 1 March,1 March of each calendar year,https://nhm.gov.in/New_Updates_2018/Report_Population_Projection_2019.pdf,Dadra & Nagar Haveli and Daman & Diu are summed to match the merged PhonePe geography.
andhra-pradesh,Andhra Pradesh,2018,51938000,Andhra Pradesh,Table 8: projected total population by sex as on 1 March,1 March of each calendar year,https://nhm.gov.in/New_Updates_2018/Report_Population_Projection_2019.pdf,Dadra & Nagar Haveli and Daman & Diu are summed to match the merged PhonePe geography.
andhra-pradesh,Andhra Pradesh,2019,52221000,Andhra Pradesh,Table 8: projected total population by sex as on 1 March,1 March of each calendar year,https://nhm.gov.in/New_Updates_2018/Report_Population_Projection_2019.pdf,Dadra & Nagar Haveli and Daman & Diu are summed to match the merged PhonePe geography.
andhra-pradesh,Andhra Pradesh,2020,52504000,Andhra Pradesh,Table 8: projected total population by sex as on 1 March,1 March of each calendar year,https://nhm.gov.in/New_Updates_2018/Report_Population_Projection_2019.pdf,Dadra & Nagar Haveli and Daman & Diu are summed to match the merged PhonePe geography.
andhra-pradesh,Andhra Pradesh,2021,52787000,Andhra Pradesh,Table 8: projected total population by sex as on 1 March,1 March of each calendar year,https://nhm.gov.in/New_Updates_2018/Report_Population_Projection_2019.pdf,Dadra & Nagar Haveli and Daman & Diu are summed to match the merged PhonePe geography.
andhra-pradesh,Andhra Pradesh,2022,52972000,Andhra Pradesh,Table 8: projected total population by sex as on 1 March,1 March of each calendar year,https://nhm.gov.in/New_Updates_2018/Report_Population_Projection_2019.pdf,Dadra & Nagar Haveli and Daman & Diu are summed to match the merged PhonePe geography.
andhra-pradesh,Andhra Pradesh,2023,53156000,Andhra Pradesh,Table 8: projected total population by sex as on 1 March,1 March of each calendar year,https://nhm.gov.in/New_Updates_2018/Report_Population_Projection_2019.pdf,Dadra & Nagar Haveli and Daman & Diu are summed to match the merged PhonePe geography.
andhra-pradesh,Andhra Pradesh,2024,53340000,Andhra Pradesh,Table 8: projected total population by sex as on 1 March,1 March of each calendar year,https://nhm.gov.in/New_Updates_2018/Report_Population_Projection_2019.pdf,Dadra & Nagar Haveli and Daman & Diu are summed to match the merged PhonePe geography.
andhra-pradesh,Andhra Pradesh,2025,53524000,Andhra Pradesh,Table 8: projected total population by sex as on 1 March,1 March of each calendar year,https://nhm.gov.in/New_Updates_2018/Report_Population_Projection_2019.pdf,Dadra & Nagar Haveli and Daman & Diu are summed to match the merged PhonePe geography.
andhra-pradesh,Andhra Pradesh,2026,53709000,Andhra Pradesh,Table 8: projected total population by sex as on 1 March,1 March of each calendar year,https://nhm.gov.in/New_Updates_2018/Report_Population_Projection_2019.pdf,Dadra & Nagar Haveli and Daman & Diu are summed to match the merged PhonePe geography.
andhra-pradesh,Andhra Pradesh,2027,53802000,Andhra Pradesh,Table 8: projected total population by sex as on 1 March,1 March of each calendar year,https://nhm.gov.in/New_Updates_2018/Report_Population_Projection_2019.pdf,Dadra & Nagar Haveli and Daman & Diu are summed to match the merged PhonePe geography.
andhra-pradesh,Andhra Pradesh,2028,53895000,Andhra Pradesh,Table 8: projected total population by sex as on 1 March,1 March of each calendar year,https://nhm.gov.in/New_Updates_2018/Report_Population_Projection_2019.pdf,Dadra & Nagar Haveli and Daman & Diu are summed to match the merged PhonePe geography.
andhra-pradesh,Andhra Pradesh,2029,53989000,Andhra Pradesh,Table 8: projected total population by sex as on 1 March,1 March of each calendar year,https://nhm.gov.in/New_Updates_2018/Report_Population_Projection_2019.pdf,Dadra & Nagar Haveli and Daman & Diu are summed to match the merged PhonePe geography.
andhra-pradesh,Andhra Pradesh,2030,54082000,Andhra Pradesh,Table 8: projected total population by sex as on 1 March,1 March of each calendar year,https://nhm.gov.in/New_Updates_2018/Report_Population_Projection_2019.pdf,Dadra & Nagar Haveli and Daman & Diu are summed to match the merged PhonePe geography.
andhra-pradesh,Andhra Pradesh,2031,54175000,Andhra Pradesh,Table 8: projected total population by sex as on 1 March,1 March of each calendar year,https://nhm.gov.in/New_Updates_2018/Report_Population_Projection_2019.pdf,Dadra & Nagar Haveli and Daman & Diu are summed to match the merged PhonePe geography.
andhra-pradesh,Andhra Pradesh,2032,54191000,Andhra Pradesh,Table 8: projected total population by sex as on 1 March,1 March of each calendar year,https://nhm.gov.in/New_Updates_2018/Report_Population_Projection_2019.pdf,Dadra & Nagar Haveli and Daman & Diu are summed to match the merged PhonePe geography.
andhra-pradesh,Andhra Pradesh,2033,54206000,Andhra Pradesh,Table 8: projected total population by sex as on 1 March,1 March of each calendar year,https://nhm.gov.in/New_Updates_2018/Report_Population_Projection_2019.pdf,Dadra & Nagar Haveli and Daman & Diu are summed to match the merged PhonePe geography.
andhra-pradesh,Andhra Pradesh,2034,54221000,Andhra Pradesh,Table 8: projected total population by sex as on 1 March,1 March of each calendar year,https://nhm.gov.in/New_Updates_2018/Report_Population_Projection_2019.pdf,Dadra & Nagar Haveli and Daman & Diu are summed to match the merged PhonePe geography.
andhra-pradesh,Andhra Pradesh,2035,54236000,Andhra Pradesh,Table 8: projected total population by sex as on 1 March,1 March of each calendar year,https://nhm.gov.in/New_Updates_2018/Report_Population_Projection_2019.pdf,Dadra & Nagar Haveli and Daman & Diu are summed to match the merged PhonePe geography.
andhra-pradesh,Andhra Pradesh,2036,54252000,Andhra Pradesh,Table 8: projected total population by sex as on 1 March,1 March of each calendar year,https://nhm.gov.in/New_Updates_2018/Report_Population_Projection_2019.pdf,Dadra & Nagar Haveli and Daman & Diu are summed to match the merged PhonePe geography.
arunachal-pradesh,Arunachal Pradesh,2011,1384000,Arunachal Pradesh,Table 8: projected total population by sex as on 1 March,1 March of each calendar year,https://nhm.gov.in/New_Updates_2018/Report_Population_Projection_2019.pdf,Dadra & Nagar Haveli and Daman & Diu are summed to match the merged PhonePe geography.
arunachal-pradesh,Arunachal Pradesh,2012,1399000,Arunachal Pradesh,Table 8: projected total population by sex as on 1 March,1 March of each calendar year,https://nhm.gov.in/New_Updates_2018/Report_Population_Projection_2019.pdf,Dadra & Nagar Haveli and Daman & Diu are summed to match the merged PhonePe geography.
arunachal-pradesh,Arunachal Pradesh,2013,1414000,Arunachal Pradesh,Table 8: projected total population by sex as on 1 March,1 March of each calendar year,https://nhm.gov.in/New_Updates_2018/Report_Population_Projection_2019.pdf,Dadra & Nagar Haveli and Daman & Diu are summed to match the merged PhonePe geography.
arunachal-pradesh,Arunachal Pradesh,2014,1429000,Arunachal Pradesh,Table 8: projected total population by sex as on 1 March,1 March of each calendar year,https://nhm.gov.in/New_Updates_2018/Report_Population_Projection_2019.pdf,Dadra & Nagar Haveli and Daman & Diu are summed to match the merged PhonePe geography.
arunachal-pradesh,Arunachal Pradesh,2015,1444000,Arunachal Pradesh,Table 8: projected total population by sex as on 1 March,1 March of each calendar year,https://nhm.gov.in/New_Updates_2018/Report_Population_Projection_2019.pdf,Dadra & Nagar Haveli and Daman & Diu are summed to match the merged PhonePe geography.
arunachal-pradesh,Arunachal Pradesh,2016,1459000,Arunachal Pradesh,Table 8: projected total population by sex as on 1 March,1 March of each calendar year,https://nhm.gov.in/New_Updates_2018/Report_Population_Projection_2019.pdf,Dadra & Nagar Haveli and Daman & Diu are summed to match the merged PhonePe geography.
arunachal-pradesh,Arunachal Pradesh,2017,1474000,Arunachal Pradesh,Table 8: projected total population by sex as on 1 March,1 March of each calendar year,https://nhm.gov.in/New_Updates_2018/Report_Population_Projection_2019.pdf,Dadra & Nagar Haveli and Daman & Diu are summed to match the merged PhonePe geography.
arunachal-pradesh,Arunachal Pradesh,2018,1489000,Arunachal Pradesh,Table 8: projected total population by sex as on 1 March,1 March of each calendar year,https://nhm.gov.in/New_Updates_2018/Report_Population_Projection_2019.pdf,Dadra & Nagar Haveli and Daman & Diu are summed to match the merged PhonePe geography.
arunachal-pradesh,Arunachal Pradesh,2019,1504000,Arunachal Pradesh,Table 8: projected total population by sex as on 1 March,1 March of each calendar year,https://nhm.gov.in/New_Updates_2018/Report_Population_Projection_2019.pdf,Dadra & Nagar Haveli and Daman & Diu are summed to match the merged PhonePe geography.
arunachal-pradesh,Arunachal Pradesh,2020,1519000,Arunachal Pradesh,Table 8: projected total population by sex as on 1 March,1 March of each calendar year,https://nhm.gov.in/New_Updates_2018/Report_Population_Projection_2019.pdf,Dadra & Nagar Haveli and Daman & Diu are summed to match the merged PhonePe geography.
arunachal-pradesh,Arunachal Pradesh,2021,1533000,Arunachal Pradesh,Table 8: projected total population by sex as on 1 March,1 March of each calendar year,https://nhm.gov.in/New_Updates_2018/Report_Population_Projection_2019.pdf,Dadra & Nagar Haveli and Daman & Diu are summed to match the merged PhonePe geography.
arunachal-pradesh,Arunachal Pradesh,2022,1548000,Arunachal Pradesh,Table 8: projected total population by sex as on 1 March,1 March of each calendar year,https://nhm.gov.in/New_Updates_2018/Report_Population_Projection_2019.pdf,Dadra & Nagar Haveli and Daman & Diu are summed to match the merged PhonePe geography.
arunachal-pradesh,Arunachal Pradesh,2023,1562000,Arunachal Pradesh,Table 8: projected total population by sex as on 1 March,1 March of each calendar year,https://nhm.gov.in/New_Updates_2018/Report_Population_Projection_2019.pdf,Dadra & Nagar Haveli and Daman & Diu are summed to match the merged PhonePe geography.
arunachal-pradesh,Arunachal Pradesh,2024,1576000,Arunachal Pradesh,Table 8: projected total population by sex as on 1 March,1 March of each calendar year,https://nhm.gov.in/New_Updates_2018/Report_Population_Projection_2019.pdf,Dadra & Nagar Haveli and Daman & Diu are summed to match the merged PhonePe geography.
arunachal-pradesh,Arunachal Pradesh,2025,1590000,Arunachal Pradesh,Table 8: projected total population by sex as on 1 March,1 March of each calendar year,https://nhm.gov.in/New_Updates_2018/Report_Population_Projection_2019.pdf,Dadra & Nagar Haveli and Daman & Diu are summed to match the merged PhonePe geography.
arunachal-pradesh,Arunachal Pradesh,2026,1604000,Arunachal Pradesh,Table 8: projected total population by sex as on 1 March,1 March of each calendar year,https://nhm.gov.in/New_Updates_2018/Report_Population_Projection_2019.pdf,Dadra & Nagar Haveli and Daman & Diu are summed to match the merged PhonePe geography.
arunachal-pradesh,Arunachal Pradesh,2027,1617000,Arunachal Pradesh,Table 8: projected total population by sex as on 1 March,1 March of each calendar year,https://nhm.gov.in/New_Updates_2018/Report_Population_Projection_2019.pdf,Dadra & Nagar Haveli and Daman & Diu are summed to match the merged PhonePe geography.
arunachal-pradesh,Arunachal Pradesh,2028,1630000,Arunachal Pradesh,Table 8: projected total population by sex as on 1 March,1 March of each calendar year,https://nhm.gov.in/New_Updates_2018/Report_Population_Projection_2019.pdf,Dadra & Nagar Haveli and Daman & Diu are summed to match the merged PhonePe geography.
arunachal-pradesh,Arunachal Pradesh,2029,1643000,Arunachal Pradesh,Table 8: projected total population by sex as on 1 March,1 March of each calendar year,https://nhm.gov.in/New_Updates_2018/Report_Population_Projection_2019.pdf,Dadra & Nagar Haveli and Daman & Diu are summed to match the merged PhonePe geography.
arunachal-pradesh,Arunachal Pradesh,2030,1656000,Arunachal Pradesh,Table 8: projected total population by sex as on 1 March,1 March of each calendar year,https://nhm.gov.in/New_Updates_2018/Report_Population_Projection_2019.pdf,Dadra & Nagar Haveli and Daman & Diu are summed to match the merged PhonePe geography.
arunachal-pradesh,Arunachal Pradesh,2031,1669000,Arunachal Pradesh,Table 8: projected total population by sex as on 1 March,1 March of each calendar year,https://nhm.gov.in/New_Updates_2018/Report_Population_Projection_2019.pdf,Dadra & Nagar Haveli and Daman & Diu are summed to match the merged PhonePe geography.
arunachal-pradesh,Arunachal Pradesh,2032,1679000,Arunachal Pradesh,Table 8: projected total population by sex as on 1 March,1 March of each calendar year,https://nhm.gov.in/New_Updates_2018/Report_Population_Projection_2019.pdf,Dadra & Nagar Haveli and Daman & Diu are summed to match the merged PhonePe geography.
arunachal-pradesh,Arunachal Pradesh,2033,1689000,Arunachal Pradesh,Table 8: projected total population by sex as on 1 March,1 March of each calendar year,https://nhm.gov.in/New_Updates_2018/Report_Population_Projection_2019.pdf,Dadra & Nagar Haveli and Daman & Diu are summed to match the merged PhonePe geography.
arunachal-pradesh,Arunachal Pradesh,2034,1699000,Arunachal Pradesh,Table 8: projected total population by sex as on 1 March,1 March of each calendar year,https://nhm.gov.in/New_Updates_2018/Report_Population_Projection_2019.pdf,Dadra & Nagar Haveli and Daman & Diu are summed to match the merged PhonePe geography.
arunachal-pradesh,Arunachal Pradesh,2035,1709000,Arunachal Pradesh,Table 8: projected total population by sex as on 1 March,1 March of each calendar year,https://nhm.gov.in/New_Updates_2018/Report_Population_Projection_2019.pdf,Dadra & Nagar Haveli and Daman & Diu are summed to match the merged PhonePe geography.
arunachal-pradesh,Arunachal Pradesh,2036,1719000,Arunachal Pradesh,Table 8: projected total population by sex as on 1 March,1 March of each calendar year,https://nhm.gov.in/New_Updates_2018/Report_Population_Projection_2019.pdf,Dadra & Nagar Haveli and Daman & Diu are summed to match the merged PhonePe geography.
assam,Assam,2011,31206000,Assam,Table 8: projected total population by sex as on 1 March,1 March of each calendar year,https://nhm.gov.in/New_Updates_2018/Report_Population_Projection_2019.pdf,Dadra & Nagar Haveli and Daman & Diu are summed to match the merged PhonePe geography.
assam,Assam,2012,31598000,Assam,Table 8: projected total population by sex as on 1 March,1 March of each calendar year,https://nhm.gov.in/New_Updates_2018/Report_Population_Projection_2019.pdf,Dadra & Nagar Haveli and Daman & Diu are summed to match the merged PhonePe geography.
assam,Assam,2013,31991000,Assam,Table 8: projected total population by sex as on 1 March,1 March of each calendar year,https://nhm.gov.in/New_Updates_2018/Report_Population_Projection_2019.pdf,Dadra & Nagar Haveli and Daman & Diu are summed to match the merged PhonePe geography.
assam,Assam,2014,32383000,Assam,Table 8: projected total population by sex as on 1 March,1 March of each calendar year,https://nhm.gov.in/New_Updates_2018/Report_Population_Projection_2019.pdf,Dadra & Nagar Haveli and Daman & Diu are summed to match the merged PhonePe geography.
assam,Assam,2015,32776000,Assam,Table 8: projected total population by sex as on 1 March,1 March of each calendar year,https://nhm.gov.in/New_Updates_2018/Report_Population_Projection_2019.pdf,Dadra & Nagar Haveli and Daman & Diu are summed to match the merged PhonePe geography.
assam,Assam,2016,33168000,Assam,Table 8: projected total population by sex as on 1 March,1 March of each calendar year,https://nhm.gov.in/New_Updates_2018/Report_Population_Projection_2019.pdf,Dadra & Nagar Haveli and Daman & Diu are summed to match the merged PhonePe geography.
assam,Assam,2017,33543000,Assam,Table 8: projected total population by sex as on 1 March,1 March of each calendar year,https://nhm.gov.in/New_Updates_2018/Report_Population_Projection_2019.pdf,Dadra & Nagar Haveli and Daman & Diu are summed to match the merged PhonePe geography.
assam,Assam,2018,33918000,Assam,Table 8: projected total population by sex as on 1 March,1 March of each calendar year,https://nhm.gov.in/New_Updates_2018/Report_Population_Projection_2019.pdf,Dadra & Nagar Haveli and Daman & Diu are summed to match the merged PhonePe geography.
assam,Assam,2019,34293000,Assam,Table 8: projected total population by sex as on 1 March,1 March of each calendar year,https://nhm.gov.in/New_Updates_2018/Report_Population_Projection_2019.pdf,Dadra & Nagar Haveli and Daman & Diu are summed to match the merged PhonePe geography.
assam,Assam,2020,34668000,Assam,Table 8: projected total population by sex as on 1 March,1 March of each calendar year,https://nhm.gov.in/New_Updates_2018/Report_Population_Projection_2019.pdf,Dadra & Nagar Haveli and Daman & Diu are summed to match the merged PhonePe geography.
assam,Assam,2021,35043000,Assam,Table 8: projected total population by sex as on 1 March,1 March of each calendar year,https://nhm.gov.in/New_Updates_2018/Report_Population_Projection_2019.pdf,Dadra & Nagar Haveli and Daman & Diu are summed to match the merged PhonePe geography.
assam,Assam,2022,35378000,Assam,Table 8: projected total population by sex as on 1 March,1 March of each calendar year,https://nhm.gov.in/New_Updates_2018/Report_Population_Projection_2019.pdf,Dadra & Nagar Haveli and Daman & Diu are summed to match the merged PhonePe geography.
assam,Assam,2023,35713000,Assam,Table 8: projected total population by sex as on 1 March,1 March of each calendar year,https://nhm.gov.in/New_Updates_2018/Report_Population_Projection_2019.pdf,Dadra & Nagar Haveli and Daman & Diu are summed to match the merged PhonePe geography.
assam,Assam,2024,36047000,Assam,Table 8: projected total population by sex as on 1 March,1 March of each calendar year,https://nhm.gov.in/New_Updates_2018/Report_Population_Projection_2019.pdf,Dadra & Nagar Haveli and Daman & Diu are summed to match the merged PhonePe geography.
assam,Assam,2025,36382000,Assam,Table 8: projected total population by sex as on 1 March,1 March of each calendar year,https://nhm.gov.in/New_Updates_2018/Report_Population_Projection_2019.pdf,Dadra & Nagar Haveli and Daman & Diu are summed to match the merged PhonePe geography.
assam,Assam,2026,36717000,Assam,Table 8: projected total population by sex as on 1 March,1 March of each calendar year,https://nhm.gov.in/New_Updates_2018/Report_Population_Projection_2019.pdf,Dadra & Nagar Haveli and Daman & Diu are summed to match the merged PhonePe geography.
assam,Assam,2027,37012000,Assam,Table 8: projected total population by sex as on 1 March,1 March of each calendar year,https://nhm.gov.in/New_Updates_2018/Report_Population_Projection_2019.pdf,Dadra & Nagar Haveli and Daman & Diu are summed to match the merged PhonePe geography.
assam,Assam,2028,37308000,Assam,Table 8: projected total population by sex as on 1 March,1 March of each calendar year,https://nhm.gov.in/New_Updates_2018/Report_Population_Projection_2019.pdf,Dadra & Nagar Haveli and Daman & Diu are summed to match the merged PhonePe geography.
assam,Assam,2029,37604000,Assam,Table 8: projected total population by sex as on 1 March,1 March of each calendar year,https://nhm.gov.in/New_Updates_2018/Report_Population_Projection_2019.pdf,Dadra & Nagar Haveli and Daman & Diu are summed to match the merged PhonePe geography.
assam,Assam,2030,37900000,Assam,Table 8: projected total population by sex as on 1 March,1 March of each calendar year,https://nhm.gov.in/New_Updates_2018/Report_Population_Projection_2019.pdf,Dadra & Nagar Haveli and Daman & Diu are summed to match the merged PhonePe geography.
assam,Assam,2031,38196000,Assam,Table 8: projected total population by sex as on 1 March,1 March of each calendar year,https://nhm.gov.in/New_Updates_2018/Report_Population_Projection_2019.pdf,Dadra & Nagar Haveli and Daman & Diu are summed to match the merged PhonePe geography.
assam,Assam,2032,38437000,Assam,Table 8: projected total population by sex as on 1 March,1 March of each calendar year,https://nhm.gov.in/New_Updates_2018/Report_Population_Projection_2019.pdf,Dadra & Nagar Haveli and Daman & Diu are summed to match the merged PhonePe geography.
assam,Assam,2033,38677000,Assam,Table 8: projected total population by sex as on 1 March,1 March of each calendar year,https://nhm.gov.in/New_Updates_2018/Report_Population_Projection_2019.pdf,Dadra & Nagar Haveli and Daman & Diu are summed to match the merged PhonePe geography.
assam,Assam,2034,38918000,Assam,Table 8: projected total population by sex as on 1 March,1 March of each calendar year,https://nhm.gov.in/New_Updates_2018/Report_Population_Projection_2019.pdf,Dadra & Nagar Haveli and Daman & Diu are summed to match the merged PhonePe geography.
assam,Assam,2035,39158000,Assam,Table 8: projected total population by sex as on 1 March,1 March of each calendar year,https://nhm.gov.in/New_Updates_2018/Report_Population_Projection_2019.pdf,Dadra & Nagar Haveli and Daman & Diu are summed to match the merged PhonePe geography.
assam,Assam,2036,39399000,Assam,Table 8: projected total population by sex as on 1 March,1 March of each calendar year,https://nhm.gov.in/New_Updates_2018/Report_Population_Projection_2019.pdf,Dadra & Nagar Haveli and Daman & Diu are summed to match the merged PhonePe geography.
bihar,Bihar,2011,104099000,Bihar,Table 8: projected total population by sex as on 1 March,1 March of each calendar year,https://nhm.gov.in/New_Updates_2018/Report_Population_Projection_2019.pdf,Dadra & Nagar Haveli and Daman & Diu are summed to match the merged PhonePe geography.
bihar,Bihar,2012,106115000,Bihar,Table 8: projected total population by sex as on 1 March,1 March of each calendar year,https://nhm.gov.in/New_Updates_2018/Report_Population_Projection_2019.pdf,Dadra & Nagar Haveli and Daman & Diu are summed to match the merged PhonePe geography.
bihar,Bihar,2013,108130000,Bihar,Table 8: projected total population by sex as on 1 March,1 March of each calendar year,https://nhm.gov.in/New_Updates_2018/Report_Population_Projection_2019.pdf,Dadra & Nagar Haveli and Daman & Diu are summed to match the merged PhonePe geography.
bihar,Bihar,2014,110145000,Bihar,Table 8: projected total population by sex as on 1 March,1 March of each calendar year,https://nhm.gov.in/New_Updates_2018/Report_Population_Projection_2019.pdf,Dadra & Nagar Haveli and Daman & Diu are summed to match the merged PhonePe geography.
bihar,Bihar,2015,112161000,Bihar,Table 8: projected total population by sex as on 1 March,1 March of each calendar year,https://nhm.gov.in/New_Updates_2018/Report_Population_Projection_2019.pdf,Dadra & Nagar Haveli and Daman & Diu are summed to match the merged PhonePe geography.
bihar,Bihar,2016,114176000,Bihar,Table 8: projected total population by sex as on 1 March,1 March of each calendar year,https://nhm.gov.in/New_Updates_2018/Report_Population_Projection_2019.pdf,Dadra & Nagar Haveli and Daman & Diu are summed to match the merged PhonePe geography.
bihar,Bihar,2017,115957000,Bihar,Table 8: projected total population by sex as on 1 March,1 March of each calendar year,https://nhm.gov.in/New_Updates_2018/Report_Population_Projection_2019.pdf,Dadra & Nagar Haveli and Daman & Diu are summed to match the merged PhonePe geography.
bihar,Bihar,2018,117739000,Bihar,Table 8: projected total population by sex as on 1 March,1 March of each calendar year,https://nhm.gov.in/New_Updates_2018/Report_Population_Projection_2019.pdf,Dadra & Nagar Haveli and Daman & Diu are summed to match the merged PhonePe geography.
bihar,Bihar,2019,119520000,Bihar,Table 8: projected total population by sex as on 1 March,1 March of each calendar year,https://nhm.gov.in/New_Updates_2018/Report_Population_Projection_2019.pdf,Dadra & Nagar Haveli and Daman & Diu are summed to match the merged PhonePe geography.
bihar,Bihar,2020,121302000,Bihar,Table 8: projected total population by sex as on 1 March,1 March of each calendar year,https://nhm.gov.in/New_Updates_2018/Report_Population_Projection_2019.pdf,Dadra & Nagar Haveli and Daman & Diu are summed to match the merged PhonePe geography.
bihar,Bihar,2021,123083000,Bihar,Table 8: projected total population by sex as on 1 March,1 March of each calendar year,https://nhm.gov.in/New_Updates_2018/Report_Population_Projection_2019.pdf,Dadra & Nagar Haveli and Daman & Diu are summed to match the merged PhonePe geography.
bihar,Bihar,2022,124919000,Bihar,Table 8: projected total population by sex as on 1 March,1 March of each calendar year,https://nhm.gov.in/New_Updates_2018/Report_Population_Projection_2019.pdf,Dadra & Nagar Haveli and Daman & Diu are summed to match the merged PhonePe geography.
bihar,Bihar,2023,126756000,Bihar,Table 8: projected total population by sex as on 1 March,1 March of each calendar year,https://nhm.gov.in/New_Updates_2018/Report_Population_Projection_2019.pdf,Dadra & Nagar Haveli and Daman & Diu are summed to match the merged PhonePe geography.
bihar,Bihar,2024,128592000,Bihar,Table 8: projected total population by sex as on 1 March,1 March of each calendar year,https://nhm.gov.in/New_Updates_2018/Report_Population_Projection_2019.pdf,Dadra & Nagar Haveli and Daman & Diu are summed to match the merged PhonePe geography.
bihar,Bihar,2025,130429000,Bihar,Table 8: projected total population by sex as on 1 March,1 March of each calendar year,https://nhm.gov.in/New_Updates_2018/Report_Population_Projection_2019.pdf,Dadra & Nagar Haveli and Daman & Diu are summed to match the merged PhonePe geography.
bihar,Bihar,2026,132265000,Bihar,Table 8: projected total population by sex as on 1 March,1 March of each calendar year,https://nhm.gov.in/New_Updates_2018/Report_Population_Projection_2019.pdf,Dadra & Nagar Haveli and Daman & Diu are summed to match the merged PhonePe geography.
bihar,Bihar,2027,134020000,Bihar,Table 8: projected total population by sex as on 1 March,1 March of each calendar year,https://nhm.gov.in/New_Updates_2018/Report_Population_Projection_2019.pdf,Dadra & Nagar Haveli and Daman & Diu are summed to match the merged PhonePe geography.
bihar,Bihar,2028,135775000,Bihar,Table 8: projected total population by sex as on 1 March,1 March of each calendar year,https://nhm.gov.in/New_Updates_2018/Report_Population_Projection_2019.pdf,Dadra & Nagar Haveli and Daman & Diu are summed to match the merged PhonePe geography.
bihar,Bihar,2029,137531000,Bihar,Table 8: projected total population by sex as on 1 March,1 March of each calendar year,https://nhm.gov.in/New_Updates_2018/Report_Population_Projection_2019.pdf,Dadra & Nagar Haveli and Daman & Diu are summed to match the merged PhonePe geography.
bihar,Bihar,2030,139286000,Bihar,Table 8: projected total population by sex as on 1 March,1 March of each calendar year,https://nhm.gov.in/New_Updates_2018/Report_Population_Projection_2019.pdf,Dadra & Nagar Haveli and Daman & Diu are summed to match the merged PhonePe geography.
bihar,Bihar,2031,141041000,Bihar,Table 8: projected total population by sex as on 1 March,1 March of each calendar year,https://nhm.gov.in/New_Updates_2018/Report_Population_Projection_2019.pdf,Dadra & Nagar Haveli and Daman & Diu are summed to match the merged PhonePe geography.
bihar,Bihar,2032,142548000,Bihar,Table 8: projected total population by sex as on 1 March,1 March of each calendar year,https://nhm.gov.in/New_Updates_2018/Report_Population_Projection_2019.pdf,Dadra & Nagar Haveli and Daman & Diu are summed to match the merged PhonePe geography.
bihar,Bihar,2033,144055000,Bihar,Table 8: projected total population by sex as on 1 March,1 March of each calendar year,https://nhm.gov.in/New_Updates_2018/Report_Population_Projection_2019.pdf,Dadra & Nagar Haveli and Daman & Diu are summed to match the merged PhonePe geography.
bihar,Bihar,2034,145562000,Bihar,Table 8: projected total population by sex as on 1 March,1 March of each calendar year,https://nhm.gov.in/New_Updates_2018/Report_Population_Projection_2019.pdf,Dadra & Nagar Haveli and Daman & Diu are summed to match the merged PhonePe geography.
bihar,Bihar,2035,147069000,Bihar,Table 8: projected total population by sex as on 1 March,1 March of each calendar year,https://nhm.gov.in/New_Updates_2018/Report_Population_Projection_2019.pdf,Dadra & Nagar Haveli and Daman & Diu are summed to match the merged PhonePe geography.
bihar,Bihar,2036,148576000,Bihar,Table 8: projected total population by sex as on 1 March,1 March of each calendar year,https://nhm.gov.in/New_Updates_2018/Report_Population_Projection_2019.pdf,Dadra & Nagar Haveli and Daman & Diu are summed to match the merged PhonePe geography.
chandigarh,Chandigarh,2011,1055000,Chandigarh,Table 8: projected total population by sex as on 1 March,1 March of each calendar year,https://nhm.gov.in/New_Updates_2018/Report_Population_Projection_2019.pdf,Dadra & Nagar Haveli and Daman & Diu are summed to match the merged PhonePe geography.
chandigarh,Chandigarh,2012,1072000,Chandigarh,Table 8: projected total population by sex as on 1 March,1 March of each calendar year,https://nhm.gov.in/New_Updates_2018/Report_Population_Projection_2019.pdf,Dadra & Nagar Haveli and Daman & Diu are summed to match the merged PhonePe geography.
chandigarh,Chandigarh,2013,1088000,Chandigarh,Table 8: projected total population by sex as on 1 March,1 March of each calendar year,https://nhm.gov.in/New_Updates_2018/Report_Population_Projection_2019.pdf,Dadra & Nagar Haveli and Daman & Diu are summed to match the merged PhonePe geography.
chandigarh,Chandigarh,2014,1104000,Chandigarh,Table 8: projected total population by sex as on 1 March,1 March of each calendar year,https://nhm.gov.in/New_Updates_2018/Report_Population_Projection_2019.pdf,Dadra & Nagar Haveli and Daman & Diu are summed to match the merged PhonePe geography.
chandigarh,Chandigarh,2015,1120000,Chandigarh,Table 8: projected total population by sex as on 1 March,1 March of each calendar year,https://nhm.gov.in/New_Updates_2018/Report_Population_Projection_2019.pdf,Dadra & Nagar Haveli and Daman & Diu are summed to match the merged PhonePe geography.
chandigarh,Chandigarh,2016,1136000,Chandigarh,Table 8: projected total population by sex as on 1 March,1 March of each calendar year,https://nhm.gov.in/New_Updates_2018/Report_Population_Projection_2019.pdf,Dadra & Nagar Haveli and Daman & Diu are summed to match the merged PhonePe geography.
chandigarh,Chandigarh,2017,1151000,Chandigarh,Table 8: projected total population by sex as on 1 March,1 March of each calendar year,https://nhm.gov.in/New_Updates_2018/Report_Population_Projection_2019.pdf,Dadra & Nagar Haveli and Daman & Diu are summed to match the merged PhonePe geography.
chandigarh,Chandigarh,2018,1165000,Chandigarh,Table 8: projected total population by sex as on 1 March,1 March of each calendar year,https://nhm.gov.in/New_Updates_2018/Report_Population_Projection_2019.pdf,Dadra & Nagar Haveli and Daman & Diu are summed to match the merged PhonePe geography.
chandigarh,Chandigarh,2019,1179000,Chandigarh,Table 8: projected total population by sex as on 1 March,1 March of each calendar year,https://nhm.gov.in/New_Updates_2018/Report_Population_Projection_2019.pdf,Dadra & Nagar Haveli and Daman & Diu are summed to match the merged PhonePe geography.
chandigarh,Chandigarh,2020,1193000,Chandigarh,Table 8: projected total population by sex as on 1 March,1 March of each calendar year,https://nhm.gov.in/New_Updates_2018/Report_Population_Projection_2019.pdf,Dadra & Nagar Haveli and Daman & Diu are summed to match the merged PhonePe geography.
chandigarh,Chandigarh,2021,1208000,Chandigarh,Table 8: projected total population by sex as on 1 March,1 March of each calendar year,https://nhm.gov.in/New_Updates_2018/Report_Population_Projection_2019.pdf,Dadra & Nagar Haveli and Daman & Diu are summed to match the merged PhonePe geography.
chandigarh,Chandigarh,2022,1219000,Chandigarh,Table 8: projected total population by sex as on 1 March,1 March of each calendar year,https://nhm.gov.in/New_Updates_2018/Report_Population_Projection_2019.pdf,Dadra & Nagar Haveli and Daman & Diu are summed to match the merged PhonePe geography.
chandigarh,Chandigarh,2023,1231000,Chandigarh,Table 8: projected total population by sex as on 1 March,1 March of each calendar year,https://nhm.gov.in/New_Updates_2018/Report_Population_Projection_2019.pdf,Dadra & Nagar Haveli and Daman & Diu are summed to match the merged PhonePe geography.
chandigarh,Chandigarh,2024,1243000,Chandigarh,Table 8: projected total population by sex as on 1 March,1 March of each calendar year,https://nhm.gov.in/New_Updates_2018/Report_Population_Projection_2019.pdf,Dadra & Nagar Haveli and Daman & Diu are summed to match the merged PhonePe geography.
chandigarh,Chandigarh,2025,1255000,Chandigarh,Table 8: projected total population by sex as on 1 March,1 March of each calendar year,https://nhm.gov.in/New_Updates_2018/Report_Population_Projection_2019.pdf,Dadra & Nagar Haveli and Daman & Diu are summed to match the merged PhonePe geography.
chandigarh,Chandigarh,2026,1267000,Chandigarh,Table 8: projected total population by sex as on 1 March,1 March of each calendar year,https://nhm.gov.in/New_Updates_2018/Report_Population_Projection_2019.pdf,Dadra & Nagar Haveli and Daman & Diu are summed to match the merged PhonePe geography.
chandigarh,Chandigarh,2027,1277000,Chandigarh,Table 8: projected total population by sex as on 1 March,1 March of each calendar year,https://nhm.gov.in/New_Updates_2018/Report_Population_Projection_2019.pdf,Dadra & Nagar Haveli and Daman & Diu are summed to match the merged PhonePe geography.
chandigarh,Chandigarh,2028,1287000,Chandigarh,Table 8: projected total population by sex as on 1 March,1 March of each calendar year,https://nhm.gov.in/New_Updates_2018/Report_Population_Projection_2019.pdf,Dadra & Nagar Haveli and Daman & Diu are summed to match the merged PhonePe geography.
chandigarh,Chandigarh,2029,1298000,Chandigarh,Table 8: projected total population by sex as on 1 March,1 March of each calendar year,https://nhm.gov.in/New_Updates_2018/Report_Population_Projection_2019.pdf,Dadra & Nagar Haveli and Daman & Diu are summed to match the merged PhonePe geography.
chandigarh,Chandigarh,2030,1308000,Chandigarh,Table 8: projected total population by sex as on 1 March,1 March of each calendar year,https://nhm.gov.in/New_Updates_2018/Report_Population_Projection_2019.pdf,Dadra & Nagar Haveli and Daman & Diu are summed to match the merged PhonePe geography.
chandigarh,Chandigarh,2031,1318000,Chandigarh,Table 8: projected total population by sex as on 1 March,1 March of each calendar year,https://nhm.gov.in/New_Updates_2018/Report_Population_Projection_2019.pdf,Dadra & Nagar Haveli and Daman & Diu are summed to match the merged PhonePe geography.
chandigarh,Chandigarh,2032,1326000,Chandigarh,Table 8: projected total population by sex as on 1 March,1 March of each calendar year,https://nhm.gov.in/New_Updates_2018/Report_Population_Projection_2019.pdf,Dadra & Nagar Haveli and Daman & Diu are summed to match the merged PhonePe geography.
chandigarh,Chandigarh,2033,1335000,Chandigarh,Table 8: projected total population by sex as on 1 March,1 March of each calendar year,https://nhm.gov.in/New_Updates_2018/Report_Population_Projection_2019.pdf,Dadra & Nagar Haveli and Daman & Diu are summed to match the merged PhonePe geography.
chandigarh,Chandigarh,2034,1343000,Chandigarh,Table 8: projected total population by sex as on 1 March,1 March of each calendar year,https://nhm.gov.in/New_Updates_2018/Report_Population_Projection_2019.pdf,Dadra & Nagar Haveli and Daman & Diu are summed to match the merged PhonePe geography.
chandigarh,Chandigarh,2035,1351000,Chandigarh,Table 8: projected total population by sex as on 1 March,1 March of each calendar year,https://nhm.gov.in/New_Updates_2018/Report_Population_Projection_2019.pdf,Dadra & Nagar Haveli and Daman & Diu are summed to match the merged PhonePe geography.
chandigarh,Chandigarh,2036,1360000,Chandigarh,Table 8: projected total population by sex as on 1 March,1 March of each calendar year,https://nhm.gov.in/New_Updates_2018/Report_Population_Projection_2019.pdf,Dadra & Nagar Haveli and Daman & Diu are summed to match the merged PhonePe geography.
chhattisgarh,Chhattisgarh,2011,25545000,Chhattisgarh,Table 8: projected total population by sex as on 1 March,1 March of each calendar year,https://nhm.gov.in/New_Updates_2018/Report_Population_Projection_2019.pdf,Dadra & Nagar Haveli and Daman & Diu are summed to match the merged PhonePe geography.
chhattisgarh,Chhattisgarh,2012,25950000,Chhattisgarh,Table 8: projected total population by sex as on 1 March,1 March of each calendar year,https://nhm.gov.in/New_Updates_2018/Report_Population_Projection_2019.pdf,Dadra & Nagar Haveli and Daman & Diu are summed to match the merged PhonePe geography.
chhattisgarh,Chhattisgarh,2013,26356000,Chhattisgarh,Table 8: projected total population by sex as on 1 March,1 March of each calendar year,https://nhm.gov.in/New_Updates_2018/Report_Population_Projection_2019.pdf,Dadra & Nagar Haveli and Daman & Diu are summed to match the merged PhonePe geography.
chhattisgarh,Chhattisgarh,2014,26761000,Chhattisgarh,Table 8: projected total population by sex as on 1 March,1 March of each calendar year,https://nhm.gov.in/New_Updates_2018/Report_Population_Projection_2019.pdf,Dadra & Nagar Haveli and Daman & Diu are summed to match the merged PhonePe geography.
chhattisgarh,Chhattisgarh,2015,27166000,Chhattisgarh,Table 8: projected total population by sex as on 1 March,1 March of each calendar year,https://nhm.gov.in/New_Updates_2018/Report_Population_Projection_2019.pdf,Dadra & Nagar Haveli and Daman & Diu are summed to match the merged PhonePe geography.
chhattisgarh,Chhattisgarh,2016,27571000,Chhattisgarh,Table 8: projected total population by sex as on 1 March,1 March of each calendar year,https://nhm.gov.in/New_Updates_2018/Report_Population_Projection_2019.pdf,Dadra & Nagar Haveli and Daman & Diu are summed to match the merged PhonePe geography.
chhattisgarh,Chhattisgarh,2017,27956000,Chhattisgarh,Table 8: projected total population by sex as on 1 March,1 March of each calendar year,https://nhm.gov.in/New_Updates_2018/Report_Population_Projection_2019.pdf,Dadra & Nagar Haveli and Daman & Diu are summed to match the merged PhonePe geography.
chhattisgarh,Chhattisgarh,2018,28340000,Chhattisgarh,Table 8: projected total population by sex as on 1 March,1 March of each calendar year,https://nhm.gov.in/New_Updates_2018/Report_Population_Projection_2019.pdf,Dadra & Nagar Haveli and Daman & Diu are summed to match the merged PhonePe geography.
chhattisgarh,Chhattisgarh,2019,28724000,Chhattisgarh,Table 8: projected total population by sex as on 1 March,1 March of each calendar year,https://nhm.gov.in/New_Updates_2018/Report_Population_Projection_2019.pdf,Dadra & Nagar Haveli and Daman & Diu are summed to match the merged PhonePe geography.
chhattisgarh,Chhattisgarh,2020,29109000,Chhattisgarh,Table 8: projected total population by sex as on 1 March,1 March of each calendar year,https://nhm.gov.in/New_Updates_2018/Report_Population_Projection_2019.pdf,Dadra & Nagar Haveli and Daman & Diu are summed to match the merged PhonePe geography.
chhattisgarh,Chhattisgarh,2021,29493000,Chhattisgarh,Table 8: projected total population by sex as on 1 March,1 March of each calendar year,https://nhm.gov.in/New_Updates_2018/Report_Population_Projection_2019.pdf,Dadra & Nagar Haveli and Daman & Diu are summed to match the merged PhonePe geography.
chhattisgarh,Chhattisgarh,2022,29836000,Chhattisgarh,Table 8: projected total population by sex as on 1 March,1 March of each calendar year,https://nhm.gov.in/New_Updates_2018/Report_Population_Projection_2019.pdf,Dadra & Nagar Haveli and Daman & Diu are summed to match the merged PhonePe geography.
chhattisgarh,Chhattisgarh,2023,30180000,Chhattisgarh,Table 8: projected total population by sex as on 1 March,1 March of each calendar year,https://nhm.gov.in/New_Updates_2018/Report_Population_Projection_2019.pdf,Dadra & Nagar Haveli and Daman & Diu are summed to match the merged PhonePe geography.
chhattisgarh,Chhattisgarh,2024,30524000,Chhattisgarh,Table 8: projected total population by sex as on 1 March,1 March of each calendar year,https://nhm.gov.in/New_Updates_2018/Report_Population_Projection_2019.pdf,Dadra & Nagar Haveli and Daman & Diu are summed to match the merged PhonePe geography.
chhattisgarh,Chhattisgarh,2025,30867000,Chhattisgarh,Table 8: projected total population by sex as on 1 March,1 March of each calendar year,https://nhm.gov.in/New_Updates_2018/Report_Population_Projection_2019.pdf,Dadra & Nagar Haveli and Daman & Diu are summed to match the merged PhonePe geography.
chhattisgarh,Chhattisgarh,2026,31211000,Chhattisgarh,Table 8: projected total population by sex as on 1 March,1 March of each calendar year,https://nhm.gov.in/New_Updates_2018/Report_Population_Projection_2019.pdf,Dadra & Nagar Haveli and Daman & Diu are summed to match the merged PhonePe geography.
chhattisgarh,Chhattisgarh,2027,31512000,Chhattisgarh,Table 8: projected total population by sex as on 1 March,1 March of each calendar year,https://nhm.gov.in/New_Updates_2018/Report_Population_Projection_2019.pdf,Dadra & Nagar Haveli and Daman & Diu are summed to match the merged PhonePe geography.
chhattisgarh,Chhattisgarh,2028,31814000,Chhattisgarh,Table 8: projected total population by sex as on 1 March,1 March of each calendar year,https://nhm.gov.in/New_Updates_2018/Report_Population_Projection_2019.pdf,Dadra & Nagar Haveli and Daman & Diu are summed to match the merged PhonePe geography.
chhattisgarh,Chhattisgarh,2029,32116000,Chhattisgarh,Table 8: projected total population by sex as on 1 March,1 March of each calendar year,https://nhm.gov.in/New_Updates_2018/Report_Population_Projection_2019.pdf,Dadra & Nagar Haveli and Daman & Diu are summed to match the merged PhonePe geography.
chhattisgarh,Chhattisgarh,2030,32417000,Chhattisgarh,Table 8: projected total population by sex as on 1 March,1 March of each calendar year,https://nhm.gov.in/New_Updates_2018/Report_Population_Projection_2019.pdf,Dadra & Nagar Haveli and Daman & Diu are summed to match the merged PhonePe geography.
chhattisgarh,Chhattisgarh,2031,32719000,Chhattisgarh,Table 8: projected total population by sex as on 1 March,1 March of each calendar year,https://nhm.gov.in/New_Updates_2018/Report_Population_Projection_2019.pdf,Dadra & Nagar Haveli and Daman & Diu are summed to match the merged PhonePe geography.
chhattisgarh,Chhattisgarh,2032,32991000,Chhattisgarh,Table 8: projected total population by sex as on 1 March,1 March of each calendar year,https://nhm.gov.in/New_Updates_2018/Report_Population_Projection_2019.pdf,Dadra & Nagar Haveli and Daman & Diu are summed to match the merged PhonePe geography.
chhattisgarh,Chhattisgarh,2033,33264000,Chhattisgarh,Table 8: projected total population by sex as on 1 March,1 March of each calendar year,https://nhm.gov.in/New_Updates_2018/Report_Population_Projection_2019.pdf,Dadra & Nagar Haveli and Daman & Diu are summed to match the merged PhonePe geography.
chhattisgarh,Chhattisgarh,2034,33536000,Chhattisgarh,Table 8: projected total population by sex as on 1 March,1 March of each calendar year,https://nhm.gov.in/New_Updates_2018/Report_Population_Projection_2019.pdf,Dadra & Nagar Haveli and Daman & Diu are summed to match the merged PhonePe geography.
chhattisgarh,Chhattisgarh,2035,33809000,Chhattisgarh,Table 8: projected total population by sex as on 1 March,1 March of each calendar year,https://nhm.gov.in/New_Updates_2018/Report_Population_Projection_2019.pdf,Dadra & Nagar Haveli and Daman & Diu are summed to match the merged PhonePe geography.
chhattisgarh,Chhattisgarh,2036,34081000,Chhattisgarh,Table 8: projected total population by sex as on 1 March,1 March of each calendar year,https://nhm.gov.in/New_Updates_2018/Report_Population_Projection_2019.pdf,Dadra & Nagar Haveli and Daman & Diu are summed to match the merged PhonePe geography.
dadra-&-nagar-haveli-&-daman-&-diu,Dadra & Nagar Haveli and Daman & Diu,2011,587000,Daman & Diu + Dadra & Nagar Haveli,Table 8: projected total population by sex as on 1 March,1 March of each calendar year,https://nhm.gov.in/New_Updates_2018/Report_Population_Projection_2019.pdf,Dadra & Nagar Haveli and Daman & Diu are summed to match the merged PhonePe geography.
dadra-&-nagar-haveli-&-daman-&-diu,Dadra & Nagar Haveli and Daman & Diu,2012,625000,Daman & Diu + Dadra & Nagar Haveli,Table 8: projected total population by sex as on 1 March,1 March of each calendar year,https://nhm.gov.in/New_Updates_2018/Report_Population_Projection_2019.pdf,Dadra & Nagar Haveli and Daman & Diu are summed to match the merged PhonePe geography.
dadra-&-nagar-haveli-&-daman-&-diu,Dadra & Nagar Haveli and Daman & Diu,2013,665000,Daman & Diu + Dadra & Nagar Haveli,Table 8: projected total population by sex as on 1 March,1 March of each calendar year,https://nhm.gov.in/New_Updates_2018/Report_Population_Projection_2019.pdf,Dadra & Nagar Haveli and Daman & Diu are summed to match the merged PhonePe geography.
dadra-&-nagar-haveli-&-daman-&-diu,Dadra & Nagar Haveli and Daman & Diu,2014,704000,Daman & Diu + Dadra & Nagar Haveli,Table 8: projected total population by sex as on 1 March,1 March of each calendar year,https://nhm.gov.in/New_Updates_2018/Report_Population_Projection_2019.pdf,Dadra & Nagar Haveli and Daman & Diu are summed to match the merged PhonePe geography.
dadra-&-nagar-haveli-&-daman-&-diu,Dadra & Nagar Haveli and Daman & Diu,2015,743000,Daman & Diu + Dadra & Nagar Haveli,Table 8: projected total population by sex as on 1 March,1 March of each calendar year,https://nhm.gov.in/New_Updates_2018/Report_Population_Projection_2019.pdf,Dadra & Nagar Haveli and Daman & Diu are summed to match the merged PhonePe geography.
dadra-&-nagar-haveli-&-daman-&-diu,Dadra & Nagar Haveli and Daman & Diu,2016,781000,Daman & Diu + Dadra & Nagar Haveli,Table 8: projected total population by sex as on 1 March,1 March of each calendar year,https://nhm.gov.in/New_Updates_2018/Report_Population_Projection_2019.pdf,Dadra & Nagar Haveli and Daman & Diu are summed to match the merged PhonePe geography.
dadra-&-nagar-haveli-&-daman-&-diu,Dadra & Nagar Haveli and Daman & Diu,2017,840000,Daman & Diu + Dadra & Nagar Haveli,Table 8: projected total population by sex as on 1 March,1 March of each calendar year,https://nhm.gov.in/New_Updates_2018/Report_Population_Projection_2019.pdf,Dadra & Nagar Haveli and Daman & Diu are summed to match the merged PhonePe geography.
dadra-&-nagar-haveli-&-daman-&-diu,Dadra & Nagar Haveli and Daman & Diu,2018,900000,Daman & Diu + Dadra & Nagar Haveli,Table 8: projected total population by sex as on 1 March,1 March of each calendar year,https://nhm.gov.in/New_Updates_2018/Report_Population_Projection_2019.pdf,Dadra & Nagar Haveli and Daman & Diu are summed to match the merged PhonePe geography.
dadra-&-nagar-haveli-&-daman-&-diu,Dadra & Nagar Haveli and Daman & Diu,2019,959000,Daman & Diu + Dadra & Nagar Haveli,Table 8: projected total population by sex as on 1 March,1 March of each calendar year,https://nhm.gov.in/New_Updates_2018/Report_Population_Projection_2019.pdf,Dadra & Nagar Haveli and Daman & Diu are summed to match the merged PhonePe geography.
dadra-&-nagar-haveli-&-daman-&-diu,Dadra & Nagar Haveli and Daman & Diu,2020,1018000,Daman & Diu + Dadra & Nagar Haveli,Table 8: projected total population by sex as on 1 March,1 March of each calendar year,https://nhm.gov.in/New_Updates_2018/Report_Population_Projection_2019.pdf,Dadra & Nagar Haveli and Daman & Diu are summed to match the merged PhonePe geography.
dadra-&-nagar-haveli-&-daman-&-diu,Dadra & Nagar Haveli and Daman & Diu,2021,1077000,Daman & Diu + Dadra & Nagar Haveli,Table 8: projected total population by sex as on 1 March,1 March of each calendar year,https://nhm.gov.in/New_Updates_2018/Report_Population_Projection_2019.pdf,Dadra & Nagar Haveli and Daman & Diu are summed to match the merged PhonePe geography.
dadra-&-nagar-haveli-&-daman-&-diu,Dadra & Nagar Haveli and Daman & Diu,2022,1170000,Daman & Diu + Dadra & Nagar Haveli,Table 8: projected total population by sex as on 1 March,1 March of each calendar year,https://nhm.gov.in/New_Updates_2018/Report_Population_Projection_2019.pdf,Dadra & Nagar Haveli and Daman & Diu are summed to match the merged PhonePe geography.
dadra-&-nagar-haveli-&-daman-&-diu,Dadra & Nagar Haveli and Daman & Diu,2023,1263000,Daman & Diu + Dadra & Nagar Haveli,Table 8: projected total population by sex as on 1 March,1 March of each calendar year,https://nhm.gov.in/New_Updates_2018/Report_Population_Projection_2019.pdf,Dadra & Nagar Haveli and Daman & Diu are summed to match the merged PhonePe geography.
dadra-&-nagar-haveli-&-daman-&-diu,Dadra & Nagar Haveli and Daman & Diu,2024,1356000,Daman & Diu + Dadra & Nagar Haveli,Table 8: projected total population by sex as on 1 March,1 March of each calendar year,https://nhm.gov.in/New_Updates_2018/Report_Population_Projection_2019.pdf,Dadra & Nagar Haveli and Daman & Diu are summed to match the merged PhonePe geography.
dadra-&-nagar-haveli-&-daman-&-diu,Dadra & Nagar Haveli and Daman & Diu,2025,1448000,Daman & Diu + Dadra & Nagar Haveli,Table 8: projected total population by sex as on 1 March,1 March of each calendar year,https://nhm.gov.in/New_Updates_2018/Report_Population_Projection_2019.pdf,Dadra & Nagar Haveli and Daman & Diu are summed to match the merged PhonePe geography.
dadra-&-nagar-haveli-&-daman-&-diu,Dadra & Nagar Haveli and Daman & Diu,2026,1541000,Daman & Diu + Dadra & Nagar Haveli,Table 8: projected total population by sex as on 1 March,1 March of each calendar year,https://nhm.gov.in/New_Updates_2018/Report_Population_Projection_2019.pdf,Dadra & Nagar Haveli and Daman & Diu are summed to match the merged PhonePe geography.
dadra-&-nagar-haveli-&-daman-&-diu,Dadra & Nagar Haveli and Daman & Diu,2027,1696000,Daman & Diu + Dadra & Nagar Haveli,Table 8: projected total population by sex as on 1 March,1 March of each calendar year,https://nhm.gov.in/New_Updates_2018/Report_Population_Projection_2019.pdf,Dadra & Nagar Haveli and Daman & Diu are summed to match the merged PhonePe geography.
dadra-&-nagar-haveli-&-daman-&-diu,Dadra & Nagar Haveli and Daman & Diu,2028,1851000,Daman & Diu + Dadra & Nagar Haveli,Table 8: projected total population by sex as on 1 March,1 March of each calendar year,https://nhm.gov.in/New_Updates_2018/Report_Population_Projection_2019.pdf,Dadra & Nagar Haveli and Daman & Diu are summed to match the merged PhonePe geography.
dadra-&-nagar-haveli-&-daman-&-diu,Dadra & Nagar Haveli and Daman & Diu,2029,2005000,Daman & Diu + Dadra & Nagar Haveli,Table 8: projected total population by sex as on 1 March,1 March of each calendar year,https://nhm.gov.in/New_Updates_2018/Report_Population_Projection_2019.pdf,Dadra & Nagar Haveli and Daman & Diu are summed to match the merged PhonePe geography.
dadra-&-nagar-haveli-&-daman-&-diu,Dadra & Nagar Haveli and Daman & Diu,2030,2160000,Daman & Diu + Dadra & Nagar Haveli,Table 8: projected total population by sex as on 1 March,1 March of each calendar year,https://nhm.gov.in/New_Updates_2018/Report_Population_Projection_2019.pdf,Dadra & Nagar Haveli and Daman & Diu are summed to match the merged PhonePe geography.
dadra-&-nagar-haveli-&-daman-&-diu,Dadra & Nagar Haveli and Daman & Diu,2031,2315000,Daman & Diu + Dadra & Nagar Haveli,Table 8: projected total population by sex as on 1 March,1 March of each calendar year,https://nhm.gov.in/New_Updates_2018/Report_Population_Projection_2019.pdf,Dadra & Nagar Haveli and Daman & Diu are summed to match the merged PhonePe geography.
dadra-&-nagar-haveli-&-daman-&-diu,Dadra & Nagar Haveli and Daman & Diu,2032,2586000,Daman & Diu + Dadra & Nagar Haveli,Table 8: projected total population by sex as on 1 March,1 March of each calendar year,https://nhm.gov.in/New_Updates_2018/Report_Population_Projection_2019.pdf,Dadra & Nagar Haveli and Daman & Diu are summed to match the merged PhonePe geography.
dadra-&-nagar-haveli-&-daman-&-diu,Dadra & Nagar Haveli and Daman & Diu,2033,2858000,Daman & Diu + Dadra & Nagar Haveli,Table 8: projected total population by sex as on 1 March,1 March of each calendar year,https://nhm.gov.in/New_Updates_2018/Report_Population_Projection_2019.pdf,Dadra & Nagar Haveli and Daman & Diu are summed to match the merged PhonePe geography.
dadra-&-nagar-haveli-&-daman-&-diu,Dadra & Nagar Haveli and Daman & Diu,2034,3129000,Daman & Diu + Dadra & Nagar Haveli,Table 8: projected total population by sex as on 1 March,1 March of each calendar year,https://nhm.gov.in/New_Updates_2018/Report_Population_Projection_2019.pdf,Dadra & Nagar Haveli and Daman & Diu are summed to match the merged PhonePe geography.
dadra-&-nagar-haveli-&-daman-&-diu,Dadra & Nagar Haveli and Daman & Diu,2035,3400000,Daman & Diu + Dadra & Nagar Haveli,Table 8: projected total population by sex as on 1 March,1 March of each calendar year,https://nhm.gov.in/New_Updates_2018/Report_Population_Projection_2019.pdf,Dadra & Nagar Haveli and Daman & Diu are summed to match the merged PhonePe geography.
dadra-&-nagar-haveli-&-daman-&-diu,Dadra & Nagar Haveli and Daman & Diu,2036,3672000,Daman & Diu + Dadra & Nagar Haveli,Table 8: projected total population by sex as on 1 March,1 March of each calendar year,https://nhm.gov.in/New_Updates_2018/Report_Population_Projection_2019.pdf,Dadra & Nagar Haveli and Daman & Diu are summed to match the merged PhonePe geography.
delhi,Delhi,2011,16788000,Nct Of Delhi,Table 8: projected total population by sex as on 1 March,1 March of each calendar year,https://nhm.gov.in/New_Updates_2018/Report_Population_Projection_2019.pdf,Dadra & Nagar Haveli and Daman & Diu are summed to match the merged PhonePe geography.
delhi,Delhi,2012,17166000,Nct Of Delhi,Table 8: projected total population by sex as on 1 March,1 March of each calendar year,https://nhm.gov.in/New_Updates_2018/Report_Population_Projection_2019.pdf,Dadra & Nagar Haveli and Daman & Diu are summed to match the merged PhonePe geography.
delhi,Delhi,2013,17544000,Nct Of Delhi,Table 8: projected total population by sex as on 1 March,1 March of each calendar year,https://nhm.gov.in/New_Updates_2018/Report_Population_Projection_2019.pdf,Dadra & Nagar Haveli and Daman & Diu are summed to match the merged PhonePe geography.
delhi,Delhi,2014,17921000,Nct Of Delhi,Table 8: projected total population by sex as on 1 March,1 March of each calendar year,https://nhm.gov.in/New_Updates_2018/Report_Population_Projection_2019.pdf,Dadra & Nagar Haveli and Daman & Diu are summed to match the merged PhonePe geography.
delhi,Delhi,2015,18299000,Nct Of Delhi,Table 8: projected total population by sex as on 1 March,1 March of each calendar year,https://nhm.gov.in/New_Updates_2018/Report_Population_Projection_2019.pdf,Dadra & Nagar Haveli and Daman & Diu are summed to match the merged PhonePe geography.
delhi,Delhi,2016,18677000,Nct Of Delhi,Table 8: projected total population by sex as on 1 March,1 March of each calendar year,https://nhm.gov.in/New_Updates_2018/Report_Population_Projection_2019.pdf,Dadra & Nagar Haveli and Daman & Diu are summed to match the merged PhonePe geography.
delhi,Delhi,2017,19056000,Nct Of Delhi,Table 8: projected total population by sex as on 1 March,1 March of each calendar year,https://nhm.gov.in/New_Updates_2018/Report_Population_Projection_2019.pdf,Dadra & Nagar Haveli and Daman & Diu are summed to match the merged PhonePe geography.
delhi,Delhi,2018,19435000,Nct Of Delhi,Table 8: projected total population by sex as on 1 March,1 March of each calendar year,https://nhm.gov.in/New_Updates_2018/Report_Population_Projection_2019.pdf,Dadra & Nagar Haveli and Daman & Diu are summed to match the merged PhonePe geography.
delhi,Delhi,2019,19814000,Nct Of Delhi,Table 8: projected total population by sex as on 1 March,1 March of each calendar year,https://nhm.gov.in/New_Updates_2018/Report_Population_Projection_2019.pdf,Dadra & Nagar Haveli and Daman & Diu are summed to match the merged PhonePe geography.
delhi,Delhi,2020,20193000,Nct Of Delhi,Table 8: projected total population by sex as on 1 March,1 March of each calendar year,https://nhm.gov.in/New_Updates_2018/Report_Population_Projection_2019.pdf,Dadra & Nagar Haveli and Daman & Diu are summed to match the merged PhonePe geography.
delhi,Delhi,2021,20571000,Nct Of Delhi,Table 8: projected total population by sex as on 1 March,1 March of each calendar year,https://nhm.gov.in/New_Updates_2018/Report_Population_Projection_2019.pdf,Dadra & Nagar Haveli and Daman & Diu are summed to match the merged PhonePe geography.
delhi,Delhi,2022,20965000,Nct Of Delhi,Table 8: projected total population by sex as on 1 March,1 March of each calendar year,https://nhm.gov.in/New_Updates_2018/Report_Population_Projection_2019.pdf,Dadra & Nagar Haveli and Daman & Diu are summed to match the merged PhonePe geography.
delhi,Delhi,2023,21359000,Nct Of Delhi,Table 8: projected total population by sex as on 1 March,1 March of each calendar year,https://nhm.gov.in/New_Updates_2018/Report_Population_Projection_2019.pdf,Dadra & Nagar Haveli and Daman & Diu are summed to match the merged PhonePe geography.
delhi,Delhi,2024,21752000,Nct Of Delhi,Table 8: projected total population by sex as on 1 March,1 March of each calendar year,https://nhm.gov.in/New_Updates_2018/Report_Population_Projection_2019.pdf,Dadra & Nagar Haveli and Daman & Diu are summed to match the merged PhonePe geography.
delhi,Delhi,2025,22146000,Nct Of Delhi,Table 8: projected total population by sex as on 1 March,1 March of each calendar year,https://nhm.gov.in/New_Updates_2018/Report_Population_Projection_2019.pdf,Dadra & Nagar Haveli and Daman & Diu are summed to match the merged PhonePe geography.
delhi,Delhi,2026,22540000,Nct Of Delhi,Table 8: projected total population by sex as on 1 March,1 March of each calendar year,https://nhm.gov.in/New_Updates_2018/Report_Population_Projection_2019.pdf,Dadra & Nagar Haveli and Daman & Diu are summed to match the merged PhonePe geography.
delhi,Delhi,2027,22942000,Nct Of Delhi,Table 8: projected total population by sex as on 1 March,1 March of each calendar year,https://nhm.gov.in/New_Updates_2018/Report_Population_Projection_2019.pdf,Dadra & Nagar Haveli and Daman & Diu are summed to match the merged PhonePe geography.
delhi,Delhi,2028,23345000,Nct Of Delhi,Table 8: projected total population by sex as on 1 March,1 March of each calendar year,https://nhm.gov.in/New_Updates_2018/Report_Population_Projection_2019.pdf,Dadra & Nagar Haveli and Daman & Diu are summed to match the merged PhonePe geography.
delhi,Delhi,2029,23747000,Nct Of Delhi,Table 8: projected total population by sex as on 1 March,1 March of each calendar year,https://nhm.gov.in/New_Updates_2018/Report_Population_Projection_2019.pdf,Dadra & Nagar Haveli and Daman & Diu are summed to match the merged PhonePe geography.
delhi,Delhi,2030,24150000,Nct Of Delhi,Table 8: projected total population by sex as on 1 March,1 March of each calendar year,https://nhm.gov.in/New_Updates_2018/Report_Population_Projection_2019.pdf,Dadra & Nagar Haveli and Daman & Diu are summed to match the merged PhonePe geography.
delhi,Delhi,2031,24552000,Nct Of Delhi,Table 8: projected total population by sex as on 1 March,1 March of each calendar year,https://nhm.gov.in/New_Updates_2018/Report_Population_Projection_2019.pdf,Dadra & Nagar Haveli and Daman & Diu are summed to match the merged PhonePe geography.
delhi,Delhi,2032,24960000,Nct Of Delhi,Table 8: projected total population by sex as on 1 March,1 March of each calendar year,https://nhm.gov.in/New_Updates_2018/Report_Population_Projection_2019.pdf,Dadra & Nagar Haveli and Daman & Diu are summed to match the merged PhonePe geography.
delhi,Delhi,2033,25368000,Nct Of Delhi,Table 8: projected total population by sex as on 1 March,1 March of each calendar year,https://nhm.gov.in/New_Updates_2018/Report_Population_Projection_2019.pdf,Dadra & Nagar Haveli and Daman & Diu are summed to match the merged PhonePe geography.
delhi,Delhi,2034,25775000,Nct Of Delhi,Table 8: projected total population by sex as on 1 March,1 March of each calendar year,https://nhm.gov.in/New_Updates_2018/Report_Population_Projection_2019.pdf,Dadra & Nagar Haveli and Daman & Diu are summed to match the merged PhonePe geography.
delhi,Delhi,2035,26183000,Nct Of Delhi,Table 8: projected total population by sex as on 1 March,1 March of each calendar year,https://nhm.gov.in/New_Updates_2018/Report_Population_Projection_2019.pdf,Dadra & Nagar Haveli and Daman & Diu are summed to match the merged PhonePe geography.
delhi,Delhi,2036,26591000,Nct Of Delhi,Table 8: projected total population by sex as on 1 March,1 March of each calendar year,https://nhm.gov.in/New_Updates_2018/Report_Population_Projection_2019.pdf,Dadra & Nagar Haveli and Daman & Diu are summed to match the merged PhonePe geography.
goa,Goa,2011,1459000,Goa,Table 8: projected total population by sex as on 1 March,1 March of each calendar year,https://nhm.gov.in/New_Updates_2018/Report_Population_Projection_2019.pdf,Dadra & Nagar Haveli and Daman & Diu are summed to match the merged PhonePe geography.
goa,Goa,2012,1469000,Goa,Table 8: projected total population by sex as on 1 March,1 March of each calendar year,https://nhm.gov.in/New_Updates_2018/Report_Population_Projection_2019.pdf,Dadra & Nagar Haveli and Daman & Diu are summed to match the merged PhonePe geography.
goa,Goa,2013,1480000,Goa,Table 8: projected total population by sex as on 1 March,1 March of each calendar year,https://nhm.gov.in/New_Updates_2018/Report_Population_Projection_2019.pdf,Dadra & Nagar Haveli and Daman & Diu are summed to match the merged PhonePe geography.
goa,Goa,2014,1491000,Goa,Table 8: projected total population by sex as on 1 March,1 March of each calendar year,https://nhm.gov.in/New_Updates_2018/Report_Population_Projection_2019.pdf,Dadra & Nagar Haveli and Daman & Diu are summed to match the merged PhonePe geography.
goa,Goa,2015,1501000,Goa,Table 8: projected total population by sex as on 1 March,1 March of each calendar year,https://nhm.gov.in/New_Updates_2018/Report_Population_Projection_2019.pdf,Dadra & Nagar Haveli and Daman & Diu are summed to match the merged PhonePe geography.
goa,Goa,2016,1512000,Goa,Table 8: projected total population by sex as on 1 March,1 March of each calendar year,https://nhm.gov.in/New_Updates_2018/Report_Population_Projection_2019.pdf,Dadra & Nagar Haveli and Daman & Diu are summed to match the merged PhonePe geography.
goa,Goa,2017,1521000,Goa,Table 8: projected total population by sex as on 1 March,1 March of each calendar year,https://nhm.gov.in/New_Updates_2018/Report_Population_Projection_2019.pdf,Dadra & Nagar Haveli and Daman & Diu are summed to match the merged PhonePe geography.
goa,Goa,2018,1531000,Goa,Table 8: projected total population by sex as on 1 March,1 March of each calendar year,https://nhm.gov.in/New_Updates_2018/Report_Population_Projection_2019.pdf,Dadra & Nagar Haveli and Daman & Diu are summed to match the merged PhonePe geography.
goa,Goa,2019,1540000,Goa,Table 8: projected total population by sex as on 1 March,1 March of each calendar year,https://nhm.gov.in/New_Updates_2018/Report_Population_Projection_2019.pdf,Dadra & Nagar Haveli and Daman & Diu are summed to match the merged PhonePe geography.
goa,Goa,2020,1549000,Goa,Table 8: projected total population by sex as on 1 March,1 March of each calendar year,https://nhm.gov.in/New_Updates_2018/Report_Population_Projection_2019.pdf,Dadra & Nagar Haveli and Daman & Diu are summed to match the merged PhonePe geography.
goa,Goa,2021,1559000,Goa,Table 8: projected total population by sex as on 1 March,1 March of each calendar year,https://nhm.gov.in/New_Updates_2018/Report_Population_Projection_2019.pdf,Dadra & Nagar Haveli and Daman & Diu are summed to match the merged PhonePe geography.
goa,Goa,2022,1567000,Goa,Table 8: projected total population by sex as on 1 March,1 March of each calendar year,https://nhm.gov.in/New_Updates_2018/Report_Population_Projection_2019.pdf,Dadra & Nagar Haveli and Daman & Diu are summed to match the merged PhonePe geography.
goa,Goa,2023,1575000,Goa,Table 8: projected total population by sex as on 1 March,1 March of each calendar year,https://nhm.gov.in/New_Updates_2018/Report_Population_Projection_2019.pdf,Dadra & Nagar Haveli and Daman & Diu are summed to match the merged PhonePe geography.
goa,Goa,2024,1583000,Goa,Table 8: projected total population by sex as on 1 March,1 March of each calendar year,https://nhm.gov.in/New_Updates_2018/Report_Population_Projection_2019.pdf,Dadra & Nagar Haveli and Daman & Diu are summed to match the merged PhonePe geography.
goa,Goa,2025,1591000,Goa,Table 8: projected total population by sex as on 1 March,1 March of each calendar year,https://nhm.gov.in/New_Updates_2018/Report_Population_Projection_2019.pdf,Dadra & Nagar Haveli and Daman & Diu are summed to match the merged PhonePe geography.
goa,Goa,2026,1599000,Goa,Table 8: projected total population by sex as on 1 March,1 March of each calendar year,https://nhm.gov.in/New_Updates_2018/Report_Population_Projection_2019.pdf,Dadra & Nagar Haveli and Daman & Diu are summed to match the merged PhonePe geography.
goa,Goa,2027,1606000,Goa,Table 8: projected total population by sex as on 1 March,1 March of each calendar year,https://nhm.gov.in/New_Updates_2018/Report_Population_Projection_2019.pdf,Dadra & Nagar Haveli and Daman & Diu are summed to match the merged PhonePe geography.
goa,Goa,2028,1613000,Goa,Table 8: projected total population by sex as on 1 March,1 March of each calendar year,https://nhm.gov.in/New_Updates_2018/Report_Population_Projection_2019.pdf,Dadra & Nagar Haveli and Daman & Diu are summed to match the merged PhonePe geography.
goa,Goa,2029,1620000,Goa,Table 8: projected total population by sex as on 1 March,1 March of each calendar year,https://nhm.gov.in/New_Updates_2018/Report_Population_Projection_2019.pdf,Dadra & Nagar Haveli and Daman & Diu are summed to match the merged PhonePe geography.
goa,Goa,2030,1626000,Goa,Table 8: projected total population by sex as on 1 March,1 March of each calendar year,https://nhm.gov.in/New_Updates_2018/Report_Population_Projection_2019.pdf,Dadra & Nagar Haveli and Daman & Diu are summed to match the merged PhonePe geography.
goa,Goa,2031,1633000,Goa,Table 8: projected total population by sex as on 1 March,1 March of each calendar year,https://nhm.gov.in/New_Updates_2018/Report_Population_Projection_2019.pdf,Dadra & Nagar Haveli and Daman & Diu are summed to match the merged PhonePe geography.
goa,Goa,2032,1639000,Goa,Table 8: projected total population by sex as on 1 March,1 March of each calendar year,https://nhm.gov.in/New_Updates_2018/Report_Population_Projection_2019.pdf,Dadra & Nagar Haveli and Daman & Diu are summed to match the merged PhonePe geography.
goa,Goa,2033,1645000,Goa,Table 8: projected total population by sex as on 1 March,1 March of each calendar year,https://nhm.gov.in/New_Updates_2018/Report_Population_Projection_2019.pdf,Dadra & Nagar Haveli and Daman & Diu are summed to match the merged PhonePe geography.
goa,Goa,2034,1651000,Goa,Table 8: projected total population by sex as on 1 March,1 March of each calendar year,https://nhm.gov.in/New_Updates_2018/Report_Population_Projection_2019.pdf,Dadra & Nagar Haveli and Daman & Diu are summed to match the merged PhonePe geography.
goa,Goa,2035,1657000,Goa,Table 8: projected total population by sex as on 1 March,1 March of each calendar year,https://nhm.gov.in/New_Updates_2018/Report_Population_Projection_2019.pdf,Dadra & Nagar Haveli and Daman & Diu are summed to match the merged PhonePe geography.
goa,Goa,2036,1663000,Goa,Table 8: projected total population by sex as on 1 March,1 March of each calendar year,https://nhm.gov.in/New_Updates_2018/Report_Population_Projection_2019.pdf,Dadra & Nagar Haveli and Daman & Diu are summed to match the merged PhonePe geography.
gujarat,Gujarat,2011,60440000,Gujarat,Table 8: projected total population by sex as on 1 March,1 March of each calendar year,https://nhm.gov.in/New_Updates_2018/Report_Population_Projection_2019.pdf,Dadra & Nagar Haveli and Daman & Diu are summed to match the merged PhonePe geography.
gujarat,Gujarat,2012,61383000,Gujarat,Table 8: projected total population by sex as on 1 March,1 March of each calendar year,https://nhm.gov.in/New_Updates_2018/Report_Population_Projection_2019.pdf,Dadra & Nagar Haveli and Daman & Diu are summed to match the merged PhonePe geography.
gujarat,Gujarat,2013,62327000,Gujarat,Table 8: projected total population by sex as on 1 March,1 March of each calendar year,https://nhm.gov.in/New_Updates_2018/Report_Population_Projection_2019.pdf,Dadra & Nagar Haveli and Daman & Diu are summed to match the merged PhonePe geography.
gujarat,Gujarat,2014,63271000,Gujarat,Table 8: projected total population by sex as on 1 March,1 March of each calendar year,https://nhm.gov.in/New_Updates_2018/Report_Population_Projection_2019.pdf,Dadra & Nagar Haveli and Daman & Diu are summed to match the merged PhonePe geography.
gujarat,Gujarat,2015,64214000,Gujarat,Table 8: projected total population by sex as on 1 March,1 March of each calendar year,https://nhm.gov.in/New_Updates_2018/Report_Population_Projection_2019.pdf,Dadra & Nagar Haveli and Daman & Diu are summed to match the merged PhonePe geography.
gujarat,Gujarat,2016,65158000,Gujarat,Table 8: projected total population by sex as on 1 March,1 March of each calendar year,https://nhm.gov.in/New_Updates_2018/Report_Population_Projection_2019.pdf,Dadra & Nagar Haveli and Daman & Diu are summed to match the merged PhonePe geography.
gujarat,Gujarat,2017,66084000,Gujarat,Table 8: projected total population by sex as on 1 March,1 March of each calendar year,https://nhm.gov.in/New_Updates_2018/Report_Population_Projection_2019.pdf,Dadra & Nagar Haveli and Daman & Diu are summed to match the merged PhonePe geography.
gujarat,Gujarat,2018,67010000,Gujarat,Table 8: projected total population by sex as on 1 March,1 March of each calendar year,https://nhm.gov.in/New_Updates_2018/Report_Population_Projection_2019.pdf,Dadra & Nagar Haveli and Daman & Diu are summed to match the merged PhonePe geography.
gujarat,Gujarat,2019,67936000,Gujarat,Table 8: projected total population by sex as on 1 March,1 March of each calendar year,https://nhm.gov.in/New_Updates_2018/Report_Population_Projection_2019.pdf,Dadra & Nagar Haveli and Daman & Diu are summed to match the merged PhonePe geography.
gujarat,Gujarat,2020,68862000,Gujarat,Table 8: projected total population by sex as on 1 March,1 March of each calendar year,https://nhm.gov.in/New_Updates_2018/Report_Population_Projection_2019.pdf,Dadra & Nagar Haveli and Daman & Diu are summed to match the merged PhonePe geography.
gujarat,Gujarat,2021,69788000,Gujarat,Table 8: projected total population by sex as on 1 March,1 March of each calendar year,https://nhm.gov.in/New_Updates_2018/Report_Population_Projection_2019.pdf,Dadra & Nagar Haveli and Daman & Diu are summed to match the merged PhonePe geography.
gujarat,Gujarat,2022,70648000,Gujarat,Table 8: projected total population by sex as on 1 March,1 March of each calendar year,https://nhm.gov.in/New_Updates_2018/Report_Population_Projection_2019.pdf,Dadra & Nagar Haveli and Daman & Diu are summed to match the merged PhonePe geography.
gujarat,Gujarat,2023,71507000,Gujarat,Table 8: projected total population by sex as on 1 March,1 March of each calendar year,https://nhm.gov.in/New_Updates_2018/Report_Population_Projection_2019.pdf,Dadra & Nagar Haveli and Daman & Diu are summed to match the merged PhonePe geography.
gujarat,Gujarat,2024,72367000,Gujarat,Table 8: projected total population by sex as on 1 March,1 March of each calendar year,https://nhm.gov.in/New_Updates_2018/Report_Population_Projection_2019.pdf,Dadra & Nagar Haveli and Daman & Diu are summed to match the merged PhonePe geography.
gujarat,Gujarat,2025,73227000,Gujarat,Table 8: projected total population by sex as on 1 March,1 March of each calendar year,https://nhm.gov.in/New_Updates_2018/Report_Population_Projection_2019.pdf,Dadra & Nagar Haveli and Daman & Diu are summed to match the merged PhonePe geography.
gujarat,Gujarat,2026,74086000,Gujarat,Table 8: projected total population by sex as on 1 March,1 March of each calendar year,https://nhm.gov.in/New_Updates_2018/Report_Population_Projection_2019.pdf,Dadra & Nagar Haveli and Daman & Diu are summed to match the merged PhonePe geography.
gujarat,Gujarat,2027,74855000,Gujarat,Table 8: projected total population by sex as on 1 March,1 March of each calendar year,https://nhm.gov.in/New_Updates_2018/Report_Population_Projection_2019.pdf,Dadra & Nagar Haveli and Daman & Diu are summed to match the merged PhonePe geography.
gujarat,Gujarat,2028,75624000,Gujarat,Table 8: projected total population by sex as on 1 March,1 March of each calendar year,https://nhm.gov.in/New_Updates_2018/Report_Population_Projection_2019.pdf,Dadra & Nagar Haveli and Daman & Diu are summed to match the merged PhonePe geography.
gujarat,Gujarat,2029,76393000,Gujarat,Table 8: projected total population by sex as on 1 March,1 March of each calendar year,https://nhm.gov.in/New_Updates_2018/Report_Population_Projection_2019.pdf,Dadra & Nagar Haveli and Daman & Diu are summed to match the merged PhonePe geography.
gujarat,Gujarat,2030,77162000,Gujarat,Table 8: projected total population by sex as on 1 March,1 March of each calendar year,https://nhm.gov.in/New_Updates_2018/Report_Population_Projection_2019.pdf,Dadra & Nagar Haveli and Daman & Diu are summed to match the merged PhonePe geography.
gujarat,Gujarat,2031,77931000,Gujarat,Table 8: projected total population by sex as on 1 March,1 March of each calendar year,https://nhm.gov.in/New_Updates_2018/Report_Population_Projection_2019.pdf,Dadra & Nagar Haveli and Daman & Diu are summed to match the merged PhonePe geography.
gujarat,Gujarat,2032,78608000,Gujarat,Table 8: projected total population by sex as on 1 March,1 March of each calendar year,https://nhm.gov.in/New_Updates_2018/Report_Population_Projection_2019.pdf,Dadra & Nagar Haveli and Daman & Diu are summed to match the merged PhonePe geography.
gujarat,Gujarat,2033,79285000,Gujarat,Table 8: projected total population by sex as on 1 March,1 March of each calendar year,https://nhm.gov.in/New_Updates_2018/Report_Population_Projection_2019.pdf,Dadra & Nagar Haveli and Daman & Diu are summed to match the merged PhonePe geography.
gujarat,Gujarat,2034,79962000,Gujarat,Table 8: projected total population by sex as on 1 March,1 March of each calendar year,https://nhm.gov.in/New_Updates_2018/Report_Population_Projection_2019.pdf,Dadra & Nagar Haveli and Daman & Diu are summed to match the merged PhonePe geography.
gujarat,Gujarat,2035,80639000,Gujarat,Table 8: projected total population by sex as on 1 March,1 March of each calendar year,https://nhm.gov.in/New_Updates_2018/Report_Population_Projection_2019.pdf,Dadra & Nagar Haveli and Daman & Diu are summed to match the merged PhonePe geography.
gujarat,Gujarat,2036,81316000,Gujarat,Table 8: projected total population by sex as on 1 March,1 March of each calendar year,https://nhm.gov.in/New_Updates_2018/Report_Population_Projection_2019.pdf,Dadra & Nagar Haveli and Daman & Diu are summed to match the merged PhonePe geography.
haryana,Haryana,2011,25351000,Haryana,Table 8: projected total population by sex as on 1 March,1 March of each calendar year,https://nhm.gov.in/New_Updates_2018/Report_Population_Projection_2019.pdf,Dadra & Nagar Haveli and Daman & Diu are summed to match the merged PhonePe geography.
haryana,Haryana,2012,25772000,Haryana,Table 8: projected total population by sex as on 1 March,1 March of each calendar year,https://nhm.gov.in/New_Updates_2018/Report_Population_Projection_2019.pdf,Dadra & Nagar Haveli and Daman & Diu are summed to match the merged PhonePe geography.
haryana,Haryana,2013,26193000,Haryana,Table 8: projected total population by sex as on 1 March,1 March of each calendar year,https://nhm.gov.in/New_Updates_2018/Report_Population_Projection_2019.pdf,Dadra & Nagar Haveli and Daman & Diu are summed to match the merged PhonePe geography.
haryana,Haryana,2014,26614000,Haryana,Table 8: projected total population by sex as on 1 March,1 March of each calendar year,https://nhm.gov.in/New_Updates_2018/Report_Population_Projection_2019.pdf,Dadra & Nagar Haveli and Daman & Diu are summed to match the merged PhonePe geography.
haryana,Haryana,2015,27034000,Haryana,Table 8: projected total population by sex as on 1 March,1 March of each calendar year,https://nhm.gov.in/New_Updates_2018/Report_Population_Projection_2019.pdf,Dadra & Nagar Haveli and Daman & Diu are summed to match the merged PhonePe geography.
haryana,Haryana,2016,27455000,Haryana,Table 8: projected total population by sex as on 1 March,1 March of each calendar year,https://nhm.gov.in/New_Updates_2018/Report_Population_Projection_2019.pdf,Dadra & Nagar Haveli and Daman & Diu are summed to match the merged PhonePe geography.
haryana,Haryana,2017,27861000,Haryana,Table 8: projected total population by sex as on 1 March,1 March of each calendar year,https://nhm.gov.in/New_Updates_2018/Report_Population_Projection_2019.pdf,Dadra & Nagar Haveli and Daman & Diu are summed to match the merged PhonePe geography.
haryana,Haryana,2018,28266000,Haryana,Table 8: projected total population by sex as on 1 March,1 March of each calendar year,https://nhm.gov.in/New_Updates_2018/Report_Population_Projection_2019.pdf,Dadra & Nagar Haveli and Daman & Diu are summed to match the merged PhonePe geography.
haryana,Haryana,2019,28672000,Haryana,Table 8: projected total population by sex as on 1 March,1 March of each calendar year,https://nhm.gov.in/New_Updates_2018/Report_Population_Projection_2019.pdf,Dadra & Nagar Haveli and Daman & Diu are summed to match the merged PhonePe geography.
haryana,Haryana,2020,29077000,Haryana,Table 8: projected total population by sex as on 1 March,1 March of each calendar year,https://nhm.gov.in/New_Updates_2018/Report_Population_Projection_2019.pdf,Dadra & Nagar Haveli and Daman & Diu are summed to match the merged PhonePe geography.
haryana,Haryana,2021,29483000,Haryana,Table 8: projected total population by sex as on 1 March,1 March of each calendar year,https://nhm.gov.in/New_Updates_2018/Report_Population_Projection_2019.pdf,Dadra & Nagar Haveli and Daman & Diu are summed to match the merged PhonePe geography.
haryana,Haryana,2022,29846000,Haryana,Table 8: projected total population by sex as on 1 March,1 March of each calendar year,https://nhm.gov.in/New_Updates_2018/Report_Population_Projection_2019.pdf,Dadra & Nagar Haveli and Daman & Diu are summed to match the merged PhonePe geography.
haryana,Haryana,2023,30209000,Haryana,Table 8: projected total population by sex as on 1 March,1 March of each calendar year,https://nhm.gov.in/New_Updates_2018/Report_Population_Projection_2019.pdf,Dadra & Nagar Haveli and Daman & Diu are summed to match the merged PhonePe geography.
haryana,Haryana,2024,30573000,Haryana,Table 8: projected total population by sex as on 1 March,1 March of each calendar year,https://nhm.gov.in/New_Updates_2018/Report_Population_Projection_2019.pdf,Dadra & Nagar Haveli and Daman & Diu are summed to match the merged PhonePe geography.
haryana,Haryana,2025,30936000,Haryana,Table 8: projected total population by sex as on 1 March,1 March of each calendar year,https://nhm.gov.in/New_Updates_2018/Report_Population_Projection_2019.pdf,Dadra & Nagar Haveli and Daman & Diu are summed to match the merged PhonePe geography.
haryana,Haryana,2026,31299000,Haryana,Table 8: projected total population by sex as on 1 March,1 March of each calendar year,https://nhm.gov.in/New_Updates_2018/Report_Population_Projection_2019.pdf,Dadra & Nagar Haveli and Daman & Diu are summed to match the merged PhonePe geography.
haryana,Haryana,2027,31629000,Haryana,Table 8: projected total population by sex as on 1 March,1 March of each calendar year,https://nhm.gov.in/New_Updates_2018/Report_Population_Projection_2019.pdf,Dadra & Nagar Haveli and Daman & Diu are summed to match the merged PhonePe geography.
haryana,Haryana,2028,31958000,Haryana,Table 8: projected total population by sex as on 1 March,1 March of each calendar year,https://nhm.gov.in/New_Updates_2018/Report_Population_Projection_2019.pdf,Dadra & Nagar Haveli and Daman & Diu are summed to match the merged PhonePe geography.
haryana,Haryana,2029,32287000,Haryana,Table 8: projected total population by sex as on 1 March,1 March of each calendar year,https://nhm.gov.in/New_Updates_2018/Report_Population_Projection_2019.pdf,Dadra & Nagar Haveli and Daman & Diu are summed to match the merged PhonePe geography.
haryana,Haryana,2030,32616000,Haryana,Table 8: projected total population by sex as on 1 March,1 March of each calendar year,https://nhm.gov.in/New_Updates_2018/Report_Population_Projection_2019.pdf,Dadra & Nagar Haveli and Daman & Diu are summed to match the merged PhonePe geography.
haryana,Haryana,2031,32946000,Haryana,Table 8: projected total population by sex as on 1 March,1 March of each calendar year,https://nhm.gov.in/New_Updates_2018/Report_Population_Projection_2019.pdf,Dadra & Nagar Haveli and Daman & Diu are summed to match the merged PhonePe geography.
haryana,Haryana,2032,33250000,Haryana,Table 8: projected total population by sex as on 1 March,1 March of each calendar year,https://nhm.gov.in/New_Updates_2018/Report_Population_Projection_2019.pdf,Dadra & Nagar Haveli and Daman & Diu are summed to match the merged PhonePe geography.
haryana,Haryana,2033,33555000,Haryana,Table 8: projected total population by sex as on 1 March,1 March of each calendar year,https://nhm.gov.in/New_Updates_2018/Report_Population_Projection_2019.pdf,Dadra & Nagar Haveli and Daman & Diu are summed to match the merged PhonePe geography.
haryana,Haryana,2034,33860000,Haryana,Table 8: projected total population by sex as on 1 March,1 March of each calendar year,https://nhm.gov.in/New_Updates_2018/Report_Population_Projection_2019.pdf,Dadra & Nagar Haveli and Daman & Diu are summed to match the merged PhonePe geography.
haryana,Haryana,2035,34164000,Haryana,Table 8: projected total population by sex as on 1 March,1 March of each calendar year,https://nhm.gov.in/New_Updates_2018/Report_Population_Projection_2019.pdf,Dadra & Nagar Haveli and Daman & Diu are summed to match the merged PhonePe geography.
haryana,Haryana,2036,34469000,Haryana,Table 8: projected total population by sex as on 1 March,1 March of each calendar year,https://nhm.gov.in/New_Updates_2018/Report_Population_Projection_2019.pdf,Dadra & Nagar Haveli and Daman & Diu are summed to match the merged PhonePe geography.
himachal-pradesh,Himachal Pradesh,2011,6865000,Himachal Pradesh,Table 8: projected total population by sex as on 1 March,1 March of each calendar year,https://nhm.gov.in/New_Updates_2018/Report_Population_Projection_2019.pdf,Dadra & Nagar Haveli and Daman & Diu are summed to match the merged PhonePe geography.
himachal-pradesh,Himachal Pradesh,2012,6923000,Himachal Pradesh,Table 8: projected total population by sex as on 1 March,1 March of each calendar year,https://nhm.gov.in/New_Updates_2018/Report_Population_Projection_2019.pdf,Dadra & Nagar Haveli and Daman & Diu are summed to match the merged PhonePe geography.
himachal-pradesh,Himachal Pradesh,2013,6982000,Himachal Pradesh,Table 8: projected total population by sex as on 1 March,1 March of each calendar year,https://nhm.gov.in/New_Updates_2018/Report_Population_Projection_2019.pdf,Dadra & Nagar Haveli and Daman & Diu are summed to match the merged PhonePe geography.
himachal-pradesh,Himachal Pradesh,2014,7041000,Himachal Pradesh,Table 8: projected total population by sex as on 1 March,1 March of each calendar year,https://nhm.gov.in/New_Updates_2018/Report_Population_Projection_2019.pdf,Dadra & Nagar Haveli and Daman & Diu are summed to match the merged PhonePe geography.
himachal-pradesh,Himachal Pradesh,2015,7100000,Himachal Pradesh,Table 8: projected total population by sex as on 1 March,1 March of each calendar year,https://nhm.gov.in/New_Updates_2018/Report_Population_Projection_2019.pdf,Dadra & Nagar Haveli and Daman & Diu are summed to match the merged PhonePe geography.
himachal-pradesh,Himachal Pradesh,2016,7158000,Himachal Pradesh,Table 8: projected total population by sex as on 1 March,1 March of each calendar year,https://nhm.gov.in/New_Updates_2018/Report_Population_Projection_2019.pdf,Dadra & Nagar Haveli and Daman & Diu are summed to match the merged PhonePe geography.
himachal-pradesh,Himachal Pradesh,2017,7206000,Himachal Pradesh,Table 8: projected total population by sex as on 1 March,1 March of each calendar year,https://nhm.gov.in/New_Updates_2018/Report_Population_Projection_2019.pdf,Dadra & Nagar Haveli and Daman & Diu are summed to match the merged PhonePe geography.
himachal-pradesh,Himachal Pradesh,2018,7253000,Himachal Pradesh,Table 8: projected total population by sex as on 1 March,1 March of each calendar year,https://nhm.gov.in/New_Updates_2018/Report_Population_Projection_2019.pdf,Dadra & Nagar Haveli and Daman & Diu are summed to match the merged PhonePe geography.
himachal-pradesh,Himachal Pradesh,2019,7300000,Himachal Pradesh,Table 8: projected total population by sex as on 1 March,1 March of each calendar year,https://nhm.gov.in/New_Updates_2018/Report_Population_Projection_2019.pdf,Dadra & Nagar Haveli and Daman & Diu are summed to match the merged PhonePe geography.
himachal-pradesh,Himachal Pradesh,2020,7347000,Himachal Pradesh,Table 8: projected total population by sex as on 1 March,1 March of each calendar year,https://nhm.gov.in/New_Updates_2018/Report_Population_Projection_2019.pdf,Dadra & Nagar Haveli and Daman & Diu are summed to match the merged PhonePe geography.
himachal-pradesh,Himachal Pradesh,2021,7394000,Himachal Pradesh,Table 8: projected total population by sex as on 1 March,1 March of each calendar year,https://nhm.gov.in/New_Updates_2018/Report_Population_Projection_2019.pdf,Dadra & Nagar Haveli and Daman & Diu are summed to match the merged PhonePe geography.
himachal-pradesh,Himachal Pradesh,2022,7431000,Himachal Pradesh,Table 8: projected total population by sex as on 1 March,1 March of each calendar year,https://nhm.gov.in/New_Updates_2018/Report_Population_Projection_2019.pdf,Dadra & Nagar Haveli and Daman & Diu are summed to match the merged PhonePe geography.
himachal-pradesh,Himachal Pradesh,2023,7468000,Himachal Pradesh,Table 8: projected total population by sex as on 1 March,1 March of each calendar year,https://nhm.gov.in/New_Updates_2018/Report_Population_Projection_2019.pdf,Dadra & Nagar Haveli and Daman & Diu are summed to match the merged PhonePe geography.
himachal-pradesh,Himachal Pradesh,2024,7505000,Himachal Pradesh,Table 8: projected total population by sex as on 1 March,1 March of each calendar year,https://nhm.gov.in/New_Updates_2018/Report_Population_Projection_2019.pdf,Dadra & Nagar Haveli and Daman & Diu are summed to match the merged PhonePe geography.
himachal-pradesh,Himachal Pradesh,2025,7542000,Himachal Pradesh,Table 8: projected total population by sex as on 1 March,1 March of each calendar year,https://nhm.gov.in/New_Updates_2018/Report_Population_Projection_2019.pdf,Dadra & Nagar Haveli and Daman & Diu are summed to match the merged PhonePe geography.
himachal-pradesh,Himachal Pradesh,2026,7579000,Himachal Pradesh,Table 8: projected total population by sex as on 1 March,1 March of each calendar year,https://nhm.gov.in/New_Updates_2018/Report_Population_Projection_2019.pdf,Dadra & Nagar Haveli and Daman & Diu are summed to match the merged PhonePe geography.
himachal-pradesh,Himachal Pradesh,2027,7606000,Himachal Pradesh,Table 8: projected total population by sex as on 1 March,1 March of each calendar year,https://nhm.gov.in/New_Updates_2018/Report_Population_Projection_2019.pdf,Dadra & Nagar Haveli and Daman & Diu are summed to match the merged PhonePe geography.
himachal-pradesh,Himachal Pradesh,2028,7632000,Himachal Pradesh,Table 8: projected total population by sex as on 1 March,1 March of each calendar year,https://nhm.gov.in/New_Updates_2018/Report_Population_Projection_2019.pdf,Dadra & Nagar Haveli and Daman & Diu are summed to match the merged PhonePe geography.
himachal-pradesh,Himachal Pradesh,2029,7659000,Himachal Pradesh,Table 8: projected total population by sex as on 1 March,1 March of each calendar year,https://nhm.gov.in/New_Updates_2018/Report_Population_Projection_2019.pdf,Dadra & Nagar Haveli and Daman & Diu are summed to match the merged PhonePe geography.
himachal-pradesh,Himachal Pradesh,2030,7685000,Himachal Pradesh,Table 8: projected total population by sex as on 1 March,1 March of each calendar year,https://nhm.gov.in/New_Updates_2018/Report_Population_Projection_2019.pdf,Dadra & Nagar Haveli and Daman & Diu are summed to match the merged PhonePe geography.
himachal-pradesh,Himachal Pradesh,2031,7712000,Himachal Pradesh,Table 8: projected total population by sex as on 1 March,1 March of each calendar year,https://nhm.gov.in/New_Updates_2018/Report_Population_Projection_2019.pdf,Dadra & Nagar Haveli and Daman & Diu are summed to match the merged PhonePe geography.
himachal-pradesh,Himachal Pradesh,2032,7727000,Himachal Pradesh,Table 8: projected total population by sex as on 1 March,1 March of each calendar year,https://nhm.gov.in/New_Updates_2018/Report_Population_Projection_2019.pdf,Dadra & Nagar Haveli and Daman & Diu are summed to match the merged PhonePe geography.
himachal-pradesh,Himachal Pradesh,2033,7741000,Himachal Pradesh,Table 8: projected total population by sex as on 1 March,1 March of each calendar year,https://nhm.gov.in/New_Updates_2018/Report_Population_Projection_2019.pdf,Dadra & Nagar Haveli and Daman & Diu are summed to match the merged PhonePe geography.
himachal-pradesh,Himachal Pradesh,2034,7756000,Himachal Pradesh,Table 8: projected total population by sex as on 1 March,1 March of each calendar year,https://nhm.gov.in/New_Updates_2018/Report_Population_Projection_2019.pdf,Dadra & Nagar Haveli and Daman & Diu are summed to match the merged PhonePe geography.
himachal-pradesh,Himachal Pradesh,2035,7770000,Himachal Pradesh,Table 8: projected total population by sex as on 1 March,1 March of each calendar year,https://nhm.gov.in/New_Updates_2018/Report_Population_Projection_2019.pdf,Dadra & Nagar Haveli and Daman & Diu are summed to match the merged PhonePe geography.
himachal-pradesh,Himachal Pradesh,2036,7785000,Himachal Pradesh,Table 8: projected total population by sex as on 1 March,1 March of each calendar year,https://nhm.gov.in/New_Updates_2018/Report_Population_Projection_2019.pdf,Dadra & Nagar Haveli and Daman & Diu are summed to match the merged PhonePe geography.
jammu-&-kashmir,Jammu & Kashmir,2011,12267000,Jammu & Kashmir,Table 8: projected total population by sex as on 1 March,1 March of each calendar year,https://nhm.gov.in/New_Updates_2018/Report_Population_Projection_2019.pdf,Dadra & Nagar Haveli and Daman & Diu are summed to match the merged PhonePe geography.
jammu-&-kashmir,Jammu & Kashmir,2012,12393000,Jammu & Kashmir,Table 8: projected total population by sex as on 1 March,1 March of each calendar year,https://nhm.gov.in/New_Updates_2018/Report_Population_Projection_2019.pdf,Dadra & Nagar Haveli and Daman & Diu are summed to match the merged PhonePe geography.
jammu-&-kashmir,Jammu & Kashmir,2013,12519000,Jammu & Kashmir,Table 8: projected total population by sex as on 1 March,1 March of each calendar year,https://nhm.gov.in/New_Updates_2018/Report_Population_Projection_2019.pdf,Dadra & Nagar Haveli and Daman & Diu are summed to match the merged PhonePe geography.
jammu-&-kashmir,Jammu & Kashmir,2014,12645000,Jammu & Kashmir,Table 8: projected total population by sex as on 1 March,1 March of each calendar year,https://nhm.gov.in/New_Updates_2018/Report_Population_Projection_2019.pdf,Dadra & Nagar Haveli and Daman & Diu are summed to match the merged PhonePe geography.
jammu-&-kashmir,Jammu & Kashmir,2015,12771000,Jammu & Kashmir,Table 8: projected total population by sex as on 1 March,1 March of each calendar year,https://nhm.gov.in/New_Updates_2018/Report_Population_Projection_2019.pdf,Dadra & Nagar Haveli and Daman & Diu are summed to match the merged PhonePe geography.
jammu-&-kashmir,Jammu & Kashmir,2016,12897000,Jammu & Kashmir,Table 8: projected total population by sex as on 1 March,1 March of each calendar year,https://nhm.gov.in/New_Updates_2018/Report_Population_Projection_2019.pdf,Dadra & Nagar Haveli and Daman & Diu are summed to match the merged PhonePe geography.
jammu-&-kashmir,Jammu & Kashmir,2017,12999000,Jammu & Kashmir,Table 8: projected total population by sex as on 1 March,1 March of each calendar year,https://nhm.gov.in/New_Updates_2018/Report_Population_Projection_2019.pdf,Dadra & Nagar Haveli and Daman & Diu are summed to match the merged PhonePe geography.
jammu-&-kashmir,Jammu & Kashmir,2018,13101000,Jammu & Kashmir,Table 8: projected total population by sex as on 1 March,1 March of each calendar year,https://nhm.gov.in/New_Updates_2018/Report_Population_Projection_2019.pdf,Dadra & Nagar Haveli and Daman & Diu are summed to match the merged PhonePe geography.
jammu-&-kashmir,Jammu & Kashmir,2019,13203000,Jammu & Kashmir,Table 8: projected total population by sex as on 1 March,1 March of each calendar year,https://nhm.gov.in/New_Updates_2018/Report_Population_Projection_2019.pdf,Dadra & Nagar Haveli and Daman & Diu are summed to match the merged PhonePe geography.
jammu-&-kashmir,Jammu & Kashmir,2020,13305000,Jammu & Kashmir,Table 8: projected total population by sex as on 1 March,1 March of each calendar year,https://nhm.gov.in/New_Updates_2018/Report_Population_Projection_2019.pdf,Dadra & Nagar Haveli and Daman & Diu are summed to match the merged PhonePe geography.
jammu-&-kashmir,Jammu & Kashmir,2021,13408000,Jammu & Kashmir,Table 8: projected total population by sex as on 1 March,1 March of each calendar year,https://nhm.gov.in/New_Updates_2018/Report_Population_Projection_2019.pdf,Dadra & Nagar Haveli and Daman & Diu are summed to match the merged PhonePe geography.
jammu-&-kashmir,Jammu & Kashmir,2022,13505000,Jammu & Kashmir,Table 8: projected total population by sex as on 1 March,1 March of each calendar year,https://nhm.gov.in/New_Updates_2018/Report_Population_Projection_2019.pdf,Dadra & Nagar Haveli and Daman & Diu are summed to match the merged PhonePe geography.
jammu-&-kashmir,Jammu & Kashmir,2023,13603000,Jammu & Kashmir,Table 8: projected total population by sex as on 1 March,1 March of each calendar year,https://nhm.gov.in/New_Updates_2018/Report_Population_Projection_2019.pdf,Dadra & Nagar Haveli and Daman & Diu are summed to match the merged PhonePe geography.
jammu-&-kashmir,Jammu & Kashmir,2024,13701000,Jammu & Kashmir,Table 8: projected total population by sex as on 1 March,1 March of each calendar year,https://nhm.gov.in/New_Updates_2018/Report_Population_Projection_2019.pdf,Dadra & Nagar Haveli and Daman & Diu are summed to match the merged PhonePe geography.
jammu-&-kashmir,Jammu & Kashmir,2025,13798000,Jammu & Kashmir,Table 8: projected total population by sex as on 1 March,1 March of each calendar year,https://nhm.gov.in/New_Updates_2018/Report_Population_Projection_2019.pdf,Dadra & Nagar Haveli and Daman & Diu are summed to match the merged PhonePe geography.
jammu-&-kashmir,Jammu & Kashmir,2026,13896000,Jammu & Kashmir,Table 8: projected total population by sex as on 1 March,1 March of each calendar year,https://nhm.gov.in/New_Updates_2018/Report_Population_Projection_2019.pdf,Dadra & Nagar Haveli and Daman & Diu are summed to match the merged PhonePe geography.
jammu-&-kashmir,Jammu & Kashmir,2027,13989000,Jammu & Kashmir,Table 8: projected total population by sex as on 1 March,1 March of each calendar year,https://nhm.gov.in/New_Updates_2018/Report_Population_Projection_2019.pdf,Dadra & Nagar Haveli and Daman & Diu are summed to match the merged PhonePe geography.
jammu-&-kashmir,Jammu & Kashmir,2028,14082000,Jammu & Kashmir,Table 8: projected total population by sex as on 1 March,1 March of each calendar year,https://nhm.gov.in/New_Updates_2018/Report_Population_Projection_2019.pdf,Dadra & Nagar Haveli and Daman & Diu are summed to match the merged PhonePe geography.
jammu-&-kashmir,Jammu & Kashmir,2029,14175000,Jammu & Kashmir,Table 8: projected total population by sex as on 1 March,1 March of each calendar year,https://nhm.gov.in/New_Updates_2018/Report_Population_Projection_2019.pdf,Dadra & Nagar Haveli and Daman & Diu are summed to match the merged PhonePe geography.
jammu-&-kashmir,Jammu & Kashmir,2030,14268000,Jammu & Kashmir,Table 8: projected total population by sex as on 1 March,1 March of each calendar year,https://nhm.gov.in/New_Updates_2018/Report_Population_Projection_2019.pdf,Dadra & Nagar Haveli and Daman & Diu are summed to match the merged PhonePe geography.
jammu-&-kashmir,Jammu & Kashmir,2031,14361000,Jammu & Kashmir,Table 8: projected total population by sex as on 1 March,1 March of each calendar year,https://nhm.gov.in/New_Updates_2018/Report_Population_Projection_2019.pdf,Dadra & Nagar Haveli and Daman & Diu are summed to match the merged PhonePe geography.
jammu-&-kashmir,Jammu & Kashmir,2032,14438000,Jammu & Kashmir,Table 8: projected total population by sex as on 1 March,1 March of each calendar year,https://nhm.gov.in/New_Updates_2018/Report_Population_Projection_2019.pdf,Dadra & Nagar Haveli and Daman & Diu are summed to match the merged PhonePe geography.
jammu-&-kashmir,Jammu & Kashmir,2033,14515000,Jammu & Kashmir,Table 8: projected total population by sex as on 1 March,1 March of each calendar year,https://nhm.gov.in/New_Updates_2018/Report_Population_Projection_2019.pdf,Dadra & Nagar Haveli and Daman & Diu are summed to match the merged PhonePe geography.
jammu-&-kashmir,Jammu & Kashmir,2034,14593000,Jammu & Kashmir,Table 8: projected total population by sex as on 1 March,1 March of each calendar year,https://nhm.gov.in/New_Updates_2018/Report_Population_Projection_2019.pdf,Dadra & Nagar Haveli and Daman & Diu are summed to match the merged PhonePe geography.
jammu-&-kashmir,Jammu & Kashmir,2035,14670000,Jammu & Kashmir,Table 8: projected total population by sex as on 1 March,1 March of each calendar year,https://nhm.gov.in/New_Updates_2018/Report_Population_Projection_2019.pdf,Dadra & Nagar Haveli and Daman & Diu are summed to match the merged PhonePe geography.
jammu-&-kashmir,Jammu & Kashmir,2036,14747000,Jammu & Kashmir,Table 8: projected total population by sex as on 1 March,1 March of each calendar year,https://nhm.gov.in/New_Updates_2018/Report_Population_Projection_2019.pdf,Dadra & Nagar Haveli and Daman & Diu are summed to match the merged PhonePe geography.
jharkhand,Jharkhand,2011,32988000,Jharkhand,Table 8: projected total population by sex as on 1 March,1 March of each calendar year,https://nhm.gov.in/New_Updates_2018/Report_Population_Projection_2019.pdf,Dadra & Nagar Haveli and Daman & Diu are summed to match the merged PhonePe geography.
jharkhand,Jharkhand,2012,33551000,Jharkhand,Table 8: projected total population by sex as on 1 March,1 March of each calendar year,https://nhm.gov.in/New_Updates_2018/Report_Population_Projection_2019.pdf,Dadra & Nagar Haveli and Daman & Diu are summed to match the merged PhonePe geography.
jharkhand,Jharkhand,2013,34113000,Jharkhand,Table 8: projected total population by sex as on 1 March,1 March of each calendar year,https://nhm.gov.in/New_Updates_2018/Report_Population_Projection_2019.pdf,Dadra & Nagar Haveli and Daman & Diu are summed to match the merged PhonePe geography.
jharkhand,Jharkhand,2014,34675000,Jharkhand,Table 8: projected total population by sex as on 1 March,1 March of each calendar year,https://nhm.gov.in/New_Updates_2018/Report_Population_Projection_2019.pdf,Dadra & Nagar Haveli and Daman & Diu are summed to match the merged PhonePe geography.
jharkhand,Jharkhand,2015,35238000,Jharkhand,Table 8: projected total population by sex as on 1 March,1 March of each calendar year,https://nhm.gov.in/New_Updates_2018/Report_Population_Projection_2019.pdf,Dadra & Nagar Haveli and Daman & Diu are summed to match the merged PhonePe geography.
jharkhand,Jharkhand,2016,35800000,Jharkhand,Table 8: projected total population by sex as on 1 March,1 March of each calendar year,https://nhm.gov.in/New_Updates_2018/Report_Population_Projection_2019.pdf,Dadra & Nagar Haveli and Daman & Diu are summed to match the merged PhonePe geography.
jharkhand,Jharkhand,2017,36334000,Jharkhand,Table 8: projected total population by sex as on 1 March,1 March of each calendar year,https://nhm.gov.in/New_Updates_2018/Report_Population_Projection_2019.pdf,Dadra & Nagar Haveli and Daman & Diu are summed to match the merged PhonePe geography.
jharkhand,Jharkhand,2018,36869000,Jharkhand,Table 8: projected total population by sex as on 1 March,1 March of each calendar year,https://nhm.gov.in/New_Updates_2018/Report_Population_Projection_2019.pdf,Dadra & Nagar Haveli and Daman & Diu are summed to match the merged PhonePe geography.
jharkhand,Jharkhand,2019,37403000,Jharkhand,Table 8: projected total population by sex as on 1 March,1 March of each calendar year,https://nhm.gov.in/New_Updates_2018/Report_Population_Projection_2019.pdf,Dadra & Nagar Haveli and Daman & Diu are summed to match the merged PhonePe geography.
jharkhand,Jharkhand,2020,37937000,Jharkhand,Table 8: projected total population by sex as on 1 March,1 March of each calendar year,https://nhm.gov.in/New_Updates_2018/Report_Population_Projection_2019.pdf,Dadra & Nagar Haveli and Daman & Diu are summed to match the merged PhonePe geography.
jharkhand,Jharkhand,2021,38471000,Jharkhand,Table 8: projected total population by sex as on 1 March,1 March of each calendar year,https://nhm.gov.in/New_Updates_2018/Report_Population_Projection_2019.pdf,Dadra & Nagar Haveli and Daman & Diu are summed to match the merged PhonePe geography.
jharkhand,Jharkhand,2022,38969000,Jharkhand,Table 8: projected total population by sex as on 1 March,1 March of each calendar year,https://nhm.gov.in/New_Updates_2018/Report_Population_Projection_2019.pdf,Dadra & Nagar Haveli and Daman & Diu are summed to match the merged PhonePe geography.
jharkhand,Jharkhand,2023,39466000,Jharkhand,Table 8: projected total population by sex as on 1 March,1 March of each calendar year,https://nhm.gov.in/New_Updates_2018/Report_Population_Projection_2019.pdf,Dadra & Nagar Haveli and Daman & Diu are summed to match the merged PhonePe geography.
jharkhand,Jharkhand,2024,39963000,Jharkhand,Table 8: projected total population by sex as on 1 March,1 March of each calendar year,https://nhm.gov.in/New_Updates_2018/Report_Population_Projection_2019.pdf,Dadra & Nagar Haveli and Daman & Diu are summed to match the merged PhonePe geography.
jharkhand,Jharkhand,2025,40461000,Jharkhand,Table 8: projected total population by sex as on 1 March,1 March of each calendar year,https://nhm.gov.in/New_Updates_2018/Report_Population_Projection_2019.pdf,Dadra & Nagar Haveli and Daman & Diu are summed to match the merged PhonePe geography.
jharkhand,Jharkhand,2026,40958000,Jharkhand,Table 8: projected total population by sex as on 1 March,1 March of each calendar year,https://nhm.gov.in/New_Updates_2018/Report_Population_Projection_2019.pdf,Dadra & Nagar Haveli and Daman & Diu are summed to match the merged PhonePe geography.
jharkhand,Jharkhand,2027,41408000,Jharkhand,Table 8: projected total population by sex as on 1 March,1 March of each calendar year,https://nhm.gov.in/New_Updates_2018/Report_Population_Projection_2019.pdf,Dadra & Nagar Haveli and Daman & Diu are summed to match the merged PhonePe geography.
jharkhand,Jharkhand,2028,41858000,Jharkhand,Table 8: projected total population by sex as on 1 March,1 March of each calendar year,https://nhm.gov.in/New_Updates_2018/Report_Population_Projection_2019.pdf,Dadra & Nagar Haveli and Daman & Diu are summed to match the merged PhonePe geography.
jharkhand,Jharkhand,2029,42309000,Jharkhand,Table 8: projected total population by sex as on 1 March,1 March of each calendar year,https://nhm.gov.in/New_Updates_2018/Report_Population_Projection_2019.pdf,Dadra & Nagar Haveli and Daman & Diu are summed to match the merged PhonePe geography.
jharkhand,Jharkhand,2030,42759000,Jharkhand,Table 8: projected total population by sex as on 1 March,1 March of each calendar year,https://nhm.gov.in/New_Updates_2018/Report_Population_Projection_2019.pdf,Dadra & Nagar Haveli and Daman & Diu are summed to match the merged PhonePe geography.
jharkhand,Jharkhand,2031,43209000,Jharkhand,Table 8: projected total population by sex as on 1 March,1 March of each calendar year,https://nhm.gov.in/New_Updates_2018/Report_Population_Projection_2019.pdf,Dadra & Nagar Haveli and Daman & Diu are summed to match the merged PhonePe geography.
jharkhand,Jharkhand,2032,43599000,Jharkhand,Table 8: projected total population by sex as on 1 March,1 March of each calendar year,https://nhm.gov.in/New_Updates_2018/Report_Population_Projection_2019.pdf,Dadra & Nagar Haveli and Daman & Diu are summed to match the merged PhonePe geography.
jharkhand,Jharkhand,2033,43988000,Jharkhand,Table 8: projected total population by sex as on 1 March,1 March of each calendar year,https://nhm.gov.in/New_Updates_2018/Report_Population_Projection_2019.pdf,Dadra & Nagar Haveli and Daman & Diu are summed to match the merged PhonePe geography.
jharkhand,Jharkhand,2034,44377000,Jharkhand,Table 8: projected total population by sex as on 1 March,1 March of each calendar year,https://nhm.gov.in/New_Updates_2018/Report_Population_Projection_2019.pdf,Dadra & Nagar Haveli and Daman & Diu are summed to match the merged PhonePe geography.
jharkhand,Jharkhand,2035,44766000,Jharkhand,Table 8: projected total population by sex as on 1 March,1 March of each calendar year,https://nhm.gov.in/New_Updates_2018/Report_Population_Projection_2019.pdf,Dadra & Nagar Haveli and Daman & Diu are summed to match the merged PhonePe geography.
jharkhand,Jharkhand,2036,45155000,Jharkhand,Table 8: projected total population by sex as on 1 March,1 March of each calendar year,https://nhm.gov.in/New_Updates_2018/Report_Population_Projection_2019.pdf,Dadra & Nagar Haveli and Daman & Diu are summed to match the merged PhonePe geography.
karnataka,Karnataka,2011,61095000,Karnataka,Table 8: projected total population by sex as on 1 March,1 March of each calendar year,https://nhm.gov.in/New_Updates_2018/Report_Population_Projection_2019.pdf,Dadra & Nagar Haveli and Daman & Diu are summed to match the merged PhonePe geography.
karnataka,Karnataka,2012,61722000,Karnataka,Table 8: projected total population by sex as on 1 March,1 March of each calendar year,https://nhm.gov.in/New_Updates_2018/Report_Population_Projection_2019.pdf,Dadra & Nagar Haveli and Daman & Diu are summed to match the merged PhonePe geography.
karnataka,Karnataka,2013,62349000,Karnataka,Table 8: projected total population by sex as on 1 March,1 March of each calendar year,https://nhm.gov.in/New_Updates_2018/Report_Population_Projection_2019.pdf,Dadra & Nagar Haveli and Daman & Diu are summed to match the merged PhonePe geography.
karnataka,Karnataka,2014,62975000,Karnataka,Table 8: projected total population by sex as on 1 March,1 March of each calendar year,https://nhm.gov.in/New_Updates_2018/Report_Population_Projection_2019.pdf,Dadra & Nagar Haveli and Daman & Diu are summed to match the merged PhonePe geography.
karnataka,Karnataka,2015,63602000,Karnataka,Table 8: projected total population by sex as on 1 March,1 March of each calendar year,https://nhm.gov.in/New_Updates_2018/Report_Population_Projection_2019.pdf,Dadra & Nagar Haveli and Daman & Diu are summed to match the merged PhonePe geography.
karnataka,Karnataka,2016,64229000,Karnataka,Table 8: projected total population by sex as on 1 March,1 March of each calendar year,https://nhm.gov.in/New_Updates_2018/Report_Population_Projection_2019.pdf,Dadra & Nagar Haveli and Daman & Diu are summed to match the merged PhonePe geography.
karnataka,Karnataka,2017,64752000,Karnataka,Table 8: projected total population by sex as on 1 March,1 March of each calendar year,https://nhm.gov.in/New_Updates_2018/Report_Population_Projection_2019.pdf,Dadra & Nagar Haveli and Daman & Diu are summed to match the merged PhonePe geography.
karnataka,Karnataka,2018,65275000,Karnataka,Table 8: projected total population by sex as on 1 March,1 March of each calendar year,https://nhm.gov.in/New_Updates_2018/Report_Population_Projection_2019.pdf,Dadra & Nagar Haveli and Daman & Diu are summed to match the merged PhonePe geography.
karnataka,Karnataka,2019,65798000,Karnataka,Table 8: projected total population by sex as on 1 March,1 March of each calendar year,https://nhm.gov.in/New_Updates_2018/Report_Population_Projection_2019.pdf,Dadra & Nagar Haveli and Daman & Diu are summed to match the merged PhonePe geography.
karnataka,Karnataka,2020,66322000,Karnataka,Table 8: projected total population by sex as on 1 March,1 March of each calendar year,https://nhm.gov.in/New_Updates_2018/Report_Population_Projection_2019.pdf,Dadra & Nagar Haveli and Daman & Diu are summed to match the merged PhonePe geography.
karnataka,Karnataka,2021,66845000,Karnataka,Table 8: projected total population by sex as on 1 March,1 March of each calendar year,https://nhm.gov.in/New_Updates_2018/Report_Population_Projection_2019.pdf,Dadra & Nagar Haveli and Daman & Diu are summed to match the merged PhonePe geography.
karnataka,Karnataka,2022,67268000,Karnataka,Table 8: projected total population by sex as on 1 March,1 March of each calendar year,https://nhm.gov.in/New_Updates_2018/Report_Population_Projection_2019.pdf,Dadra & Nagar Haveli and Daman & Diu are summed to match the merged PhonePe geography.
karnataka,Karnataka,2023,67692000,Karnataka,Table 8: projected total population by sex as on 1 March,1 March of each calendar year,https://nhm.gov.in/New_Updates_2018/Report_Population_Projection_2019.pdf,Dadra & Nagar Haveli and Daman & Diu are summed to match the merged PhonePe geography.
karnataka,Karnataka,2024,68115000,Karnataka,Table 8: projected total population by sex as on 1 March,1 March of each calendar year,https://nhm.gov.in/New_Updates_2018/Report_Population_Projection_2019.pdf,Dadra & Nagar Haveli and Daman & Diu are summed to match the merged PhonePe geography.
karnataka,Karnataka,2025,68538000,Karnataka,Table 8: projected total population by sex as on 1 March,1 March of each calendar year,https://nhm.gov.in/New_Updates_2018/Report_Population_Projection_2019.pdf,Dadra & Nagar Haveli and Daman & Diu are summed to match the merged PhonePe geography.
karnataka,Karnataka,2026,68962000,Karnataka,Table 8: projected total population by sex as on 1 March,1 March of each calendar year,https://nhm.gov.in/New_Updates_2018/Report_Population_Projection_2019.pdf,Dadra & Nagar Haveli and Daman & Diu are summed to match the merged PhonePe geography.
karnataka,Karnataka,2027,69300000,Karnataka,Table 8: projected total population by sex as on 1 March,1 March of each calendar year,https://nhm.gov.in/New_Updates_2018/Report_Population_Projection_2019.pdf,Dadra & Nagar Haveli and Daman & Diu are summed to match the merged PhonePe geography.
karnataka,Karnataka,2028,69638000,Karnataka,Table 8: projected total population by sex as on 1 March,1 March of each calendar year,https://nhm.gov.in/New_Updates_2018/Report_Population_Projection_2019.pdf,Dadra & Nagar Haveli and Daman & Diu are summed to match the merged PhonePe geography.
karnataka,Karnataka,2029,69976000,Karnataka,Table 8: projected total population by sex as on 1 March,1 March of each calendar year,https://nhm.gov.in/New_Updates_2018/Report_Population_Projection_2019.pdf,Dadra & Nagar Haveli and Daman & Diu are summed to match the merged PhonePe geography.
karnataka,Karnataka,2030,70314000,Karnataka,Table 8: projected total population by sex as on 1 March,1 March of each calendar year,https://nhm.gov.in/New_Updates_2018/Report_Population_Projection_2019.pdf,Dadra & Nagar Haveli and Daman & Diu are summed to match the merged PhonePe geography.
karnataka,Karnataka,2031,70652000,Karnataka,Table 8: projected total population by sex as on 1 March,1 March of each calendar year,https://nhm.gov.in/New_Updates_2018/Report_Population_Projection_2019.pdf,Dadra & Nagar Haveli and Daman & Diu are summed to match the merged PhonePe geography.
karnataka,Karnataka,2032,70911000,Karnataka,Table 8: projected total population by sex as on 1 March,1 March of each calendar year,https://nhm.gov.in/New_Updates_2018/Report_Population_Projection_2019.pdf,Dadra & Nagar Haveli and Daman & Diu are summed to match the merged PhonePe geography.
karnataka,Karnataka,2033,71170000,Karnataka,Table 8: projected total population by sex as on 1 March,1 March of each calendar year,https://nhm.gov.in/New_Updates_2018/Report_Population_Projection_2019.pdf,Dadra & Nagar Haveli and Daman & Diu are summed to match the merged PhonePe geography.
karnataka,Karnataka,2034,71429000,Karnataka,Table 8: projected total population by sex as on 1 March,1 March of each calendar year,https://nhm.gov.in/New_Updates_2018/Report_Population_Projection_2019.pdf,Dadra & Nagar Haveli and Daman & Diu are summed to match the merged PhonePe geography.
karnataka,Karnataka,2035,71689000,Karnataka,Table 8: projected total population by sex as on 1 March,1 March of each calendar year,https://nhm.gov.in/New_Updates_2018/Report_Population_Projection_2019.pdf,Dadra & Nagar Haveli and Daman & Diu are summed to match the merged PhonePe geography.
karnataka,Karnataka,2036,71948000,Karnataka,Table 8: projected total population by sex as on 1 March,1 March of each calendar year,https://nhm.gov.in/New_Updates_2018/Report_Population_Projection_2019.pdf,Dadra & Nagar Haveli and Daman & Diu are summed to match the merged PhonePe geography.
kerala,Kerala,2011,33406000,Kerala,Table 8: projected total population by sex as on 1 March,1 March of each calendar year,https://nhm.gov.in/New_Updates_2018/Report_Population_Projection_2019.pdf,Dadra & Nagar Haveli and Daman & Diu are summed to match the merged PhonePe geography.
kerala,Kerala,2012,33641000,Kerala,Table 8: projected total population by sex as on 1 March,1 March of each calendar year,https://nhm.gov.in/New_Updates_2018/Report_Population_Projection_2019.pdf,Dadra & Nagar Haveli and Daman & Diu are summed to match the merged PhonePe geography.
kerala,Kerala,2013,33875000,Kerala,Table 8: projected total population by sex as on 1 March,1 March of each calendar year,https://nhm.gov.in/New_Updates_2018/Report_Population_Projection_2019.pdf,Dadra & Nagar Haveli and Daman & Diu are summed to match the merged PhonePe geography.
kerala,Kerala,2014,34109000,Kerala,Table 8: projected total population by sex as on 1 March,1 March of each calendar year,https://nhm.gov.in/New_Updates_2018/Report_Population_Projection_2019.pdf,Dadra & Nagar Haveli and Daman & Diu are summed to match the merged PhonePe geography.
kerala,Kerala,2015,34344000,Kerala,Table 8: projected total population by sex as on 1 March,1 March of each calendar year,https://nhm.gov.in/New_Updates_2018/Report_Population_Projection_2019.pdf,Dadra & Nagar Haveli and Daman & Diu are summed to match the merged PhonePe geography.
kerala,Kerala,2016,34578000,Kerala,Table 8: projected total population by sex as on 1 March,1 March of each calendar year,https://nhm.gov.in/New_Updates_2018/Report_Population_Projection_2019.pdf,Dadra & Nagar Haveli and Daman & Diu are summed to match the merged PhonePe geography.
kerala,Kerala,2017,34761000,Kerala,Table 8: projected total population by sex as on 1 March,1 March of each calendar year,https://nhm.gov.in/New_Updates_2018/Report_Population_Projection_2019.pdf,Dadra & Nagar Haveli and Daman & Diu are summed to match the merged PhonePe geography.
kerala,Kerala,2018,34943000,Kerala,Table 8: projected total population by sex as on 1 March,1 March of each calendar year,https://nhm.gov.in/New_Updates_2018/Report_Population_Projection_2019.pdf,Dadra & Nagar Haveli and Daman & Diu are summed to match the merged PhonePe geography.
kerala,Kerala,2019,35125000,Kerala,Table 8: projected total population by sex as on 1 March,1 March of each calendar year,https://nhm.gov.in/New_Updates_2018/Report_Population_Projection_2019.pdf,Dadra & Nagar Haveli and Daman & Diu are summed to match the merged PhonePe geography.
kerala,Kerala,2020,35307000,Kerala,Table 8: projected total population by sex as on 1 March,1 March of each calendar year,https://nhm.gov.in/New_Updates_2018/Report_Population_Projection_2019.pdf,Dadra & Nagar Haveli and Daman & Diu are summed to match the merged PhonePe geography.
kerala,Kerala,2021,35489000,Kerala,Table 8: projected total population by sex as on 1 March,1 March of each calendar year,https://nhm.gov.in/New_Updates_2018/Report_Population_Projection_2019.pdf,Dadra & Nagar Haveli and Daman & Diu are summed to match the merged PhonePe geography.
kerala,Kerala,2022,35633000,Kerala,Table 8: projected total population by sex as on 1 March,1 March of each calendar year,https://nhm.gov.in/New_Updates_2018/Report_Population_Projection_2019.pdf,Dadra & Nagar Haveli and Daman & Diu are summed to match the merged PhonePe geography.
kerala,Kerala,2023,35776000,Kerala,Table 8: projected total population by sex as on 1 March,1 March of each calendar year,https://nhm.gov.in/New_Updates_2018/Report_Population_Projection_2019.pdf,Dadra & Nagar Haveli and Daman & Diu are summed to match the merged PhonePe geography.
kerala,Kerala,2024,35920000,Kerala,Table 8: projected total population by sex as on 1 March,1 March of each calendar year,https://nhm.gov.in/New_Updates_2018/Report_Population_Projection_2019.pdf,Dadra & Nagar Haveli and Daman & Diu are summed to match the merged PhonePe geography.
kerala,Kerala,2025,36063000,Kerala,Table 8: projected total population by sex as on 1 March,1 March of each calendar year,https://nhm.gov.in/New_Updates_2018/Report_Population_Projection_2019.pdf,Dadra & Nagar Haveli and Daman & Diu are summed to match the merged PhonePe geography.
kerala,Kerala,2026,36207000,Kerala,Table 8: projected total population by sex as on 1 March,1 March of each calendar year,https://nhm.gov.in/New_Updates_2018/Report_Population_Projection_2019.pdf,Dadra & Nagar Haveli and Daman & Diu are summed to match the merged PhonePe geography.
kerala,Kerala,2027,36304000,Kerala,Table 8: projected total population by sex as on 1 March,1 March of each calendar year,https://nhm.gov.in/New_Updates_2018/Report_Population_Projection_2019.pdf,Dadra & Nagar Haveli and Daman & Diu are summed to match the merged PhonePe geography.
kerala,Kerala,2028,36402000,Kerala,Table 8: projected total population by sex as on 1 March,1 March of each calendar year,https://nhm.gov.in/New_Updates_2018/Report_Population_Projection_2019.pdf,Dadra & Nagar Haveli and Daman & Diu are summed to match the merged PhonePe geography.
kerala,Kerala,2029,36499000,Kerala,Table 8: projected total population by sex as on 1 March,1 March of each calendar year,https://nhm.gov.in/New_Updates_2018/Report_Population_Projection_2019.pdf,Dadra & Nagar Haveli and Daman & Diu are summed to match the merged PhonePe geography.
kerala,Kerala,2030,36597000,Kerala,Table 8: projected total population by sex as on 1 March,1 March of each calendar year,https://nhm.gov.in/New_Updates_2018/Report_Population_Projection_2019.pdf,Dadra & Nagar Haveli and Daman & Diu are summed to match the merged PhonePe geography.
kerala,Kerala,2031,36695000,Kerala,Table 8: projected total population by sex as on 1 March,1 March of each calendar year,https://nhm.gov.in/New_Updates_2018/Report_Population_Projection_2019.pdf,Dadra & Nagar Haveli and Daman & Diu are summed to match the merged PhonePe geography.
kerala,Kerala,2032,36746000,Kerala,Table 8: projected total population by sex as on 1 March,1 March of each calendar year,https://nhm.gov.in/New_Updates_2018/Report_Population_Projection_2019.pdf,Dadra & Nagar Haveli and Daman & Diu are summed to match the merged PhonePe geography.
kerala,Kerala,2033,36796000,Kerala,Table 8: projected total population by sex as on 1 March,1 March of each calendar year,https://nhm.gov.in/New_Updates_2018/Report_Population_Projection_2019.pdf,Dadra & Nagar Haveli and Daman & Diu are summed to match the merged PhonePe geography.
kerala,Kerala,2034,36847000,Kerala,Table 8: projected total population by sex as on 1 March,1 March of each calendar year,https://nhm.gov.in/New_Updates_2018/Report_Population_Projection_2019.pdf,Dadra & Nagar Haveli and Daman & Diu are summed to match the merged PhonePe geography.
kerala,Kerala,2035,36898000,Kerala,Table 8: projected total population by sex as on 1 March,1 March of each calendar year,https://nhm.gov.in/New_Updates_2018/Report_Population_Projection_2019.pdf,Dadra & Nagar Haveli and Daman & Diu are summed to match the merged PhonePe geography.
kerala,Kerala,2036,36949000,Kerala,Table 8: projected total population by sex as on 1 March,1 March of each calendar year,https://nhm.gov.in/New_Updates_2018/Report_Population_Projection_2019.pdf,Dadra & Nagar Haveli and Daman & Diu are summed to match the merged PhonePe geography.
ladakh,Ladakh,2011,274000,Ladakh,Table 8: projected total population by sex as on 1 March,1 March of each calendar year,https://nhm.gov.in/New_Updates_2018/Report_Population_Projection_2019.pdf,Dadra & Nagar Haveli and Daman & Diu are summed to match the merged PhonePe geography.
ladakh,Ladakh,2012,277000,Ladakh,Table 8: projected total population by sex as on 1 March,1 March of each calendar year,https://nhm.gov.in/New_Updates_2018/Report_Population_Projection_2019.pdf,Dadra & Nagar Haveli and Daman & Diu are summed to match the merged PhonePe geography.
ladakh,Ladakh,2013,279000,Ladakh,Table 8: projected total population by sex as on 1 March,1 March of each calendar year,https://nhm.gov.in/New_Updates_2018/Report_Population_Projection_2019.pdf,Dadra & Nagar Haveli and Daman & Diu are summed to match the merged PhonePe geography.
ladakh,Ladakh,2014,282000,Ladakh,Table 8: projected total population by sex as on 1 March,1 March of each calendar year,https://nhm.gov.in/New_Updates_2018/Report_Population_Projection_2019.pdf,Dadra & Nagar Haveli and Daman & Diu are summed to match the merged PhonePe geography.
ladakh,Ladakh,2015,285000,Ladakh,Table 8: projected total population by sex as on 1 March,1 March of each calendar year,https://nhm.gov.in/New_Updates_2018/Report_Population_Projection_2019.pdf,Dadra & Nagar Haveli and Daman & Diu are summed to match the merged PhonePe geography.
ladakh,Ladakh,2016,287000,Ladakh,Table 8: projected total population by sex as on 1 March,1 March of each calendar year,https://nhm.gov.in/New_Updates_2018/Report_Population_Projection_2019.pdf,Dadra & Nagar Haveli and Daman & Diu are summed to match the merged PhonePe geography.
ladakh,Ladakh,2017,289000,Ladakh,Table 8: projected total population by sex as on 1 March,1 March of each calendar year,https://nhm.gov.in/New_Updates_2018/Report_Population_Projection_2019.pdf,Dadra & Nagar Haveli and Daman & Diu are summed to match the merged PhonePe geography.
ladakh,Ladakh,2018,291000,Ladakh,Table 8: projected total population by sex as on 1 March,1 March of each calendar year,https://nhm.gov.in/New_Updates_2018/Report_Population_Projection_2019.pdf,Dadra & Nagar Haveli and Daman & Diu are summed to match the merged PhonePe geography.
ladakh,Ladakh,2019,293000,Ladakh,Table 8: projected total population by sex as on 1 March,1 March of each calendar year,https://nhm.gov.in/New_Updates_2018/Report_Population_Projection_2019.pdf,Dadra & Nagar Haveli and Daman & Diu are summed to match the merged PhonePe geography.
ladakh,Ladakh,2020,295000,Ladakh,Table 8: projected total population by sex as on 1 March,1 March of each calendar year,https://nhm.gov.in/New_Updates_2018/Report_Population_Projection_2019.pdf,Dadra & Nagar Haveli and Daman & Diu are summed to match the merged PhonePe geography.
ladakh,Ladakh,2021,297000,Ladakh,Table 8: projected total population by sex as on 1 March,1 March of each calendar year,https://nhm.gov.in/New_Updates_2018/Report_Population_Projection_2019.pdf,Dadra & Nagar Haveli and Daman & Diu are summed to match the merged PhonePe geography.
ladakh,Ladakh,2022,299000,Ladakh,Table 8: projected total population by sex as on 1 March,1 March of each calendar year,https://nhm.gov.in/New_Updates_2018/Report_Population_Projection_2019.pdf,Dadra & Nagar Haveli and Daman & Diu are summed to match the merged PhonePe geography.
ladakh,Ladakh,2023,300000,Ladakh,Table 8: projected total population by sex as on 1 March,1 March of each calendar year,https://nhm.gov.in/New_Updates_2018/Report_Population_Projection_2019.pdf,Dadra & Nagar Haveli and Daman & Diu are summed to match the merged PhonePe geography.
ladakh,Ladakh,2024,302000,Ladakh,Table 8: projected total population by sex as on 1 March,1 March of each calendar year,https://nhm.gov.in/New_Updates_2018/Report_Population_Projection_2019.pdf,Dadra & Nagar Haveli and Daman & Diu are summed to match the merged PhonePe geography.
ladakh,Ladakh,2025,304000,Ladakh,Table 8: projected total population by sex as on 1 March,1 March of each calendar year,https://nhm.gov.in/New_Updates_2018/Report_Population_Projection_2019.pdf,Dadra & Nagar Haveli and Daman & Diu are summed to match the merged PhonePe geography.
ladakh,Ladakh,2026,305000,Ladakh,Table 8: projected total population by sex as on 1 March,1 March of each calendar year,https://nhm.gov.in/New_Updates_2018/Report_Population_Projection_2019.pdf,Dadra & Nagar Haveli and Daman & Diu are summed to match the merged PhonePe geography.
ladakh,Ladakh,2027,306000,Ladakh,Table 8: projected total population by sex as on 1 March,1 March of each calendar year,https://nhm.gov.in/New_Updates_2018/Report_Population_Projection_2019.pdf,Dadra & Nagar Haveli and Daman & Diu are summed to match the merged PhonePe geography.
ladakh,Ladakh,2028,308000,Ladakh,Table 8: projected total population by sex as on 1 March,1 March of each calendar year,https://nhm.gov.in/New_Updates_2018/Report_Population_Projection_2019.pdf,Dadra & Nagar Haveli and Daman & Diu are summed to match the merged PhonePe geography.
ladakh,Ladakh,2029,309000,Ladakh,Table 8: projected total population by sex as on 1 March,1 March of each calendar year,https://nhm.gov.in/New_Updates_2018/Report_Population_Projection_2019.pdf,Dadra & Nagar Haveli and Daman & Diu are summed to match the merged PhonePe geography.
ladakh,Ladakh,2030,310000,Ladakh,Table 8: projected total population by sex as on 1 March,1 March of each calendar year,https://nhm.gov.in/New_Updates_2018/Report_Population_Projection_2019.pdf,Dadra & Nagar Haveli and Daman & Diu are summed to match the merged PhonePe geography.
ladakh,Ladakh,2031,312000,Ladakh,Table 8: projected total population by sex as on 1 March,1 March of each calendar year,https://nhm.gov.in/New_Updates_2018/Report_Population_Projection_2019.pdf,Dadra & Nagar Haveli and Daman & Diu are summed to match the merged PhonePe geography.
ladakh,Ladakh,2032,312000,Ladakh,Table 8: projected total population by sex as on 1 March,1 March of each calendar year,https://nhm.gov.in/New_Updates_2018/Report_Population_Projection_2019.pdf,Dadra & Nagar Haveli and Daman & Diu are summed to match the merged PhonePe geography.
ladakh,Ladakh,2033,313000,Ladakh,Table 8: projected total population by sex as on 1 March,1 March of each calendar year,https://nhm.gov.in/New_Updates_2018/Report_Population_Projection_2019.pdf,Dadra & Nagar Haveli and Daman & Diu are summed to match the merged PhonePe geography.
ladakh,Ladakh,2034,314000,Ladakh,Table 8: projected total population by sex as on 1 March,1 March of each calendar year,https://nhm.gov.in/New_Updates_2018/Report_Population_Projection_2019.pdf,Dadra & Nagar Haveli and Daman & Diu are summed to match the merged PhonePe geography.
ladakh,Ladakh,2035,315000,Ladakh,Table 8: projected total population by sex as on 1 March,1 March of each calendar year,https://nhm.gov.in/New_Updates_2018/Report_Population_Projection_2019.pdf,Dadra & Nagar Haveli and Daman & Diu are summed to match the merged PhonePe geography.
ladakh,Ladakh,2036,316000,Ladakh,Table 8: projected total population by sex as on 1 March,1 March of each calendar year,https://nhm.gov.in/New_Updates_2018/Report_Population_Projection_2019.pdf,Dadra & Nagar Haveli and Daman & Diu are summed to match the merged PhonePe geography.
lakshadweep,Lakshadweep,2011,64000,Lakshadweep,Table 8: projected total population by sex as on 1 March,1 March of each calendar year,https://nhm.gov.in/New_Updates_2018/Report_Population_Projection_2019.pdf,Dadra & Nagar Haveli and Daman & Diu are summed to match the merged PhonePe geography.
lakshadweep,Lakshadweep,2012,65000,Lakshadweep,Table 8: projected total population by sex as on 1 March,1 March of each calendar year,https://nhm.gov.in/New_Updates_2018/Report_Population_Projection_2019.pdf,Dadra & Nagar Haveli and Daman & Diu are summed to match the merged PhonePe geography.
lakshadweep,Lakshadweep,2013,65000,Lakshadweep,Table 8: projected total population by sex as on 1 March,1 March of each calendar year,https://nhm.gov.in/New_Updates_2018/Report_Population_Projection_2019.pdf,Dadra & Nagar Haveli and Daman & Diu are summed to match the merged PhonePe geography.
lakshadweep,Lakshadweep,2014,66000,Lakshadweep,Table 8: projected total population by sex as on 1 March,1 March of each calendar year,https://nhm.gov.in/New_Updates_2018/Report_Population_Projection_2019.pdf,Dadra & Nagar Haveli and Daman & Diu are summed to match the merged PhonePe geography.
lakshadweep,Lakshadweep,2015,66000,Lakshadweep,Table 8: projected total population by sex as on 1 March,1 March of each calendar year,https://nhm.gov.in/New_Updates_2018/Report_Population_Projection_2019.pdf,Dadra & Nagar Haveli and Daman & Diu are summed to match the merged PhonePe geography.
lakshadweep,Lakshadweep,2016,67000,Lakshadweep,Table 8: projected total population by sex as on 1 March,1 March of each calendar year,https://nhm.gov.in/New_Updates_2018/Report_Population_Projection_2019.pdf,Dadra & Nagar Haveli and Daman & Diu are summed to match the merged PhonePe geography.
lakshadweep,Lakshadweep,2017,67000,Lakshadweep,Table 8: projected total population by sex as on 1 March,1 March of each calendar year,https://nhm.gov.in/New_Updates_2018/Report_Population_Projection_2019.pdf,Dadra & Nagar Haveli and Daman & Diu are summed to match the merged PhonePe geography.
lakshadweep,Lakshadweep,2018,67000,Lakshadweep,Table 8: projected total population by sex as on 1 March,1 March of each calendar year,https://nhm.gov.in/New_Updates_2018/Report_Population_Projection_2019.pdf,Dadra & Nagar Haveli and Daman & Diu are summed to match the merged PhonePe geography.
lakshadweep,Lakshadweep,2019,68000,Lakshadweep,Table 8: projected total population by sex as on 1 March,1 March of each calendar year,https://nhm.gov.in/New_Updates_2018/Report_Population_Projection_2019.pdf,Dadra & Nagar Haveli and Daman & Diu are summed to match the merged PhonePe geography.
lakshadweep,Lakshadweep,2020,68000,Lakshadweep,Table 8: projected total population by sex as on 1 March,1 March of each calendar year,https://nhm.gov.in/New_Updates_2018/Report_Population_Projection_2019.pdf,Dadra & Nagar Haveli and Daman & Diu are summed to match the merged PhonePe geography.
lakshadweep,Lakshadweep,2021,68000,Lakshadweep,Table 8: projected total population by sex as on 1 March,1 March of each calendar year,https://nhm.gov.in/New_Updates_2018/Report_Population_Projection_2019.pdf,Dadra & Nagar Haveli and Daman & Diu are summed to match the merged PhonePe geography.
lakshadweep,Lakshadweep,2022,68000,Lakshadweep,Table 8: projected total population by sex as on 1 March,1 March of each calendar year,https://nhm.gov.in/New_Updates_2018/Report_Population_Projection_2019.pdf,Dadra & Nagar Haveli and Daman & Diu are summed to match the merged PhonePe geography.
lakshadweep,Lakshadweep,2023,69000,Lakshadweep,Table 8: projected total population by sex as on 1 March,1 March of each calendar year,https://nhm.gov.in/New_Updates_2018/Report_Population_Projection_2019.pdf,Dadra & Nagar Haveli and Daman & Diu are summed to match the merged PhonePe geography.
lakshadweep,Lakshadweep,2024,69000,Lakshadweep,Table 8: projected total population by sex as on 1 March,1 March of each calendar year,https://nhm.gov.in/New_Updates_2018/Report_Population_Projection_2019.pdf,Dadra & Nagar Haveli and Daman & Diu are summed to match the merged PhonePe geography.
lakshadweep,Lakshadweep,2025,69000,Lakshadweep,Table 8: projected total population by sex as on 1 March,1 March of each calendar year,https://nhm.gov.in/New_Updates_2018/Report_Population_Projection_2019.pdf,Dadra & Nagar Haveli and Daman & Diu are summed to match the merged PhonePe geography.
lakshadweep,Lakshadweep,2026,70000,Lakshadweep,Table 8: projected total population by sex as on 1 March,1 March of each calendar year,https://nhm.gov.in/New_Updates_2018/Report_Population_Projection_2019.pdf,Dadra & Nagar Haveli and Daman & Diu are summed to match the merged PhonePe geography.
lakshadweep,Lakshadweep,2027,70000,Lakshadweep,Table 8: projected total population by sex as on 1 March,1 March of each calendar year,https://nhm.gov.in/New_Updates_2018/Report_Population_Projection_2019.pdf,Dadra & Nagar Haveli and Daman & Diu are summed to match the merged PhonePe geography.
lakshadweep,Lakshadweep,2028,70000,Lakshadweep,Table 8: projected total population by sex as on 1 March,1 March of each calendar year,https://nhm.gov.in/New_Updates_2018/Report_Population_Projection_2019.pdf,Dadra & Nagar Haveli and Daman & Diu are summed to match the merged PhonePe geography.
lakshadweep,Lakshadweep,2029,70000,Lakshadweep,Table 8: projected total population by sex as on 1 March,1 March of each calendar year,https://nhm.gov.in/New_Updates_2018/Report_Population_Projection_2019.pdf,Dadra & Nagar Haveli and Daman & Diu are summed to match the merged PhonePe geography.
lakshadweep,Lakshadweep,2030,70000,Lakshadweep,Table 8: projected total population by sex as on 1 March,1 March of each calendar year,https://nhm.gov.in/New_Updates_2018/Report_Population_Projection_2019.pdf,Dadra & Nagar Haveli and Daman & Diu are summed to match the merged PhonePe geography.
lakshadweep,Lakshadweep,2031,71000,Lakshadweep,Table 8: projected total population by sex as on 1 March,1 March of each calendar year,https://nhm.gov.in/New_Updates_2018/Report_Population_Projection_2019.pdf,Dadra & Nagar Haveli and Daman & Diu are summed to match the merged PhonePe geography.
lakshadweep,Lakshadweep,2032,71000,Lakshadweep,Table 8: projected total population by sex as on 1 March,1 March of each calendar year,https://nhm.gov.in/New_Updates_2018/Report_Population_Projection_2019.pdf,Dadra & Nagar Haveli and Daman & Diu are summed to match the merged PhonePe geography.
lakshadweep,Lakshadweep,2033,71000,Lakshadweep,Table 8: projected total population by sex as on 1 March,1 March of each calendar year,https://nhm.gov.in/New_Updates_2018/Report_Population_Projection_2019.pdf,Dadra & Nagar Haveli and Daman & Diu are summed to match the merged PhonePe geography.
lakshadweep,Lakshadweep,2034,71000,Lakshadweep,Table 8: projected total population by sex as on 1 March,1 March of each calendar year,https://nhm.gov.in/New_Updates_2018/Report_Population_Projection_2019.pdf,Dadra & Nagar Haveli and Daman & Diu are summed to match the merged PhonePe geography.
lakshadweep,Lakshadweep,2035,71000,Lakshadweep,Table 8: projected total population by sex as on 1 March,1 March of each calendar year,https://nhm.gov.in/New_Updates_2018/Report_Population_Projection_2019.pdf,Dadra & Nagar Haveli and Daman & Diu are summed to match the merged PhonePe geography.
lakshadweep,Lakshadweep,2036,71000,Lakshadweep,Table 8: projected total population by sex as on 1 March,1 March of each calendar year,https://nhm.gov.in/New_Updates_2018/Report_Population_Projection_2019.pdf,Dadra & Nagar Haveli and Daman & Diu are summed to match the merged PhonePe geography.
madhya-pradesh,Madhya Pradesh,2011,72627000,Madhya Pradesh,Table 8: projected total population by sex as on 1 March,1 March of each calendar year,https://nhm.gov.in/New_Updates_2018/Report_Population_Projection_2019.pdf,Dadra & Nagar Haveli and Daman & Diu are summed to match the merged PhonePe geography.
madhya-pradesh,Madhya Pradesh,2012,73863000,Madhya Pradesh,Table 8: projected total population by sex as on 1 March,1 March of each calendar year,https://nhm.gov.in/New_Updates_2018/Report_Population_Projection_2019.pdf,Dadra & Nagar Haveli and Daman & Diu are summed to match the merged PhonePe geography.
madhya-pradesh,Madhya Pradesh,2013,75099000,Madhya Pradesh,Table 8: projected total population by sex as on 1 March,1 March of each calendar year,https://nhm.gov.in/New_Updates_2018/Report_Population_Projection_2019.pdf,Dadra & Nagar Haveli and Daman & Diu are summed to match the merged PhonePe geography.
madhya-pradesh,Madhya Pradesh,2014,76334000,Madhya Pradesh,Table 8: projected total population by sex as on 1 March,1 March of each calendar year,https://nhm.gov.in/New_Updates_2018/Report_Population_Projection_2019.pdf,Dadra & Nagar Haveli and Daman & Diu are summed to match the merged PhonePe geography.
madhya-pradesh,Madhya Pradesh,2015,77570000,Madhya Pradesh,Table 8: projected total population by sex as on 1 March,1 March of each calendar year,https://nhm.gov.in/New_Updates_2018/Report_Population_Projection_2019.pdf,Dadra & Nagar Haveli and Daman & Diu are summed to match the merged PhonePe geography.
madhya-pradesh,Madhya Pradesh,2016,78806000,Madhya Pradesh,Table 8: projected total population by sex as on 1 March,1 March of each calendar year,https://nhm.gov.in/New_Updates_2018/Report_Population_Projection_2019.pdf,Dadra & Nagar Haveli and Daman & Diu are summed to match the merged PhonePe geography.
madhya-pradesh,Madhya Pradesh,2017,79948000,Madhya Pradesh,Table 8: projected total population by sex as on 1 March,1 March of each calendar year,https://nhm.gov.in/New_Updates_2018/Report_Population_Projection_2019.pdf,Dadra & Nagar Haveli and Daman & Diu are summed to match the merged PhonePe geography.
madhya-pradesh,Madhya Pradesh,2018,81090000,Madhya Pradesh,Table 8: projected total population by sex as on 1 March,1 March of each calendar year,https://nhm.gov.in/New_Updates_2018/Report_Population_Projection_2019.pdf,Dadra & Nagar Haveli and Daman & Diu are summed to match the merged PhonePe geography.
madhya-pradesh,Madhya Pradesh,2019,82232000,Madhya Pradesh,Table 8: projected total population by sex as on 1 March,1 March of each calendar year,https://nhm.gov.in/New_Updates_2018/Report_Population_Projection_2019.pdf,Dadra & Nagar Haveli and Daman & Diu are summed to match the merged PhonePe geography.
madhya-pradesh,Madhya Pradesh,2020,83374000,Madhya Pradesh,Table 8: projected total population by sex as on 1 March,1 March of each calendar year,https://nhm.gov.in/New_Updates_2018/Report_Population_Projection_2019.pdf,Dadra & Nagar Haveli and Daman & Diu are summed to match the merged PhonePe geography.
madhya-pradesh,Madhya Pradesh,2021,84516000,Madhya Pradesh,Table 8: projected total population by sex as on 1 March,1 March of each calendar year,https://nhm.gov.in/New_Updates_2018/Report_Population_Projection_2019.pdf,Dadra & Nagar Haveli and Daman & Diu are summed to match the merged PhonePe geography.
madhya-pradesh,Madhya Pradesh,2022,85548000,Madhya Pradesh,Table 8: projected total population by sex as on 1 March,1 March of each calendar year,https://nhm.gov.in/New_Updates_2018/Report_Population_Projection_2019.pdf,Dadra & Nagar Haveli and Daman & Diu are summed to match the merged PhonePe geography.
madhya-pradesh,Madhya Pradesh,2023,86579000,Madhya Pradesh,Table 8: projected total population by sex as on 1 March,1 March of each calendar year,https://nhm.gov.in/New_Updates_2018/Report_Population_Projection_2019.pdf,Dadra & Nagar Haveli and Daman & Diu are summed to match the merged PhonePe geography.
madhya-pradesh,Madhya Pradesh,2024,87610000,Madhya Pradesh,Table 8: projected total population by sex as on 1 March,1 March of each calendar year,https://nhm.gov.in/New_Updates_2018/Report_Population_Projection_2019.pdf,Dadra & Nagar Haveli and Daman & Diu are summed to match the merged PhonePe geography.
madhya-pradesh,Madhya Pradesh,2025,88641000,Madhya Pradesh,Table 8: projected total population by sex as on 1 March,1 March of each calendar year,https://nhm.gov.in/New_Updates_2018/Report_Population_Projection_2019.pdf,Dadra & Nagar Haveli and Daman & Diu are summed to match the merged PhonePe geography.
madhya-pradesh,Madhya Pradesh,2026,89673000,Madhya Pradesh,Table 8: projected total population by sex as on 1 March,1 March of each calendar year,https://nhm.gov.in/New_Updates_2018/Report_Population_Projection_2019.pdf,Dadra & Nagar Haveli and Daman & Diu are summed to match the merged PhonePe geography.
madhya-pradesh,Madhya Pradesh,2027,90549000,Madhya Pradesh,Table 8: projected total population by sex as on 1 March,1 March of each calendar year,https://nhm.gov.in/New_Updates_2018/Report_Population_Projection_2019.pdf,Dadra & Nagar Haveli and Daman & Diu are summed to match the merged PhonePe geography.
madhya-pradesh,Madhya Pradesh,2028,91426000,Madhya Pradesh,Table 8: projected total population by sex as on 1 March,1 March of each calendar year,https://nhm.gov.in/New_Updates_2018/Report_Population_Projection_2019.pdf,Dadra & Nagar Haveli and Daman & Diu are summed to match the merged PhonePe geography.
madhya-pradesh,Madhya Pradesh,2029,92303000,Madhya Pradesh,Table 8: projected total population by sex as on 1 March,1 March of each calendar year,https://nhm.gov.in/New_Updates_2018/Report_Population_Projection_2019.pdf,Dadra & Nagar Haveli and Daman & Diu are summed to match the merged PhonePe geography.
madhya-pradesh,Madhya Pradesh,2030,93180000,Madhya Pradesh,Table 8: projected total population by sex as on 1 March,1 March of each calendar year,https://nhm.gov.in/New_Updates_2018/Report_Population_Projection_2019.pdf,Dadra & Nagar Haveli and Daman & Diu are summed to match the merged PhonePe geography.
madhya-pradesh,Madhya Pradesh,2031,94057000,Madhya Pradesh,Table 8: projected total population by sex as on 1 March,1 March of each calendar year,https://nhm.gov.in/New_Updates_2018/Report_Population_Projection_2019.pdf,Dadra & Nagar Haveli and Daman & Diu are summed to match the merged PhonePe geography.
madhya-pradesh,Madhya Pradesh,2032,94806000,Madhya Pradesh,Table 8: projected total population by sex as on 1 March,1 March of each calendar year,https://nhm.gov.in/New_Updates_2018/Report_Population_Projection_2019.pdf,Dadra & Nagar Haveli and Daman & Diu are summed to match the merged PhonePe geography.
madhya-pradesh,Madhya Pradesh,2033,95556000,Madhya Pradesh,Table 8: projected total population by sex as on 1 March,1 March of each calendar year,https://nhm.gov.in/New_Updates_2018/Report_Population_Projection_2019.pdf,Dadra & Nagar Haveli and Daman & Diu are summed to match the merged PhonePe geography.
madhya-pradesh,Madhya Pradesh,2034,96305000,Madhya Pradesh,Table 8: projected total population by sex as on 1 March,1 March of each calendar year,https://nhm.gov.in/New_Updates_2018/Report_Population_Projection_2019.pdf,Dadra & Nagar Haveli and Daman & Diu are summed to match the merged PhonePe geography.
madhya-pradesh,Madhya Pradesh,2035,97055000,Madhya Pradesh,Table 8: projected total population by sex as on 1 March,1 March of each calendar year,https://nhm.gov.in/New_Updates_2018/Report_Population_Projection_2019.pdf,Dadra & Nagar Haveli and Daman & Diu are summed to match the merged PhonePe geography.
madhya-pradesh,Madhya Pradesh,2036,97804000,Madhya Pradesh,Table 8: projected total population by sex as on 1 March,1 March of each calendar year,https://nhm.gov.in/New_Updates_2018/Report_Population_Projection_2019.pdf,Dadra & Nagar Haveli and Daman & Diu are summed to match the merged PhonePe geography.
maharashtra,Maharashtra,2011,112374000,Maharashtra,Table 8: projected total population by sex as on 1 March,1 March of each calendar year,https://nhm.gov.in/New_Updates_2018/Report_Population_Projection_2019.pdf,Dadra & Nagar Haveli and Daman & Diu are summed to match the merged PhonePe geography.
maharashtra,Maharashtra,2012,113645000,Maharashtra,Table 8: projected total population by sex as on 1 March,1 March of each calendar year,https://nhm.gov.in/New_Updates_2018/Report_Population_Projection_2019.pdf,Dadra & Nagar Haveli and Daman & Diu are summed to match the merged PhonePe geography.
maharashtra,Maharashtra,2013,114915000,Maharashtra,Table 8: projected total population by sex as on 1 March,1 March of each calendar year,https://nhm.gov.in/New_Updates_2018/Report_Population_Projection_2019.pdf,Dadra & Nagar Haveli and Daman & Diu are summed to match the merged PhonePe geography.
maharashtra,Maharashtra,2014,116186000,Maharashtra,Table 8: projected total population by sex as on 1 March,1 March of each calendar year,https://nhm.gov.in/New_Updates_2018/Report_Population_Projection_2019.pdf,Dadra & Nagar Haveli and Daman & Diu are summed to match the merged PhonePe geography.
maharashtra,Maharashtra,2015,117456000,Maharashtra,Table 8: projected total population by sex as on 1 March,1 March of each calendar year,https://nhm.gov.in/New_Updates_2018/Report_Population_Projection_2019.pdf,Dadra & Nagar Haveli and Daman & Diu are summed to match the merged PhonePe geography.
maharashtra,Maharashtra,2016,118727000,Maharashtra,Table 8: projected total population by sex as on 1 March,1 March of each calendar year,https://nhm.gov.in/New_Updates_2018/Report_Population_Projection_2019.pdf,Dadra & Nagar Haveli and Daman & Diu are summed to match the merged PhonePe geography.
maharashtra,Maharashtra,2017,119869000,Maharashtra,Table 8: projected total population by sex as on 1 March,1 March of each calendar year,https://nhm.gov.in/New_Updates_2018/Report_Population_Projection_2019.pdf,Dadra & Nagar Haveli and Daman & Diu are summed to match the merged PhonePe geography.
maharashtra,Maharashtra,2018,121011000,Maharashtra,Table 8: projected total population by sex as on 1 March,1 March of each calendar year,https://nhm.gov.in/New_Updates_2018/Report_Population_Projection_2019.pdf,Dadra & Nagar Haveli and Daman & Diu are summed to match the merged PhonePe geography.
maharashtra,Maharashtra,2019,122153000,Maharashtra,Table 8: projected total population by sex as on 1 March,1 March of each calendar year,https://nhm.gov.in/New_Updates_2018/Report_Population_Projection_2019.pdf,Dadra & Nagar Haveli and Daman & Diu are summed to match the merged PhonePe geography.
maharashtra,Maharashtra,2020,123295000,Maharashtra,Table 8: projected total population by sex as on 1 March,1 March of each calendar year,https://nhm.gov.in/New_Updates_2018/Report_Population_Projection_2019.pdf,Dadra & Nagar Haveli and Daman & Diu are summed to match the merged PhonePe geography.
maharashtra,Maharashtra,2021,124437000,Maharashtra,Table 8: projected total population by sex as on 1 March,1 March of each calendar year,https://nhm.gov.in/New_Updates_2018/Report_Population_Projection_2019.pdf,Dadra & Nagar Haveli and Daman & Diu are summed to match the merged PhonePe geography.
maharashtra,Maharashtra,2022,125411000,Maharashtra,Table 8: projected total population by sex as on 1 March,1 March of each calendar year,https://nhm.gov.in/New_Updates_2018/Report_Population_Projection_2019.pdf,Dadra & Nagar Haveli and Daman & Diu are summed to match the merged PhonePe geography.
maharashtra,Maharashtra,2023,126385000,Maharashtra,Table 8: projected total population by sex as on 1 March,1 March of each calendar year,https://nhm.gov.in/New_Updates_2018/Report_Population_Projection_2019.pdf,Dadra & Nagar Haveli and Daman & Diu are summed to match the merged PhonePe geography.
maharashtra,Maharashtra,2024,127360000,Maharashtra,Table 8: projected total population by sex as on 1 March,1 March of each calendar year,https://nhm.gov.in/New_Updates_2018/Report_Population_Projection_2019.pdf,Dadra & Nagar Haveli and Daman & Diu are summed to match the merged PhonePe geography.
maharashtra,Maharashtra,2025,128334000,Maharashtra,Table 8: projected total population by sex as on 1 March,1 March of each calendar year,https://nhm.gov.in/New_Updates_2018/Report_Population_Projection_2019.pdf,Dadra & Nagar Haveli and Daman & Diu are summed to match the merged PhonePe geography.
maharashtra,Maharashtra,2026,129308000,Maharashtra,Table 8: projected total population by sex as on 1 March,1 March of each calendar year,https://nhm.gov.in/New_Updates_2018/Report_Population_Projection_2019.pdf,Dadra & Nagar Haveli and Daman & Diu are summed to match the merged PhonePe geography.
maharashtra,Maharashtra,2027,130137000,Maharashtra,Table 8: projected total population by sex as on 1 March,1 March of each calendar year,https://nhm.gov.in/New_Updates_2018/Report_Population_Projection_2019.pdf,Dadra & Nagar Haveli and Daman & Diu are summed to match the merged PhonePe geography.
maharashtra,Maharashtra,2028,130965000,Maharashtra,Table 8: projected total population by sex as on 1 March,1 March of each calendar year,https://nhm.gov.in/New_Updates_2018/Report_Population_Projection_2019.pdf,Dadra & Nagar Haveli and Daman & Diu are summed to match the merged PhonePe geography.
maharashtra,Maharashtra,2029,131794000,Maharashtra,Table 8: projected total population by sex as on 1 March,1 March of each calendar year,https://nhm.gov.in/New_Updates_2018/Report_Population_Projection_2019.pdf,Dadra & Nagar Haveli and Daman & Diu are summed to match the merged PhonePe geography.
maharashtra,Maharashtra,2030,132622000,Maharashtra,Table 8: projected total population by sex as on 1 March,1 March of each calendar year,https://nhm.gov.in/New_Updates_2018/Report_Population_Projection_2019.pdf,Dadra & Nagar Haveli and Daman & Diu are summed to match the merged PhonePe geography.
maharashtra,Maharashtra,2031,133451000,Maharashtra,Table 8: projected total population by sex as on 1 March,1 March of each calendar year,https://nhm.gov.in/New_Updates_2018/Report_Population_Projection_2019.pdf,Dadra & Nagar Haveli and Daman & Diu are summed to match the merged PhonePe geography.
maharashtra,Maharashtra,2032,134114000,Maharashtra,Table 8: projected total population by sex as on 1 March,1 March of each calendar year,https://nhm.gov.in/New_Updates_2018/Report_Population_Projection_2019.pdf,Dadra & Nagar Haveli and Daman & Diu are summed to match the merged PhonePe geography.
maharashtra,Maharashtra,2033,134776000,Maharashtra,Table 8: projected total population by sex as on 1 March,1 March of each calendar year,https://nhm.gov.in/New_Updates_2018/Report_Population_Projection_2019.pdf,Dadra & Nagar Haveli and Daman & Diu are summed to match the merged PhonePe geography.
maharashtra,Maharashtra,2034,135439000,Maharashtra,Table 8: projected total population by sex as on 1 March,1 March of each calendar year,https://nhm.gov.in/New_Updates_2018/Report_Population_Projection_2019.pdf,Dadra & Nagar Haveli and Daman & Diu are summed to match the merged PhonePe geography.
maharashtra,Maharashtra,2035,136101000,Maharashtra,Table 8: projected total population by sex as on 1 March,1 March of each calendar year,https://nhm.gov.in/New_Updates_2018/Report_Population_Projection_2019.pdf,Dadra & Nagar Haveli and Daman & Diu are summed to match the merged PhonePe geography.
maharashtra,Maharashtra,2036,136764000,Maharashtra,Table 8: projected total population by sex as on 1 March,1 March of each calendar year,https://nhm.gov.in/New_Updates_2018/Report_Population_Projection_2019.pdf,Dadra & Nagar Haveli and Daman & Diu are summed to match the merged PhonePe geography.
manipur,Manipur,2011,2856000,Manipur,Table 8: projected total population by sex as on 1 March,1 March of each calendar year,https://nhm.gov.in/New_Updates_2018/Report_Population_Projection_2019.pdf,Dadra & Nagar Haveli and Daman & Diu are summed to match the merged PhonePe geography.
manipur,Manipur,2012,2887000,Manipur,Table 8: projected total population by sex as on 1 March,1 March of each calendar year,https://nhm.gov.in/New_Updates_2018/Report_Population_Projection_2019.pdf,Dadra & Nagar Haveli and Daman & Diu are summed to match the merged PhonePe geography.
manipur,Manipur,2013,2918000,Manipur,Table 8: projected total population by sex as on 1 March,1 March of each calendar year,https://nhm.gov.in/New_Updates_2018/Report_Population_Projection_2019.pdf,Dadra & Nagar Haveli and Daman & Diu are summed to match the merged PhonePe geography.
manipur,Manipur,2014,2949000,Manipur,Table 8: projected total population by sex as on 1 March,1 March of each calendar year,https://nhm.gov.in/New_Updates_2018/Report_Population_Projection_2019.pdf,Dadra & Nagar Haveli and Daman & Diu are summed to match the merged PhonePe geography.
manipur,Manipur,2015,2980000,Manipur,Table 8: projected total population by sex as on 1 March,1 March of each calendar year,https://nhm.gov.in/New_Updates_2018/Report_Population_Projection_2019.pdf,Dadra & Nagar Haveli and Daman & Diu are summed to match the merged PhonePe geography.
manipur,Manipur,2016,3012000,Manipur,Table 8: projected total population by sex as on 1 March,1 March of each calendar year,https://nhm.gov.in/New_Updates_2018/Report_Population_Projection_2019.pdf,Dadra & Nagar Haveli and Daman & Diu are summed to match the merged PhonePe geography.
manipur,Manipur,2017,3042000,Manipur,Table 8: projected total population by sex as on 1 March,1 March of each calendar year,https://nhm.gov.in/New_Updates_2018/Report_Population_Projection_2019.pdf,Dadra & Nagar Haveli and Daman & Diu are summed to match the merged PhonePe geography.
manipur,Manipur,2018,3073000,Manipur,Table 8: projected total population by sex as on 1 March,1 March of each calendar year,https://nhm.gov.in/New_Updates_2018/Report_Population_Projection_2019.pdf,Dadra & Nagar Haveli and Daman & Diu are summed to match the merged PhonePe geography.
manipur,Manipur,2019,3103000,Manipur,Table 8: projected total population by sex as on 1 March,1 March of each calendar year,https://nhm.gov.in/New_Updates_2018/Report_Population_Projection_2019.pdf,Dadra & Nagar Haveli and Daman & Diu are summed to match the merged PhonePe geography.
manipur,Manipur,2020,3134000,Manipur,Table 8: projected total population by sex as on 1 March,1 March of each calendar year,https://nhm.gov.in/New_Updates_2018/Report_Population_Projection_2019.pdf,Dadra & Nagar Haveli and Daman & Diu are summed to match the merged PhonePe geography.
manipur,Manipur,2021,3165000,Manipur,Table 8: projected total population by sex as on 1 March,1 March of each calendar year,https://nhm.gov.in/New_Updates_2018/Report_Population_Projection_2019.pdf,Dadra & Nagar Haveli and Daman & Diu are summed to match the merged PhonePe geography.
manipur,Manipur,2022,3194000,Manipur,Table 8: projected total population by sex as on 1 March,1 March of each calendar year,https://nhm.gov.in/New_Updates_2018/Report_Population_Projection_2019.pdf,Dadra & Nagar Haveli and Daman & Diu are summed to match the merged PhonePe geography.
manipur,Manipur,2023,3223000,Manipur,Table 8: projected total population by sex as on 1 March,1 March of each calendar year,https://nhm.gov.in/New_Updates_2018/Report_Population_Projection_2019.pdf,Dadra & Nagar Haveli and Daman & Diu are summed to match the merged PhonePe geography.
manipur,Manipur,2024,3253000,Manipur,Table 8: projected total population by sex as on 1 March,1 March of each calendar year,https://nhm.gov.in/New_Updates_2018/Report_Population_Projection_2019.pdf,Dadra & Nagar Haveli and Daman & Diu are summed to match the merged PhonePe geography.
manipur,Manipur,2025,3282000,Manipur,Table 8: projected total population by sex as on 1 March,1 March of each calendar year,https://nhm.gov.in/New_Updates_2018/Report_Population_Projection_2019.pdf,Dadra & Nagar Haveli and Daman & Diu are summed to match the merged PhonePe geography.
manipur,Manipur,2026,3311000,Manipur,Table 8: projected total population by sex as on 1 March,1 March of each calendar year,https://nhm.gov.in/New_Updates_2018/Report_Population_Projection_2019.pdf,Dadra & Nagar Haveli and Daman & Diu are summed to match the merged PhonePe geography.
manipur,Manipur,2027,3338000,Manipur,Table 8: projected total population by sex as on 1 March,1 March of each calendar year,https://nhm.gov.in/New_Updates_2018/Report_Population_Projection_2019.pdf,Dadra & Nagar Haveli and Daman & Diu are summed to match the merged PhonePe geography.
manipur,Manipur,2028,3364000,Manipur,Table 8: projected total population by sex as on 1 March,1 March of each calendar year,https://nhm.gov.in/New_Updates_2018/Report_Population_Projection_2019.pdf,Dadra & Nagar Haveli and Daman & Diu are summed to match the merged PhonePe geography.
manipur,Manipur,2029,3391000,Manipur,Table 8: projected total population by sex as on 1 March,1 March of each calendar year,https://nhm.gov.in/New_Updates_2018/Report_Population_Projection_2019.pdf,Dadra & Nagar Haveli and Daman & Diu are summed to match the merged PhonePe geography.
manipur,Manipur,2030,3417000,Manipur,Table 8: projected total population by sex as on 1 March,1 March of each calendar year,https://nhm.gov.in/New_Updates_2018/Report_Population_Projection_2019.pdf,Dadra & Nagar Haveli and Daman & Diu are summed to match the merged PhonePe geography.
manipur,Manipur,2031,3444000,Manipur,Table 8: projected total population by sex as on 1 March,1 March of each calendar year,https://nhm.gov.in/New_Updates_2018/Report_Population_Projection_2019.pdf,Dadra & Nagar Haveli and Daman & Diu are summed to match the merged PhonePe geography.
manipur,Manipur,2032,3465000,Manipur,Table 8: projected total population by sex as on 1 March,1 March of each calendar year,https://nhm.gov.in/New_Updates_2018/Report_Population_Projection_2019.pdf,Dadra & Nagar Haveli and Daman & Diu are summed to match the merged PhonePe geography.
manipur,Manipur,2033,3485000,Manipur,Table 8: projected total population by sex as on 1 March,1 March of each calendar year,https://nhm.gov.in/New_Updates_2018/Report_Population_Projection_2019.pdf,Dadra & Nagar Haveli and Daman & Diu are summed to match the merged PhonePe geography.
manipur,Manipur,2034,3506000,Manipur,Table 8: projected total population by sex as on 1 March,1 March of each calendar year,https://nhm.gov.in/New_Updates_2018/Report_Population_Projection_2019.pdf,Dadra & Nagar Haveli and Daman & Diu are summed to match the merged PhonePe geography.
manipur,Manipur,2035,3527000,Manipur,Table 8: projected total population by sex as on 1 March,1 March of each calendar year,https://nhm.gov.in/New_Updates_2018/Report_Population_Projection_2019.pdf,Dadra & Nagar Haveli and Daman & Diu are summed to match the merged PhonePe geography.
manipur,Manipur,2036,3548000,Manipur,Table 8: projected total population by sex as on 1 March,1 March of each calendar year,https://nhm.gov.in/New_Updates_2018/Report_Population_Projection_2019.pdf,Dadra & Nagar Haveli and Daman & Diu are summed to match the merged PhonePe geography.
meghalaya,Meghalaya,2011,2967000,Meghalaya,Table 8: projected total population by sex as on 1 March,1 March of each calendar year,https://nhm.gov.in/New_Updates_2018/Report_Population_Projection_2019.pdf,Dadra & Nagar Haveli and Daman & Diu are summed to match the merged PhonePe geography.
meghalaya,Meghalaya,2012,2999000,Meghalaya,Table 8: projected total population by sex as on 1 March,1 March of each calendar year,https://nhm.gov.in/New_Updates_2018/Report_Population_Projection_2019.pdf,Dadra & Nagar Haveli and Daman & Diu are summed to match the merged PhonePe geography.
meghalaya,Meghalaya,2013,3032000,Meghalaya,Table 8: projected total population by sex as on 1 March,1 March of each calendar year,https://nhm.gov.in/New_Updates_2018/Report_Population_Projection_2019.pdf,Dadra & Nagar Haveli and Daman & Diu are summed to match the merged PhonePe geography.
meghalaya,Meghalaya,2014,3064000,Meghalaya,Table 8: projected total population by sex as on 1 March,1 March of each calendar year,https://nhm.gov.in/New_Updates_2018/Report_Population_Projection_2019.pdf,Dadra & Nagar Haveli and Daman & Diu are summed to match the merged PhonePe geography.
meghalaya,Meghalaya,2015,3096000,Meghalaya,Table 8: projected total population by sex as on 1 March,1 March of each calendar year,https://nhm.gov.in/New_Updates_2018/Report_Population_Projection_2019.pdf,Dadra & Nagar Haveli and Daman & Diu are summed to match the merged PhonePe geography.
meghalaya,Meghalaya,2016,3129000,Meghalaya,Table 8: projected total population by sex as on 1 March,1 March of each calendar year,https://nhm.gov.in/New_Updates_2018/Report_Population_Projection_2019.pdf,Dadra & Nagar Haveli and Daman & Diu are summed to match the merged PhonePe geography.
meghalaya,Meghalaya,2017,3161000,Meghalaya,Table 8: projected total population by sex as on 1 March,1 March of each calendar year,https://nhm.gov.in/New_Updates_2018/Report_Population_Projection_2019.pdf,Dadra & Nagar Haveli and Daman & Diu are summed to match the merged PhonePe geography.
meghalaya,Meghalaya,2018,3192000,Meghalaya,Table 8: projected total population by sex as on 1 March,1 March of each calendar year,https://nhm.gov.in/New_Updates_2018/Report_Population_Projection_2019.pdf,Dadra & Nagar Haveli and Daman & Diu are summed to match the merged PhonePe geography.
meghalaya,Meghalaya,2019,3224000,Meghalaya,Table 8: projected total population by sex as on 1 March,1 March of each calendar year,https://nhm.gov.in/New_Updates_2018/Report_Population_Projection_2019.pdf,Dadra & Nagar Haveli and Daman & Diu are summed to match the merged PhonePe geography.
meghalaya,Meghalaya,2020,3256000,Meghalaya,Table 8: projected total population by sex as on 1 March,1 March of each calendar year,https://nhm.gov.in/New_Updates_2018/Report_Population_Projection_2019.pdf,Dadra & Nagar Haveli and Daman & Diu are summed to match the merged PhonePe geography.
meghalaya,Meghalaya,2021,3288000,Meghalaya,Table 8: projected total population by sex as on 1 March,1 March of each calendar year,https://nhm.gov.in/New_Updates_2018/Report_Population_Projection_2019.pdf,Dadra & Nagar Haveli and Daman & Diu are summed to match the merged PhonePe geography.
meghalaya,Meghalaya,2022,3318000,Meghalaya,Table 8: projected total population by sex as on 1 March,1 March of each calendar year,https://nhm.gov.in/New_Updates_2018/Report_Population_Projection_2019.pdf,Dadra & Nagar Haveli and Daman & Diu are summed to match the merged PhonePe geography.
meghalaya,Meghalaya,2023,3349000,Meghalaya,Table 8: projected total population by sex as on 1 March,1 March of each calendar year,https://nhm.gov.in/New_Updates_2018/Report_Population_Projection_2019.pdf,Dadra & Nagar Haveli and Daman & Diu are summed to match the merged PhonePe geography.
meghalaya,Meghalaya,2024,3379000,Meghalaya,Table 8: projected total population by sex as on 1 March,1 March of each calendar year,https://nhm.gov.in/New_Updates_2018/Report_Population_Projection_2019.pdf,Dadra & Nagar Haveli and Daman & Diu are summed to match the merged PhonePe geography.
meghalaya,Meghalaya,2025,3410000,Meghalaya,Table 8: projected total population by sex as on 1 March,1 March of each calendar year,https://nhm.gov.in/New_Updates_2018/Report_Population_Projection_2019.pdf,Dadra & Nagar Haveli and Daman & Diu are summed to match the merged PhonePe geography.
meghalaya,Meghalaya,2026,3440000,Meghalaya,Table 8: projected total population by sex as on 1 March,1 March of each calendar year,https://nhm.gov.in/New_Updates_2018/Report_Population_Projection_2019.pdf,Dadra & Nagar Haveli and Daman & Diu are summed to match the merged PhonePe geography.
meghalaya,Meghalaya,2027,3468000,Meghalaya,Table 8: projected total population by sex as on 1 March,1 March of each calendar year,https://nhm.gov.in/New_Updates_2018/Report_Population_Projection_2019.pdf,Dadra & Nagar Haveli and Daman & Diu are summed to match the merged PhonePe geography.
meghalaya,Meghalaya,2028,3495000,Meghalaya,Table 8: projected total population by sex as on 1 March,1 March of each calendar year,https://nhm.gov.in/New_Updates_2018/Report_Population_Projection_2019.pdf,Dadra & Nagar Haveli and Daman & Diu are summed to match the merged PhonePe geography.
meghalaya,Meghalaya,2029,3523000,Meghalaya,Table 8: projected total population by sex as on 1 March,1 March of each calendar year,https://nhm.gov.in/New_Updates_2018/Report_Population_Projection_2019.pdf,Dadra & Nagar Haveli and Daman & Diu are summed to match the merged PhonePe geography.
meghalaya,Meghalaya,2030,3550000,Meghalaya,Table 8: projected total population by sex as on 1 March,1 March of each calendar year,https://nhm.gov.in/New_Updates_2018/Report_Population_Projection_2019.pdf,Dadra & Nagar Haveli and Daman & Diu are summed to match the merged PhonePe geography.
meghalaya,Meghalaya,2031,3578000,Meghalaya,Table 8: projected total population by sex as on 1 March,1 March of each calendar year,https://nhm.gov.in/New_Updates_2018/Report_Population_Projection_2019.pdf,Dadra & Nagar Haveli and Daman & Diu are summed to match the merged PhonePe geography.
meghalaya,Meghalaya,2032,3599000,Meghalaya,Table 8: projected total population by sex as on 1 March,1 March of each calendar year,https://nhm.gov.in/New_Updates_2018/Report_Population_Projection_2019.pdf,Dadra & Nagar Haveli and Daman & Diu are summed to match the merged PhonePe geography.
meghalaya,Meghalaya,2033,3621000,Meghalaya,Table 8: projected total population by sex as on 1 March,1 March of each calendar year,https://nhm.gov.in/New_Updates_2018/Report_Population_Projection_2019.pdf,Dadra & Nagar Haveli and Daman & Diu are summed to match the merged PhonePe geography.
meghalaya,Meghalaya,2034,3643000,Meghalaya,Table 8: projected total population by sex as on 1 March,1 March of each calendar year,https://nhm.gov.in/New_Updates_2018/Report_Population_Projection_2019.pdf,Dadra & Nagar Haveli and Daman & Diu are summed to match the merged PhonePe geography.
meghalaya,Meghalaya,2035,3664000,Meghalaya,Table 8: projected total population by sex as on 1 March,1 March of each calendar year,https://nhm.gov.in/New_Updates_2018/Report_Population_Projection_2019.pdf,Dadra & Nagar Haveli and Daman & Diu are summed to match the merged PhonePe geography.
meghalaya,Meghalaya,2036,3686000,Meghalaya,Table 8: projected total population by sex as on 1 March,1 March of each calendar year,https://nhm.gov.in/New_Updates_2018/Report_Population_Projection_2019.pdf,Dadra & Nagar Haveli and Daman & Diu are summed to match the merged PhonePe geography.
mizoram,Mizoram,2011,1097000,Mizoram,Table 8: projected total population by sex as on 1 March,1 March of each calendar year,https://nhm.gov.in/New_Updates_2018/Report_Population_Projection_2019.pdf,Dadra & Nagar Haveli and Daman & Diu are summed to match the merged PhonePe geography.
mizoram,Mizoram,2012,1109000,Mizoram,Table 8: projected total population by sex as on 1 March,1 March of each calendar year,https://nhm.gov.in/New_Updates_2018/Report_Population_Projection_2019.pdf,Dadra & Nagar Haveli and Daman & Diu are summed to match the merged PhonePe geography.
mizoram,Mizoram,2013,1121000,Mizoram,Table 8: projected total population by sex as on 1 March,1 March of each calendar year,https://nhm.gov.in/New_Updates_2018/Report_Population_Projection_2019.pdf,Dadra & Nagar Haveli and Daman & Diu are summed to match the merged PhonePe geography.
mizoram,Mizoram,2014,1133000,Mizoram,Table 8: projected total population by sex as on 1 March,1 March of each calendar year,https://nhm.gov.in/New_Updates_2018/Report_Population_Projection_2019.pdf,Dadra & Nagar Haveli and Daman & Diu are summed to match the merged PhonePe geography.
mizoram,Mizoram,2015,1145000,Mizoram,Table 8: projected total population by sex as on 1 March,1 March of each calendar year,https://nhm.gov.in/New_Updates_2018/Report_Population_Projection_2019.pdf,Dadra & Nagar Haveli and Daman & Diu are summed to match the merged PhonePe geography.
mizoram,Mizoram,2016,1157000,Mizoram,Table 8: projected total population by sex as on 1 March,1 March of each calendar year,https://nhm.gov.in/New_Updates_2018/Report_Population_Projection_2019.pdf,Dadra & Nagar Haveli and Daman & Diu are summed to match the merged PhonePe geography.
mizoram,Mizoram,2017,1169000,Mizoram,Table 8: projected total population by sex as on 1 March,1 March of each calendar year,https://nhm.gov.in/New_Updates_2018/Report_Population_Projection_2019.pdf,Dadra & Nagar Haveli and Daman & Diu are summed to match the merged PhonePe geography.
mizoram,Mizoram,2018,1181000,Mizoram,Table 8: projected total population by sex as on 1 March,1 March of each calendar year,https://nhm.gov.in/New_Updates_2018/Report_Population_Projection_2019.pdf,Dadra & Nagar Haveli and Daman & Diu are summed to match the merged PhonePe geography.
mizoram,Mizoram,2019,1192000,Mizoram,Table 8: projected total population by sex as on 1 March,1 March of each calendar year,https://nhm.gov.in/New_Updates_2018/Report_Population_Projection_2019.pdf,Dadra & Nagar Haveli and Daman & Diu are summed to match the merged PhonePe geography.
mizoram,Mizoram,2020,1204000,Mizoram,Table 8: projected total population by sex as on 1 March,1 March of each calendar year,https://nhm.gov.in/New_Updates_2018/Report_Population_Projection_2019.pdf,Dadra & Nagar Haveli and Daman & Diu are summed to match the merged PhonePe geography.
mizoram,Mizoram,2021,1216000,Mizoram,Table 8: projected total population by sex as on 1 March,1 March of each calendar year,https://nhm.gov.in/New_Updates_2018/Report_Population_Projection_2019.pdf,Dadra & Nagar Haveli and Daman & Diu are summed to match the merged PhonePe geography.
mizoram,Mizoram,2022,1227000,Mizoram,Table 8: projected total population by sex as on 1 March,1 March of each calendar year,https://nhm.gov.in/New_Updates_2018/Report_Population_Projection_2019.pdf,Dadra & Nagar Haveli and Daman & Diu are summed to match the merged PhonePe geography.
mizoram,Mizoram,2023,1238000,Mizoram,Table 8: projected total population by sex as on 1 March,1 March of each calendar year,https://nhm.gov.in/New_Updates_2018/Report_Population_Projection_2019.pdf,Dadra & Nagar Haveli and Daman & Diu are summed to match the merged PhonePe geography.
mizoram,Mizoram,2024,1250000,Mizoram,Table 8: projected total population by sex as on 1 March,1 March of each calendar year,https://nhm.gov.in/New_Updates_2018/Report_Population_Projection_2019.pdf,Dadra & Nagar Haveli and Daman & Diu are summed to match the merged PhonePe geography.
mizoram,Mizoram,2025,1261000,Mizoram,Table 8: projected total population by sex as on 1 March,1 March of each calendar year,https://nhm.gov.in/New_Updates_2018/Report_Population_Projection_2019.pdf,Dadra & Nagar Haveli and Daman & Diu are summed to match the merged PhonePe geography.
mizoram,Mizoram,2026,1272000,Mizoram,Table 8: projected total population by sex as on 1 March,1 March of each calendar year,https://nhm.gov.in/New_Updates_2018/Report_Population_Projection_2019.pdf,Dadra & Nagar Haveli and Daman & Diu are summed to match the merged PhonePe geography.
mizoram,Mizoram,2027,1282000,Mizoram,Table 8: projected total population by sex as on 1 March,1 March of each calendar year,https://nhm.gov.in/New_Updates_2018/Report_Population_Projection_2019.pdf,Dadra & Nagar Haveli and Daman & Diu are summed to match the merged PhonePe geography.
mizoram,Mizoram,2028,1293000,Mizoram,Table 8: projected total population by sex as on 1 March,1 March of each calendar year,https://nhm.gov.in/New_Updates_2018/Report_Population_Projection_2019.pdf,Dadra & Nagar Haveli and Daman & Diu are summed to match the merged PhonePe geography.
mizoram,Mizoram,2029,1303000,Mizoram,Table 8: projected total population by sex as on 1 March,1 March of each calendar year,https://nhm.gov.in/New_Updates_2018/Report_Population_Projection_2019.pdf,Dadra & Nagar Haveli and Daman & Diu are summed to match the merged PhonePe geography.
mizoram,Mizoram,2030,1313000,Mizoram,Table 8: projected total population by sex as on 1 March,1 March of each calendar year,https://nhm.gov.in/New_Updates_2018/Report_Population_Projection_2019.pdf,Dadra & Nagar Haveli and Daman & Diu are summed to match the merged PhonePe geography.
mizoram,Mizoram,2031,1323000,Mizoram,Table 8: projected total population by sex as on 1 March,1 March of each calendar year,https://nhm.gov.in/New_Updates_2018/Report_Population_Projection_2019.pdf,Dadra & Nagar Haveli and Daman & Diu are summed to match the merged PhonePe geography.
mizoram,Mizoram,2032,1331000,Mizoram,Table 8: projected total population by sex as on 1 March,1 March of each calendar year,https://nhm.gov.in/New_Updates_2018/Report_Population_Projection_2019.pdf,Dadra & Nagar Haveli and Daman & Diu are summed to match the merged PhonePe geography.
mizoram,Mizoram,2033,1339000,Mizoram,Table 8: projected total population by sex as on 1 March,1 March of each calendar year,https://nhm.gov.in/New_Updates_2018/Report_Population_Projection_2019.pdf,Dadra & Nagar Haveli and Daman & Diu are summed to match the merged PhonePe geography.
mizoram,Mizoram,2034,1347000,Mizoram,Table 8: projected total population by sex as on 1 March,1 March of each calendar year,https://nhm.gov.in/New_Updates_2018/Report_Population_Projection_2019.pdf,Dadra & Nagar Haveli and Daman & Diu are summed to match the merged PhonePe geography.
mizoram,Mizoram,2035,1355000,Mizoram,Table 8: projected total population by sex as on 1 March,1 March of each calendar year,https://nhm.gov.in/New_Updates_2018/Report_Population_Projection_2019.pdf,Dadra & Nagar Haveli and Daman & Diu are summed to match the merged PhonePe geography.
mizoram,Mizoram,2036,1363000,Mizoram,Table 8: projected total population by sex as on 1 March,1 March of each calendar year,https://nhm.gov.in/New_Updates_2018/Report_Population_Projection_2019.pdf,Dadra & Nagar Haveli and Daman & Diu are summed to match the merged PhonePe geography.
nagaland,Nagaland,2011,1979000,Nagaland,Table 8: projected total population by sex as on 1 March,1 March of each calendar year,https://nhm.gov.in/New_Updates_2018/Report_Population_Projection_2019.pdf,Dadra & Nagar Haveli and Daman & Diu are summed to match the merged PhonePe geography.
nagaland,Nagaland,2012,2000000,Nagaland,Table 8: projected total population by sex as on 1 March,1 March of each calendar year,https://nhm.gov.in/New_Updates_2018/Report_Population_Projection_2019.pdf,Dadra & Nagar Haveli and Daman & Diu are summed to match the merged PhonePe geography.
nagaland,Nagaland,2013,2022000,Nagaland,Table 8: projected total population by sex as on 1 March,1 March of each calendar year,https://nhm.gov.in/New_Updates_2018/Report_Population_Projection_2019.pdf,Dadra & Nagar Haveli and Daman & Diu are summed to match the merged PhonePe geography.
nagaland,Nagaland,2014,2043000,Nagaland,Table 8: projected total population by sex as on 1 March,1 March of each calendar year,https://nhm.gov.in/New_Updates_2018/Report_Population_Projection_2019.pdf,Dadra & Nagar Haveli and Daman & Diu are summed to match the merged PhonePe geography.
nagaland,Nagaland,2015,2065000,Nagaland,Table 8: projected total population by sex as on 1 March,1 March of each calendar year,https://nhm.gov.in/New_Updates_2018/Report_Population_Projection_2019.pdf,Dadra & Nagar Haveli and Daman & Diu are summed to match the merged PhonePe geography.
nagaland,Nagaland,2016,2086000,Nagaland,Table 8: projected total population by sex as on 1 March,1 March of each calendar year,https://nhm.gov.in/New_Updates_2018/Report_Population_Projection_2019.pdf,Dadra & Nagar Haveli and Daman & Diu are summed to match the merged PhonePe geography.
nagaland,Nagaland,2017,2108000,Nagaland,Table 8: projected total population by sex as on 1 March,1 March of each calendar year,https://nhm.gov.in/New_Updates_2018/Report_Population_Projection_2019.pdf,Dadra & Nagar Haveli and Daman & Diu are summed to match the merged PhonePe geography.
nagaland,Nagaland,2018,2129000,Nagaland,Table 8: projected total population by sex as on 1 March,1 March of each calendar year,https://nhm.gov.in/New_Updates_2018/Report_Population_Projection_2019.pdf,Dadra & Nagar Haveli and Daman & Diu are summed to match the merged PhonePe geography.
nagaland,Nagaland,2019,2150000,Nagaland,Table 8: projected total population by sex as on 1 March,1 March of each calendar year,https://nhm.gov.in/New_Updates_2018/Report_Population_Projection_2019.pdf,Dadra & Nagar Haveli and Daman & Diu are summed to match the merged PhonePe geography.
nagaland,Nagaland,2020,2171000,Nagaland,Table 8: projected total population by sex as on 1 March,1 March of each calendar year,https://nhm.gov.in/New_Updates_2018/Report_Population_Projection_2019.pdf,Dadra & Nagar Haveli and Daman & Diu are summed to match the merged PhonePe geography.
nagaland,Nagaland,2021,2192000,Nagaland,Table 8: projected total population by sex as on 1 March,1 March of each calendar year,https://nhm.gov.in/New_Updates_2018/Report_Population_Projection_2019.pdf,Dadra & Nagar Haveli and Daman & Diu are summed to match the merged PhonePe geography.
nagaland,Nagaland,2022,2213000,Nagaland,Table 8: projected total population by sex as on 1 March,1 March of each calendar year,https://nhm.gov.in/New_Updates_2018/Report_Population_Projection_2019.pdf,Dadra & Nagar Haveli and Daman & Diu are summed to match the merged PhonePe geography.
nagaland,Nagaland,2023,2233000,Nagaland,Table 8: projected total population by sex as on 1 March,1 March of each calendar year,https://nhm.gov.in/New_Updates_2018/Report_Population_Projection_2019.pdf,Dadra & Nagar Haveli and Daman & Diu are summed to match the merged PhonePe geography.
nagaland,Nagaland,2024,2253000,Nagaland,Table 8: projected total population by sex as on 1 March,1 March of each calendar year,https://nhm.gov.in/New_Updates_2018/Report_Population_Projection_2019.pdf,Dadra & Nagar Haveli and Daman & Diu are summed to match the merged PhonePe geography.
nagaland,Nagaland,2025,2274000,Nagaland,Table 8: projected total population by sex as on 1 March,1 March of each calendar year,https://nhm.gov.in/New_Updates_2018/Report_Population_Projection_2019.pdf,Dadra & Nagar Haveli and Daman & Diu are summed to match the merged PhonePe geography.
nagaland,Nagaland,2026,2294000,Nagaland,Table 8: projected total population by sex as on 1 March,1 March of each calendar year,https://nhm.gov.in/New_Updates_2018/Report_Population_Projection_2019.pdf,Dadra & Nagar Haveli and Daman & Diu are summed to match the merged PhonePe geography.
nagaland,Nagaland,2027,2312000,Nagaland,Table 8: projected total population by sex as on 1 March,1 March of each calendar year,https://nhm.gov.in/New_Updates_2018/Report_Population_Projection_2019.pdf,Dadra & Nagar Haveli and Daman & Diu are summed to match the merged PhonePe geography.
nagaland,Nagaland,2028,2331000,Nagaland,Table 8: projected total population by sex as on 1 March,1 March of each calendar year,https://nhm.gov.in/New_Updates_2018/Report_Population_Projection_2019.pdf,Dadra & Nagar Haveli and Daman & Diu are summed to match the merged PhonePe geography.
nagaland,Nagaland,2029,2349000,Nagaland,Table 8: projected total population by sex as on 1 March,1 March of each calendar year,https://nhm.gov.in/New_Updates_2018/Report_Population_Projection_2019.pdf,Dadra & Nagar Haveli and Daman & Diu are summed to match the merged PhonePe geography.
nagaland,Nagaland,2030,2367000,Nagaland,Table 8: projected total population by sex as on 1 March,1 March of each calendar year,https://nhm.gov.in/New_Updates_2018/Report_Population_Projection_2019.pdf,Dadra & Nagar Haveli and Daman & Diu are summed to match the merged PhonePe geography.
nagaland,Nagaland,2031,2386000,Nagaland,Table 8: projected total population by sex as on 1 March,1 March of each calendar year,https://nhm.gov.in/New_Updates_2018/Report_Population_Projection_2019.pdf,Dadra & Nagar Haveli and Daman & Diu are summed to match the merged PhonePe geography.
nagaland,Nagaland,2032,2400000,Nagaland,Table 8: projected total population by sex as on 1 March,1 March of each calendar year,https://nhm.gov.in/New_Updates_2018/Report_Population_Projection_2019.pdf,Dadra & Nagar Haveli and Daman & Diu are summed to match the merged PhonePe geography.
nagaland,Nagaland,2033,2415000,Nagaland,Table 8: projected total population by sex as on 1 March,1 March of each calendar year,https://nhm.gov.in/New_Updates_2018/Report_Population_Projection_2019.pdf,Dadra & Nagar Haveli and Daman & Diu are summed to match the merged PhonePe geography.
nagaland,Nagaland,2034,2429000,Nagaland,Table 8: projected total population by sex as on 1 March,1 March of each calendar year,https://nhm.gov.in/New_Updates_2018/Report_Population_Projection_2019.pdf,Dadra & Nagar Haveli and Daman & Diu are summed to match the merged PhonePe geography.
nagaland,Nagaland,2035,2444000,Nagaland,Table 8: projected total population by sex as on 1 March,1 March of each calendar year,https://nhm.gov.in/New_Updates_2018/Report_Population_Projection_2019.pdf,Dadra & Nagar Haveli and Daman & Diu are summed to match the merged PhonePe geography.
nagaland,Nagaland,2036,2458000,Nagaland,Table 8: projected total population by sex as on 1 March,1 March of each calendar year,https://nhm.gov.in/New_Updates_2018/Report_Population_Projection_2019.pdf,Dadra & Nagar Haveli and Daman & Diu are summed to match the merged PhonePe geography.
odisha,Odisha,2011,41974000,Odisha,Table 8: projected total population by sex as on 1 March,1 March of each calendar year,https://nhm.gov.in/New_Updates_2018/Report_Population_Projection_2019.pdf,Dadra & Nagar Haveli and Daman & Diu are summed to match the merged PhonePe geography.
odisha,Odisha,2012,42205000,Odisha,Table 8: projected total population by sex as on 1 March,1 March of each calendar year,https://nhm.gov.in/New_Updates_2018/Report_Population_Projection_2019.pdf,Dadra & Nagar Haveli and Daman & Diu are summed to match the merged PhonePe geography.
odisha,Odisha,2013,42436000,Odisha,Table 8: projected total population by sex as on 1 March,1 March of each calendar year,https://nhm.gov.in/New_Updates_2018/Report_Population_Projection_2019.pdf,Dadra & Nagar Haveli and Daman & Diu are summed to match the merged PhonePe geography.
odisha,Odisha,2014,42667000,Odisha,Table 8: projected total population by sex as on 1 March,1 March of each calendar year,https://nhm.gov.in/New_Updates_2018/Report_Population_Projection_2019.pdf,Dadra & Nagar Haveli and Daman & Diu are summed to match the merged PhonePe geography.
odisha,Odisha,2015,42897000,Odisha,Table 8: projected total population by sex as on 1 March,1 March of each calendar year,https://nhm.gov.in/New_Updates_2018/Report_Population_Projection_2019.pdf,Dadra & Nagar Haveli and Daman & Diu are summed to match the merged PhonePe geography.
odisha,Odisha,2016,43128000,Odisha,Table 8: projected total population by sex as on 1 March,1 March of each calendar year,https://nhm.gov.in/New_Updates_2018/Report_Population_Projection_2019.pdf,Dadra & Nagar Haveli and Daman & Diu are summed to match the merged PhonePe geography.
odisha,Odisha,2017,43309000,Odisha,Table 8: projected total population by sex as on 1 March,1 March of each calendar year,https://nhm.gov.in/New_Updates_2018/Report_Population_Projection_2019.pdf,Dadra & Nagar Haveli and Daman & Diu are summed to match the merged PhonePe geography.
odisha,Odisha,2018,43490000,Odisha,Table 8: projected total population by sex as on 1 March,1 March of each calendar year,https://nhm.gov.in/New_Updates_2018/Report_Population_Projection_2019.pdf,Dadra & Nagar Haveli and Daman & Diu are summed to match the merged PhonePe geography.
odisha,Odisha,2019,43671000,Odisha,Table 8: projected total population by sex as on 1 March,1 March of each calendar year,https://nhm.gov.in/New_Updates_2018/Report_Population_Projection_2019.pdf,Dadra & Nagar Haveli and Daman & Diu are summed to match the merged PhonePe geography.
odisha,Odisha,2020,43852000,Odisha,Table 8: projected total population by sex as on 1 March,1 March of each calendar year,https://nhm.gov.in/New_Updates_2018/Report_Population_Projection_2019.pdf,Dadra & Nagar Haveli and Daman & Diu are summed to match the merged PhonePe geography.
odisha,Odisha,2021,44033000,Odisha,Table 8: projected total population by sex as on 1 March,1 March of each calendar year,https://nhm.gov.in/New_Updates_2018/Report_Population_Projection_2019.pdf,Dadra & Nagar Haveli and Daman & Diu are summed to match the merged PhonePe geography.
odisha,Odisha,2022,44162000,Odisha,Table 8: projected total population by sex as on 1 March,1 March of each calendar year,https://nhm.gov.in/New_Updates_2018/Report_Population_Projection_2019.pdf,Dadra & Nagar Haveli and Daman & Diu are summed to match the merged PhonePe geography.
odisha,Odisha,2023,44291000,Odisha,Table 8: projected total population by sex as on 1 March,1 March of each calendar year,https://nhm.gov.in/New_Updates_2018/Report_Population_Projection_2019.pdf,Dadra & Nagar Haveli and Daman & Diu are summed to match the merged PhonePe geography.
odisha,Odisha,2024,44420000,Odisha,Table 8: projected total population by sex as on 1 March,1 March of each calendar year,https://nhm.gov.in/New_Updates_2018/Report_Population_Projection_2019.pdf,Dadra & Nagar Haveli and Daman & Diu are summed to match the merged PhonePe geography.
odisha,Odisha,2025,44548000,Odisha,Table 8: projected total population by sex as on 1 March,1 March of each calendar year,https://nhm.gov.in/New_Updates_2018/Report_Population_Projection_2019.pdf,Dadra & Nagar Haveli and Daman & Diu are summed to match the merged PhonePe geography.
odisha,Odisha,2026,44677000,Odisha,Table 8: projected total population by sex as on 1 March,1 March of each calendar year,https://nhm.gov.in/New_Updates_2018/Report_Population_Projection_2019.pdf,Dadra & Nagar Haveli and Daman & Diu are summed to match the merged PhonePe geography.
odisha,Odisha,2027,44743000,Odisha,Table 8: projected total population by sex as on 1 March,1 March of each calendar year,https://nhm.gov.in/New_Updates_2018/Report_Population_Projection_2019.pdf,Dadra & Nagar Haveli and Daman & Diu are summed to match the merged PhonePe geography.
odisha,Odisha,2028,44810000,Odisha,Table 8: projected total population by sex as on 1 March,1 March of each calendar year,https://nhm.gov.in/New_Updates_2018/Report_Population_Projection_2019.pdf,Dadra & Nagar Haveli and Daman & Diu are summed to match the merged PhonePe geography.
odisha,Odisha,2029,44876000,Odisha,Table 8: projected total population by sex as on 1 March,1 March of each calendar year,https://nhm.gov.in/New_Updates_2018/Report_Population_Projection_2019.pdf,Dadra & Nagar Haveli and Daman & Diu are summed to match the merged PhonePe geography.
odisha,Odisha,2030,44942000,Odisha,Table 8: projected total population by sex as on 1 March,1 March of each calendar year,https://nhm.gov.in/New_Updates_2018/Report_Population_Projection_2019.pdf,Dadra & Nagar Haveli and Daman & Diu are summed to match the merged PhonePe geography.
odisha,Odisha,2031,45008000,Odisha,Table 8: projected total population by sex as on 1 March,1 March of each calendar year,https://nhm.gov.in/New_Updates_2018/Report_Population_Projection_2019.pdf,Dadra & Nagar Haveli and Daman & Diu are summed to match the merged PhonePe geography.
odisha,Odisha,2032,45012000,Odisha,Table 8: projected total population by sex as on 1 March,1 March of each calendar year,https://nhm.gov.in/New_Updates_2018/Report_Population_Projection_2019.pdf,Dadra & Nagar Haveli and Daman & Diu are summed to match the merged PhonePe geography.
odisha,Odisha,2033,45015000,Odisha,Table 8: projected total population by sex as on 1 March,1 March of each calendar year,https://nhm.gov.in/New_Updates_2018/Report_Population_Projection_2019.pdf,Dadra & Nagar Haveli and Daman & Diu are summed to match the merged PhonePe geography.
odisha,Odisha,2034,45019000,Odisha,Table 8: projected total population by sex as on 1 March,1 March of each calendar year,https://nhm.gov.in/New_Updates_2018/Report_Population_Projection_2019.pdf,Dadra & Nagar Haveli and Daman & Diu are summed to match the merged PhonePe geography.
odisha,Odisha,2035,45022000,Odisha,Table 8: projected total population by sex as on 1 March,1 March of each calendar year,https://nhm.gov.in/New_Updates_2018/Report_Population_Projection_2019.pdf,Dadra & Nagar Haveli and Daman & Diu are summed to match the merged PhonePe geography.
odisha,Odisha,2036,45025000,Odisha,Table 8: projected total population by sex as on 1 March,1 March of each calendar year,https://nhm.gov.in/New_Updates_2018/Report_Population_Projection_2019.pdf,Dadra & Nagar Haveli and Daman & Diu are summed to match the merged PhonePe geography.
puducherry,Puducherry,2011,1248000,Puducherry,Table 8: projected total population by sex as on 1 March,1 March of each calendar year,https://nhm.gov.in/New_Updates_2018/Report_Population_Projection_2019.pdf,Dadra & Nagar Haveli and Daman & Diu are summed to match the merged PhonePe geography.
puducherry,Puducherry,2012,1279000,Puducherry,Table 8: projected total population by sex as on 1 March,1 March of each calendar year,https://nhm.gov.in/New_Updates_2018/Report_Population_Projection_2019.pdf,Dadra & Nagar Haveli and Daman & Diu are summed to match the merged PhonePe geography.
puducherry,Puducherry,2013,1310000,Puducherry,Table 8: projected total population by sex as on 1 March,1 March of each calendar year,https://nhm.gov.in/New_Updates_2018/Report_Population_Projection_2019.pdf,Dadra & Nagar Haveli and Daman & Diu are summed to match the merged PhonePe geography.
puducherry,Puducherry,2014,1340000,Puducherry,Table 8: projected total population by sex as on 1 March,1 March of each calendar year,https://nhm.gov.in/New_Updates_2018/Report_Population_Projection_2019.pdf,Dadra & Nagar Haveli and Daman & Diu are summed to match the merged PhonePe geography.
puducherry,Puducherry,2015,1371000,Puducherry,Table 8: projected total population by sex as on 1 March,1 March of each calendar year,https://nhm.gov.in/New_Updates_2018/Report_Population_Projection_2019.pdf,Dadra & Nagar Haveli and Daman & Diu are summed to match the merged PhonePe geography.
puducherry,Puducherry,2016,1402000,Puducherry,Table 8: projected total population by sex as on 1 March,1 March of each calendar year,https://nhm.gov.in/New_Updates_2018/Report_Population_Projection_2019.pdf,Dadra & Nagar Haveli and Daman & Diu are summed to match the merged PhonePe geography.
puducherry,Puducherry,2017,1436000,Puducherry,Table 8: projected total population by sex as on 1 March,1 March of each calendar year,https://nhm.gov.in/New_Updates_2018/Report_Population_Projection_2019.pdf,Dadra & Nagar Haveli and Daman & Diu are summed to match the merged PhonePe geography.
puducherry,Puducherry,2018,1470000,Puducherry,Table 8: projected total population by sex as on 1 March,1 March of each calendar year,https://nhm.gov.in/New_Updates_2018/Report_Population_Projection_2019.pdf,Dadra & Nagar Haveli and Daman & Diu are summed to match the merged PhonePe geography.
puducherry,Puducherry,2019,1504000,Puducherry,Table 8: projected total population by sex as on 1 March,1 March of each calendar year,https://nhm.gov.in/New_Updates_2018/Report_Population_Projection_2019.pdf,Dadra & Nagar Haveli and Daman & Diu are summed to match the merged PhonePe geography.
puducherry,Puducherry,2020,1537000,Puducherry,Table 8: projected total population by sex as on 1 March,1 March of each calendar year,https://nhm.gov.in/New_Updates_2018/Report_Population_Projection_2019.pdf,Dadra & Nagar Haveli and Daman & Diu are summed to match the merged PhonePe geography.
puducherry,Puducherry,2021,1571000,Puducherry,Table 8: projected total population by sex as on 1 March,1 March of each calendar year,https://nhm.gov.in/New_Updates_2018/Report_Population_Projection_2019.pdf,Dadra & Nagar Haveli and Daman & Diu are summed to match the merged PhonePe geography.
puducherry,Puducherry,2022,1608000,Puducherry,Table 8: projected total population by sex as on 1 March,1 March of each calendar year,https://nhm.gov.in/New_Updates_2018/Report_Population_Projection_2019.pdf,Dadra & Nagar Haveli and Daman & Diu are summed to match the merged PhonePe geography.
puducherry,Puducherry,2023,1646000,Puducherry,Table 8: projected total population by sex as on 1 March,1 March of each calendar year,https://nhm.gov.in/New_Updates_2018/Report_Population_Projection_2019.pdf,Dadra & Nagar Haveli and Daman & Diu are summed to match the merged PhonePe geography.
puducherry,Puducherry,2024,1683000,Puducherry,Table 8: projected total population by sex as on 1 March,1 March of each calendar year,https://nhm.gov.in/New_Updates_2018/Report_Population_Projection_2019.pdf,Dadra & Nagar Haveli and Daman & Diu are summed to match the merged PhonePe geography.
puducherry,Puducherry,2025,1720000,Puducherry,Table 8: projected total population by sex as on 1 March,1 March of each calendar year,https://nhm.gov.in/New_Updates_2018/Report_Population_Projection_2019.pdf,Dadra & Nagar Haveli and Daman & Diu are summed to match the merged PhonePe geography.
puducherry,Puducherry,2026,1757000,Puducherry,Table 8: projected total population by sex as on 1 March,1 March of each calendar year,https://nhm.gov.in/New_Updates_2018/Report_Population_Projection_2019.pdf,Dadra & Nagar Haveli and Daman & Diu are summed to match the merged PhonePe geography.
puducherry,Puducherry,2027,1798000,Puducherry,Table 8: projected total population by sex as on 1 March,1 March of each calendar year,https://nhm.gov.in/New_Updates_2018/Report_Population_Projection_2019.pdf,Dadra & Nagar Haveli and Daman & Diu are summed to match the merged PhonePe geography.
puducherry,Puducherry,2028,1838000,Puducherry,Table 8: projected total population by sex as on 1 March,1 March of each calendar year,https://nhm.gov.in/New_Updates_2018/Report_Population_Projection_2019.pdf,Dadra & Nagar Haveli and Daman & Diu are summed to match the merged PhonePe geography.
puducherry,Puducherry,2029,1879000,Puducherry,Table 8: projected total population by sex as on 1 March,1 March of each calendar year,https://nhm.gov.in/New_Updates_2018/Report_Population_Projection_2019.pdf,Dadra & Nagar Haveli and Daman & Diu are summed to match the merged PhonePe geography.
puducherry,Puducherry,2030,1920000,Puducherry,Table 8: projected total population by sex as on 1 March,1 March of each calendar year,https://nhm.gov.in/New_Updates_2018/Report_Population_Projection_2019.pdf,Dadra & Nagar Haveli and Daman & Diu are summed to match the merged PhonePe geography.
puducherry,Puducherry,2031,1961000,Puducherry,Table 8: projected total population by sex as on 1 March,1 March of each calendar year,https://nhm.gov.in/New_Updates_2018/Report_Population_Projection_2019.pdf,Dadra & Nagar Haveli and Daman & Diu are summed to match the merged PhonePe geography.
puducherry,Puducherry,2032,2005000,Puducherry,Table 8: projected total population by sex as on 1 March,1 March of each calendar year,https://nhm.gov.in/New_Updates_2018/Report_Population_Projection_2019.pdf,Dadra & Nagar Haveli and Daman & Diu are summed to match the merged PhonePe geography.
puducherry,Puducherry,2033,2050000,Puducherry,Table 8: projected total population by sex as on 1 March,1 March of each calendar year,https://nhm.gov.in/New_Updates_2018/Report_Population_Projection_2019.pdf,Dadra & Nagar Haveli and Daman & Diu are summed to match the merged PhonePe geography.
puducherry,Puducherry,2034,2094000,Puducherry,Table 8: projected total population by sex as on 1 March,1 March of each calendar year,https://nhm.gov.in/New_Updates_2018/Report_Population_Projection_2019.pdf,Dadra & Nagar Haveli and Daman & Diu are summed to match the merged PhonePe geography.
puducherry,Puducherry,2035,2139000,Puducherry,Table 8: projected total population by sex as on 1 March,1 March of each calendar year,https://nhm.gov.in/New_Updates_2018/Report_Population_Projection_2019.pdf,Dadra & Nagar Haveli and Daman & Diu are summed to match the merged PhonePe geography.
puducherry,Puducherry,2036,2184000,Puducherry,Table 8: projected total population by sex as on 1 March,1 March of each calendar year,https://nhm.gov.in/New_Updates_2018/Report_Population_Projection_2019.pdf,Dadra & Nagar Haveli and Daman & Diu are summed to match the merged PhonePe geography.
punjab,Punjab,2011,27743000,Punjab,Table 8: projected total population by sex as on 1 March,1 March of each calendar year,https://nhm.gov.in/New_Updates_2018/Report_Population_Projection_2019.pdf,Dadra & Nagar Haveli and Daman & Diu are summed to match the merged PhonePe geography.
punjab,Punjab,2012,28023000,Punjab,Table 8: projected total population by sex as on 1 March,1 March of each calendar year,https://nhm.gov.in/New_Updates_2018/Report_Population_Projection_2019.pdf,Dadra & Nagar Haveli and Daman & Diu are summed to match the merged PhonePe geography.
punjab,Punjab,2013,28302000,Punjab,Table 8: projected total population by sex as on 1 March,1 March of each calendar year,https://nhm.gov.in/New_Updates_2018/Report_Population_Projection_2019.pdf,Dadra & Nagar Haveli and Daman & Diu are summed to match the merged PhonePe geography.
punjab,Punjab,2014,28581000,Punjab,Table 8: projected total population by sex as on 1 March,1 March of each calendar year,https://nhm.gov.in/New_Updates_2018/Report_Population_Projection_2019.pdf,Dadra & Nagar Haveli and Daman & Diu are summed to match the merged PhonePe geography.
punjab,Punjab,2015,28861000,Punjab,Table 8: projected total population by sex as on 1 March,1 March of each calendar year,https://nhm.gov.in/New_Updates_2018/Report_Population_Projection_2019.pdf,Dadra & Nagar Haveli and Daman & Diu are summed to match the merged PhonePe geography.
punjab,Punjab,2016,29140000,Punjab,Table 8: projected total population by sex as on 1 March,1 March of each calendar year,https://nhm.gov.in/New_Updates_2018/Report_Population_Projection_2019.pdf,Dadra & Nagar Haveli and Daman & Diu are summed to match the merged PhonePe geography.
punjab,Punjab,2017,29380000,Punjab,Table 8: projected total population by sex as on 1 March,1 March of each calendar year,https://nhm.gov.in/New_Updates_2018/Report_Population_Projection_2019.pdf,Dadra & Nagar Haveli and Daman & Diu are summed to match the merged PhonePe geography.
punjab,Punjab,2018,29619000,Punjab,Table 8: projected total population by sex as on 1 March,1 March of each calendar year,https://nhm.gov.in/New_Updates_2018/Report_Population_Projection_2019.pdf,Dadra & Nagar Haveli and Daman & Diu are summed to match the merged PhonePe geography.
punjab,Punjab,2019,29859000,Punjab,Table 8: projected total population by sex as on 1 March,1 March of each calendar year,https://nhm.gov.in/New_Updates_2018/Report_Population_Projection_2019.pdf,Dadra & Nagar Haveli and Daman & Diu are summed to match the merged PhonePe geography.
punjab,Punjab,2020,30099000,Punjab,Table 8: projected total population by sex as on 1 March,1 March of each calendar year,https://nhm.gov.in/New_Updates_2018/Report_Population_Projection_2019.pdf,Dadra & Nagar Haveli and Daman & Diu are summed to match the merged PhonePe geography.
punjab,Punjab,2021,30339000,Punjab,Table 8: projected total population by sex as on 1 March,1 March of each calendar year,https://nhm.gov.in/New_Updates_2018/Report_Population_Projection_2019.pdf,Dadra & Nagar Haveli and Daman & Diu are summed to match the merged PhonePe geography.
punjab,Punjab,2022,30535000,Punjab,Table 8: projected total population by sex as on 1 March,1 March of each calendar year,https://nhm.gov.in/New_Updates_2018/Report_Population_Projection_2019.pdf,Dadra & Nagar Haveli and Daman & Diu are summed to match the merged PhonePe geography.
punjab,Punjab,2023,30730000,Punjab,Table 8: projected total population by sex as on 1 March,1 March of each calendar year,https://nhm.gov.in/New_Updates_2018/Report_Population_Projection_2019.pdf,Dadra & Nagar Haveli and Daman & Diu are summed to match the merged PhonePe geography.
punjab,Punjab,2024,30926000,Punjab,Table 8: projected total population by sex as on 1 March,1 March of each calendar year,https://nhm.gov.in/New_Updates_2018/Report_Population_Projection_2019.pdf,Dadra & Nagar Haveli and Daman & Diu are summed to match the merged PhonePe geography.
punjab,Punjab,2025,31122000,Punjab,Table 8: projected total population by sex as on 1 March,1 March of each calendar year,https://nhm.gov.in/New_Updates_2018/Report_Population_Projection_2019.pdf,Dadra & Nagar Haveli and Daman & Diu are summed to match the merged PhonePe geography.
punjab,Punjab,2026,31318000,Punjab,Table 8: projected total population by sex as on 1 March,1 March of each calendar year,https://nhm.gov.in/New_Updates_2018/Report_Population_Projection_2019.pdf,Dadra & Nagar Haveli and Daman & Diu are summed to match the merged PhonePe geography.
punjab,Punjab,2027,31472000,Punjab,Table 8: projected total population by sex as on 1 March,1 March of each calendar year,https://nhm.gov.in/New_Updates_2018/Report_Population_Projection_2019.pdf,Dadra & Nagar Haveli and Daman & Diu are summed to match the merged PhonePe geography.
punjab,Punjab,2028,31626000,Punjab,Table 8: projected total population by sex as on 1 March,1 March of each calendar year,https://nhm.gov.in/New_Updates_2018/Report_Population_Projection_2019.pdf,Dadra & Nagar Haveli and Daman & Diu are summed to match the merged PhonePe geography.
punjab,Punjab,2029,31779000,Punjab,Table 8: projected total population by sex as on 1 March,1 March of each calendar year,https://nhm.gov.in/New_Updates_2018/Report_Population_Projection_2019.pdf,Dadra & Nagar Haveli and Daman & Diu are summed to match the merged PhonePe geography.
punjab,Punjab,2030,31933000,Punjab,Table 8: projected total population by sex as on 1 March,1 March of each calendar year,https://nhm.gov.in/New_Updates_2018/Report_Population_Projection_2019.pdf,Dadra & Nagar Haveli and Daman & Diu are summed to match the merged PhonePe geography.
punjab,Punjab,2031,32087000,Punjab,Table 8: projected total population by sex as on 1 March,1 March of each calendar year,https://nhm.gov.in/New_Updates_2018/Report_Population_Projection_2019.pdf,Dadra & Nagar Haveli and Daman & Diu are summed to match the merged PhonePe geography.
punjab,Punjab,2032,32201000,Punjab,Table 8: projected total population by sex as on 1 March,1 March of each calendar year,https://nhm.gov.in/New_Updates_2018/Report_Population_Projection_2019.pdf,Dadra & Nagar Haveli and Daman & Diu are summed to match the merged PhonePe geography.
punjab,Punjab,2033,32315000,Punjab,Table 8: projected total population by sex as on 1 March,1 March of each calendar year,https://nhm.gov.in/New_Updates_2018/Report_Population_Projection_2019.pdf,Dadra & Nagar Haveli and Daman & Diu are summed to match the merged PhonePe geography.
punjab,Punjab,2034,32430000,Punjab,Table 8: projected total population by sex as on 1 March,1 March of each calendar year,https://nhm.gov.in/New_Updates_2018/Report_Population_Projection_2019.pdf,Dadra & Nagar Haveli and Daman & Diu are summed to match the merged PhonePe geography.
punjab,Punjab,2035,32544000,Punjab,Table 8: projected total population by sex as on 1 March,1 March of each calendar year,https://nhm.gov.in/New_Updates_2018/Report_Population_Projection_2019.pdf,Dadra & Nagar Haveli and Daman & Diu are summed to match the merged PhonePe geography.
punjab,Punjab,2036,32658000,Punjab,Table 8: projected total population by sex as on 1 March,1 March of each calendar year,https://nhm.gov.in/New_Updates_2018/Report_Population_Projection_2019.pdf,Dadra & Nagar Haveli and Daman & Diu are summed to match the merged PhonePe geography.
rajasthan,Rajasthan,2011,68548000,Rajasthan,Table 8: projected total population by sex as on 1 March,1 March of each calendar year,https://nhm.gov.in/New_Updates_2018/Report_Population_Projection_2019.pdf,Dadra & Nagar Haveli and Daman & Diu are summed to match the merged PhonePe geography.
rajasthan,Rajasthan,2012,69687000,Rajasthan,Table 8: projected total population by sex as on 1 March,1 March of each calendar year,https://nhm.gov.in/New_Updates_2018/Report_Population_Projection_2019.pdf,Dadra & Nagar Haveli and Daman & Diu are summed to match the merged PhonePe geography.
rajasthan,Rajasthan,2013,70825000,Rajasthan,Table 8: projected total population by sex as on 1 March,1 March of each calendar year,https://nhm.gov.in/New_Updates_2018/Report_Population_Projection_2019.pdf,Dadra & Nagar Haveli and Daman & Diu are summed to match the merged PhonePe geography.
rajasthan,Rajasthan,2014,71963000,Rajasthan,Table 8: projected total population by sex as on 1 March,1 March of each calendar year,https://nhm.gov.in/New_Updates_2018/Report_Population_Projection_2019.pdf,Dadra & Nagar Haveli and Daman & Diu are summed to match the merged PhonePe geography.
rajasthan,Rajasthan,2015,73102000,Rajasthan,Table 8: projected total population by sex as on 1 March,1 March of each calendar year,https://nhm.gov.in/New_Updates_2018/Report_Population_Projection_2019.pdf,Dadra & Nagar Haveli and Daman & Diu are summed to match the merged PhonePe geography.
rajasthan,Rajasthan,2016,74240000,Rajasthan,Table 8: projected total population by sex as on 1 March,1 March of each calendar year,https://nhm.gov.in/New_Updates_2018/Report_Population_Projection_2019.pdf,Dadra & Nagar Haveli and Daman & Diu are summed to match the merged PhonePe geography.
rajasthan,Rajasthan,2017,75248000,Rajasthan,Table 8: projected total population by sex as on 1 March,1 March of each calendar year,https://nhm.gov.in/New_Updates_2018/Report_Population_Projection_2019.pdf,Dadra & Nagar Haveli and Daman & Diu are summed to match the merged PhonePe geography.
rajasthan,Rajasthan,2018,76256000,Rajasthan,Table 8: projected total population by sex as on 1 March,1 March of each calendar year,https://nhm.gov.in/New_Updates_2018/Report_Population_Projection_2019.pdf,Dadra & Nagar Haveli and Daman & Diu are summed to match the merged PhonePe geography.
rajasthan,Rajasthan,2019,77264000,Rajasthan,Table 8: projected total population by sex as on 1 March,1 March of each calendar year,https://nhm.gov.in/New_Updates_2018/Report_Population_Projection_2019.pdf,Dadra & Nagar Haveli and Daman & Diu are summed to match the merged PhonePe geography.
rajasthan,Rajasthan,2020,78273000,Rajasthan,Table 8: projected total population by sex as on 1 March,1 March of each calendar year,https://nhm.gov.in/New_Updates_2018/Report_Population_Projection_2019.pdf,Dadra & Nagar Haveli and Daman & Diu are summed to match the merged PhonePe geography.
rajasthan,Rajasthan,2021,79281000,Rajasthan,Table 8: projected total population by sex as on 1 March,1 March of each calendar year,https://nhm.gov.in/New_Updates_2018/Report_Population_Projection_2019.pdf,Dadra & Nagar Haveli and Daman & Diu are summed to match the merged PhonePe geography.
rajasthan,Rajasthan,2022,80153000,Rajasthan,Table 8: projected total population by sex as on 1 March,1 March of each calendar year,https://nhm.gov.in/New_Updates_2018/Report_Population_Projection_2019.pdf,Dadra & Nagar Haveli and Daman & Diu are summed to match the merged PhonePe geography.
rajasthan,Rajasthan,2023,81025000,Rajasthan,Table 8: projected total population by sex as on 1 March,1 March of each calendar year,https://nhm.gov.in/New_Updates_2018/Report_Population_Projection_2019.pdf,Dadra & Nagar Haveli and Daman & Diu are summed to match the merged PhonePe geography.
rajasthan,Rajasthan,2024,81897000,Rajasthan,Table 8: projected total population by sex as on 1 March,1 March of each calendar year,https://nhm.gov.in/New_Updates_2018/Report_Population_Projection_2019.pdf,Dadra & Nagar Haveli and Daman & Diu are summed to match the merged PhonePe geography.
rajasthan,Rajasthan,2025,82770000,Rajasthan,Table 8: projected total population by sex as on 1 March,1 March of each calendar year,https://nhm.gov.in/New_Updates_2018/Report_Population_Projection_2019.pdf,Dadra & Nagar Haveli and Daman & Diu are summed to match the merged PhonePe geography.
rajasthan,Rajasthan,2026,83642000,Rajasthan,Table 8: projected total population by sex as on 1 March,1 March of each calendar year,https://nhm.gov.in/New_Updates_2018/Report_Population_Projection_2019.pdf,Dadra & Nagar Haveli and Daman & Diu are summed to match the merged PhonePe geography.
rajasthan,Rajasthan,2027,84353000,Rajasthan,Table 8: projected total population by sex as on 1 March,1 March of each calendar year,https://nhm.gov.in/New_Updates_2018/Report_Population_Projection_2019.pdf,Dadra & Nagar Haveli and Daman & Diu are summed to match the merged PhonePe geography.
rajasthan,Rajasthan,2028,85064000,Rajasthan,Table 8: projected total population by sex as on 1 March,1 March of each calendar year,https://nhm.gov.in/New_Updates_2018/Report_Population_Projection_2019.pdf,Dadra & Nagar Haveli and Daman & Diu are summed to match the merged PhonePe geography.
rajasthan,Rajasthan,2029,85775000,Rajasthan,Table 8: projected total population by sex as on 1 March,1 March of each calendar year,https://nhm.gov.in/New_Updates_2018/Report_Population_Projection_2019.pdf,Dadra & Nagar Haveli and Daman & Diu are summed to match the merged PhonePe geography.
rajasthan,Rajasthan,2030,86487000,Rajasthan,Table 8: projected total population by sex as on 1 March,1 March of each calendar year,https://nhm.gov.in/New_Updates_2018/Report_Population_Projection_2019.pdf,Dadra & Nagar Haveli and Daman & Diu are summed to match the merged PhonePe geography.
rajasthan,Rajasthan,2031,87198000,Rajasthan,Table 8: projected total population by sex as on 1 March,1 March of each calendar year,https://nhm.gov.in/New_Updates_2018/Report_Population_Projection_2019.pdf,Dadra & Nagar Haveli and Daman & Diu are summed to match the merged PhonePe geography.
rajasthan,Rajasthan,2032,87871000,Rajasthan,Table 8: projected total population by sex as on 1 March,1 March of each calendar year,https://nhm.gov.in/New_Updates_2018/Report_Population_Projection_2019.pdf,Dadra & Nagar Haveli and Daman & Diu are summed to match the merged PhonePe geography.
rajasthan,Rajasthan,2033,88544000,Rajasthan,Table 8: projected total population by sex as on 1 March,1 March of each calendar year,https://nhm.gov.in/New_Updates_2018/Report_Population_Projection_2019.pdf,Dadra & Nagar Haveli and Daman & Diu are summed to match the merged PhonePe geography.
rajasthan,Rajasthan,2034,89217000,Rajasthan,Table 8: projected total population by sex as on 1 March,1 March of each calendar year,https://nhm.gov.in/New_Updates_2018/Report_Population_Projection_2019.pdf,Dadra & Nagar Haveli and Daman & Diu are summed to match the merged PhonePe geography.
rajasthan,Rajasthan,2035,89890000,Rajasthan,Table 8: projected total population by sex as on 1 March,1 March of each calendar year,https://nhm.gov.in/New_Updates_2018/Report_Population_Projection_2019.pdf,Dadra & Nagar Haveli and Daman & Diu are summed to match the merged PhonePe geography.
rajasthan,Rajasthan,2036,90563000,Rajasthan,Table 8: projected total population by sex as on 1 March,1 March of each calendar year,https://nhm.gov.in/New_Updates_2018/Report_Population_Projection_2019.pdf,Dadra & Nagar Haveli and Daman & Diu are summed to match the merged PhonePe geography.
sikkim,Sikkim,2011,611000,Sikkim,Table 8: projected total population by sex as on 1 March,1 March of each calendar year,https://nhm.gov.in/New_Updates_2018/Report_Population_Projection_2019.pdf,Dadra & Nagar Haveli and Daman & Diu are summed to match the merged PhonePe geography.
sikkim,Sikkim,2012,617000,Sikkim,Table 8: projected total population by sex as on 1 March,1 March of each calendar year,https://nhm.gov.in/New_Updates_2018/Report_Population_Projection_2019.pdf,Dadra & Nagar Haveli and Daman & Diu are summed to match the merged PhonePe geography.
sikkim,Sikkim,2013,624000,Sikkim,Table 8: projected total population by sex as on 1 March,1 March of each calendar year,https://nhm.gov.in/New_Updates_2018/Report_Population_Projection_2019.pdf,Dadra & Nagar Haveli and Daman & Diu are summed to match the merged PhonePe geography.
sikkim,Sikkim,2014,631000,Sikkim,Table 8: projected total population by sex as on 1 March,1 March of each calendar year,https://nhm.gov.in/New_Updates_2018/Report_Population_Projection_2019.pdf,Dadra & Nagar Haveli and Daman & Diu are summed to match the merged PhonePe geography.
sikkim,Sikkim,2015,637000,Sikkim,Table 8: projected total population by sex as on 1 March,1 March of each calendar year,https://nhm.gov.in/New_Updates_2018/Report_Population_Projection_2019.pdf,Dadra & Nagar Haveli and Daman & Diu are summed to match the merged PhonePe geography.
sikkim,Sikkim,2016,644000,Sikkim,Table 8: projected total population by sex as on 1 March,1 March of each calendar year,https://nhm.gov.in/New_Updates_2018/Report_Population_Projection_2019.pdf,Dadra & Nagar Haveli and Daman & Diu are summed to match the merged PhonePe geography.
sikkim,Sikkim,2017,650000,Sikkim,Table 8: projected total population by sex as on 1 March,1 March of each calendar year,https://nhm.gov.in/New_Updates_2018/Report_Population_Projection_2019.pdf,Dadra & Nagar Haveli and Daman & Diu are summed to match the merged PhonePe geography.
sikkim,Sikkim,2018,657000,Sikkim,Table 8: projected total population by sex as on 1 March,1 March of each calendar year,https://nhm.gov.in/New_Updates_2018/Report_Population_Projection_2019.pdf,Dadra & Nagar Haveli and Daman & Diu are summed to match the merged PhonePe geography.
sikkim,Sikkim,2019,664000,Sikkim,Table 8: projected total population by sex as on 1 March,1 March of each calendar year,https://nhm.gov.in/New_Updates_2018/Report_Population_Projection_2019.pdf,Dadra & Nagar Haveli and Daman & Diu are summed to match the merged PhonePe geography.
sikkim,Sikkim,2020,670000,Sikkim,Table 8: projected total population by sex as on 1 March,1 March of each calendar year,https://nhm.gov.in/New_Updates_2018/Report_Population_Projection_2019.pdf,Dadra & Nagar Haveli and Daman & Diu are summed to match the merged PhonePe geography.
sikkim,Sikkim,2021,677000,Sikkim,Table 8: projected total population by sex as on 1 March,1 March of each calendar year,https://nhm.gov.in/New_Updates_2018/Report_Population_Projection_2019.pdf,Dadra & Nagar Haveli and Daman & Diu are summed to match the merged PhonePe geography.
sikkim,Sikkim,2022,683000,Sikkim,Table 8: projected total population by sex as on 1 March,1 March of each calendar year,https://nhm.gov.in/New_Updates_2018/Report_Population_Projection_2019.pdf,Dadra & Nagar Haveli and Daman & Diu are summed to match the merged PhonePe geography.
sikkim,Sikkim,2023,689000,Sikkim,Table 8: projected total population by sex as on 1 March,1 March of each calendar year,https://nhm.gov.in/New_Updates_2018/Report_Population_Projection_2019.pdf,Dadra & Nagar Haveli and Daman & Diu are summed to match the merged PhonePe geography.
sikkim,Sikkim,2024,695000,Sikkim,Table 8: projected total population by sex as on 1 March,1 March of each calendar year,https://nhm.gov.in/New_Updates_2018/Report_Population_Projection_2019.pdf,Dadra & Nagar Haveli and Daman & Diu are summed to match the merged PhonePe geography.
sikkim,Sikkim,2025,702000,Sikkim,Table 8: projected total population by sex as on 1 March,1 March of each calendar year,https://nhm.gov.in/New_Updates_2018/Report_Population_Projection_2019.pdf,Dadra & Nagar Haveli and Daman & Diu are summed to match the merged PhonePe geography.
sikkim,Sikkim,2026,708000,Sikkim,Table 8: projected total population by sex as on 1 March,1 March of each calendar year,https://nhm.gov.in/New_Updates_2018/Report_Population_Projection_2019.pdf,Dadra & Nagar Haveli and Daman & Diu are summed to match the merged PhonePe geography.
sikkim,Sikkim,2027,714000,Sikkim,Table 8: projected total population by sex as on 1 March,1 March of each calendar year,https://nhm.gov.in/New_Updates_2018/Report_Population_Projection_2019.pdf,Dadra & Nagar Haveli and Daman & Diu are summed to match the merged PhonePe geography.
sikkim,Sikkim,2028,719000,Sikkim,Table 8: projected total population by sex as on 1 March,1 March of each calendar year,https://nhm.gov.in/New_Updates_2018/Report_Population_Projection_2019.pdf,Dadra & Nagar Haveli and Daman & Diu are summed to match the merged PhonePe geography.
sikkim,Sikkim,2029,725000,Sikkim,Table 8: projected total population by sex as on 1 March,1 March of each calendar year,https://nhm.gov.in/New_Updates_2018/Report_Population_Projection_2019.pdf,Dadra & Nagar Haveli and Daman & Diu are summed to match the merged PhonePe geography.
sikkim,Sikkim,2030,731000,Sikkim,Table 8: projected total population by sex as on 1 March,1 March of each calendar year,https://nhm.gov.in/New_Updates_2018/Report_Population_Projection_2019.pdf,Dadra & Nagar Haveli and Daman & Diu are summed to match the merged PhonePe geography.
sikkim,Sikkim,2031,736000,Sikkim,Table 8: projected total population by sex as on 1 March,1 March of each calendar year,https://nhm.gov.in/New_Updates_2018/Report_Population_Projection_2019.pdf,Dadra & Nagar Haveli and Daman & Diu are summed to match the merged PhonePe geography.
sikkim,Sikkim,2032,741000,Sikkim,Table 8: projected total population by sex as on 1 March,1 March of each calendar year,https://nhm.gov.in/New_Updates_2018/Report_Population_Projection_2019.pdf,Dadra & Nagar Haveli and Daman & Diu are summed to match the merged PhonePe geography.
sikkim,Sikkim,2033,745000,Sikkim,Table 8: projected total population by sex as on 1 March,1 March of each calendar year,https://nhm.gov.in/New_Updates_2018/Report_Population_Projection_2019.pdf,Dadra & Nagar Haveli and Daman & Diu are summed to match the merged PhonePe geography.
sikkim,Sikkim,2034,750000,Sikkim,Table 8: projected total population by sex as on 1 March,1 March of each calendar year,https://nhm.gov.in/New_Updates_2018/Report_Population_Projection_2019.pdf,Dadra & Nagar Haveli and Daman & Diu are summed to match the merged PhonePe geography.
sikkim,Sikkim,2035,754000,Sikkim,Table 8: projected total population by sex as on 1 March,1 March of each calendar year,https://nhm.gov.in/New_Updates_2018/Report_Population_Projection_2019.pdf,Dadra & Nagar Haveli and Daman & Diu are summed to match the merged PhonePe geography.
sikkim,Sikkim,2036,759000,Sikkim,Table 8: projected total population by sex as on 1 March,1 March of each calendar year,https://nhm.gov.in/New_Updates_2018/Report_Population_Projection_2019.pdf,Dadra & Nagar Haveli and Daman & Diu are summed to match the merged PhonePe geography.
tamil-nadu,Tamil Nadu,2011,72147000,Tamil Nadu,Table 8: projected total population by sex as on 1 March,1 March of each calendar year,https://nhm.gov.in/New_Updates_2018/Report_Population_Projection_2019.pdf,Dadra & Nagar Haveli and Daman & Diu are summed to match the merged PhonePe geography.
tamil-nadu,Tamil Nadu,2012,72645000,Tamil Nadu,Table 8: projected total population by sex as on 1 March,1 March of each calendar year,https://nhm.gov.in/New_Updates_2018/Report_Population_Projection_2019.pdf,Dadra & Nagar Haveli and Daman & Diu are summed to match the merged PhonePe geography.
tamil-nadu,Tamil Nadu,2013,73142000,Tamil Nadu,Table 8: projected total population by sex as on 1 March,1 March of each calendar year,https://nhm.gov.in/New_Updates_2018/Report_Population_Projection_2019.pdf,Dadra & Nagar Haveli and Daman & Diu are summed to match the merged PhonePe geography.
tamil-nadu,Tamil Nadu,2014,73640000,Tamil Nadu,Table 8: projected total population by sex as on 1 March,1 March of each calendar year,https://nhm.gov.in/New_Updates_2018/Report_Population_Projection_2019.pdf,Dadra & Nagar Haveli and Daman & Diu are summed to match the merged PhonePe geography.
tamil-nadu,Tamil Nadu,2015,74137000,Tamil Nadu,Table 8: projected total population by sex as on 1 March,1 March of each calendar year,https://nhm.gov.in/New_Updates_2018/Report_Population_Projection_2019.pdf,Dadra & Nagar Haveli and Daman & Diu are summed to match the merged PhonePe geography.
tamil-nadu,Tamil Nadu,2016,74635000,Tamil Nadu,Table 8: projected total population by sex as on 1 March,1 March of each calendar year,https://nhm.gov.in/New_Updates_2018/Report_Population_Projection_2019.pdf,Dadra & Nagar Haveli and Daman & Diu are summed to match the merged PhonePe geography.
tamil-nadu,Tamil Nadu,2017,74989000,Tamil Nadu,Table 8: projected total population by sex as on 1 March,1 March of each calendar year,https://nhm.gov.in/New_Updates_2018/Report_Population_Projection_2019.pdf,Dadra & Nagar Haveli and Daman & Diu are summed to match the merged PhonePe geography.
tamil-nadu,Tamil Nadu,2018,75342000,Tamil Nadu,Table 8: projected total population by sex as on 1 March,1 March of each calendar year,https://nhm.gov.in/New_Updates_2018/Report_Population_Projection_2019.pdf,Dadra & Nagar Haveli and Daman & Diu are summed to match the merged PhonePe geography.
tamil-nadu,Tamil Nadu,2019,75695000,Tamil Nadu,Table 8: projected total population by sex as on 1 March,1 March of each calendar year,https://nhm.gov.in/New_Updates_2018/Report_Population_Projection_2019.pdf,Dadra & Nagar Haveli and Daman & Diu are summed to match the merged PhonePe geography.
tamil-nadu,Tamil Nadu,2020,76049000,Tamil Nadu,Table 8: projected total population by sex as on 1 March,1 March of each calendar year,https://nhm.gov.in/New_Updates_2018/Report_Population_Projection_2019.pdf,Dadra & Nagar Haveli and Daman & Diu are summed to match the merged PhonePe geography.
tamil-nadu,Tamil Nadu,2021,76402000,Tamil Nadu,Table 8: projected total population by sex as on 1 March,1 March of each calendar year,https://nhm.gov.in/New_Updates_2018/Report_Population_Projection_2019.pdf,Dadra & Nagar Haveli and Daman & Diu are summed to match the merged PhonePe geography.
tamil-nadu,Tamil Nadu,2022,76631000,Tamil Nadu,Table 8: projected total population by sex as on 1 March,1 March of each calendar year,https://nhm.gov.in/New_Updates_2018/Report_Population_Projection_2019.pdf,Dadra & Nagar Haveli and Daman & Diu are summed to match the merged PhonePe geography.
tamil-nadu,Tamil Nadu,2023,76860000,Tamil Nadu,Table 8: projected total population by sex as on 1 March,1 March of each calendar year,https://nhm.gov.in/New_Updates_2018/Report_Population_Projection_2019.pdf,Dadra & Nagar Haveli and Daman & Diu are summed to match the merged PhonePe geography.
tamil-nadu,Tamil Nadu,2024,77089000,Tamil Nadu,Table 8: projected total population by sex as on 1 March,1 March of each calendar year,https://nhm.gov.in/New_Updates_2018/Report_Population_Projection_2019.pdf,Dadra & Nagar Haveli and Daman & Diu are summed to match the merged PhonePe geography.
tamil-nadu,Tamil Nadu,2025,77317000,Tamil Nadu,Table 8: projected total population by sex as on 1 March,1 March of each calendar year,https://nhm.gov.in/New_Updates_2018/Report_Population_Projection_2019.pdf,Dadra & Nagar Haveli and Daman & Diu are summed to match the merged PhonePe geography.
tamil-nadu,Tamil Nadu,2026,77546000,Tamil Nadu,Table 8: projected total population by sex as on 1 March,1 March of each calendar year,https://nhm.gov.in/New_Updates_2018/Report_Population_Projection_2019.pdf,Dadra & Nagar Haveli and Daman & Diu are summed to match the merged PhonePe geography.
tamil-nadu,Tamil Nadu,2027,77653000,Tamil Nadu,Table 8: projected total population by sex as on 1 March,1 March of each calendar year,https://nhm.gov.in/New_Updates_2018/Report_Population_Projection_2019.pdf,Dadra & Nagar Haveli and Daman & Diu are summed to match the merged PhonePe geography.
tamil-nadu,Tamil Nadu,2028,77761000,Tamil Nadu,Table 8: projected total population by sex as on 1 March,1 March of each calendar year,https://nhm.gov.in/New_Updates_2018/Report_Population_Projection_2019.pdf,Dadra & Nagar Haveli and Daman & Diu are summed to match the merged PhonePe geography.
tamil-nadu,Tamil Nadu,2029,77868000,Tamil Nadu,Table 8: projected total population by sex as on 1 March,1 March of each calendar year,https://nhm.gov.in/New_Updates_2018/Report_Population_Projection_2019.pdf,Dadra & Nagar Haveli and Daman & Diu are summed to match the merged PhonePe geography.
tamil-nadu,Tamil Nadu,2030,77975000,Tamil Nadu,Table 8: projected total population by sex as on 1 March,1 March of each calendar year,https://nhm.gov.in/New_Updates_2018/Report_Population_Projection_2019.pdf,Dadra & Nagar Haveli and Daman & Diu are summed to match the merged PhonePe geography.
tamil-nadu,Tamil Nadu,2031,78082000,Tamil Nadu,Table 8: projected total population by sex as on 1 March,1 March of each calendar year,https://nhm.gov.in/New_Updates_2018/Report_Population_Projection_2019.pdf,Dadra & Nagar Haveli and Daman & Diu are summed to match the merged PhonePe geography.
tamil-nadu,Tamil Nadu,2032,78079000,Tamil Nadu,Table 8: projected total population by sex as on 1 March,1 March of each calendar year,https://nhm.gov.in/New_Updates_2018/Report_Population_Projection_2019.pdf,Dadra & Nagar Haveli and Daman & Diu are summed to match the merged PhonePe geography.
tamil-nadu,Tamil Nadu,2033,78076000,Tamil Nadu,Table 8: projected total population by sex as on 1 March,1 March of each calendar year,https://nhm.gov.in/New_Updates_2018/Report_Population_Projection_2019.pdf,Dadra & Nagar Haveli and Daman & Diu are summed to match the merged PhonePe geography.
tamil-nadu,Tamil Nadu,2034,78073000,Tamil Nadu,Table 8: projected total population by sex as on 1 March,1 March of each calendar year,https://nhm.gov.in/New_Updates_2018/Report_Population_Projection_2019.pdf,Dadra & Nagar Haveli and Daman & Diu are summed to match the merged PhonePe geography.
tamil-nadu,Tamil Nadu,2035,78070000,Tamil Nadu,Table 8: projected total population by sex as on 1 March,1 March of each calendar year,https://nhm.gov.in/New_Updates_2018/Report_Population_Projection_2019.pdf,Dadra & Nagar Haveli and Daman & Diu are summed to match the merged PhonePe geography.
tamil-nadu,Tamil Nadu,2036,78067000,Tamil Nadu,Table 8: projected total population by sex as on 1 March,1 March of each calendar year,https://nhm.gov.in/New_Updates_2018/Report_Population_Projection_2019.pdf,Dadra & Nagar Haveli and Daman & Diu are summed to match the merged PhonePe geography.
telangana,Telangana,2011,35004000,Telangana,Table 8: projected total population by sex as on 1 March,1 March of each calendar year,https://nhm.gov.in/New_Updates_2018/Report_Population_Projection_2019.pdf,Dadra & Nagar Haveli and Daman & Diu are summed to match the merged PhonePe geography.
telangana,Telangana,2012,35295000,Telangana,Table 8: projected total population by sex as on 1 March,1 March of each calendar year,https://nhm.gov.in/New_Updates_2018/Report_Population_Projection_2019.pdf,Dadra & Nagar Haveli and Daman & Diu are summed to match the merged PhonePe geography.
telangana,Telangana,2013,35587000,Telangana,Table 8: projected total population by sex as on 1 March,1 March of each calendar year,https://nhm.gov.in/New_Updates_2018/Report_Population_Projection_2019.pdf,Dadra & Nagar Haveli and Daman & Diu are summed to match the merged PhonePe geography.
telangana,Telangana,2014,35878000,Telangana,Table 8: projected total population by sex as on 1 March,1 March of each calendar year,https://nhm.gov.in/New_Updates_2018/Report_Population_Projection_2019.pdf,Dadra & Nagar Haveli and Daman & Diu are summed to match the merged PhonePe geography.
telangana,Telangana,2015,36170000,Telangana,Table 8: projected total population by sex as on 1 March,1 March of each calendar year,https://nhm.gov.in/New_Updates_2018/Report_Population_Projection_2019.pdf,Dadra & Nagar Haveli and Daman & Diu are summed to match the merged PhonePe geography.
telangana,Telangana,2016,36462000,Telangana,Table 8: projected total population by sex as on 1 March,1 March of each calendar year,https://nhm.gov.in/New_Updates_2018/Report_Population_Projection_2019.pdf,Dadra & Nagar Haveli and Daman & Diu are summed to match the merged PhonePe geography.
telangana,Telangana,2017,36714000,Telangana,Table 8: projected total population by sex as on 1 March,1 March of each calendar year,https://nhm.gov.in/New_Updates_2018/Report_Population_Projection_2019.pdf,Dadra & Nagar Haveli and Daman & Diu are summed to match the merged PhonePe geography.
telangana,Telangana,2018,36967000,Telangana,Table 8: projected total population by sex as on 1 March,1 March of each calendar year,https://nhm.gov.in/New_Updates_2018/Report_Population_Projection_2019.pdf,Dadra & Nagar Haveli and Daman & Diu are summed to match the merged PhonePe geography.
telangana,Telangana,2019,37220000,Telangana,Table 8: projected total population by sex as on 1 March,1 March of each calendar year,https://nhm.gov.in/New_Updates_2018/Report_Population_Projection_2019.pdf,Dadra & Nagar Haveli and Daman & Diu are summed to match the merged PhonePe geography.
telangana,Telangana,2020,37473000,Telangana,Table 8: projected total population by sex as on 1 March,1 March of each calendar year,https://nhm.gov.in/New_Updates_2018/Report_Population_Projection_2019.pdf,Dadra & Nagar Haveli and Daman & Diu are summed to match the merged PhonePe geography.
telangana,Telangana,2021,37725000,Telangana,Table 8: projected total population by sex as on 1 March,1 March of each calendar year,https://nhm.gov.in/New_Updates_2018/Report_Population_Projection_2019.pdf,Dadra & Nagar Haveli and Daman & Diu are summed to match the merged PhonePe geography.
telangana,Telangana,2022,37907000,Telangana,Table 8: projected total population by sex as on 1 March,1 March of each calendar year,https://nhm.gov.in/New_Updates_2018/Report_Population_Projection_2019.pdf,Dadra & Nagar Haveli and Daman & Diu are summed to match the merged PhonePe geography.
telangana,Telangana,2023,38090000,Telangana,Table 8: projected total population by sex as on 1 March,1 March of each calendar year,https://nhm.gov.in/New_Updates_2018/Report_Population_Projection_2019.pdf,Dadra & Nagar Haveli and Daman & Diu are summed to match the merged PhonePe geography.
telangana,Telangana,2024,38272000,Telangana,Table 8: projected total population by sex as on 1 March,1 March of each calendar year,https://nhm.gov.in/New_Updates_2018/Report_Population_Projection_2019.pdf,Dadra & Nagar Haveli and Daman & Diu are summed to match the merged PhonePe geography.
telangana,Telangana,2025,38454000,Telangana,Table 8: projected total population by sex as on 1 March,1 March of each calendar year,https://nhm.gov.in/New_Updates_2018/Report_Population_Projection_2019.pdf,Dadra & Nagar Haveli and Daman & Diu are summed to match the merged PhonePe geography.
telangana,Telangana,2026,38636000,Telangana,Table 8: projected total population by sex as on 1 March,1 March of each calendar year,https://nhm.gov.in/New_Updates_2018/Report_Population_Projection_2019.pdf,Dadra & Nagar Haveli and Daman & Diu are summed to match the merged PhonePe geography.
telangana,Telangana,2027,38750000,Telangana,Table 8: projected total population by sex as on 1 March,1 March of each calendar year,https://nhm.gov.in/New_Updates_2018/Report_Population_Projection_2019.pdf,Dadra & Nagar Haveli and Daman & Diu are summed to match the merged PhonePe geography.
telangana,Telangana,2028,38864000,Telangana,Table 8: projected total population by sex as on 1 March,1 March of each calendar year,https://nhm.gov.in/New_Updates_2018/Report_Population_Projection_2019.pdf,Dadra & Nagar Haveli and Daman & Diu are summed to match the merged PhonePe geography.
telangana,Telangana,2029,38978000,Telangana,Table 8: projected total population by sex as on 1 March,1 March of each calendar year,https://nhm.gov.in/New_Updates_2018/Report_Population_Projection_2019.pdf,Dadra & Nagar Haveli and Daman & Diu are summed to match the merged PhonePe geography.
telangana,Telangana,2030,39092000,Telangana,Table 8: projected total population by sex as on 1 March,1 March of each calendar year,https://nhm.gov.in/New_Updates_2018/Report_Population_Projection_2019.pdf,Dadra & Nagar Haveli and Daman & Diu are summed to match the merged PhonePe geography.
telangana,Telangana,2031,39207000,Telangana,Table 8: projected total population by sex as on 1 March,1 March of each calendar year,https://nhm.gov.in/New_Updates_2018/Report_Population_Projection_2019.pdf,Dadra & Nagar Haveli and Daman & Diu are summed to match the merged PhonePe geography.
telangana,Telangana,2032,39259000,Telangana,Table 8: projected total population by sex as on 1 March,1 March of each calendar year,https://nhm.gov.in/New_Updates_2018/Report_Population_Projection_2019.pdf,Dadra & Nagar Haveli and Daman & Diu are summed to match the merged PhonePe geography.
telangana,Telangana,2033,39311000,Telangana,Table 8: projected total population by sex as on 1 March,1 March of each calendar year,https://nhm.gov.in/New_Updates_2018/Report_Population_Projection_2019.pdf,Dadra & Nagar Haveli and Daman & Diu are summed to match the merged PhonePe geography.
telangana,Telangana,2034,39363000,Telangana,Table 8: projected total population by sex as on 1 March,1 March of each calendar year,https://nhm.gov.in/New_Updates_2018/Report_Population_Projection_2019.pdf,Dadra & Nagar Haveli and Daman & Diu are summed to match the merged PhonePe geography.
telangana,Telangana,2035,39415000,Telangana,Table 8: projected total population by sex as on 1 March,1 March of each calendar year,https://nhm.gov.in/New_Updates_2018/Report_Population_Projection_2019.pdf,Dadra & Nagar Haveli and Daman & Diu are summed to match the merged PhonePe geography.
telangana,Telangana,2036,39467000,Telangana,Table 8: projected total population by sex as on 1 March,1 March of each calendar year,https://nhm.gov.in/New_Updates_2018/Report_Population_Projection_2019.pdf,Dadra & Nagar Haveli and Daman & Diu are summed to match the merged PhonePe geography.
tripura,Tripura,2011,3674000,Tripura,Table 8: projected total population by sex as on 1 March,1 March of each calendar year,https://nhm.gov.in/New_Updates_2018/Report_Population_Projection_2019.pdf,Dadra & Nagar Haveli and Daman & Diu are summed to match the merged PhonePe geography.
tripura,Tripura,2012,3714000,Tripura,Table 8: projected total population by sex as on 1 March,1 March of each calendar year,https://nhm.gov.in/New_Updates_2018/Report_Population_Projection_2019.pdf,Dadra & Nagar Haveli and Daman & Diu are summed to match the merged PhonePe geography.
tripura,Tripura,2013,3754000,Tripura,Table 8: projected total population by sex as on 1 March,1 March of each calendar year,https://nhm.gov.in/New_Updates_2018/Report_Population_Projection_2019.pdf,Dadra & Nagar Haveli and Daman & Diu are summed to match the merged PhonePe geography.
tripura,Tripura,2014,3794000,Tripura,Table 8: projected total population by sex as on 1 March,1 March of each calendar year,https://nhm.gov.in/New_Updates_2018/Report_Population_Projection_2019.pdf,Dadra & Nagar Haveli and Daman & Diu are summed to match the merged PhonePe geography.
tripura,Tripura,2015,3834000,Tripura,Table 8: projected total population by sex as on 1 March,1 March of each calendar year,https://nhm.gov.in/New_Updates_2018/Report_Population_Projection_2019.pdf,Dadra & Nagar Haveli and Daman & Diu are summed to match the merged PhonePe geography.
tripura,Tripura,2016,3874000,Tripura,Table 8: projected total population by sex as on 1 March,1 March of each calendar year,https://nhm.gov.in/New_Updates_2018/Report_Population_Projection_2019.pdf,Dadra & Nagar Haveli and Daman & Diu are summed to match the merged PhonePe geography.
tripura,Tripura,2017,3914000,Tripura,Table 8: projected total population by sex as on 1 March,1 March of each calendar year,https://nhm.gov.in/New_Updates_2018/Report_Population_Projection_2019.pdf,Dadra & Nagar Haveli and Daman & Diu are summed to match the merged PhonePe geography.
tripura,Tripura,2018,3953000,Tripura,Table 8: projected total population by sex as on 1 March,1 March of each calendar year,https://nhm.gov.in/New_Updates_2018/Report_Population_Projection_2019.pdf,Dadra & Nagar Haveli and Daman & Diu are summed to match the merged PhonePe geography.
tripura,Tripura,2019,3992000,Tripura,Table 8: projected total population by sex as on 1 March,1 March of each calendar year,https://nhm.gov.in/New_Updates_2018/Report_Population_Projection_2019.pdf,Dadra & Nagar Haveli and Daman & Diu are summed to match the merged PhonePe geography.
tripura,Tripura,2020,4032000,Tripura,Table 8: projected total population by sex as on 1 March,1 March of each calendar year,https://nhm.gov.in/New_Updates_2018/Report_Population_Projection_2019.pdf,Dadra & Nagar Haveli and Daman & Diu are summed to match the merged PhonePe geography.
tripura,Tripura,2021,4071000,Tripura,Table 8: projected total population by sex as on 1 March,1 March of each calendar year,https://nhm.gov.in/New_Updates_2018/Report_Population_Projection_2019.pdf,Dadra & Nagar Haveli and Daman & Diu are summed to match the merged PhonePe geography.
tripura,Tripura,2022,4109000,Tripura,Table 8: projected total population by sex as on 1 March,1 March of each calendar year,https://nhm.gov.in/New_Updates_2018/Report_Population_Projection_2019.pdf,Dadra & Nagar Haveli and Daman & Diu are summed to match the merged PhonePe geography.
tripura,Tripura,2023,4147000,Tripura,Table 8: projected total population by sex as on 1 March,1 March of each calendar year,https://nhm.gov.in/New_Updates_2018/Report_Population_Projection_2019.pdf,Dadra & Nagar Haveli and Daman & Diu are summed to match the merged PhonePe geography.
tripura,Tripura,2024,4184000,Tripura,Table 8: projected total population by sex as on 1 March,1 March of each calendar year,https://nhm.gov.in/New_Updates_2018/Report_Population_Projection_2019.pdf,Dadra & Nagar Haveli and Daman & Diu are summed to match the merged PhonePe geography.
tripura,Tripura,2025,4222000,Tripura,Table 8: projected total population by sex as on 1 March,1 March of each calendar year,https://nhm.gov.in/New_Updates_2018/Report_Population_Projection_2019.pdf,Dadra & Nagar Haveli and Daman & Diu are summed to match the merged PhonePe geography.
tripura,Tripura,2026,4260000,Tripura,Table 8: projected total population by sex as on 1 March,1 March of each calendar year,https://nhm.gov.in/New_Updates_2018/Report_Population_Projection_2019.pdf,Dadra & Nagar Haveli and Daman & Diu are summed to match the merged PhonePe geography.
tripura,Tripura,2027,4294000,Tripura,Table 8: projected total population by sex as on 1 March,1 March of each calendar year,https://nhm.gov.in/New_Updates_2018/Report_Population_Projection_2019.pdf,Dadra & Nagar Haveli and Daman & Diu are summed to match the merged PhonePe geography.
tripura,Tripura,2028,4328000,Tripura,Table 8: projected total population by sex as on 1 March,1 March of each calendar year,https://nhm.gov.in/New_Updates_2018/Report_Population_Projection_2019.pdf,Dadra & Nagar Haveli and Daman & Diu are summed to match the merged PhonePe geography.
tripura,Tripura,2029,4362000,Tripura,Table 8: projected total population by sex as on 1 March,1 March of each calendar year,https://nhm.gov.in/New_Updates_2018/Report_Population_Projection_2019.pdf,Dadra & Nagar Haveli and Daman & Diu are summed to match the merged PhonePe geography.
tripura,Tripura,2030,4396000,Tripura,Table 8: projected total population by sex as on 1 March,1 March of each calendar year,https://nhm.gov.in/New_Updates_2018/Report_Population_Projection_2019.pdf,Dadra & Nagar Haveli and Daman & Diu are summed to match the merged PhonePe geography.
tripura,Tripura,2031,4430000,Tripura,Table 8: projected total population by sex as on 1 March,1 March of each calendar year,https://nhm.gov.in/New_Updates_2018/Report_Population_Projection_2019.pdf,Dadra & Nagar Haveli and Daman & Diu are summed to match the merged PhonePe geography.
tripura,Tripura,2032,4457000,Tripura,Table 8: projected total population by sex as on 1 March,1 March of each calendar year,https://nhm.gov.in/New_Updates_2018/Report_Population_Projection_2019.pdf,Dadra & Nagar Haveli and Daman & Diu are summed to match the merged PhonePe geography.
tripura,Tripura,2033,4484000,Tripura,Table 8: projected total population by sex as on 1 March,1 March of each calendar year,https://nhm.gov.in/New_Updates_2018/Report_Population_Projection_2019.pdf,Dadra & Nagar Haveli and Daman & Diu are summed to match the merged PhonePe geography.
tripura,Tripura,2034,4511000,Tripura,Table 8: projected total population by sex as on 1 March,1 March of each calendar year,https://nhm.gov.in/New_Updates_2018/Report_Population_Projection_2019.pdf,Dadra & Nagar Haveli and Daman & Diu are summed to match the merged PhonePe geography.
tripura,Tripura,2035,4538000,Tripura,Table 8: projected total population by sex as on 1 March,1 March of each calendar year,https://nhm.gov.in/New_Updates_2018/Report_Population_Projection_2019.pdf,Dadra & Nagar Haveli and Daman & Diu are summed to match the merged PhonePe geography.
tripura,Tripura,2036,4565000,Tripura,Table 8: projected total population by sex as on 1 March,1 March of each calendar year,https://nhm.gov.in/New_Updates_2018/Report_Population_Projection_2019.pdf,Dadra & Nagar Haveli and Daman & Diu are summed to match the merged PhonePe geography.
uttar-pradesh,Uttar Pradesh,2011,199812000,Uttar Pradesh,Table 8: projected total population by sex as on 1 March,1 March of each calendar year,https://nhm.gov.in/New_Updates_2018/Report_Population_Projection_2019.pdf,Dadra & Nagar Haveli and Daman & Diu are summed to match the merged PhonePe geography.
uttar-pradesh,Uttar Pradesh,2012,203067000,Uttar Pradesh,Table 8: projected total population by sex as on 1 March,1 March of each calendar year,https://nhm.gov.in/New_Updates_2018/Report_Population_Projection_2019.pdf,Dadra & Nagar Haveli and Daman & Diu are summed to match the merged PhonePe geography.
uttar-pradesh,Uttar Pradesh,2013,206322000,Uttar Pradesh,Table 8: projected total population by sex as on 1 March,1 March of each calendar year,https://nhm.gov.in/New_Updates_2018/Report_Population_Projection_2019.pdf,Dadra & Nagar Haveli and Daman & Diu are summed to match the merged PhonePe geography.
uttar-pradesh,Uttar Pradesh,2014,209577000,Uttar Pradesh,Table 8: projected total population by sex as on 1 March,1 March of each calendar year,https://nhm.gov.in/New_Updates_2018/Report_Population_Projection_2019.pdf,Dadra & Nagar Haveli and Daman & Diu are summed to match the merged PhonePe geography.
uttar-pradesh,Uttar Pradesh,2015,212832000,Uttar Pradesh,Table 8: projected total population by sex as on 1 March,1 March of each calendar year,https://nhm.gov.in/New_Updates_2018/Report_Population_Projection_2019.pdf,Dadra & Nagar Haveli and Daman & Diu are summed to match the merged PhonePe geography.
uttar-pradesh,Uttar Pradesh,2016,216087000,Uttar Pradesh,Table 8: projected total population by sex as on 1 March,1 March of each calendar year,https://nhm.gov.in/New_Updates_2018/Report_Population_Projection_2019.pdf,Dadra & Nagar Haveli and Daman & Diu are summed to match the merged PhonePe geography.
uttar-pradesh,Uttar Pradesh,2017,219051000,Uttar Pradesh,Table 8: projected total population by sex as on 1 March,1 March of each calendar year,https://nhm.gov.in/New_Updates_2018/Report_Population_Projection_2019.pdf,Dadra & Nagar Haveli and Daman & Diu are summed to match the merged PhonePe geography.
uttar-pradesh,Uttar Pradesh,2018,222015000,Uttar Pradesh,Table 8: projected total population by sex as on 1 March,1 March of each calendar year,https://nhm.gov.in/New_Updates_2018/Report_Population_Projection_2019.pdf,Dadra & Nagar Haveli and Daman & Diu are summed to match the merged PhonePe geography.
uttar-pradesh,Uttar Pradesh,2019,224979000,Uttar Pradesh,Table 8: projected total population by sex as on 1 March,1 March of each calendar year,https://nhm.gov.in/New_Updates_2018/Report_Population_Projection_2019.pdf,Dadra & Nagar Haveli and Daman & Diu are summed to match the merged PhonePe geography.
uttar-pradesh,Uttar Pradesh,2020,227943000,Uttar Pradesh,Table 8: projected total population by sex as on 1 March,1 March of each calendar year,https://nhm.gov.in/New_Updates_2018/Report_Population_Projection_2019.pdf,Dadra & Nagar Haveli and Daman & Diu are summed to match the merged PhonePe geography.
uttar-pradesh,Uttar Pradesh,2021,230907000,Uttar Pradesh,Table 8: projected total population by sex as on 1 March,1 March of each calendar year,https://nhm.gov.in/New_Updates_2018/Report_Population_Projection_2019.pdf,Dadra & Nagar Haveli and Daman & Diu are summed to match the merged PhonePe geography.
uttar-pradesh,Uttar Pradesh,2022,233297000,Uttar Pradesh,Table 8: projected total population by sex as on 1 March,1 March of each calendar year,https://nhm.gov.in/New_Updates_2018/Report_Population_Projection_2019.pdf,Dadra & Nagar Haveli and Daman & Diu are summed to match the merged PhonePe geography.
uttar-pradesh,Uttar Pradesh,2023,235687000,Uttar Pradesh,Table 8: projected total population by sex as on 1 March,1 March of each calendar year,https://nhm.gov.in/New_Updates_2018/Report_Population_Projection_2019.pdf,Dadra & Nagar Haveli and Daman & Diu are summed to match the merged PhonePe geography.
uttar-pradesh,Uttar Pradesh,2024,238078000,Uttar Pradesh,Table 8: projected total population by sex as on 1 March,1 March of each calendar year,https://nhm.gov.in/New_Updates_2018/Report_Population_Projection_2019.pdf,Dadra & Nagar Haveli and Daman & Diu are summed to match the merged PhonePe geography.
uttar-pradesh,Uttar Pradesh,2025,240468000,Uttar Pradesh,Table 8: projected total population by sex as on 1 March,1 March of each calendar year,https://nhm.gov.in/New_Updates_2018/Report_Population_Projection_2019.pdf,Dadra & Nagar Haveli and Daman & Diu are summed to match the merged PhonePe geography.
uttar-pradesh,Uttar Pradesh,2026,242859000,Uttar Pradesh,Table 8: projected total population by sex as on 1 March,1 March of each calendar year,https://nhm.gov.in/New_Updates_2018/Report_Population_Projection_2019.pdf,Dadra & Nagar Haveli and Daman & Diu are summed to match the merged PhonePe geography.
uttar-pradesh,Uttar Pradesh,2027,244680000,Uttar Pradesh,Table 8: projected total population by sex as on 1 March,1 March of each calendar year,https://nhm.gov.in/New_Updates_2018/Report_Population_Projection_2019.pdf,Dadra & Nagar Haveli and Daman & Diu are summed to match the merged PhonePe geography.
uttar-pradesh,Uttar Pradesh,2028,246500000,Uttar Pradesh,Table 8: projected total population by sex as on 1 March,1 March of each calendar year,https://nhm.gov.in/New_Updates_2018/Report_Population_Projection_2019.pdf,Dadra & Nagar Haveli and Daman & Diu are summed to match the merged PhonePe geography.
uttar-pradesh,Uttar Pradesh,2029,248321000,Uttar Pradesh,Table 8: projected total population by sex as on 1 March,1 March of each calendar year,https://nhm.gov.in/New_Updates_2018/Report_Population_Projection_2019.pdf,Dadra & Nagar Haveli and Daman & Diu are summed to match the merged PhonePe geography.
uttar-pradesh,Uttar Pradesh,2030,250142000,Uttar Pradesh,Table 8: projected total population by sex as on 1 March,1 March of each calendar year,https://nhm.gov.in/New_Updates_2018/Report_Population_Projection_2019.pdf,Dadra & Nagar Haveli and Daman & Diu are summed to match the merged PhonePe geography.
uttar-pradesh,Uttar Pradesh,2031,251963000,Uttar Pradesh,Table 8: projected total population by sex as on 1 March,1 March of each calendar year,https://nhm.gov.in/New_Updates_2018/Report_Population_Projection_2019.pdf,Dadra & Nagar Haveli and Daman & Diu are summed to match the merged PhonePe geography.
uttar-pradesh,Uttar Pradesh,2032,253369000,Uttar Pradesh,Table 8: projected total population by sex as on 1 March,1 March of each calendar year,https://nhm.gov.in/New_Updates_2018/Report_Population_Projection_2019.pdf,Dadra & Nagar Haveli and Daman & Diu are summed to match the merged PhonePe geography.
uttar-pradesh,Uttar Pradesh,2033,254774000,Uttar Pradesh,Table 8: projected total population by sex as on 1 March,1 March of each calendar year,https://nhm.gov.in/New_Updates_2018/Report_Population_Projection_2019.pdf,Dadra & Nagar Haveli and Daman & Diu are summed to match the merged PhonePe geography.
uttar-pradesh,Uttar Pradesh,2034,256179000,Uttar Pradesh,Table 8: projected total population by sex as on 1 March,1 March of each calendar year,https://nhm.gov.in/New_Updates_2018/Report_Population_Projection_2019.pdf,Dadra & Nagar Haveli and Daman & Diu are summed to match the merged PhonePe geography.
uttar-pradesh,Uttar Pradesh,2035,257585000,Uttar Pradesh,Table 8: projected total population by sex as on 1 March,1 March of each calendar year,https://nhm.gov.in/New_Updates_2018/Report_Population_Projection_2019.pdf,Dadra & Nagar Haveli and Daman & Diu are summed to match the merged PhonePe geography.
uttar-pradesh,Uttar Pradesh,2036,258990000,Uttar Pradesh,Table 8: projected total population by sex as on 1 March,1 March of each calendar year,https://nhm.gov.in/New_Updates_2018/Report_Population_Projection_2019.pdf,Dadra & Nagar Haveli and Daman & Diu are summed to match the merged PhonePe geography.
uttarakhand,Uttarakhand,2011,10086000,Uttarakhand,Table 8: projected total population by sex as on 1 March,1 March of each calendar year,https://nhm.gov.in/New_Updates_2018/Report_Population_Projection_2019.pdf,Dadra & Nagar Haveli and Daman & Diu are summed to match the merged PhonePe geography.
uttarakhand,Uttarakhand,2012,10220000,Uttarakhand,Table 8: projected total population by sex as on 1 March,1 March of each calendar year,https://nhm.gov.in/New_Updates_2018/Report_Population_Projection_2019.pdf,Dadra & Nagar Haveli and Daman & Diu are summed to match the merged PhonePe geography.
uttarakhand,Uttarakhand,2013,10354000,Uttarakhand,Table 8: projected total population by sex as on 1 March,1 March of each calendar year,https://nhm.gov.in/New_Updates_2018/Report_Population_Projection_2019.pdf,Dadra & Nagar Haveli and Daman & Diu are summed to match the merged PhonePe geography.
uttarakhand,Uttarakhand,2014,10487000,Uttarakhand,Table 8: projected total population by sex as on 1 March,1 March of each calendar year,https://nhm.gov.in/New_Updates_2018/Report_Population_Projection_2019.pdf,Dadra & Nagar Haveli and Daman & Diu are summed to match the merged PhonePe geography.
uttarakhand,Uttarakhand,2015,10621000,Uttarakhand,Table 8: projected total population by sex as on 1 March,1 March of each calendar year,https://nhm.gov.in/New_Updates_2018/Report_Population_Projection_2019.pdf,Dadra & Nagar Haveli and Daman & Diu are summed to match the merged PhonePe geography.
uttarakhand,Uttarakhand,2016,10755000,Uttarakhand,Table 8: projected total population by sex as on 1 March,1 March of each calendar year,https://nhm.gov.in/New_Updates_2018/Report_Population_Projection_2019.pdf,Dadra & Nagar Haveli and Daman & Diu are summed to match the merged PhonePe geography.
uttarakhand,Uttarakhand,2017,10884000,Uttarakhand,Table 8: projected total population by sex as on 1 March,1 March of each calendar year,https://nhm.gov.in/New_Updates_2018/Report_Population_Projection_2019.pdf,Dadra & Nagar Haveli and Daman & Diu are summed to match the merged PhonePe geography.
uttarakhand,Uttarakhand,2018,11013000,Uttarakhand,Table 8: projected total population by sex as on 1 March,1 March of each calendar year,https://nhm.gov.in/New_Updates_2018/Report_Population_Projection_2019.pdf,Dadra & Nagar Haveli and Daman & Diu are summed to match the merged PhonePe geography.
uttarakhand,Uttarakhand,2019,11141000,Uttarakhand,Table 8: projected total population by sex as on 1 March,1 March of each calendar year,https://nhm.gov.in/New_Updates_2018/Report_Population_Projection_2019.pdf,Dadra & Nagar Haveli and Daman & Diu are summed to match the merged PhonePe geography.
uttarakhand,Uttarakhand,2020,11270000,Uttarakhand,Table 8: projected total population by sex as on 1 March,1 March of each calendar year,https://nhm.gov.in/New_Updates_2018/Report_Population_Projection_2019.pdf,Dadra & Nagar Haveli and Daman & Diu are summed to match the merged PhonePe geography.
uttarakhand,Uttarakhand,2021,11399000,Uttarakhand,Table 8: projected total population by sex as on 1 March,1 March of each calendar year,https://nhm.gov.in/New_Updates_2018/Report_Population_Projection_2019.pdf,Dadra & Nagar Haveli and Daman & Diu are summed to match the merged PhonePe geography.
uttarakhand,Uttarakhand,2022,11518000,Uttarakhand,Table 8: projected total population by sex as on 1 March,1 March of each calendar year,https://nhm.gov.in/New_Updates_2018/Report_Population_Projection_2019.pdf,Dadra & Nagar Haveli and Daman & Diu are summed to match the merged PhonePe geography.
uttarakhand,Uttarakhand,2023,11637000,Uttarakhand,Table 8: projected total population by sex as on 1 March,1 March of each calendar year,https://nhm.gov.in/New_Updates_2018/Report_Population_Projection_2019.pdf,Dadra & Nagar Haveli and Daman & Diu are summed to match the merged PhonePe geography.
uttarakhand,Uttarakhand,2024,11755000,Uttarakhand,Table 8: projected total population by sex as on 1 March,1 March of each calendar year,https://nhm.gov.in/New_Updates_2018/Report_Population_Projection_2019.pdf,Dadra & Nagar Haveli and Daman & Diu are summed to match the merged PhonePe geography.
uttarakhand,Uttarakhand,2025,11874000,Uttarakhand,Table 8: projected total population by sex as on 1 March,1 March of each calendar year,https://nhm.gov.in/New_Updates_2018/Report_Population_Projection_2019.pdf,Dadra & Nagar Haveli and Daman & Diu are summed to match the merged PhonePe geography.
uttarakhand,Uttarakhand,2026,11993000,Uttarakhand,Table 8: projected total population by sex as on 1 March,1 March of each calendar year,https://nhm.gov.in/New_Updates_2018/Report_Population_Projection_2019.pdf,Dadra & Nagar Haveli and Daman & Diu are summed to match the merged PhonePe geography.
uttarakhand,Uttarakhand,2027,12099000,Uttarakhand,Table 8: projected total population by sex as on 1 March,1 March of each calendar year,https://nhm.gov.in/New_Updates_2018/Report_Population_Projection_2019.pdf,Dadra & Nagar Haveli and Daman & Diu are summed to match the merged PhonePe geography.
uttarakhand,Uttarakhand,2028,12205000,Uttarakhand,Table 8: projected total population by sex as on 1 March,1 March of each calendar year,https://nhm.gov.in/New_Updates_2018/Report_Population_Projection_2019.pdf,Dadra & Nagar Haveli and Daman & Diu are summed to match the merged PhonePe geography.
uttarakhand,Uttarakhand,2029,12312000,Uttarakhand,Table 8: projected total population by sex as on 1 March,1 March of each calendar year,https://nhm.gov.in/New_Updates_2018/Report_Population_Projection_2019.pdf,Dadra & Nagar Haveli and Daman & Diu are summed to match the merged PhonePe geography.
uttarakhand,Uttarakhand,2030,12418000,Uttarakhand,Table 8: projected total population by sex as on 1 March,1 March of each calendar year,https://nhm.gov.in/New_Updates_2018/Report_Population_Projection_2019.pdf,Dadra & Nagar Haveli and Daman & Diu are summed to match the merged PhonePe geography.
uttarakhand,Uttarakhand,2031,12524000,Uttarakhand,Table 8: projected total population by sex as on 1 March,1 March of each calendar year,https://nhm.gov.in/New_Updates_2018/Report_Population_Projection_2019.pdf,Dadra & Nagar Haveli and Daman & Diu are summed to match the merged PhonePe geography.
uttarakhand,Uttarakhand,2032,12614000,Uttarakhand,Table 8: projected total population by sex as on 1 March,1 March of each calendar year,https://nhm.gov.in/New_Updates_2018/Report_Population_Projection_2019.pdf,Dadra & Nagar Haveli and Daman & Diu are summed to match the merged PhonePe geography.
uttarakhand,Uttarakhand,2033,12704000,Uttarakhand,Table 8: projected total population by sex as on 1 March,1 March of each calendar year,https://nhm.gov.in/New_Updates_2018/Report_Population_Projection_2019.pdf,Dadra & Nagar Haveli and Daman & Diu are summed to match the merged PhonePe geography.
uttarakhand,Uttarakhand,2034,12794000,Uttarakhand,Table 8: projected total population by sex as on 1 March,1 March of each calendar year,https://nhm.gov.in/New_Updates_2018/Report_Population_Projection_2019.pdf,Dadra & Nagar Haveli and Daman & Diu are summed to match the merged PhonePe geography.
uttarakhand,Uttarakhand,2035,12884000,Uttarakhand,Table 8: projected total population by sex as on 1 March,1 March of each calendar year,https://nhm.gov.in/New_Updates_2018/Report_Population_Projection_2019.pdf,Dadra & Nagar Haveli and Daman & Diu are summed to match the merged PhonePe geography.
uttarakhand,Uttarakhand,2036,12974000,Uttarakhand,Table 8: projected total population by sex as on 1 March,1 March of each calendar year,https://nhm.gov.in/New_Updates_2018/Report_Population_Projection_2019.pdf,Dadra & Nagar Haveli and Daman & Diu are summed to match the merged PhonePe geography.
west-bengal,West Bengal,2011,91276000,West Bengal,Table 8: projected total population by sex as on 1 March,1 March of each calendar year,https://nhm.gov.in/New_Updates_2018/Report_Population_Projection_2019.pdf,Dadra & Nagar Haveli and Daman & Diu are summed to match the merged PhonePe geography.
west-bengal,West Bengal,2012,92037000,West Bengal,Table 8: projected total population by sex as on 1 March,1 March of each calendar year,https://nhm.gov.in/New_Updates_2018/Report_Population_Projection_2019.pdf,Dadra & Nagar Haveli and Daman & Diu are summed to match the merged PhonePe geography.
west-bengal,West Bengal,2013,92797000,West Bengal,Table 8: projected total population by sex as on 1 March,1 March of each calendar year,https://nhm.gov.in/New_Updates_2018/Report_Population_Projection_2019.pdf,Dadra & Nagar Haveli and Daman & Diu are summed to match the merged PhonePe geography.
west-bengal,West Bengal,2014,93558000,West Bengal,Table 8: projected total population by sex as on 1 March,1 March of each calendar year,https://nhm.gov.in/New_Updates_2018/Report_Population_Projection_2019.pdf,Dadra & Nagar Haveli and Daman & Diu are summed to match the merged PhonePe geography.
west-bengal,West Bengal,2015,94318000,West Bengal,Table 8: projected total population by sex as on 1 March,1 March of each calendar year,https://nhm.gov.in/New_Updates_2018/Report_Population_Projection_2019.pdf,Dadra & Nagar Haveli and Daman & Diu are summed to match the merged PhonePe geography.
west-bengal,West Bengal,2016,95079000,West Bengal,Table 8: projected total population by sex as on 1 March,1 March of each calendar year,https://nhm.gov.in/New_Updates_2018/Report_Population_Projection_2019.pdf,Dadra & Nagar Haveli and Daman & Diu are summed to match the merged PhonePe geography.
west-bengal,West Bengal,2017,95688000,West Bengal,Table 8: projected total population by sex as on 1 March,1 March of each calendar year,https://nhm.gov.in/New_Updates_2018/Report_Population_Projection_2019.pdf,Dadra & Nagar Haveli and Daman & Diu are summed to match the merged PhonePe geography.
west-bengal,West Bengal,2018,96297000,West Bengal,Table 8: projected total population by sex as on 1 March,1 March of each calendar year,https://nhm.gov.in/New_Updates_2018/Report_Population_Projection_2019.pdf,Dadra & Nagar Haveli and Daman & Diu are summed to match the merged PhonePe geography.
west-bengal,West Bengal,2019,96906000,West Bengal,Table 8: projected total population by sex as on 1 March,1 March of each calendar year,https://nhm.gov.in/New_Updates_2018/Report_Population_Projection_2019.pdf,Dadra & Nagar Haveli and Daman & Diu are summed to match the merged PhonePe geography.
west-bengal,West Bengal,2020,97516000,West Bengal,Table 8: projected total population by sex as on 1 March,1 March of each calendar year,https://nhm.gov.in/New_Updates_2018/Report_Population_Projection_2019.pdf,Dadra & Nagar Haveli and Daman & Diu are summed to match the merged PhonePe geography.
west-bengal,West Bengal,2021,98125000,West Bengal,Table 8: projected total population by sex as on 1 March,1 March of each calendar year,https://nhm.gov.in/New_Updates_2018/Report_Population_Projection_2019.pdf,Dadra & Nagar Haveli and Daman & Diu are summed to match the merged PhonePe geography.
west-bengal,West Bengal,2022,98604000,West Bengal,Table 8: projected total population by sex as on 1 March,1 March of each calendar year,https://nhm.gov.in/New_Updates_2018/Report_Population_Projection_2019.pdf,Dadra & Nagar Haveli and Daman & Diu are summed to match the merged PhonePe geography.
west-bengal,West Bengal,2023,99084000,West Bengal,Table 8: projected total population by sex as on 1 March,1 March of each calendar year,https://nhm.gov.in/New_Updates_2018/Report_Population_Projection_2019.pdf,Dadra & Nagar Haveli and Daman & Diu are summed to match the merged PhonePe geography.
west-bengal,West Bengal,2024,99563000,West Bengal,Table 8: projected total population by sex as on 1 March,1 March of each calendar year,https://nhm.gov.in/New_Updates_2018/Report_Population_Projection_2019.pdf,Dadra & Nagar Haveli and Daman & Diu are summed to match the merged PhonePe geography.
west-bengal,West Bengal,2025,100042000,West Bengal,Table 8: projected total population by sex as on 1 March,1 March of each calendar year,https://nhm.gov.in/New_Updates_2018/Report_Population_Projection_2019.pdf,Dadra & Nagar Haveli and Daman & Diu are summed to match the merged PhonePe geography.
west-bengal,West Bengal,2026,100522000,West Bengal,Table 8: projected total population by sex as on 1 March,1 March of each calendar year,https://nhm.gov.in/New_Updates_2018/Report_Population_Projection_2019.pdf,Dadra & Nagar Haveli and Daman & Diu are summed to match the merged PhonePe geography.
west-bengal,West Bengal,2027,100851000,West Bengal,Table 8: projected total population by sex as on 1 March,1 March of each calendar year,https://nhm.gov.in/New_Updates_2018/Report_Population_Projection_2019.pdf,Dadra & Nagar Haveli and Daman & Diu are summed to match the merged PhonePe geography.
west-bengal,West Bengal,2028,101180000,West Bengal,Table 8: projected total population by sex as on 1 March,1 March of each calendar year,https://nhm.gov.in/New_Updates_2018/Report_Population_Projection_2019.pdf,Dadra & Nagar Haveli and Daman & Diu are summed to match the merged PhonePe geography.
west-bengal,West Bengal,2029,101509000,West Bengal,Table 8: projected total population by sex as on 1 March,1 March of each calendar year,https://nhm.gov.in/New_Updates_2018/Report_Population_Projection_2019.pdf,Dadra & Nagar Haveli and Daman & Diu are summed to match the merged PhonePe geography.
west-bengal,West Bengal,2030,101838000,West Bengal,Table 8: projected total population by sex as on 1 March,1 March of each calendar year,https://nhm.gov.in/New_Updates_2018/Report_Population_Projection_2019.pdf,Dadra & Nagar Haveli and Daman & Diu are summed to match the merged PhonePe geography.
west-bengal,West Bengal,2031,102167000,West Bengal,Table 8: projected total population by sex as on 1 March,1 March of each calendar year,https://nhm.gov.in/New_Updates_2018/Report_Population_Projection_2019.pdf,Dadra & Nagar Haveli and Daman & Diu are summed to match the merged PhonePe geography.
west-bengal,West Bengal,2032,102320000,West Bengal,Table 8: projected total population by sex as on 1 March,1 March of each calendar year,https://nhm.gov.in/New_Updates_2018/Report_Population_Projection_2019.pdf,Dadra & Nagar Haveli and Daman & Diu are summed to match the merged PhonePe geography.
west-bengal,West Bengal,2033,102473000,West Bengal,Table 8: projected total population by sex as on 1 March,1 March of each calendar year,https://nhm.gov.in/New_Updates_2018/Report_Population_Projection_2019.pdf,Dadra & Nagar Haveli and Daman & Diu are summed to match the merged PhonePe geography.
west-bengal,West Bengal,2034,102625000,West Bengal,Table 8: projected total population by sex as on 1 March,1 March of each calendar year,https://nhm.gov.in/New_Updates_2018/Report_Population_Projection_2019.pdf,Dadra & Nagar Haveli and Daman & Diu are summed to match the merged PhonePe geography.
west-bengal,West Bengal,2035,102778000,West Bengal,Table 8: projected total population by sex as on 1 March,1 March of each calendar year,https://nhm.gov.in/New_Updates_2018/Report_Population_Projection_2019.pdf,Dadra & Nagar Haveli and Daman & Diu are summed to match the merged PhonePe geography.
west-bengal,West Bengal,2036,102931000,West Bengal,Table 8: projected total population by sex as on 1 March,1 March of each calendar year,https://nhm.gov.in/New_Updates_2018/Report_Population_Projection_2019.pdf,Dadra & Nagar Haveli and Daman & Diu are summed to match the merged PhonePe geography.
